============================================ 
[週二 2026/06/16 10:52:50.10] Daily crawlers starting 
============================================ 
[週二 2026/06/16 10:52:50.12] Running nstock mid... 
d:\StockPulse\stocks_news\nstock\crawler_mid.py:43: DeprecationWarning: 'asyncio.WindowsSelectorEventLoopPolicy' is deprecated and slated for removal in Python 3.16
  asyncio.set_event_loop_policy(asyncio.WindowsSelectorEventLoopPolicy())
d:\StockPulse\stocks_news\nstock\crawler_mid.py:43: DeprecationWarning: 'asyncio.set_event_loop_policy' is deprecated and slated for removal in Python 3.16
  asyncio.set_event_loop_policy(asyncio.WindowsSelectorEventLoopPolicy())
[週二 2026/06/16 11:07:24.04] Running yahoo mid... 
d:\StockPulse\stocks_news\yahoo\crawler_mid.py:321: DeprecationWarning: 'asyncio.WindowsSelectorEventLoopPolicy' is deprecated and slated for removal in Python 3.16
  asyncio.set_event_loop_policy(asyncio.WindowsSelectorEventLoopPolicy())
d:\StockPulse\stocks_news\yahoo\crawler_mid.py:321: DeprecationWarning: 'asyncio.set_event_loop_policy' is deprecated and slated for removal in Python 3.16
  asyncio.set_event_loop_policy(asyncio.WindowsSelectorEventLoopPolicy())
[週二 2026/06/16 11:07:31.07] Running cnyes mid... 
d:\StockPulse\stocks_news\cnyes\crawler_mid.py:411: DeprecationWarning: 'asyncio.WindowsSelectorEventLoopPolicy' is deprecated and slated for removal in Python 3.16
  asyncio.set_event_loop_policy(asyncio.WindowsSelectorEventLoopPolicy())
d:\StockPulse\stocks_news\cnyes\crawler_mid.py:411: DeprecationWarning: 'asyncio.set_event_loop_policy' is deprecated and slated for removal in Python 3.16
  asyncio.set_event_loop_policy(asyncio.WindowsSelectorEventLoopPolicy())
[週二 2026/06/16 11:07:43.11] Running nstock lower... 
d:\StockPulse\stocks_news\nstock\crawler_lower.py:43: DeprecationWarning: 'asyncio.WindowsSelectorEventLoopPolicy' is deprecated and slated for removal in Python 3.16
  asyncio.set_event_loop_policy(asyncio.WindowsSelectorEventLoopPolicy())
d:\StockPulse\stocks_news\nstock\crawler_lower.py:43: DeprecationWarning: 'asyncio.set_event_loop_policy' is deprecated and slated for removal in Python 3.16
  asyncio.set_event_loop_policy(asyncio.WindowsSelectorEventLoopPolicy())
[週二 2026/06/16 11:07:58.06] Running yahoo lower... 
d:\StockPulse\stocks_news\yahoo\crawler_lower.py:285: DeprecationWarning: 'asyncio.WindowsSelectorEventLoopPolicy' is deprecated and slated for removal in Python 3.16
  asyncio.set_event_loop_policy(asyncio.WindowsSelectorEventLoopPolicy())
d:\StockPulse\stocks_news\yahoo\crawler_lower.py:285: DeprecationWarning: 'asyncio.set_event_loop_policy' is deprecated and slated for removal in Python 3.16
  asyncio.set_event_loop_policy(asyncio.WindowsSelectorEventLoopPolicy())
[週二 2026/06/16 11:10:42.18] Running cnyes lower... 
d:\StockPulse\stocks_news\cnyes\crawler_lower.py:411: DeprecationWarning: 'asyncio.WindowsSelectorEventLoopPolicy' is deprecated and slated for removal in Python 3.16
  asyncio.set_event_loop_policy(asyncio.WindowsSelectorEventLoopPolicy())
d:\StockPulse\stocks_news\cnyes\crawler_lower.py:411: DeprecationWarning: 'asyncio.set_event_loop_policy' is deprecated and slated for removal in Python 3.16
  asyncio.set_event_loop_policy(asyncio.WindowsSelectorEventLoopPolicy())
[週二 2026/06/16 11:11:23.88] Running nstock rare... 
d:\StockPulse\stocks_news\nstock\crawler_rare.py:43: DeprecationWarning: 'asyncio.WindowsSelectorEventLoopPolicy' is deprecated and slated for removal in Python 3.16
  asyncio.set_event_loop_policy(asyncio.WindowsSelectorEventLoopPolicy())
d:\StockPulse\stocks_news\nstock\crawler_rare.py:43: DeprecationWarning: 'asyncio.set_event_loop_policy' is deprecated and slated for removal in Python 3.16
  asyncio.set_event_loop_policy(asyncio.WindowsSelectorEventLoopPolicy())
[週二 2026/06/16 11:11:55.46] Running yahoo rare... 
d:\StockPulse\stocks_news\yahoo\crawler_rare.py:284: DeprecationWarning: 'asyncio.WindowsSelectorEventLoopPolicy' is deprecated and slated for removal in Python 3.16
  asyncio.set_event_loop_policy(asyncio.WindowsSelectorEventLoopPolicy())
d:\StockPulse\stocks_news\yahoo\crawler_rare.py:284: DeprecationWarning: 'asyncio.set_event_loop_policy' is deprecated and slated for removal in Python 3.16
  asyncio.set_event_loop_policy(asyncio.WindowsSelectorEventLoopPolicy())
🐢 [稀少股] 爬蟲啟動（保守模式）
📄 總共 195 支股票
✅ 已完成 0 支
🔄 待處理 195 支
⚙️  配置：並發=5
🐢 開始並行處理 195 個任務 (最大並發: 5)...

🚀 (2380) 掃描到 5 則新聞，開始儲存...
🚀 (8488) 掃描到 5 則新聞，開始儲存...
   ✅ (2380) | 【公告】虹光115年...
   ✅ (2380) | 【公告】虹光115年...
   ✅ (2380) | 【公告】虹光 202...
   ✅ (8488) | 【公告】吉源-KY ...
   ✅ (2380) | 【公告】虹光更新公告...
   ✅ (2380) | 【公告】虹光代子公司...
💾 (2380) 完成，共存入 5 則新聞
   ✅ (8488) | 【公告】吉源-KY ...
   ✅ (8488) | 【公告】吉源-KY ...
   ✅ (8488) | 【公告】吉源-KY董...
   ✅ (8488) | 【公告】吉源-KY ...
💾 (8488) 完成，共存入 5 則新聞
🚀 (4139) 掃描到 5 則新聞，開始儲存...
   ✅ (4139) | 【公告】馬光-KY ...
   ✅ (4139) | 【公告】馬光-KY1...
   ✅ (4139) | 【公告】馬光-KY ...
   ✅ (4139) | 【公告】馬光-KY董...
   ✅ (4139) | 【公告】馬光-KY董...
💾 (4139) 完成，共存入 5 則新聞
🚀 (2434) 掃描到 5 則新聞，開始儲存...
   ✅ (2434) | 【公告】統懋 202...
   ✅ (2434) | 【公告】因統懋有價證...
   ✅ (2434) | 【公告】統懋115年...
   ✅ (2434) | 【公告】統懋 202...
   ✅ (2434) | 【公告】統懋董事會通...
💾 (2434) 完成，共存入 5 則新聞
🚀 (6103) 掃描到 5 則新聞，開始儲存...
   ✅ (6103) | 【公告】合邦 202...
   ✅ (6103) | 【公告】合邦115年...
   ✅ (6103) | 【公告】合邦 202...
   ✅ (6103) | 【公告】合邦115年...
   ✅ (6103) | 【公告】合邦獨立董事...
💾 (6103) 完成，共存入 5 則新聞
🚀 (2911) 掃描到 5 則新聞，開始儲存...
   ✅ (2911) | 【公告】麗嬰房 20...
   ✅ (2911) | 【公告】麗嬰房董事會...
   ✅ (2911) | 【公告】麗嬰房115...
   ✅ (2911) | 【公告】麗嬰房115...
   ✅ (2911) | 【公告】麗嬰房有價證...
💾 (2911) 完成，共存入 5 則新聞
🚀 (2432) 掃描到 5 則新聞，開始儲存...
🚀 (6020) 掃描到 5 則新聞，開始儲存...
   ✅ (2432) | 【公告】倚天酷碁-創...
   ✅ (6020) | 【公告】大展證 20...
   ✅ (6020) | 【公告】大展證115...
🚀 (2939) 掃描到 5 則新聞，開始儲存...
   ✅ (6020) | 【公告】大展證券11...
   ✅ (2432) | 【公告】倚天酷碁-創...
   ✅ (2432) | 【公告】倚天酷碁-創...
   ✅ (6020) | 【公告】大展證總經理...
   ✅ (2432) | 【公告】倚天酷碁-創...
   ✅ (2432) | 【公告】倚天酷碁-創...
💾 (2432) 完成，共存入 5 則新聞
   ✅ (6020) | 【公告】大展證 20...
💾 (6020) 完成，共存入 5 則新聞
   ✅ (2939) | 【公告】永邑-KY1...
   ✅ (2939) | 【公告】永邑-KY ...
   ✅ (2939) | 【公告】永邑-KY ...
   ✅ (2939) | 【公告】永邑-KY1...
   ✅ (2939) | 【公告】更正永邑-K...
💾 (2939) 完成，共存入 5 則新聞
🚀 (5345) 掃描到 5 則新聞，開始儲存...
   ✅ (5345) | 【公告】馥鴻有價證券...
   ✅ (5345) | 【公告】馥鴻115年...
   ✅ (5345) | 【公告】馥鴻115年...
   ✅ (5345) | 【公告】馥鴻 202...
   ✅ (5345) | 【公告】馥鴻 202...
💾 (5345) 完成，共存入 5 則新聞
💤 (9110) 無新聞列表
🚀 (6228) 掃描到 5 則新聞，開始儲存...
   ✅ (6228) | 【公告】全譜董事長續...
   ✅ (6228) | 【公告】全譜 202...
   ✅ (6228) | 【公告】全譜115年...
   ✅ (6228) | 【公告】全譜股東常會...
   ✅ (6228) | 【公告】全譜 202...
💾 (6228) 完成，共存入 5 則新聞
💤 (911608) 無新聞列表
🚀 (6899) 掃描到 5 則新聞，開始儲存...
   ✅ (6899) | 【公告】創為精密 2...
   ✅ (6899) | 【公告】代重要子公司...
   ✅ (6899) | 【公告】創為精密董事...
   ✅ (6899) | 【公告】創為精密代重...
   ✅ (6899) | 【公告】創為精密11...
💾 (6899) 完成，共存入 5 則新聞
🚀 (5013) 掃描到 5 則新聞，開始儲存...
   ✅ (5013) | 【公告】強新115年...
   ✅ (5013) | 【公告】強新 202...
   ✅ (5013) | 【公告】強新代子公司...
   ✅ (5013) | 【公告】強新代子公司...
   ✅ (5013) | 【公告】代重要子公司...
💾 (5013) 完成，共存入 5 則新聞
🚀 (3285) 掃描到 5 則新聞，開始儲存...
   ✅ (3285) | 【公告】微端 202...
🚀 (8101) 掃描到 5 則新聞，開始儲存...
   ✅ (3285) | 【公告】微端 202...
   ✅ (3285) | 【公告】微端 202...
   ✅ (3285) | 【公告】微端董事會決...
   ✅ (3285) | 【公告】微端 202...
💾 (3285) 完成，共存入 5 則新聞
   ✅ (8101) | 【公告】華冠 202...
   ✅ (8101) | 【公告】華冠董事會選...
   ✅ (8101) | 【公告】華冠 202...
   ✅ (8101) | 【公告】華冠更正11...
   ✅ (8101) | 【公告】華冠115年...
💾 (8101) 完成，共存入 5 則新聞
🚀 (9929) 掃描到 5 則新聞，開始儲存...
   ✅ (9929) | 【公告】秋雨 202...
   ✅ (9929) | 【公告】秋雨代重要子...
   ✅ (9929) | 【公告】秋雨董事會推...
   ✅ (9929) | 【公告】秋雨董事長任...
   ✅ (9929) | 【公告】秋雨一一五年...
💾 (9929) 完成，共存入 5 則新聞
🚀 (3115) 掃描到 5 則新聞，開始儲存...
   ✅ (3115) | 【公告】富榮綱 20...
   ✅ (3115) | 【公告】富榮綱配合檢...
   ✅ (3115) | 【公告】富榮綱董事會...
   ✅ (3115) | 【公告】富榮綱 20...
   ✅ (3115) | 【公告】富榮綱115...
💾 (3115) 完成，共存入 5 則新聞
🚀 (9944) 掃描到 5 則新聞，開始儲存...
   ✅ (9944) | 【公告】新麗115年...
   ✅ (9944) | 【公告】新麗115年...
   ✅ (9944) | 【公告】新麗 202...
   ✅ (9944) | 【公告】新麗 202...
   ✅ (9944) | 【公告】新麗115年...
💾 (9944) 完成，共存入 5 則新聞
🚀 (6844) 掃描到 5 則新聞，開始儲存...
   ✅ (6844) | 【公告】諾貝兒董事長...
   ✅ (6844) | 【公告】諾貝兒 20...
   ✅ (6844) | 【公告】諾貝兒115...
   ✅ (6844) | 【公告】諾貝兒115...
   ✅ (6844) | 【公告】諾貝兒 20...
💾 (6844) 完成，共存入 5 則新聞
🚀 (3593) 掃描到 5 則新聞，開始儲存...
   ✅ (3593) | 【公告】力銘海外事業...
   ✅ (3593) | 【公告】力銘 202...
   ✅ (3593) | 【公告】力銘法人董事...
   ✅ (3593) | 【公告】力銘 202...
   ✅ (3593) | 【公告】力銘辦理發行...
💾 (3593) 完成，共存入 5 則新聞
🚀 (2910) 掃描到 5 則新聞，開始儲存...
   ✅ (2910) | 【公告】統領 202...
   ✅ (2910) | 【公告】統領代重要子...
   ✅ (2910) | 【公告】統領 202...
   ✅ (2910) | 【公告】統領提報董事...
🚀 (6210) 掃描到 5 則新聞，開始儲存...
   ✅ (2910) | 【公告】統領115年...
💾 (2910) 完成，共存入 5 則新聞
   ✅ (6210) | 【公告】慶生 202...
   ✅ (6210) | 【公告】慶生 202...
   ✅ (6210) | 【公告】慶生115年...
   ✅ (6210) | 【公告】慶生115年...
   ✅ (6210) | 【公告】慶生 202...
💾 (6210) 完成，共存入 5 則新聞
🚀 (2719) 掃描到 5 則新聞，開始儲存...
   ✅ (2719) | 【公告】燦星旅 20...
   ✅ (2719) | 【公告】燦星旅115...
   ✅ (2719) | 【公告】燦星旅受邀參...
   ✅ (2719) | 【公告】燦星旅 20...
   ✅ (2719) | 【公告】燦星旅董事會...
💾 (2719) 完成，共存入 5 則新聞
🚀 (4706) 掃描到 5 則新聞，開始儲存...
   ✅ (4706) | 【公告】大恭115年...
   ✅ (4706) | 【公告】大恭董事會全...
   ✅ (4706) | 【公告】大恭改選董事...
   ✅ (4706) | 【公告】大恭 202...
   ✅ (4706) | 【公告】大恭 202...
💾 (4706) 完成，共存入 5 則新聞
🚀 (5520) 掃描到 5 則新聞，開始儲存...
   ✅ (5520) | 【公告】力泰 202...
   ✅ (5520) | 【公告】力泰115年...
   ✅ (5520) | 【公告】力泰 202...
   ✅ (5520) | 【公告】力泰董事會通...
   ✅ (5520) | 【公告】力泰 202...
💾 (5520) 完成，共存入 5 則新聞
🚀 (5348) 掃描到 5 則新聞，開始儲存...
   ✅ (5348) | 【公告】正能量智能 ...
   ✅ (5348) | 【公告】正能量智能 ...
   ✅ (5348) | 【公告】正能量智能董...
   ✅ (5348) | 【公告】正能量智能 ...
   ✅ (5348) | 【公告】正能量智能 ...
💾 (5348) 完成，共存入 5 則新聞
🚀 (1443) 掃描到 5 則新聞，開始儲存...
   ✅ (1443) | 【公告】立益物流11...
   ✅ (1443) | 【公告】立益物流 2...
   ✅ (1443) | 【公告】立益物流 2...
   ✅ (1443) | 【公告】立益物流11...
   ✅ (1443) | 【公告】立益物流11...
💾 (1443) 完成，共存入 5 則新聞
🚀 (2724) 掃描到 5 則新聞，開始儲存...
   ✅ (2724) | 【公告】藝舍-KY ...
   ✅ (2724) | 【公告】藝舍-KY1...
   ✅ (2724) | 【公告】藝舍-KY(...
   ✅ (2724) | 【公告】藝舍-KY ...
   ✅ (2724) | 【公告】藝舍-KY代...
💾 (2724) 完成，共存入 5 則新聞
🚀 (8923) 掃描到 5 則新聞，開始儲存...
   ✅ (8923) | 【公告】時報115年...
   ✅ (8923) | 【公告】時報 202...
   ✅ (8923) | 【公告】時報董事會通...
   ✅ (8923) | 【公告】時報115年...
   ✅ (8923) | 【公告】時報 202...
💾 (8923) 完成，共存入 5 則新聞
🚀 (2926) 掃描到 5 則新聞，開始儲存...
   ✅ (2926) | 【公告】誠品生活 2...
   ✅ (2926) | 【公告】誠品生活董事...
   ✅ (2926) | 誠品生活 公告本公司...
   ✅ (2926) | 【公告】誠品生活11...
   ✅ (2926) | 【公告】誠品生活11...
💾 (2926) 完成，共存入 5 則新聞
🚀 (6887) 掃描到 5 則新聞，開始儲存...
   ✅ (6887) | 【公告】寶綠特-KY...
   ✅ (6887) | 【公告】寶綠特-KY...
   ✅ (6887) | 【公告】寶綠特-KY...
   ✅ (6887) | 【公告】寶綠特-KY...
   ✅ (6887) | 【公告】寶綠特-KY...
💾 (6887) 完成，共存入 5 則新聞
🚀 (6144) 掃描到 5 則新聞，開始儲存...
   ✅ (6144) | 【公告】得利影 20...
   ✅ (6144) | 【公告】得利影 20...
   ✅ (6144) | 【公告】得利影董事會...
   ✅ (6144) | 【公告】得利影115...
   ✅ (6144) | 【公告】得利影 20...
💾 (6144) 完成，共存入 5 則新聞
🚀 (3632) 掃描到 5 則新聞，開始儲存...
   ✅ (3632) | 【公告】研勤115年...
   ✅ (3632) | 【公告】研勤辦理減資...
   ✅ (3632) | 【公告】研勤 202...
   ✅ (3632) | 【公告】研勤 202...
   ✅ (3632) | 【公告】研勤民國11...
💾 (3632) 完成，共存入 5 則新聞
🚀 (8077) 掃描到 5 則新聞，開始儲存...
   ✅ (8077) | 【公告】洛碁 202...
   ✅ (8077) | 【公告】洛碁租賃取得...
   ✅ (8077) | 【公告】洛碁 202...
   ✅ (8077) | 【公告】洛碁115年...
   ✅ (8077) | 【公告】洛碁租賃取得...
💾 (8077) 完成，共存入 5 則新聞
🚀 (4430) 掃描到 5 則新聞，開始儲存...
   ✅ (4430) | 【公告】耀億 202...
   ✅ (4430) | 【公告】耀億115年...
   ✅ (4430) | 【公告】耀億董事會通...
   ✅ (4430) | 【公告】耀億 202...
   ✅ (4430) | 【公告】耀億115年...
💾 (4430) 完成，共存入 5 則新聞
🚀 (6236) 掃描到 5 則新聞，開始儲存...
   ✅ (6236) | 【公告】中湛 202...
   ✅ (6236) | 【公告】中湛 202...
   ✅ (6236) | 【公告】中湛 202...
   ✅ (6236) | 【公告】中湛董事會決...
   ✅ (6236) | 【公告】中湛 202...
💾 (6236) 完成，共存入 5 則新聞
🚀 (5604) 掃描到 5 則新聞，開始儲存...
   ✅ (5604) | 【公告】中連董事會選...
   ✅ (5604) | 【公告】中連 202...
   ✅ (5604) | 【公告】中連115年...
   ✅ (5604) | 【公告】中連115年...
   ✅ (5604) | 【公告】中連115年...
💾 (5604) 完成，共存入 5 則新聞
🚀 (8409) 掃描到 5 則新聞，開始儲存...
   ✅ (8409) | 【公告】商之器 20...
   ✅ (8409) | 【公告】商之器經董事...
   ✅ (8409) | 【公告】商之器 20...
   ✅ (8409) | 【公告】商之器115...
   ✅ (8409) | 【公告】商之器 20...
💾 (8409) 完成，共存入 5 則新聞
🚀 (4535) 掃描到 5 則新聞，開始儲存...
   ✅ (4535) | 【公告】至興 202...
   ✅ (4535) | 【公告】至興董事會推...
   ✅ (4535) | 【公告】至興股東會解...
   ✅ (4535) | 【公告】至興115年...
   ✅ (4535) | 【公告】至興115年...
💾 (4535) 完成，共存入 5 則新聞
🚀 (6721) 掃描到 5 則新聞，開始儲存...
   ✅ (6721) | 【公告】信實115年...
   ✅ (6721) | 【公告】信實 202...
   ✅ (6721) | 【公告】信實115年...
   ✅ (6721) | 【公告】信實董事長決...
   ✅ (6721) | 【公告】信實115年...
💾 (6721) 完成，共存入 5 則新聞
🚀 (5514) 掃描到 5 則新聞，開始儲存...
   ✅ (5514) | 【公告】三豐 202...
   ✅ (5514) | 【公告】三豐115年...
   ✅ (5514) | 【公告】三豐 202...
   ✅ (5514) | 【公告】三豐115年...
   ✅ (5514) | 【公告】三豐與大同區...
💾 (5514) 完成，共存入 5 則新聞
🚀 (2754) 掃描到 5 則新聞，開始儲存...
   ✅ (2754) | 【公告】亞洲藏壽司 ...
   ✅ (2754) | 【公告】更正亞洲藏壽...
   ✅ (2754) | 川普投資藏壽司美國子...
   ✅ (2754) | 【公告】亞洲藏壽司更...
   ✅ (2754) | 【公告】亞洲藏壽司更...
💾 (2754) 完成，共存入 5 則新聞
🚀 (8066) 掃描到 5 則新聞，開始儲存...
   ✅ (8066) | 【公告】來思達 20...
   ✅ (8066) | 【公告】來思達115...
   ✅ (8066) | 【公告】來思達股東會...
   ✅ (8066) | 【公告】來思達法人董...
   ✅ (8066) | 【公告】來思達董事會...
💾 (8066) 完成，共存入 5 則新聞
🚀 (6242) 掃描到 5 則新聞，開始儲存...
   ✅ (6242) | 【公告】立康 202...
   ✅ (6242) | 【公告】立康董事長訂...
   ✅ (6242) | 【公告】立康115年...
   ✅ (6242) | 【公告】立康115年...
   ✅ (6242) | 【公告】立康董事會推...
💾 (6242) 完成，共存入 5 則新聞
🚀 (4950) 掃描到 5 則新聞，開始儲存...
   ✅ (4950) | 【公告】金耘國際法人...
   ✅ (4950) | 【公告】金耘國際總經...
   ✅ (4950) | 【公告】金耘國際發言...
   ✅ (4950) | 【公告】金耘國際 2...
   ✅ (4950) | 【公告】金耘國際 2...
💾 (4950) 完成，共存入 5 則新聞
🚀 (8093) 掃描到 5 則新聞，開始儲存...
   ✅ (8093) | 【公告】保銳 202...
   ✅ (8093) | 【公告】更正保銳召開...
   ✅ (8093) | 【公告】保銳 202...
   ✅ (8093) | 【公告】補充公告保銳...
   ✅ (8093) | 【公告】保銳新增11...
💾 (8093) 完成，共存入 5 則新聞
🚀 (6645) 掃描到 5 則新聞，開始儲存...
   ✅ (6645) | 【公告】金萬林-創接...
   ✅ (6645) | 【公告】金萬林-創 ...
   ✅ (6645) | 【公告】金萬林-創董...
   ✅ (6645) | 【公告】金萬林-創1...
   ✅ (6645) | 【公告】金萬林-創1...
💾 (6645) 完成，共存入 5 則新聞
🚀 (1475) 掃描到 5 則新聞，開始儲存...
   ✅ (1475) | 【公告】業旺 202...
   ✅ (1475) | 【公告】業旺董事會決...
   ✅ (1475) | 【公告】業旺115年...
   ✅ (1475) | 【公告】業旺 202...
   ✅ (1475) | 【公告】業旺115年...
💾 (1475) 完成，共存入 5 則新聞
🚀 (2941) 掃描到 5 則新聞，開始儲存...
   ✅ (2941) | 【公告】米斯特 20...
   ✅ (2941) | 【公告】米斯特董事會...
   ✅ (2941) | 【公告】米斯特董事會...
   ✅ (2941) | 【公告】米斯特 20...
   ✅ (2941) | 【公告】米斯特114...
💾 (2941) 完成，共存入 5 則新聞
🚀 (2221) 掃描到 5 則新聞，開始儲存...
🚀 (2726) 掃描到 5 則新聞，開始儲存...
   ✅ (2221) | 【公告】大甲 202...
   ✅ (2726) | 【公告】雅茗-KY ...
   ✅ (2221) | 【公告】大甲 202...
   ✅ (2726) | 【公告】雅茗-KY董...
   ✅ (2221) | 【公告】大甲董事會通...
   ✅ (2726) | 【公告】雅茗-KY ...
   ✅ (2221) | 【公告】大甲115年...
   ✅ (2726) | 【公告】雅茗-KY1...
   ✅ (2221) | 【公告】大甲 202...
💾 (2221) 完成，共存入 5 則新聞
   ✅ (2726) | 【公告】更正雅茗-K...
💾 (2726) 完成，共存入 5 則新聞
🚀 (1538) 掃描到 5 則新聞，開始儲存...
   ✅ (1538) | 【公告】正峰 202...
   ✅ (1538) | 【公告】正峰董事長兼...
   ✅ (1538) | 【公告】正峰 202...
   ✅ (1538) | 【公告】正峰 202...
   ✅ (1538) | 【公告】正峰對前董事...
💾 (1538) 完成，共存入 5 則新聞
🚀 (3095) 掃描到 5 則新聞，開始儲存...
   ✅ (3095) | 【公告】及成未來三個...
   ✅ (3095) | 【公告】及成115年...
   ✅ (3095) | 【公告】及成 202...
   ✅ (3095) | 【公告】及成115年...
   ✅ (3095) | 【公告】及成未來三個...
💾 (3095) 完成，共存入 5 則新聞
🚀 (4192) 掃描到 5 則新聞，開始儲存...
   ✅ (4192) | 【公告】杏國 202...
   ✅ (4192) | 【公告】杏國 202...
   ✅ (4192) | 【公告】杏國董事會決...
   ✅ (4192) | 【公告】杏國董事會通...
   ✅ (4192) | 【公告】杏國115年...
💾 (4192) 完成，共存入 5 則新聞
🚀 (6616) 掃描到 5 則新聞，開始儲存...
   ✅ (6616) | 【公告】特昇-KY1...
   ✅ (6616) | 【公告】特昇-KY ...
   ✅ (6616) | 特昇-KY：訂單型態...
   ✅ (6616) | 【公告】特昇-KY1...
   ✅ (6616) | 【公告】特昇-KY代...
💾 (6616) 完成，共存入 5 則新聞
🚀 (1213) 掃描到 5 則新聞，開始儲存...
🚀 (6988) 掃描到 5 則新聞，開始儲存...
   ✅ (1213) | 【公告】大飲115年...
   ✅ (6988) | 【公告】威力暘-創受...
   ✅ (1213) | 【公告】大飲 202...
   ✅ (6988) | 【公告】威力暘-創 ...
   ✅ (1213) | 【公告】大飲獨立董事...
   ✅ (6988) | 【公告】威力暘-創買...
   ✅ (1213) | 【公告】大飲 202...
   ✅ (6988) | 【公告】威力暘-創買...
   ✅ (1213) | 【公告】大飲 202...
💾 (1213) 完成，共存入 5 則新聞
   ✅ (6988) | 【公告】威力暘-創1...
💾 (6988) 完成，共存入 5 則新聞
🚀 (2073) 掃描到 5 則新聞，開始儲存...
   ✅ (2073) | 【公告】雄順 202...
   ✅ (2073) | 【公告】雄順董事會通...
   ✅ (2073) | 【公告】雄順115年...
   ✅ (2073) | 【公告】雄順 202...
   ✅ (2073) | 【公告】雄順董事會決...
💾 (2073) 完成，共存入 5 則新聞
🚀 (8917) 掃描到 5 則新聞，開始儲存...
   ✅ (8917) | 【公告】欣泰訂定除息...
   ✅ (8917) | 【公告】欣泰 202...
   ✅ (8917) | 【公告】欣泰 202...
   ✅ (8917) | 【公告】欣泰115年...
   ✅ (8917) | 【公告】欣泰處分第一...
💾 (8917) 完成，共存入 5 則新聞
🚀 (6542) 掃描到 5 則新聞，開始儲存...
   ✅ (6542) | 【公告】隆中 202...
   ✅ (6542) | 【公告】隆中 202...
   ✅ (6542) | 【公告】隆中董事會決...
   ✅ (6542) | 【公告】隆中 202...
   ✅ (6542) | 【公告】隆中第二次買...
💾 (6542) 完成，共存入 5 則新聞
🚀 (4972) 掃描到 5 則新聞，開始儲存...
   ✅ (4972) | 【公告】湯石照明 2...
   ✅ (4972) | 【公告】湯石照明股東...
   ✅ (4972) | 【公告】湯石照明11...
   ✅ (4972) | 【公告】湯石照明董事...
   ✅ (4972) | 【公告】湯石照明11...
💾 (4972) 完成，共存入 5 則新聞
🚀 (1599) 掃描到 5 則新聞，開始儲存...
   ✅ (1599) | 【公告】宏佳騰115...
   ✅ (1599) | 【公告】宏佳騰115...
   ✅ (1599) | 宏佳騰 公告本公司1...
   ✅ (1599) | 宏佳騰 公告本公司1...
   ✅ (1599) | 宏佳騰 公告本公司股...
💾 (1599) 完成，共存入 5 則新聞
🚀 (1465) 掃描到 5 則新聞，開始儲存...
   ✅ (1465) | 【公告】偉全 202...
   ✅ (1465) | 【公告】偉全股東常會...
   ✅ (1465) | 【公告】偉全通過解除...
   ✅ (1465) | 【公告】偉全董事會選...
   ✅ (1465) | 【公告】偉全115年...
💾 (1465) 完成，共存入 5 則新聞
🚀 (2901) 掃描到 5 則新聞，開始儲存...
   ✅ (2901) | 【公告】欣欣 202...
   ✅ (2901) | 【公告】欣欣115年...
   ✅ (2901) | 【公告】欣欣 202...
   ✅ (2901) | 【公告】欣欣115年...
   ✅ (2901) | 【公告】欣欣 202...
💾 (2901) 完成，共存入 5 則新聞
⚠️ 請求失敗 (https://tw.stock.yahoo.com/quote/3426.TW/news): HTTP Error 404: 
💤 (3426) 無新聞列表
🚀 (1233) 掃描到 5 則新聞，開始儲存...
   ✅ (1233) | 【公告】天仁 202...
   ✅ (1233) | 【公告】天仁115Q...
   ✅ (1233) | 【公告】天仁 202...
   ✅ (1233) | 【公告】天仁 202...
   ✅ (1233) | 【公告】天仁董事會決...
💾 (1233) 完成，共存入 5 則新聞
🚀 (4419) 掃描到 5 則新聞，開始儲存...
   ✅ (4419) | 【公告】皇家美食 2...
   ✅ (4419) | 【公告】更正皇家美食...
   ✅ (4419) | 【公告】皇家美食 2...
   ✅ (4419) | 【公告】皇家美食代重...
   ✅ (4419) | 【公告】皇家美食代重...
💾 (4419) 完成，共存入 5 則新聞
🚀 (4804) 掃描到 5 則新聞，開始儲存...
   ✅ (4804) | 【公告】大略-KY贖...
   ✅ (4804) | 【公告】大略-KY ...
   ✅ (4804) | 大略-KY 公告本公...
   ✅ (4804) | 【公告】大略-KY董...
   ✅ (4804) | 【公告】大略-KY董...
💾 (4804) 完成，共存入 5 則新聞
🚀 (6856) 掃描到 5 則新聞，開始儲存...
   ✅ (6856) | 【公告】鑫傳 202...
   ✅ (6856) | 【公告】鑫傳115年...
   ✅ (6856) | 【公告】鑫傳代重要子...
   ✅ (6856) | 【公告】代重要子公司...
   ✅ (6856) | 【公告】代重要子公司...
💾 (6856) 完成，共存入 5 則新聞
🚀 (8354) 掃描到 5 則新聞，開始儲存...
   ✅ (8354) | 【公告】冠好 202...
   ✅ (8354) | 【公告】冠好更補正1...
   ✅ (8354) | 【公告】(更正)公告...
   ✅ (8354) | 【公告】冠好董事會決...
   ✅ (8354) | 【公告】冠好 202...
💾 (8354) 完成，共存入 5 則新聞
🚀 (6506) 掃描到 5 則新聞，開始儲存...
   ✅ (6506) | 【公告】雙邦 202...
   ✅ (6506) | 【公告】雙邦 202...
   ✅ (6506) | 【公告】雙邦 202...
   ✅ (6506) | 【公告】雙邦董事會決...
   ✅ (6506) | 【公告】雙邦 202...
💾 (6506) 完成，共存入 5 則新聞
🚀 (9926) 掃描到 5 則新聞，開始儲存...
   ✅ (9926) | 【公告】新海 202...
   ✅ (9926) | 【公告】新海 202...
   ✅ (9926) | 【公告】新海115年...
   ✅ (9926) | 【公告】新海 202...
   ✅ (9926) | 【公告】新海董事逝世...
💾 (9926) 完成，共存入 5 則新聞
🚀 (4413) 掃描到 5 則新聞，開始儲存...
   ✅ (4413) | 【公告】飛寶企業 2...
   ✅ (4413) | 【公告】飛寶企業更正...
   ✅ (4413) | 【公告】飛寶企業總經...
   ✅ (4413) | 【公告】飛寶企業董事...
   ✅ (4413) | 【公告】飛寶企業 2...
💾 (4413) 完成，共存入 5 則新聞
🚀 (5906) 掃描到 5 則新聞，開始儲存...
   ✅ (5906) | 【公告】台南-KY ...
   ✅ (5906) | 台南-KY代孫公司銳...
   ✅ (5906) | 【公告】台南-KY代...
   ✅ (5906) | 【公告】台南-KY ...
   ✅ (5906) | 【公告】台南-KY ...
💾 (5906) 完成，共存入 5 則新聞
🚀 (3018) 掃描到 5 則新聞，開始儲存...
   ✅ (3018) | 【公告】隆銘綠能 2...
   ✅ (3018) | 【公告】應證交所要求...
   ✅ (3018) | 隆銘綠能 應證交所要...
   ✅ (3018) | 【公告】隆銘綠能與宏...
   ✅ (3018) | 隆銘綠能 公告本公司...
💾 (3018) 完成，共存入 5 則新聞
🚀 (6767) 掃描到 5 則新聞，開始儲存...
   ✅ (6767) | 【公告】台微醫 20...
   ✅ (6767) | 【公告】台微醫 20...
   ✅ (6767) | 【公告】台微醫 20...
   ✅ (6767) | 【公告】台微醫 20...
   ✅ (6767) | 【公告】台微醫董事會...
💾 (6767) 完成，共存入 5 則新聞
🚀 (4148) 掃描到 5 則新聞，開始儲存...
   ✅ (4148) | 【公告】全宇生技-K...
   ✅ (4148) | 【公告】全宇生技-K...
   ✅ (4148) | 【公告】全宇生技-K...
   ✅ (4148) | 【公告】全宇生技-K...
   ✅ (4148) | 【公告】全宇生技-K...
💾 (4148) 完成，共存入 5 則新聞
🚀 (4767) 掃描到 5 則新聞，開始儲存...
   ✅ (4767) | 【公告】誠泰科技 2...
   ✅ (4767) | 【公告】誠泰科技 2...
   ✅ (4767) | 【公告】誠泰科技 2...
   ✅ (4767) | 【公告】誠泰科技董事...
   ✅ (4767) | 【公告】誠泰科技 2...
💾 (4767) 完成，共存入 5 則新聞
🚀 (2024) 掃描到 5 則新聞，開始儲存...
   ✅ (2024) | 【公告】志聯 202...
   ✅ (2024) | 【公告】志聯 202...
   ✅ (2024) | 【公告】志聯董事會通...
   ✅ (2024) | 【公告】志聯115年...
   ✅ (2024) | 【公告】志聯 202...
💾 (2024) 完成，共存入 5 則新聞
🚀 (6512) 掃描到 5 則新聞，開始儲存...
   ✅ (6512) | 【公告】啟發電 20...
   ✅ (6512) | 【公告】啟發電115...
   ✅ (6512) | 【公告】啟發電 20...
   ✅ (6512) | 【公告】啟發電115...
   ✅ (6512) | 【公告】啟發電 20...
💾 (6512) 完成，共存入 5 則新聞
🚀 (6171) 掃描到 5 則新聞，開始儲存...
   ✅ (6171) | 【公告】大城地產 2...
   ✅ (6171) | 【公告】大城地產董事...
   ✅ (6171) | 【公告】大城地產擬與...
   ✅ (6171) | 【公告】大城地產「台...
   ✅ (6171) | 【公告】大城地產 2...
💾 (6171) 完成，共存入 5 則新聞
🚀 (6872) 掃描到 5 則新聞，開始儲存...
   ✅ (6872) | 【公告】浩宇生醫 2...
   ✅ (6872) | 【公告】浩宇生醫11...
   ✅ (6872) | 【公告】浩宇生醫11...
   ✅ (6872) | 【公告】浩宇生醫新任...
   ✅ (6872) | 【公告】浩宇生醫 2...
💾 (6872) 完成，共存入 5 則新聞
🚀 (1470) 掃描到 5 則新聞，開始儲存...
   ✅ (1470) | 【公告】大統新創 2...
   ✅ (1470) | 【公告】大統新創受邀...
   ✅ (1470) | 【公告】大統新創董事...
   ✅ (1470) | 【公告】大統新創11...
   ✅ (1470) | 【公告】大統新創 2...
💾 (1470) 完成，共存入 5 則新聞
🚀 (6222) 掃描到 5 則新聞，開始儲存...
   ✅ (6222) | 【公告】立軒召開重大...
   ✅ (6222) | 【公告】立軒 202...
   ✅ (6222) | 【公告】立軒115年...
   ✅ (6222) | 【公告】立軒董事會通...
   ✅ (6222) | 【公告】立軒 202...
💾 (6222) 完成，共存入 5 則新聞
🚀 (3531) 掃描到 5 則新聞，開始儲存...
   ✅ (3531) | 【公告】先益 202...
   ✅ (3531) | 【公告】先益董事會決...
   ✅ (3531) | 【公告】先益115年...
   ✅ (3531) | 【公告】先益 202...
   ✅ (3531) | 【公告】先益董事會通...
💾 (3531) 完成，共存入 5 則新聞
🚀 (4905) 掃描到 5 則新聞，開始儲存...
   ✅ (4905) | 【公告】台聯電民國1...
   ✅ (4905) | 【公告】台聯電民國1...
   ✅ (4905) | 【公告】台聯電民國1...
   ✅ (4905) | 【公告】台聯電第十六...
   ✅ (4905) | 【公告】台聯電 20...
💾 (4905) 完成，共存入 5 則新聞
🚀 (7732) 掃描到 5 則新聞，開始儲存...
   ✅ (7732) | 【公告】金興精密 2...
   ✅ (7732) | 【公告】金興精密董事...
   ✅ (7732) | 【公告】金興精密 2...
   ✅ (7732) | 【公告】金興精密 2...
   ✅ (7732) | 【公告】金興精密董事...
💾 (7732) 完成，共存入 5 則新聞
🚀 (1435) 掃描到 5 則新聞，開始儲存...
   ✅ (1435) | 【公告】中福董事會通...
   ✅ (1435) | 【公告】中福重編之1...
   ✅ (1435) | 【公告】中福115年...
   ✅ (1435) | 【公告】(更正)董事...
   ✅ (1435) | 【公告】中福採權益法...
💾 (1435) 完成，共存入 5 則新聞
🚀 (1441) 掃描到 5 則新聞，開始儲存...
   ✅ (1441) | 【公告】大東 202...
   ✅ (1441) | 【公告】大東更正11...
   ✅ (1441) | 【公告】大東股東常會...
   ✅ (1441) | 【公告】大東115年...
   ✅ (1441) | 【公告】大東115年...
💾 (1441) 完成，共存入 5 則新聞
🚀 (3252) 掃描到 5 則新聞，開始儲存...
   ✅ (3252) | 【公告】海灣 202...
   ✅ (3252) | 【公告】海灣 202...
   ✅ (3252) | 【公告】海灣董事會決...
   ✅ (3252) | 【公告】海灣董事會決...
   ✅ (3252) | 【公告】海灣董事會決...
💾 (3252) 完成，共存入 5 則新聞
🚀 (5276) 掃描到 5 則新聞，開始儲存...
   ✅ (5276) | 達輝光電 公告本公司...
   ✅ (5276) | 新纖 公告本公司法人...
   ✅ (5276) | 【公告】達輝-KY代...
   ✅ (5276) | 達輝-KY 孫公司 ...
   ✅ (5276) | 達輝-KY 孫公司 ...
💾 (5276) 完成，共存入 5 則新聞
🚀 (3064) 掃描到 5 則新聞，開始儲存...
   ✅ (3064) | 【公告】泰偉 202...
   ✅ (3064) | 【公告】泰偉 202...
   ✅ (3064) | 【公告】泰偉董事會通...
   ✅ (3064) | 【公告】泰偉 202...
   ✅ (3064) | 【公告】泰偉依證券商...
💾 (3064) 完成，共存入 5 則新聞
🚀 (6662) 掃描到 5 則新聞，開始儲存...
   ✅ (6662) | 【公告】樂斯科 20...
   ✅ (6662) | 【公告】樂斯科修正1...
   ✅ (6662) | 【公告】樂斯科董事會...
   ✅ (6662) | 【公告】樂斯科 20...
   ✅ (6662) | 【公告】樂斯科115...
💾 (6662) 完成，共存入 5 則新聞
🚀 (1341) 掃描到 5 則新聞，開始儲存...
   ✅ (1341) | 【公告】富林-KY ...
   ✅ (1341) | 【公告】富林-KY董...
   ✅ (1341) | 【公告】富林-KY2...
   ✅ (1341) | 【公告】富林-KY2...
   ✅ (1341) | 【公告】富林-KY現...
💾 (1341) 完成，共存入 5 則新聞
🚀 (5455) 掃描到 5 則新聞，開始儲存...
   ✅ (5455) | 【公告】昇益115年...
   ✅ (5455) | 【公告】昇益第十四屆...
   ✅ (5455) | 【公告】昇益115年...
   ✅ (5455) | 【公告】昇益 202...
🚀 (1453) 掃描到 5 則新聞，開始儲存...
   ✅ (5455) | 【公告】昇益董事會通...
💾 (5455) 完成，共存入 5 則新聞
   ✅ (1453) | 【公告】大將115年...
   ✅ (1453) | 【公告】大將 202...
   ✅ (1453) | 【公告】大將「中山區...
   ✅ (1453) | 【公告】大將董事會通...
   ✅ (1453) | 【公告】大將 202...
💾 (1453) 完成，共存入 5 則新聞
🚀 (6574) 掃描到 5 則新聞，開始儲存...
   ✅ (6574) | 【公告】霈方董事會決...
   ✅ (6574) | 【公告】霈方董事會決...
   ✅ (6574) | 【公告】霈方 202...
   ✅ (6574) | 【公告】霈方115年...
   ✅ (6574) | 【公告】霈方 202...
💾 (6574) 完成，共存入 5 則新聞
🚀 (8455) 掃描到 5 則新聞，開始儲存...
   ✅ (8455) | 【公告】大拓-KY2...
   ✅ (8455) | 【公告】大拓-KY ...
   ✅ (8455) | 【公告】大拓-KY有...
   ✅ (8455) | 【公告】大拓-KY董...
   ✅ (8455) | 【公告】大拓-KY ...
💾 (8455) 完成，共存入 5 則新聞
🚀 (8477) 掃描到 5 則新聞，開始儲存...
   ✅ (8477) | 【公告】創業家115...
   ✅ (8477) | 【公告】創業家董事會...
   ✅ (8477) | 【公告】更正公告創業...
   ✅ (8477) | 【公告】創業家董事會...
   ✅ (8477) | 【公告】創業家202...
💾 (8477) 完成，共存入 5 則新聞
🚀 (2887Z1) 掃描到 5 則新聞，開始儲存...
   ✅ (2887Z1) | 【公告】台新新光金代...
   ✅ (2887Z1) | 【公告】台新新光金更...
   ✅ (2887Z1) | 【公告】台新新光金代...
   ✅ (2887Z1) | 【公告】台新新光金 ...
   ✅ (2887Z1) | 【公告】台新新光金暨...
💾 (2887Z1) 完成，共存入 5 則新聞
🚀 (2235) 掃描到 5 則新聞，開始儲存...
   ✅ (2235) | 【公告】謚源 202...
   ✅ (2235) | 【公告】謚源 202...
   ✅ (2235) | 【公告】謚源 202...
   ✅ (2235) | 【公告】謚源董事會決...
   ✅ (2235) | 【公告】謚源114年...
💾 (2235) 完成，共存入 5 則新聞
🚀 (6527) 掃描到 5 則新聞，開始儲存...
   ✅ (6527) | 【公告】明達醫 20...
   ✅ (6527) | 【公告】明達醫受邀參...
   ✅ (6527) | 【公告】明達醫 20...
   ✅ (6527) | 【公告】明達醫 20...
   ✅ (6527) | 【公告】明達醫 20...
💾 (6527) 完成，共存入 5 則新聞
🚀 (1626) 掃描到 5 則新聞，開始儲存...
   ✅ (1626) | 【公告】艾美特-KY...
   ✅ (1626) | 【公告】艾美特-KY...
   ✅ (1626) | 艾美特宣示品牌國際化...
   ✅ (1626) | 【公告】艾美特-KY...
   ✅ (1626) | 【公告】艾美特-KY...
💾 (1626) 完成，共存入 5 則新聞
🚀 (8443) 掃描到 5 則新聞，開始儲存...
   ✅ (8443) | 【公告】阿瘦 202...
   ✅ (8443) | 【公告】阿瘦董事會決...
   ✅ (8443) | 【公告】阿瘦董事會決...
🚀 (6556) 掃描到 5 則新聞，開始儲存...
   ✅ (8443) | 【公告】阿瘦董事會決...
   ✅ (6556) | 【公告】勝品 202...
   ✅ (8443) | 【公告】阿瘦董事會決...
💾 (8443) 完成，共存入 5 則新聞
   ✅ (6556) | 【公告】勝品民國11...
   ✅ (6556) | 【公告】勝品 202...
   ✅ (6556) | 【公告】勝品董事會決...
   ✅ (6556) | 【公告】勝品董事會決...
💾 (6556) 完成，共存入 5 則新聞
🚀 (4175) 掃描到 5 則新聞，開始儲存...
   ✅ (4175) | 【公告】杏一 202...
   ✅ (4175) | 【公告】杏一資訊安全...
   ✅ (4175) | 【公告】杏一 202...
   ✅ (4175) | 【公告】杏一受邀參加...
   ✅ (4175) | 【公告】杏一 202...
💾 (4175) 完成，共存入 5 則新聞
🚀 (2947) 掃描到 5 則新聞，開始儲存...
   ✅ (2947) | 【公告】振宇五金 2...
   ✅ (2947) | 【公告】振宇五金11...
   ✅ (2947) | 【公告】振宇五金11...
   ✅ (2947) | 【公告】振宇五金董事...
   ✅ (2947) | 【公告】振宇五金新任...
💾 (2947) 完成，共存入 5 則新聞
🚀 (1203) 掃描到 5 則新聞，開始儲存...
   ✅ (1203) | 【公告】味王 202...
   ✅ (1203) | 【公告】味王115年...
   ✅ (1203) | 【公告】味王 202...
   ✅ (1203) | 【公告】味王115年...
   ✅ (1203) | 【公告】代重要子公司...
💾 (1203) 完成，共存入 5 則新聞
🚀 (8921) 掃描到 5 則新聞，開始儲存...
   ✅ (8921) | 【公告】沈氏法人董事...
   ✅ (8921) | 【公告】沈氏115年...
   ✅ (8921) | 【公告】沈氏115年...
   ✅ (8921) | 【公告】沈氏115年...
   ✅ (8921) | 【公告】沈氏董事會推...
💾 (8921) 完成，共存入 5 則新聞
🚀 (2722) 掃描到 5 則新聞，開始儲存...
   ✅ (2722) | 【公告】夏都 202...
   ✅ (2722) | 【公告】夏都受邀參加...
   ✅ (2722) | 【公告】夏都董事會通...
   ✅ (2722) | 【公告】夏都 202...
   ✅ (2722) | 【公告】夏都 202...
💾 (2722) 完成，共存入 5 則新聞
🚀 (7753) 掃描到 5 則新聞，開始儲存...
   ✅ (7753) | 【公告】星亞 202...
   ✅ (7753) | 【公告】星亞 202...
   ✅ (7753) | 【公告】星亞 202...
   ✅ (7753) | 【公告】星亞 202...
   ✅ (7753) | 【公告】星亞董事會決...
💾 (7753) 完成，共存入 5 則新聞
🚀 (2751) 掃描到 5 則新聞，開始儲存...
   ✅ (2751) | 【公告】王座 202...
   ✅ (2751) | 【公告】王座 202...
   ✅ (2751) | 【公告】王座董事會通...
   ✅ (2751) | 【公告】王座115年...
   ✅ (2751) | 【公告】王座 202...
💾 (2751) 完成，共存入 5 則新聞
🚀 (4183) 掃描到 5 則新聞，開始儲存...
   ✅ (4183) | 【公告】福永生技 2...
   ✅ (4183) | 【公告】福永生技 2...
   ✅ (4183) | 【公告】福永生技 2...
   ✅ (4183) | 【公告】福永生技 2...
   ✅ (4183) | 【公告】福永生技董事...
💾 (4183) 完成，共存入 5 則新聞
🚀 (5601) 掃描到 5 則新聞，開始儲存...
   ✅ (5601) | 【公告】台聯櫃 20...
   ✅ (5601) | 【公告】台聯櫃董事長...
   ✅ (5601) | 【公告】台聯櫃115...
   ✅ (5601) | 【公告】台聯櫃 20...
   ✅ (5601) | 【公告】台聯櫃董事會...
💾 (5601) 完成，共存入 5 則新聞
🚀 (6225) 掃描到 5 則新聞，開始儲存...
   ✅ (6225) | 【公告】天瀚 202...
   ✅ (6225) | 【公告】天瀚代子公司...
   ✅ (6225) | 【公告】天瀚115年...
   ✅ (6225) | 【公告】天瀚115年...
   ✅ (6225) | 【公告】天瀚董事會決...
💾 (6225) 完成，共存入 5 則新聞
🚀 (6929) 掃描到 5 則新聞，開始儲存...
   ✅ (6929) | 【公告】佑全 202...
   ✅ (6929) | 【公告】佑全115年...
   ✅ (6929) | 【公告】佑全董事會通...
   ✅ (6929) | 【公告】佑全115年...
   ✅ (6929) | 【公告】佑全 202...
💾 (6929) 完成，共存入 5 則新聞
🚀 (6661) 掃描到 5 則新聞，開始儲存...
   ✅ (6661) | 【公告】威健生技 2...
   ✅ (6661) | 【公告】代威健生技之...
   ✅ (6661) | 【公告】威健生技11...
   ✅ (6661) | 【公告】威健生技 2...
   ✅ (6661) | 【公告】威健生技11...
💾 (6661) 完成，共存入 5 則新聞
🚀 (1413) 掃描到 5 則新聞，開始儲存...
   ✅ (1413) | 【公告】宏洲 202...
   ✅ (1413) | 【公告】宏洲115年...
   ✅ (1413) | 【公告】宏洲 202...
   ✅ (1413) | 【公告】宏洲115年...
   ✅ (1413) | 【公告】宏洲115年...
💾 (1413) 完成，共存入 5 則新聞
🚀 (5703) 掃描到 5 則新聞，開始儲存...
   ✅ (5703) | 【公告】亞都麗緻 2...
   ✅ (5703) | 【公告】亞都麗緻受邀...
   ✅ (5703) | 【公告】亞都麗緻11...
   ✅ (5703) | 【公告】亞都麗緻 2...
   ✅ (5703) | 【公告】(更正)亞都...
💾 (5703) 完成，共存入 5 則新聞
🚀 (4529) 掃描到 5 則新聞，開始儲存...
   ✅ (4529) | 【公告】淳紳代重要子...
   ✅ (4529) | 【公告】淳紳代重要子...
   ✅ (4529) | 華城 本公司股東會通...
   ✅ (4529) | 【公告】淳紳預估未來...
   ✅ (4529) | 【公告】淳紳 202...
💾 (4529) 完成，共存入 5 則新聞
🚀 (6496) 掃描到 5 則新聞，開始儲存...
   ✅ (6496) | 【公告】科懋 202...
   ✅ (6496) | 【公告】科懋115年...
   ✅ (6496) | 【公告】科懋代子公司...
   ✅ (6496) | 【公告】科懋代子公司...
   ✅ (6496) | 【公告】科懋董事會通...
💾 (6496) 完成，共存入 5 則新聞
🚀 (6958) 掃描到 5 則新聞，開始儲存...
   ✅ (6958) | 【公告】代重要子公司...
   ✅ (6958) | 【公告】日盛台駿 2...
   ✅ (6958) | 【公告】日盛台駿將受...
   ✅ (6958) | 【公告】日盛台駿董事...
   ✅ (6958) | 【公告】日盛台駿代重...
💾 (6958) 完成，共存入 5 則新聞
🚀 (910861) 掃描到 5 則新聞，開始儲存...
   ✅ (910861) | 神州-DR截至202...
   ✅ (910861) | 神州-DR 神州數碼...
   ✅ (910861) | 神州-DR 股份發行...
   ✅ (910861) | 神州-DR 神州數碼...
   ✅ (910861) | 軟房價時代來臨，數字...
💾 (910861) 完成，共存入 5 則新聞
🚀 (8929) 掃描到 5 則新聞，開始儲存...
   ✅ (8929) | 【公告】富堡 202...
   ✅ (8929) | 【公告】富堡董事會決...
   ✅ (8929) | 【公告】富堡董事會決...
   ✅ (8929) | 【公告】富堡 202...
   ✅ (8929) | 【公告】富堡115年...
💾 (8929) 完成，共存入 5 則新聞
💤 (910322) 無新聞列表
🚀 (4943) 掃描到 5 則新聞，開始儲存...
   ✅ (4943) | 【公告】康控-KY ...
   ✅ (4943) | 【公告】康控-KY董...
   ✅ (4943) | 【公告】康控-KY董...
   ✅ (4943) | 【公告】康控-KY董...
   ✅ (4943) | 【公告】康控-KY董...
💾 (4943) 完成，共存入 5 則新聞
🚀 (1423) 掃描到 5 則新聞，開始儲存...
   ✅ (1423) | 【公告】利華 202...
   ✅ (1423) | 【公告】利華115年...
   ✅ (1423) | 【公告】利華115年...
   ✅ (1423) | 【公告】利華 202...
   ✅ (1423) | 【公告】利華115年...
💾 (1423) 完成，共存入 5 則新聞
🚀 (3288) 掃描到 5 則新聞，開始儲存...
   ✅ (3288) | 【公告】點晶115年...
   ✅ (3288) | 【公告】點晶 202...
   ✅ (3288) | 【公告】點晶董事會通...
   ✅ (3288) | 【公告】點晶法人董事...
   ✅ (3288) | 【公告】點晶115年...
💾 (3288) 完成，共存入 5 則新聞
🚀 (3523) 掃描到 5 則新聞，開始儲存...
   ✅ (3523) | 【公告】迎輝 202...
   ✅ (3523) | 【公告】迎輝有價證券...
   ✅ (3523) | 【公告】迎輝115年...
   ✅ (3523) | 【公告】迎輝 202...
   ✅ (3523) | 【公告】迎輝董事會通...
💾 (3523) 完成，共存入 5 則新聞
🚀 (6807) 掃描到 5 則新聞，開始儲存...
   ✅ (6807) | 【公告】峰源-KY ...
   ✅ (6807) | 【公告】峰源-KY代...
   ✅ (6807) | 【公告】峰源-KY董...
   ✅ (6807) | 【公告】峰源-KY ...
   ✅ (6807) | 【公告】峰源-KY1...
💾 (6807) 完成，共存入 5 則新聞
🚀 (5205) 掃描到 5 則新聞，開始儲存...
   ✅ (5205) | 【公告】中茂 202...
   ✅ (5205) | 【公告】中茂 202...
   ✅ (5205) | 【公告】中茂115年...
   ✅ (5205) | 【公告】中茂 202...
   ✅ (5205) | 【公告】中茂 202...
💾 (5205) 完成，共存入 5 則新聞
🚀 (1324) 掃描到 5 則新聞，開始儲存...
   ✅ (1324) | 【公告】地球民國11...
   ✅ (1324) | 【公告】地球 202...
   ✅ (1324) | 【公告】地球 202...
   ✅ (1324) | 【公告】地球董事會決...
   ✅ (1324) | 【公告】地球115年...
💾 (1324) 完成，共存入 5 則新聞
🚀 (1472) 掃描到 5 則新聞，開始儲存...
   ✅ (1472) | 【公告】三洋實業國內...
   ✅ (1472) | 【公告】三洋實業 2...
   ✅ (1472) | 【公告】三洋實業現金...
   ✅ (1472) | 【公告】三洋實業11...
   ✅ (1472) | 【公告】三洋實業改選...
💾 (1472) 完成，共存入 5 則新聞
🚀 (8067) 掃描到 5 則新聞，開始儲存...
   ✅ (8067) | 【公告】志旭 202...
   ✅ (8067) | 【公告】志旭115年...
   ✅ (8067) | 【公告】志旭 202...
   ✅ (8067) | 【公告】志旭114年...
   ✅ (8067) | 【公告】志旭 202...
💾 (8067) 完成，共存入 5 則新聞
🚀 (2949) 掃描到 5 則新聞，開始儲存...
   ✅ (2949) | 【公告】欣新網 20...
🚀 (1906) 掃描到 5 則新聞，開始儲存...
   ✅ (2949) | 【公告】欣新網董事會...
   ✅ (1906) | 美伊戰事見曙光！造紙...
   ✅ (1906) | 【公告】寶隆 202...
   ✅ (1906) | 寶隆看外銷市場動能有...
   ✅ (1906) | 造紙股為何集體暴衝？...
   ✅ (1906) | 【公告】榮成115年...
💾 (1906) 完成，共存入 5 則新聞
   ✅ (2949) | 【公告】欣新網代重要...
   ✅ (2949) | 【公告】欣新網董事會...
   ✅ (2949) | 【公告】欣新網董事會...
💾 (2949) 完成，共存入 5 則新聞
🚀 (3672) 掃描到 5 則新聞，開始儲存...
   ✅ (3672) | 【公告】康聯訊 20...
   ✅ (3672) | 【公告】康聯訊 20...
   ✅ (3672) | 【公告】康聯訊115...
   ✅ (3672) | 【公告】康聯訊 20...
   ✅ (3672) | 【公告】康聯訊代重要...
💾 (3672) 完成，共存入 5 則新聞
🚀 (6474) 掃描到 5 則新聞，開始儲存...
   ✅ (6474) | 【公告】華豫寧董事會...
   ✅ (6474) | 【公告】華豫寧董事會...
   ✅ (6474) | 【公告】華豫寧 20...
   ✅ (6474) | 【公告】華豫寧新任法...
🚀 (6730) 掃描到 5 則新聞，開始儲存...
   ✅ (6474) | 【公告】華豫寧 20...
💾 (6474) 完成，共存入 5 則新聞
   ✅ (6730) | 【公告】常廣 202...
   ✅ (6730) | 【公告】常廣訂定現金...
   ✅ (6730) | 【公告】常廣115年...
   ✅ (6730) | 【公告】常廣115年...
   ✅ (6730) | 【公告】常廣董事會選...
💾 (6730) 完成，共存入 5 則新聞
🚀 (4924) 掃描到 5 則新聞，開始儲存...
   ✅ (4924) | 【公告】欣厚-KY ...
   ✅ (4924) | 【公告】欣厚-KY董...
   ✅ (4924) | 【公告】欣厚-KY董...
   ✅ (4924) | 【公告】欣厚-KY ...
   ✅ (4924) | 【公告】欣厚-KY1...
💾 (4924) 完成，共存入 5 則新聞
🚀 (6212) 掃描到 5 則新聞，開始儲存...
   ✅ (6212) | 【公告】理銘115年...
   ✅ (6212) | 【公告】理銘 202...
   ✅ (6212) | 【公告】理銘董事會通...
   ✅ (6212) | 【公告】理銘 202...
   ✅ (6212) | 【公告】理銘115年...
💾 (6212) 完成，共存入 5 則新聞
🚀 (8941) 掃描到 5 則新聞，開始儲存...
   ✅ (8941) | 【公告】關中總經理異...
   ✅ (8941) | 【公告】關中 202...
   ✅ (8941) | 【公告】關中 202...
   ✅ (8941) | 【公告】關中董事會通...
   ✅ (8941) | 【公告】關中115年...
💾 (8941) 完成，共存入 5 則新聞
🚀 (6264) 掃描到 5 則新聞，開始儲存...
   ✅ (6264) | 【公告】富裔 202...
   ✅ (6264) | 【公告】富裔115年...
   ✅ (6264) | 【公告】更正公告富裔...
🚀 (4198) 掃描到 5 則新聞，開始儲存...
   ✅ (6264) | 【公告】富裔累積虧損...
   ✅ (6264) | 【公告】富裔董事會通...
💾 (6264) 完成，共存入 5 則新聞
   ✅ (4198) | 【公告】欣大健康 2...
   ✅ (4198) | 【公告】欣大健康代子...
   ✅ (4198) | 【公告】更正欣大健康...
   ✅ (4198) | 【公告】欣大健康 2...
   ✅ (4198) | 【公告】欣大健康 2...
💾 (4198) 完成，共存入 5 則新聞
🚀 (3191) 掃描到 5 則新聞，開始儲存...
   ✅ (3191) | 【公告】雲嘉南與遠電...
   ✅ (3191) | 【公告】雲嘉南 20...
   ✅ (3191) | 【公告】雲嘉南108...
   ✅ (3191) | 【公告】雲嘉南有價證...
   ✅ (3191) | 【公告】雲嘉南更正公...
💾 (3191) 完成，共存入 5 則新聞
🚀 (2740) 掃描到 5 則新聞，開始儲存...
   ✅ (2740) | 【公告】華軒 202...
   ✅ (2740) | 【公告】華軒115年...
   ✅ (2740) | 【公告】華軒代理發言...
   ✅ (2740) | 【公告】華軒董事會通...
   ✅ (2740) | 【公告】華軒 202...
💾 (2740) 完成，共存入 5 則新聞
🚀 (4432) 掃描到 5 則新聞，開始儲存...
   ✅ (4432) | 【公告】銘旺實 20...
   ✅ (4432) | 【公告】銘旺實115...
   ✅ (4432) | 【公告】銘旺實115...
   ✅ (4432) | 【公告】銘旺實董事會...
   ✅ (4432) | 【公告】銘旺實更正1...
💾 (4432) 完成，共存入 5 則新聞
🚀 (2948) 掃描到 5 則新聞，開始儲存...
   ✅ (2948) | 【公告】寶陞更正公告...
   ✅ (2948) | 【公告】寶陞 202...
   ✅ (2948) | 【公告】寶陞115年...
   ✅ (2948) | 【公告】寶陞 202...
   ✅ (2948) | 【公告】寶陞115年...
💾 (2948) 完成，共存入 5 則新聞
🚀 (3629) 掃描到 5 則新聞，開始儲存...
   ✅ (3629) | 【公告】地心引力 2...
   ✅ (3629) | 【公告】地心引力董事...
   ✅ (3629) | 【公告】地心引力董事...
   ✅ (3629) | 【公告】地心引力董事...
   ✅ (3629) | 【公告】地心引力董事...
💾 (3629) 完成，共存入 5 則新聞
🚀 (5701) 掃描到 5 則新聞，開始儲存...
   ✅ (5701) | 【公告】劍湖山 20...
   ✅ (5701) | 【公告】劍湖山有價證...
   ✅ (5701) | 台股上沖下洗「這檔」...
   ✅ (5701) | 台股崩跌它卻漲瘋了！...
   ✅ (5701) | 【公告】劍湖山 20...
💾 (5701) 完成，共存入 5 則新聞
🚀 (4153) 掃描到 5 則新聞，開始儲存...
🚀 (4584) 掃描到 5 則新聞，開始儲存...
   ✅ (4153) | 【公告】鈺緯 202...
   ✅ (4584) | 【公告】君帆 202...
   ✅ (4153) | 【公告】鈺緯115年...
   ✅ (4153) | 【公告】鈺緯董事長決...
   ✅ (4584) | 【公告】君帆 202...
   ✅ (4584) | 【公告】君帆 202...
   ✅ (4584) | 【公告】君帆董事會決...
   ✅ (4584) | 【公告】君帆董事會決...
💾 (4584) 完成，共存入 5 則新聞
   ✅ (4153) | 【公告】鈺緯 202...
   ✅ (4153) | 【公告】鈺緯董事會通...
💾 (4153) 完成，共存入 5 則新聞
🚀 (7743) 掃描到 5 則新聞，開始儲存...
   ✅ (7743) | 【公告】金利食安 2...
   ✅ (7743) | 【公告】金利食安董事...
   ✅ (7743) | 【公告】金利食安 2...
   ✅ (7743) | 【公告】金利食安 2...
   ✅ (7743) | 【公告】金利食安董事...
💾 (7743) 完成，共存入 5 則新聞
🚀 (6581) 掃描到 5 則新聞，開始儲存...
   ✅ (6581) | 鋼聯自結前5月合併稅...
   ✅ (6581) | 【公告】鋼聯115年...
   ✅ (6581) | 【公告】鋼聯 202...
   ✅ (6581) | 鋼聯 公告115年5...
   ✅ (6581) | 【公告】鋼聯115年...
💾 (6581) 完成，共存入 5 則新聞
🚀 (6240) 掃描到 5 則新聞，開始儲存...
   ✅ (6240) | 【公告】松崗115年...
   ✅ (6240) | 【公告】松崗董事會通...
   ✅ (6240) | 【公告】松崗 202...
   ✅ (6240) | 【公告】松崗115年...
   ✅ (6240) | 【公告】松崗 202...
💾 (6240) 完成，共存入 5 則新聞
🚀 (4154) 掃描到 5 則新聞，開始儲存...
   ✅ (4154) | 【公告】樂威科-KY...
   ✅ (4154) | 【公告】樂威科-KY...
   ✅ (4154) | 【公告】樂威科-KY...
   ✅ (4154) | 【公告】樂威科-KY...
   ✅ (4154) | 【公告】樂威科-KY...
💾 (4154) 完成，共存入 5 則新聞
🚀 (4304) 掃描到 5 則新聞，開始儲存...
   ✅ (4304) | 【公告】勝昱115年...
   ✅ (4304) | 【公告】勝昱 202...
   ✅ (4304) | 【公告】勝昱115年...
   ✅ (4304) | 【公告】勝昱 202...
   ✅ (4304) | 【公告】勝昱115年...
💾 (4304) 完成，共存入 5 則新聞
🚀 (3465) 掃描到 5 則新聞，開始儲存...
   ✅ (3465) | 【公告】進泰電子11...
   ✅ (3465) | 【公告】進泰電子 2...
   ✅ (3465) | 【公告】進泰電子 2...
   ✅ (3465) | 【公告】進泰電子董事...
🚀 (4406) 掃描到 5 則新聞，開始儲存...
   ✅ (3465) | 【公告】進泰電子董事...
💾 (3465) 完成，共存入 5 則新聞
   ✅ (4406) | 【公告】新昕纖 20...
   ✅ (4406) | 【公告】新昕纖重新公...
   ✅ (4406) | 【公告】新昕纖董事會...
   ✅ (4406) | 【公告】新昕纖 20...
   ✅ (4406) | 【公告】新昕纖115...
💾 (4406) 完成，共存入 5 則新聞
🚀 (1781) 掃描到 5 則新聞，開始儲存...
   ✅ (1781) | 【公告】合世115年...
   ✅ (1781) | 【公告】合世 202...
   ✅ (1781) | 【公告】合世董事會通...
   ✅ (1781) | 【公告】合世 202...
   ✅ (1781) | 【公告】合世115年...
💾 (1781) 完成，共存入 5 則新聞
🚀 (7782) 掃描到 5 則新聞，開始儲存...
   ✅ (7782) | 【公告】光速火箭 2...
   ✅ (7782) | 【公告】光速火箭 2...
   ✅ (7782) | 【公告】光速火箭董事...
   ✅ (7782) | 【公告】光速火箭11...
   ✅ (7782) | 【公告】光速火箭 2...
💾 (7782) 完成，共存入 5 則新聞
🚀 (8342) 掃描到 5 則新聞，開始儲存...
   ✅ (8342) | 【公告】說明益張承作...
   ✅ (8342) | 【公告】益張 202...
   ✅ (8342) | 【公告】益張董事長決...
   ✅ (8342) | 【公告】說明益張承作...
   ✅ (8342) | 【公告】益張 202...
💾 (8342) 完成，共存入 5 則新聞
🚀 (3516) 掃描到 5 則新聞，開始儲存...
   ✅ (3516) | 【公告】亞帝歐 20...
   ✅ (3516) | 【公告】董事會決議擬...
   ✅ (3516) | 【公告】亞帝歐董事會...
   ✅ (3516) | 【公告】亞帝歐董事會...
   ✅ (3516) | 【公告】亞帝歐 20...
💾 (3516) 完成，共存入 5 則新聞
🚀 (1468) 掃描到 5 則新聞，開始儲存...
   ✅ (1468) | 【公告】昶和115年...
   ✅ (1468) | 【公告】昶和115年...
   ✅ (1468) | 【公告】昶和董事會通...
   ✅ (1468) | 【公告】昶和 202...
   ✅ (1468) | 【公告】昶和 202...
💾 (1468) 完成，共存入 5 則新聞
🚀 (3232) 掃描到 5 則新聞，開始儲存...
   ✅ (3232) | 【公告】昱捷 202...
   ✅ (3232) | 【公告】昱捷董事會通...
   ✅ (3232) | 【公告】昱捷 202...
   ✅ (3232) | 【公告】昱捷115年...
   ✅ (3232) | 【公告】昱捷 202...
💾 (3232) 完成，共存入 5 則新聞
🚀 (8424) 掃描到 5 則新聞，開始儲存...
   ✅ (8424) | 【公告】惠普 202...
   ✅ (8424) | 【公告】惠普現金股利...
   ✅ (8424) | 【公告】惠普115年...
   ✅ (8424) | 【公告】惠普董事會選...
   ✅ (8424) | 【公告】惠普115年...
💾 (8424) 完成，共存入 5 則新聞
🚀 (5016) 掃描到 5 則新聞，開始儲存...
   ✅ (5016) | 【公告】松和 202...
   ✅ (5016) | 【公告】股東會通過盈...
   ✅ (5016) | 【公告】松和股東常會...
   ✅ (5016) | 【公告】松和115年...
   ✅ (5016) | 【公告】松和董事會推...
💾 (5016) 完成，共存入 5 則新聞
🚀 (1454) 掃描到 5 則新聞，開始儲存...
   ✅ (1454) | 【公告】台富115年...
   ✅ (1454) | 【公告】台富召開線上...
   ✅ (1454) | 【公告】台富 202...
   ✅ (1454) | 【公告】台富 202...
   ✅ (1454) | 【公告】台富 202...
💾 (1454) 完成，共存入 5 則新聞
🚀 (2904) 掃描到 5 則新聞，開始儲存...
   ✅ (2904) | 【公告】匯僑 202...
🚀 (5301) 掃描到 5 則新聞，開始儲存...
   ✅ (2904) | 【公告】匯僑115年...
🚀 (1259) 掃描到 5 則新聞，開始儲存...
   ✅ (5301) | 【公告】寶得利115...
   ✅ (2904) | 【公告】匯僑 202...
   ✅ (5301) | 【公告】寶得利115...
   ✅ (2904) | 【公告】匯僑115年...
   ✅ (5301) | 【公告】寶得利115...
   ✅ (2904) | 【公告】匯僑 202...
💾 (2904) 完成，共存入 5 則新聞
   ✅ (5301) | 【公告】寶得利遷址案...
   ✅ (5301) | 【公告】寶得利115...
💾 (5301) 完成，共存入 5 則新聞
   ✅ (1259) | 【公告】安心 202...
   ✅ (1259) | 摩斯全台近300店 ...
   ✅ (1259) | 【公告】安心董事會決...
   ✅ (1259) | 【公告】安心民國11...
   ✅ (1259) | 【公告】安心股東會選...
💾 (1259) 完成，共存入 5 則新聞
🚀 (4402) 掃描到 5 則新聞，開始儲存...
   ✅ (4402) | 【公告】郡都開發有價...
   ✅ (4402) | 【公告】郡都開發 2...
   ✅ (4402) | 【公告】郡都開發11...
   ✅ (4402) | 【公告】郡都開發 2...
   ✅ (4402) | 【公告】郡都開發董事...
💾 (4402) 完成，共存入 5 則新聞
🚀 (6904) 掃描到 5 則新聞，開始儲存...
   ✅ (6904) | 【公告】伯鑫 202...
   ✅ (6904) | 【公告】伯鑫 202...
   ✅ (6904) | 【公告】伯鑫 202...
   ✅ (6904) | 【公告】伯鑫董事會決...
   ✅ (6904) | 【公告】伯鑫 202...
💾 (6904) 完成，共存入 5 則新聞
🚀 (9912) 掃描到 5 則新聞，開始儲存...
   ✅ (9912) | 【公告】偉聯 202...
   ✅ (9912) | 【公告】偉聯 202...
   ✅ (9912) | 【公告】偉聯115年...
   ✅ (9912) | 【公告】偉聯董事會決...
   ✅ (9912) | 【公告】偉聯115年...
💾 (9912) 完成，共存入 5 則新聞
🚀 (2937) 掃描到 5 則新聞，開始儲存...
   ✅ (2937) | 【公告】集雅社 20...
   ✅ (2937) | 【公告】集雅社 20...
   ✅ (2937) | 【公告】集雅社董事會...
   ✅ (2937) | 【公告】集雅社115...
   ✅ (2937) | 【公告】集雅社 20...
💾 (2937) 完成，共存入 5 則新聞
🚀 (7716) 掃描到 5 則新聞，開始儲存...
   ✅ (7716) | 【公告】昱臺國際 2...
   ✅ (7716) | 【公告】昱臺國際11...
   ✅ (7716) | 【公告】昱臺國際11...
   ✅ (7716) | 【公告】昱臺國際董事...
   ✅ (7716) | 【公告】更正昱臺國際...
💾 (7716) 完成，共存入 5 則新聞
🚀 (2924) 掃描到 5 則新聞，開始儲存...
   ✅ (2924) | 【公告】宏太-KY1...
   ✅ (2924) | 【公告】宏太-KY1...
   ✅ (2924) | 【公告】宏太-KY ...
   ✅ (2924) | 【公告】宏太-KY ...
🚀 (4806) 掃描到 5 則新聞，開始儲存...
   ✅ (2924) | 【公告】宏太-KY1...
💾 (2924) 完成，共存入 5 則新聞
   ✅ (4806) | 【公告】桂田文創 2...
   ✅ (4806) | 【公告】桂田文創策略...
   ✅ (4806) | 【公告】桂田文創法人...
   ✅ (4806) | 【公告】桂田文創辦理...
   ✅ (4806) | 【公告】桂田文創董事...
💾 (4806) 完成，共存入 5 則新聞
🚀 (1418) 掃描到 5 則新聞，開始儲存...
   ✅ (1418) | 【公告】東華 202...
   ✅ (1418) | 【公告】東華 202...
   ✅ (1418) | 【公告】東華115年...
   ✅ (1418) | 【公告】代子公司山河...
   ✅ (1418) | 【公告】東華115年...
💾 (1418) 完成，共存入 5 則新聞
🚀 (2321) 掃描到 5 則新聞，開始儲存...
   ✅ (2321) | 【公告】東訊 202...
   ✅ (2321) | 【公告】東訊115年...
   ✅ (2321) | 【公告】東訊辦理減資...
   ✅ (2321) | 【公告】東訊 202...
   ✅ (2321) | 【公告】東訊董事會通...
💾 (2321) 完成，共存入 5 則新聞
💤 (911622) 無新聞列表
🚀 (2248) 掃描到 5 則新聞，開始儲存...
🚀 (6615) 掃描到 5 則新聞，開始儲存...
   ✅ (2248) | 【公告】華勝-KY董...
   ✅ (6615) | 【公告】慧智 202...
   ✅ (2248) | 【公告】華勝-KY新...
   ✅ (2248) | 【公告】華勝-KY1...
   ✅ (2248) | 【公告】華勝-KY1...
   ✅ (2248) | 【公告】華勝-KY ...
💾 (2248) 完成，共存入 5 則新聞
   ✅ (6615) | 【公告】慧智 202...
   ✅ (6615) | 【公告】慧智 202...
   ✅ (6615) | 【公告】慧智董事會決...
   ✅ (6615) | 【公告】慧智 202...
💾 (6615) 完成，共存入 5 則新聞
🚀 (1813) 掃描到 5 則新聞，開始儲存...
   ✅ (1813) | 【公告】寶利徠法人董...
   ✅ (1813) | 【公告】寶利徠股東常...
   ✅ (1813) | 【公告】寶利徠115...
   ✅ (1813) | 【公告】寶利徠 20...
   ✅ (1813) | 【公告】寶利徠董事會...
💾 (1813) 完成，共存入 5 則新聞
🚀 (5878) 掃描到 5 則新聞，開始儲存...
   ✅ (5878) | 【公告】台名 202...
   ✅ (5878) | 【公告】台名董事長異...
   ✅ (5878) | 【公告】台名法人董事...
   ✅ (5878) | 【公告】台名115年...
   ✅ (5878) | 【公告】台名董事長訂...
💾 (5878) 完成，共存入 5 則新聞
🚀 (8423) 掃描到 5 則新聞，開始儲存...
   ✅ (8423) | 【公告】保綠-KY ...
   ✅ (8423) | 【公告】保綠-KY1...
   ✅ (8423) | 【公告】保綠-KY董...
   ✅ (8423) | 【公告】保綠-KY ...
   ✅ (8423) | 【公告】保綠-KY ...
💾 (8423) 完成，共存入 5 則新聞
💤 (911868) 無新聞列表
🚀 (4305) 掃描到 5 則新聞，開始儲存...
   ✅ (4305) | 【公告】世坤董事會決...
   ✅ (4305) | 【公告】世坤115年...
   ✅ (4305) | 【公告】世坤 202...
   ✅ (4305) | 【公告】世坤115年...
   ✅ (4305) | 【公告】世坤 202...
💾 (4305) 完成，共存入 5 則新聞
🚀 (4609) 掃描到 5 則新聞，開始儲存...
   ✅ (4609) | 【公告】唐鋒115年...
   ✅ (4609) | 【公告】唐鋒董事會重...
   ✅ (4609) | 【公告】唐鋒董事會通...
   ✅ (4609) | 【公告】唐鋒 202...
   ✅ (4609) | 【公告】唐鋒115年...
💾 (4609) 完成，共存入 5 則新聞
🚀 (2035) 掃描到 5 則新聞，開始儲存...
   ✅ (2035) | 【公告】唐榮公司11...
   ✅ (2035) | 【公告】唐榮公司 2...
🚀 (4807) 掃描到 5 則新聞，開始儲存...
   ✅ (2035) | 【公告】唐榮公司召開...
   ✅ (4807) | 【公告】日成-KY ...
   ✅ (4807) | 【公告】日成-KY有...
   ✅ (2035) | 【公告】唐榮公司 2...
   ✅ (4807) | 【公告】日成-KY董...
   ✅ (2035) | 【公告】唐榮公司本(...
💾 (2035) 完成，共存入 5 則新聞
   ✅ (4807) | 【公告】日成-KY董...
   ✅ (4807) | 【公告】(更正)公告...
💾 (4807) 完成，共存入 5 則新聞
🚀 (3067) 掃描到 5 則新聞，開始儲存...
   ✅ (3067) | 【公告】全域 202...
   ✅ (3067) | 【公告】全域董事會通...
   ✅ (3067) | 【公告】全域 202...
   ✅ (3067) | 【公告】全域115年...
   ✅ (3067) | 【公告】全域重要營運...
💾 (3067) 完成，共存入 5 則新聞
🚀 (6997) 掃描到 5 則新聞，開始儲存...
   ✅ (6997) | 【公告】博弘 202...
   ✅ (6997) | 【公告】博弘董事會一...
   ✅ (6997) | 【公告】博弘股東常會...
   ✅ (6997) | 【公告】博弘115年...
   ✅ (6997) | 【公告】博弘代重要子...
💾 (6997) 完成，共存入 5 則新聞

🎉 [稀少股] 全部處理完成！
⏱️ 總耗時: 245.71 秒
[週二 2026/06/16 11:16:02.99] Running cnyes rare... 
d:\StockPulse\stocks_news\cnyes\crawler_rare.py:411: DeprecationWarning: 'asyncio.WindowsSelectorEventLoopPolicy' is deprecated and slated for removal in Python 3.16
  asyncio.set_event_loop_policy(asyncio.WindowsSelectorEventLoopPolicy())
d:\StockPulse\stocks_news\cnyes\crawler_rare.py:411: DeprecationWarning: 'asyncio.set_event_loop_policy' is deprecated and slated for removal in Python 3.16
  asyncio.set_event_loop_policy(asyncio.WindowsSelectorEventLoopPolicy())
[稀少股] Crawler started
Total stocks: 195
Completed: 0
Remaining: 195
Config: concurrency=5, days_filter=30

[START] Processing 195 tasks (max concurrency: 5)...

[START] (4419) Found 17 total news, 1 pages
   [ERROR] (4419) Failed to process news 6474412: invalid input for query argument $5: '' ('str' object cannot be interpreted as an integer)
   [ERROR] (4419) Failed to process news 6474411: invalid input for query argument $5: '' ('str' object cannot be interpreted as an integer)
[DONE] (4419) Saved 11 news items
[START] (4584) Found 18 total news, 1 pages
   [ERROR] (4584) Failed to process news 6476257: invalid input for query argument $5: '' ('str' object cannot be interpreted as an integer)
[DONE] (4584) Saved 13 news items
[START] (1465) Found 10 total news, 1 pages
[DONE] (1465) Saved 7 news items
[START] (8409) Found 5 total news, 1 pages
[DONE] (8409) Saved 2 news items
[START] (2910) Found 7 total news, 1 pages
[DONE] (2910) Saved 3 news items
[START] (3064) Found 19 total news, 1 pages
[DONE] (3064) Saved 11 news items
[START] (1781) Found 10 total news, 1 pages
[DONE] (1781) Saved 5 news items
[START] (4950) Found 25 total news, 1 pages
   [ERROR] (4950) Failed to process news 6474550: invalid input for query argument $5: '' ('str' object cannot be interpreted as an integer)
[DONE] (4950) Saved 6 news items
[START] (4432) Found 18 total news, 1 pages
   [ERROR] (4432) Failed to process news 6477359: invalid input for query argument $5: '' ('str' object cannot be interpreted as an integer)
[DONE] (4432) Saved 9 news items
[START] (7782) Found 2 total news, 1 pages
[START] (2726) Found 19 total news, 1 pages
[DONE] (2726) Saved 7 news items
[START] (8067) Found 11 total news, 1 pages
[START] (1906) Found 13 total news, 1 pages
[DONE] (8067) Saved 7 news items
[DONE] (1906) Saved 8 news items
[START] (1233) Found 8 total news, 1 pages
   [ERROR] (1233) Failed to process news 6479116: invalid input for query argument $5: '' ('str' object cannot be interpreted as an integer)
[DONE] (1233) Saved 3 news items
[START] (4924) Found 22 total news, 1 pages
[DONE] (4924) Saved 14 news items
[START] (4304) Found 11 total news, 1 pages
[DONE] (4304) Saved 6 news items
[START] (2434) Found 23 total news, 1 pages
   [ERROR] (2434) Failed to process news 6473613: invalid input for query argument $5: '' ('str' object cannot be interpreted as an integer)
[DONE] (2434) Saved 14 news items
[START] (5016) Found 17 total news, 1 pages
[DONE] (5016) Saved 11 news items
[START] (8941) Found 7 total news, 1 pages
   [ERROR] (8941) Failed to process news 6489577: invalid input for query argument $5: '' ('str' object cannot be interpreted as an integer)
[DONE] (8941) Saved 3 news items
[START] (6904) Found 6 total news, 1 pages
[DONE] (6904) Saved 1 news items
[START] (4154) Found 18 total news, 1 pages
   [ERROR] (4154) Failed to process news 6474382: invalid input for query argument $5: '' ('str' object cannot be interpreted as an integer)
[DONE] (4154) Saved 4 news items
[START] (1324) Found 7 total news, 1 pages
   [ERROR] (1324) Failed to process news 6495946: invalid input for query argument $5: '' ('str' object cannot be interpreted as an integer)
[DONE] (1324) Saved 1 news items
[START] (3018) Found 14 total news, 1 pages
   [ERROR] (3018) Failed to process news 6464717: invalid input for query argument $5: '' ('str' object cannot be interpreted as an integer)
[DONE] (3018) Saved 2 news items
[START] (5878) Found 14 total news, 1 pages
   [ERROR] (5878) Failed to process news 6479407: invalid input for query argument $5: '' ('str' object cannot be interpreted as an integer)
   [ERROR] (5878) Failed to process news 6479244: invalid input for query argument $5: '' ('str' object cannot be interpreted as an integer)
[DONE] (5878) Saved 6 news items
[START] (1472) Found 23 total news, 1 pages
   [ERROR] (1472) Failed to process news 6497098: invalid input for query argument $5: '' ('str' object cannot be interpreted as an integer)
   [ERROR] (1472) Failed to process news 6496079: invalid input for query argument $5: '' ('str' object cannot be interpreted as an integer)
   [ERROR] (1472) Failed to process news 6479613: invalid input for query argument $5: '' ('str' object cannot be interpreted as an integer)
   [ERROR] (1472) Failed to process news 6479614: invalid input for query argument $5: '' ('str' object cannot be interpreted as an integer)
   [ERROR] (1472) Failed to process news 6473196: invalid input for query argument $5: '' ('str' object cannot be interpreted as an integer)
[DONE] (1472) Saved 14 news items
[START] (3516) Found 28 total news, 2 pages
[START] (5205) Found 23 total news, 1 pages
[DONE] (5205) Saved 16 news items
   Page 2/2: +3 news
[DONE] (3516) Saved 5 news items
[START] (4192) Found 11 total news, 1 pages
[DONE] (4192) Saved 4 news items
[START] (6730) Found 12 total news, 1 pages
[DONE] (6730) Saved 9 news items
[START] (5604) Found 12 total news, 1 pages
   [ERROR] (5604) Failed to process news 6483910: invalid input for query argument $5: '' ('str' object cannot be interpreted as an integer)
[DONE] (5604) Saved 8 news items
[START] (3191) Found 27 total news, 2 pages
[START] (4305) Found 6 total news, 1 pages
[DONE] (4305) Saved 3 news items
[START] (8921) Found 14 total news, 1 pages
   [ERROR] (8921) Failed to process news 6495842: invalid input for query argument $5: '' ('str' object cannot be interpreted as an integer)
   [ERROR] (8921) Failed to process news 6495843: invalid input for query argument $5: '' ('str' object cannot be interpreted as an integer)
   [ERROR] (8921) Failed to process news 6495841: invalid input for query argument $5: '' ('str' object cannot be interpreted as an integer)
[DONE] (8921) Saved 6 news items
   Page 2/2: +2 news
[DONE] (3191) Saved 17 news items
[START] (6542) Found 11 total news, 1 pages
[DONE] (6542) Saved 4 news items
[START] (2924) Found 24 total news, 1 pages
[DONE] (2924) Saved 19 news items
[START] (3115) Found 15 total news, 1 pages
[DONE] (3115) Saved 10 news items
[START] (4806) Found 15 total news, 1 pages
   [ERROR] (4806) Failed to process news 6477076: invalid input for query argument $5: '' ('str' object cannot be interpreted as an integer)
   [ERROR] (4806) Failed to process news 6477075: invalid input for query argument $5: '' ('str' object cannot be interpreted as an integer)
[DONE] (4806) Saved 9 news items
[START] (1413) Found 7 total news, 1 pages
[DONE] (1413) Saved 2 news items
[START] (7716) Found 16 total news, 1 pages
[START] (1341) Found 12 total news, 1 pages
   [ERROR] (7716) Failed to process news 6477284: invalid input for query argument $5: '' ('str' object cannot be interpreted as an integer)
   [ERROR] (7716) Failed to process news 6477281: invalid input for query argument $5: '' ('str' object cannot be interpreted as an integer)
   [ERROR] (7716) Failed to process news 6477280: invalid input for query argument $5: '' ('str' object cannot be interpreted as an integer)
   [ERROR] (7716) Failed to process news 6477278: invalid input for query argument $5: '' ('str' object cannot be interpreted as an integer)
   [ERROR] (7716) Failed to process news 6477277: invalid input for query argument $5: '' ('str' object cannot be interpreted as an integer)
[DONE] (7716) Saved 6 news items
[DONE] (1341) Saved 8 news items
[START] (8342) Found 11 total news, 1 pages
   [ERROR] (8342) Failed to process news 6489562: invalid input for query argument $5: '' ('str' object cannot be interpreted as an integer)
[DONE] (8342) Saved 6 news items
[START] (1468) Found 8 total news, 1 pages
[DONE] (1468) Saved 1 news items
[START] (5455) Found 33 total news, 2 pages
[START] (2948) Found 12 total news, 1 pages
   [ERROR] (2948) Failed to process news 6491359: invalid input for query argument $5: '' ('str' object cannot be interpreted as an integer)
[DONE] (2948) Saved 7 news items
   Page 2/2: +8 news
   [ERROR] (5455) Failed to process news 6495681: invalid input for query argument $5: '' ('str' object cannot be interpreted as an integer)
[DONE] (5455) Saved 11 news items
[START] (1599) Found 14 total news, 1 pages
   [ERROR] (1599) Failed to process news 6463708: invalid input for query argument $5: '' ('str' object cannot be interpreted as an integer)
[DONE] (1599) Saved 7 news items
[START] (4406) Found 10 total news, 1 pages
   [ERROR] (4406) Failed to process news 6475731: invalid input for query argument $5: '' ('str' object cannot be interpreted as an integer)
[DONE] (4406) Saved 2 news items
[START] (2754) Found 17 total news, 1 pages
[DONE] (2754) Saved 5 news items
[START] (3288) Found 24 total news, 1 pages
   [ERROR] (3288) Failed to process news 6488709: invalid input for query argument $5: '' ('str' object cannot be interpreted as an integer)
   [ERROR] (3288) Failed to process news 6488706: invalid input for query argument $5: '' ('str' object cannot be interpreted as an integer)
[DONE] (3288) Saved 16 news items
[START] (3285) Found 19 total news, 1 pages
[DONE] (3285) Saved 14 news items
[START] (6662) Found 11 total news, 1 pages
[DONE] (6662) Saved 2 news items
[START] (8101) Found 16 total news, 1 pages
   [ERROR] (8101) Failed to process news 6463735: invalid input for query argument $5: '' ('str' object cannot be interpreted as an integer)
[DONE] (8101) Saved 6 news items
[START] (1453) Found 9 total news, 1 pages
[DONE] (1453) Saved 6 news items
[START] (2719) Found 8 total news, 1 pages
   [ERROR] (2719) Failed to process news 6473765: invalid input for query argument $5: '' ('str' object cannot be interpreted as an integer)
   [ERROR] (2719) Failed to process news 6473764: invalid input for query argument $5: '' ('str' object cannot be interpreted as an integer)
[DONE] (2719) Saved 3 news items
[START] (8923) Found 5 total news, 1 pages
[START] (9926) Found 5 total news, 1 pages
   [ERROR] (8923) Failed to process news 6494735: invalid input for query argument $5: '' ('str' object cannot be interpreted as an integer)
   [ERROR] (9926) Failed to process news 6493143: invalid input for query argument $5: '' ('str' object cannot be interpreted as an integer)
   [ERROR] (8923) Failed to process news 6476149: invalid input for query argument $5: '' ('str' object cannot be interpreted as an integer)
[START] (911868) Found 4 total news, 1 pages
[DONE] (911868) Saved 4 news items
[START] (6988) Found 1 total news, 1 pages
[DONE] (6988) Saved 1 news items
[START] (6225) Found 23 total news, 1 pages
[DONE] (6225) Saved 7 news items
[START] (1441) Found 27 total news, 2 pages
[START] (6899) Found 16 total news, 1 pages
[DONE] (6899) Saved 8 news items
[START] (5514) Found 15 total news, 1 pages
   [ERROR] (5514) Failed to process news 6466280: invalid input for query argument $5: '' ('str' object cannot be interpreted as an integer)
[DONE] (5514) Saved 6 news items
   Page 2/2: +2 news
   [ERROR] (1441) Failed to process news 6484150: invalid input for query argument $5: '' ('str' object cannot be interpreted as an integer)
[DONE] (1441) Saved 9 news items
[START] (8929) Found 5 total news, 1 pages
[DONE] (8929) Saved 1 news items
[START] (8477) Found 27 total news, 2 pages
[START] (4153) Found 9 total news, 1 pages
   [ERROR] (4153) Failed to process news 6474380: invalid input for query argument $5: '' ('str' object cannot be interpreted as an integer)
[DONE] (4153) Saved 4 news items
[START] (4905) Found 25 total news, 1 pages
   [ERROR] (4905) Failed to process news 6497525: invalid input for query argument $5: '' ('str' object cannot be interpreted as an integer)
   [ERROR] (4905) Failed to process news 6477080: invalid input for query argument $5: '' ('str' object cannot be interpreted as an integer)
   [ERROR] (4905) Failed to process news 6477077: invalid input for query argument $5: '' ('str' object cannot be interpreted as an integer)
[DONE] (4905) Saved 16 news items
[START] (2911) Found 62 total news, 3 pages
   Page 2/2: +2 news
   [ERROR] (8477) Failed to process news 6494726: invalid input for query argument $5: '' ('str' object cannot be interpreted as an integer)
   [ERROR] (8477) Failed to process news 6486132: invalid input for query argument $5: '' ('str' object cannot be interpreted as an integer)
   [ERROR] (8477) Failed to process news 6475583: invalid input for query argument $5: '' ('str' object cannot be interpreted as an integer)
   [ERROR] (8477) Failed to process news 6476079: invalid input for query argument $5: '' ('str' object cannot be interpreted as an integer)
   [ERROR] (8477) Failed to process news 6476144: invalid input for query argument $5: '' ('str' object cannot be interpreted as an integer)
   [ERROR] (8477) Failed to process news 6475582: invalid input for query argument $5: '' ('str' object cannot be interpreted as an integer)
[DONE] (8477) Saved 14 news items
[START] (8354) Found 22 total news, 1 pages
   [ERROR] (8354) Failed to process news 6484096: invalid input for query argument $5: '' ('str' object cannot be interpreted as an integer)
   [ERROR] (8354) Failed to process news 6475745: invalid input for query argument $5: '' ('str' object cannot be interpreted as an integer)
[DONE] (8354) Saved 5 news items
   Page 2/3: +25 news
[START] (3593) Found 16 total news, 1 pages
[DONE] (3593) Saved 2 news items
[START] (6144) Found 12 total news, 1 pages
[DONE] (6144) Saved 8 news items
   Page 3/3: +12 news
   [ERROR] (2911) Failed to process news 6486472: invalid input for query argument $5: '' ('str' object cannot be interpreted as an integer)
   [ERROR] (2911) Failed to process news 6462393: invalid input for query argument $5: '' ('str' object cannot be interpreted as an integer)
[DONE] (2911) Saved 37 news items
[START] (6240) Found 10 total news, 1 pages
   [ERROR] (6240) Failed to process news 6475737: invalid input for query argument $5: '' ('str' object cannot be interpreted as an integer)
[DONE] (6240) Saved 5 news items
[START] (6616) Found 9 total news, 1 pages
   [ERROR] (6616) Failed to process news 6494387: invalid input for query argument $5: '' ('str' object cannot be interpreted as an integer)
[DONE] (6616) Saved 3 news items
[START] (6556) Found 4 total news, 1 pages
[DONE] (6556) Saved 1 news items
[START] (5345) Found 30 total news, 2 pages
[START] (6856) Found 11 total news, 1 pages
   [ERROR] (6856) Failed to process news 6475238: invalid input for query argument $5: '' ('str' object cannot be interpreted as an integer)
   [ERROR] (6856) Failed to process news 6475237: invalid input for query argument $5: '' ('str' object cannot be interpreted as an integer)
[DONE] (6856) Saved 4 news items
[START] (9110) Found 22 total news, 1 pages
[DONE] (9110) Saved 9 news items
   Page 2/2: +5 news
[DONE] (5345) Saved 22 news items
[START] (2073) Found 17 total news, 1 pages
[DONE] (2073) Saved 12 news items
[START] (911622) Found 8 total news, 1 pages
[DONE] (911622) Saved 7 news items
[START] (6997) Found 17 total news, 1 pages
[START] (6474) Found 22 total news, 1 pages
   [ERROR] (6474) Failed to process news 6474976: invalid input for query argument $5: '' ('str' object cannot be interpreted as an integer)
   [ERROR] (6997) Failed to process news 6475321: invalid input for query argument $5: '' ('str' object cannot be interpreted as an integer)
   [ERROR] (6474) Failed to process news 6474974: invalid input for query argument $5: '' ('str' object cannot be interpreted as an integer)
[DONE] (6997) Saved 10 news items
   [ERROR] (6474) Failed to process news 6474970: invalid input for query argument $5: '' ('str' object cannot be interpreted as an integer)
   [ERROR] (6474) Failed to process news 6474968: invalid input for query argument $5: '' ('str' object cannot be interpreted as an integer)
[DONE] (6474) Saved 10 news items
[START] (2380) Found 22 total news, 1 pages
[START] (6958) Found 22 total news, 1 pages
   [ERROR] (6958) Failed to process news 6475289: invalid input for query argument $5: '' ('str' object cannot be interpreted as an integer)
   [ERROR] (6958) Failed to process news 6475290: invalid input for query argument $5: '' ('str' object cannot be interpreted as an integer)
   [ERROR] (6958) Failed to process news 6475286: invalid input for query argument $5: '' ('str' object cannot be interpreted as an integer)
   [ERROR] (6958) Failed to process news 6475285: invalid input for query argument $5: '' ('str' object cannot be interpreted as an integer)
   [ERROR] (6958) Failed to process news 6475288: invalid input for query argument $5: '' ('str' object cannot be interpreted as an integer)
[DONE] (2380) Saved 7 news items
[DONE] (6958) Saved 7 news items
[START] (3523) Found 21 total news, 1 pages
[DONE] (3523) Saved 11 news items
[START] (6929) Found 7 total news, 1 pages
   [ERROR] (6929) Failed to process news 6494647: invalid input for query argument $5: '' ('str' object cannot be interpreted as an integer)
   [ERROR] (6929) Failed to process news 6475273: invalid input for query argument $5: '' ('str' object cannot be interpreted as an integer)
[DONE] (6929) Saved 2 news items
[START] (3232) Found 12 total news, 1 pages
[DONE] (3232) Saved 9 news items
[START] (4807) Found 65 total news, 3 pages
[START] (7732) Found 6 total news, 1 pages
   [ERROR] (7732) Failed to process news 6475376: invalid input for query argument $5: '' ('str' object cannot be interpreted as an integer)
[DONE] (7732) Saved 1 news items
[START] (2722) Found 8 total news, 1 pages
   [ERROR] (2722) Failed to process news 6497839: invalid input for query argument $5: '' ('str' object cannot be interpreted as an integer)
   [ERROR] (2722) Failed to process news 6492598: invalid input for query argument $5: '' ('str' object cannot be interpreted as an integer)
[DONE] (2722) Saved 3 news items
   Page 2/3: +25 news
   Page 3/3: +15 news
   [ERROR] (4807) Failed to process news 6474519: invalid input for query argument $5: '' ('str' object cannot be interpreted as an integer)
   [ERROR] (4807) Failed to process news 6474516: invalid input for query argument $5: '' ('str' object cannot be interpreted as an integer)
   [ERROR] (4807) Failed to process news 6474513: invalid input for query argument $5: '' ('str' object cannot be interpreted as an integer)
   [ERROR] (4807) Failed to process news 6474512: invalid input for query argument $5: '' ('str' object cannot be interpreted as an integer)
   [ERROR] (4807) Failed to process news 6474511: invalid input for query argument $5: '' ('str' object cannot be interpreted as an integer)
   [ERROR] (4807) Failed to process news 6474507: invalid input for query argument $5: '' ('str' object cannot be interpreted as an integer)
[DONE] (4807) Saved 40 news items
[START] (2035) Found 8 total news, 1 pages
[DONE] (2035) Saved 2 news items
[START] (1418) Found 10 total news, 1 pages
[DONE] (1418) Saved 4 news items
[START] (910861) Found 3 total news, 1 pages
   [ERROR] (910861) Failed to process news 6475602: invalid input for query argument $5: '' ('str' object cannot be interpreted as an integer)
[DONE] (910861) Saved 1 news items
[START] (1454) Found 16 total news, 1 pages
[DONE] (1454) Saved 4 news items
[START] (6527) Found 7 total news, 1 pages
   [ERROR] (6527) Failed to process news 6475008: invalid input for query argument $5: '' ('str' object cannot be interpreted as an integer)
[DONE] (6527) Saved 1 news items
[START] (6615) Found 6 total news, 1 pages
[DONE] (6615) Saved 3 news items
[START] (8488) Found 10 total news, 1 pages
[DONE] (8488) Saved 5 news items
[START] (8455) Found 19 total news, 1 pages
   [ERROR] (8455) Failed to process news 6497320: invalid input for query argument $5: '' ('str' object cannot be interpreted as an integer)
[DONE] (8455) Saved 9 news items
[START] (6171) Found 32 total news, 2 pages
   Page 2/2: +7 news
[DONE] (6171) Saved 19 news items
[START] (2939) Found 9 total news, 1 pages
   [ERROR] (2939) Failed to process news 6495965: invalid input for query argument $5: '' ('str' object cannot be interpreted as an integer)
[DONE] (2939) Saved 4 news items
[START] (4535) Found 11 total news, 1 pages
   [ERROR] (4535) Failed to process news 6474440: invalid input for query argument $5: '' ('str' object cannot be interpreted as an integer)
   [ERROR] (4535) Failed to process news 6474438: invalid input for query argument $5: '' ('str' object cannot be interpreted as an integer)
   [ERROR] (4535) Failed to process news 6474436: invalid input for query argument $5: '' ('str' object cannot be interpreted as an integer)
   [ERROR] (4535) Failed to process news 6474434: invalid input for query argument $5: '' ('str' object cannot be interpreted as an integer)
[DONE] (4535) Saved 5 news items
[START] (6212) Found 5 total news, 1 pages
[DONE] (6212) Saved 2 news items
[START] (8066) Found 16 total news, 1 pages
   [ERROR] (8066) Failed to process news 6483822: invalid input for query argument $5: '' ('str' object cannot be interpreted as an integer)
[DONE] (8066) Saved 10 news items
[START] (6506) Found 8 total news, 1 pages
[DONE] (6506) Saved 2 news items
[START] (2221) Found 30 total news, 2 pages
[START] (8093) Found 16 total news, 1 pages
[DONE] (8093) Saved 2 news items
[START] (3531) Found 8 total news, 1 pages
   [ERROR] (3531) Failed to process news 6474190: invalid input for query argument $5: '' ('str' object cannot be interpreted as an integer)
[DONE] (3531) Saved 4 news items
   Page 2/2: +5 news
[DONE] (2221) Saved 13 news items
[START] (3067) Found 7 total news, 1 pages
[DONE] (3067) Saved 1 news items
[START] (8443) Found 9 total news, 1 pages
   [ERROR] (8443) Failed to process news 6494716: invalid input for query argument $5: '' ('str' object cannot be interpreted as an integer)
[DONE] (8443) Saved 3 news items
[START] (8077) Found 11 total news, 1 pages
[DONE] (8077) Saved 7 news items
[START] (1626) Found 18 total news, 1 pages
[DONE] (1626) Saved 6 news items
[START] (8917) Found 8 total news, 1 pages
[DONE] (8917) Saved 4 news items
[START] (1259) Found 13 total news, 1 pages
[DONE] (1259) Saved 8 news items
[START] (3672) Found 20 total news, 1 pages
[DONE] (3672) Saved 4 news items
[START] (9944) Found 13 total news, 1 pages
   [ERROR] (9944) Failed to process news 6497556: invalid input for query argument $5: '' ('str' object cannot be interpreted as an integer)
[DONE] (9944) Saved 7 news items
[START] (2901) Found 5 total news, 1 pages
[DONE] (2901) Saved 2 news items
[START] (6496) Found 9 total news, 1 pages
[DONE] (6496) Saved 3 news items
[START] (910322) Found 1 total news, 1 pages
[DONE] (910322) Saved 1 news items
[START] (2724) Found 37 total news, 2 pages
[START] (3252) Found 9 total news, 1 pages
[DONE] (3252) Saved 1 news items
[START] (5906) Found 11 total news, 1 pages
[DONE] (5906) Saved 3 news items
   Page 2/2: +12 news
   [ERROR] (2724) Failed to process news 6484080: invalid input for query argument $5: '' ('str' object cannot be interpreted as an integer)
[DONE] (2724) Saved 14 news items
[START] (2947) Found 14 total news, 1 pages
   [ERROR] (2947) Failed to process news 6473901: invalid input for query argument $5: '' ('str' object cannot be interpreted as an integer)
   [ERROR] (2947) Failed to process news 6473899: invalid input for query argument $5: '' ('str' object cannot be interpreted as an integer)
   [ERROR] (2947) Failed to process news 6473898: invalid input for query argument $5: '' ('str' object cannot be interpreted as an integer)
   [ERROR] (2947) Failed to process news 6473896: invalid input for query argument $5: '' ('str' object cannot be interpreted as an integer)
   [ERROR] (2947) Failed to process news 6473895: invalid input for query argument $5: '' ('str' object cannot be interpreted as an integer)
[DONE] (2947) Saved 5 news items
[START] (2941) Found 5 total news, 1 pages
[DONE] (2941) Saved 1 news items
[START] (6242) Found 22 total news, 1 pages
[DONE] (6242) Saved 18 news items
[START] (4706) Found 12 total news, 1 pages
[DONE] (4706) Saved 7 news items
[START] (1443) Found 10 total news, 1 pages
[DONE] (1443) Saved 5 news items
[START] (5276) Found 23 total news, 1 pages
[DONE] (5276) Saved 10 news items
[START] (5301) Found 33 total news, 2 pages
[START] (6512) Found 5 total news, 1 pages
[DONE] (6512) Saved 2 news items
   Page 2/2: +8 news
   [ERROR] (5301) Failed to process news 6500108: invalid input for query argument $5: '' ('str' object cannot be interpreted as an integer)
   [ERROR] (5301) Failed to process news 6500112: invalid input for query argument $5: '' ('str' object cannot be interpreted as an integer)
   [ERROR] (5301) Failed to process news 6500111: invalid input for query argument $5: '' ('str' object cannot be interpreted as an integer)
   [ERROR] (5301) Failed to process news 6493068: invalid input for query argument $5: '' ('str' object cannot be interpreted as an integer)
   [ERROR] (5301) Failed to process news 6474636: invalid input for query argument $5: '' ('str' object cannot be interpreted as an integer)
[DONE] (5301) Saved 14 news items
[START] (5601) Found 11 total news, 1 pages
[DONE] (5601) Saved 8 news items
[START] (4198) Found 18 total news, 1 pages
   [ERROR] (4198) Failed to process news 6462397: invalid input for query argument $5: '' ('str' object cannot be interpreted as an integer)
[DONE] (4198) Saved 8 news items
[START] (2432) Found 9 total news, 1 pages
[DONE] (2432) Saved 3 news items
[START] (6661) Found 6 total news, 1 pages
   [ERROR] (6661) Failed to process news 6475086: invalid input for query argument $5: '' ('str' object cannot be interpreted as an integer)
[DONE] (6661) Saved 1 news items
[START] (4175) Found 16 total news, 1 pages
   [ERROR] (4175) Failed to process news 6493697: invalid input for query argument $5: '' ('str' object cannot be interpreted as an integer)
   [ERROR] (4175) Failed to process news 6476397: invalid input for query argument $5: '' ('str' object cannot be interpreted as an integer)
   [ERROR] (4175) Failed to process news 6476396: invalid input for query argument $5: '' ('str' object cannot be interpreted as an integer)
   [ERROR] (4175) Failed to process news 6476399: invalid input for query argument $5: '' ('str' object cannot be interpreted as an integer)
[DONE] (4175) Saved 7 news items
[SKIP] (2926) No __NEXT_DATA__ found
[START] (4804) Found 17 total news, 1 pages
   [ERROR] (4804) Failed to process news 6500107: invalid input for query argument $5: '' ('str' object cannot be interpreted as an integer)
   [ERROR] (4804) Failed to process news 6474506: invalid input for query argument $5: '' ('str' object cannot be interpreted as an integer)
[DONE] (4804) Saved 4 news items
[START] (1813) Found 14 total news, 1 pages
[START] (3095) Found 24 total news, 1 pages
   [ERROR] (1813) Failed to process news 6491571: invalid input for query argument $5: '' ('str' object cannot be interpreted as an integer)
   [ERROR] (1813) Failed to process news 6473352: invalid input for query argument $5: '' ('str' object cannot be interpreted as an integer)
[DONE] (1813) Saved 8 news items
   [ERROR] (3095) Failed to process news 6463526: invalid input for query argument $5: '' ('str' object cannot be interpreted as an integer)
[DONE] (3095) Saved 12 news items
[START] (5013) Found 17 total news, 1 pages
[START] (6887) Found 8 total news, 1 pages
   [ERROR] (5013) Failed to process news 6474589: invalid input for query argument $5: '' ('str' object cannot be interpreted as an integer)
   [ERROR] (5013) Failed to process news 6474588: invalid input for query argument $5: '' ('str' object cannot be interpreted as an integer)
[DONE] (6887) Saved 6 news items
[DONE] (5013) Saved 7 news items
[START] (4943) Found 13 total news, 1 pages
   [ERROR] (4943) Failed to process news 6494321: invalid input for query argument $5: '' ('str' object cannot be interpreted as an integer)
[DONE] (4943) Saved 4 news items
[START] (9929) Found 17 total news, 1 pages
   [ERROR] (9929) Failed to process news 6494755: invalid input for query argument $5: '' ('str' object cannot be interpreted as an integer)
   [ERROR] (9929) Failed to process news 6475613: invalid input for query argument $5: '' ('str' object cannot be interpreted as an integer)
   [ERROR] (9929) Failed to process news 6475612: invalid input for query argument $5: '' ('str' object cannot be interpreted as an integer)
   [ERROR] (9929) Failed to process news 6475611: invalid input for query argument $5: '' ('str' object cannot be interpreted as an integer)
[DONE] (9929) Saved 8 news items
[SKIP] (3426) No __NEXT_DATA__ found
[START] (6721) Found 15 total news, 1 pages
[DONE] (6721) Saved 12 news items
[START] (4183) Found 19 total news, 1 pages
   [ERROR] (4183) Failed to process news 6474399: invalid input for query argument $5: '' ('str' object cannot be interpreted as an integer)
   [ERROR] (4183) Failed to process news 6474396: invalid input for query argument $5: '' ('str' object cannot be interpreted as an integer)
[DONE] (4183) Saved 7 news items
[SKIP] (6872) No __NEXT_DATA__ found
[START] (2904) Found 9 total news, 1 pages
   [ERROR] (2904) Failed to process news 6491355: invalid input for query argument $5: '' ('str' object cannot be interpreted as an integer)
[DONE] (2904) Saved 2 news items
[START] (7743) Found 5 total news, 1 pages
[DONE] (7743) Saved 1 news items
[START] (6210) Found 9 total news, 1 pages
[DONE] (6210) Saved 2 news items
[START] (4430) Found 5 total news, 1 pages
[DONE] (4430) Saved 2 news items
[START] (911608) Found 16 total news, 1 pages
[DONE] (911608) Saved 15 news items
[START] (4529) Found 48 total news, 2 pages
[SKIP] (1203) No __NEXT_DATA__ found
[START] (8424) Found 13 total news, 1 pages
   [ERROR] (8424) Failed to process news 6489569: invalid input for query argument $5: '' ('str' object cannot be interpreted as an integer)
   [ERROR] (8424) Failed to process news 6475544: invalid input for query argument $5: '' ('str' object cannot be interpreted as an integer)
[DONE] (8424) Saved 7 news items
   Page 2/2: +23 news
   [ERROR] (4529) Failed to process news 6497176: invalid input for query argument $5: '' ('str' object cannot be interpreted as an integer)
   [ERROR] (4529) Failed to process news 6474431: invalid input for query argument $5: '' ('str' object cannot be interpreted as an integer)
   [ERROR] (4529) Failed to process news 6475945: invalid input for query argument $5: '' ('str' object cannot be interpreted as an integer)
[DONE] (4529) Saved 24 news items
[START] (2235) Found 3 total news, 1 pages
[DONE] (2235) Saved 1 news items
[START] (6807) Found 6 total news, 1 pages
[DONE] (6807) Saved 1 news items
[START] (4413) Found 13 total news, 1 pages
[DONE] (4413) Saved 6 news items
[START] (4139) Found 11 total news, 1 pages
[DONE] (4139) Saved 5 news items
[START] (4148) Found 6 total news, 1 pages
[DONE] (4148) Saved 2 news items
[START] (4609) Found 8 total news, 1 pages
[DONE] (4609) Saved 2 news items
[START] (1475) Found 7 total news, 1 pages
[START] (5348) Found 4 total news, 1 pages
[DONE] (1475) Saved 1 news items
[DONE] (5348) Saved 1 news items
[START] (5520) Found 4 total news, 1 pages
   [ERROR] (5520) Failed to process news 6489000: invalid input for query argument $5: '' ('str' object cannot be interpreted as an integer)
   [ERROR] (5520) Failed to process news 6474687: invalid input for query argument $5: '' ('str' object cannot be interpreted as an integer)
[START] (2321) Found 9 total news, 1 pages
[DONE] (2321) Saved 3 news items
[START] (6236) Found 7 total news, 1 pages
[DONE] (6236) Saved 3 news items
[START] (1538) Found 18 total news, 1 pages
   [ERROR] (1538) Failed to process news 6480985: invalid input for query argument $5: '' ('str' object cannot be interpreted as an integer)
[DONE] (1538) Saved 6 news items
[START] (2949) Found 13 total news, 1 pages
[DONE] (2949) Saved 2 news items
[START] (6844) Found 8 total news, 1 pages
   [ERROR] (6844) Failed to process news 6475234: invalid input for query argument $5: '' ('str' object cannot be interpreted as an integer)
[DONE] (6844) Saved 4 news items
[START] (6581) Found 8 total news, 1 pages
[DONE] (6581) Saved 4 news items
[START] (2751) Found 11 total news, 1 pages
[START] (8423) Found 4 total news, 1 pages
[DONE] (8423) Saved 2 news items
[DONE] (2751) Saved 4 news items
[START] (6574) Found 11 total news, 1 pages
[DONE] (6574) Saved 2 news items
[SKIP] (9912) No __NEXT_DATA__ found
[START] (1435) Found 27 total news, 2 pages
[START] (1213) Found 19 total news, 1 pages
[START] (6264) Found 24 total news, 1 pages
[DONE] (1213) Saved 8 news items
[DONE] (6264) Saved 8 news items
[START] (2248) Found 16 total news, 1 pages
   [ERROR] (2248) Failed to process news 6498073: invalid input for query argument $5: '' ('str' object cannot be interpreted as an integer)
   [ERROR] (2248) Failed to process news 6498071: invalid input for query argument $5: '' ('str' object cannot be interpreted as an integer)
   [ERROR] (2248) Failed to process news 6498067: invalid input for query argument $5: '' ('str' object cannot be interpreted as an integer)
   [ERROR] (2248) Failed to process news 6494068: invalid input for query argument $5: '' ('str' object cannot be interpreted as an integer)
   [ERROR] (2248) Failed to process news 6473446: invalid input for query argument $5: '' ('str' object cannot be interpreted as an integer)
[DONE] (2248) Saved 4 news items
   Page 2/2: +2 news
   [ERROR] (1435) Failed to process news 6497680: invalid input for query argument $5: '' ('str' object cannot be interpreted as an integer)
[DONE] (1435) Saved 15 news items
[START] (6767) Found 14 total news, 1 pages
[DONE] (6767) Saved 8 news items
[START] (4767) Found 5 total news, 1 pages
[DONE] (4767) Saved 1 news items
[START] (6222) Found 12 total news, 1 pages
[DONE] (6222) Saved 9 news items
[SKIP] (4972) No __NEXT_DATA__ found
[START] (3629) Found 19 total news, 1 pages
[DONE] (3629) Saved 5 news items
[START] (1423) Found 7 total news, 1 pages
[DONE] (1423) Saved 4 news items
[START] (4402) Found 20 total news, 1 pages
   [ERROR] (4402) Failed to process news 6474402: invalid input for query argument $5: '' ('str' object cannot be interpreted as an integer)
[DONE] (4402) Saved 10 news items
[SKIP] (2887Z1) No __NEXT_DATA__ found
[START] (2740) Found 33 total news, 2 pages
[START] (2024) Found 5 total news, 1 pages
   [ERROR] (2024) Failed to process news 6473386: invalid input for query argument $5: '' ('str' object cannot be interpreted as an integer)
[DONE] (2024) Saved 1 news items
   Page 2/2: +8 news
[DONE] (2740) Saved 19 news items
[START] (6645) Found 17 total news, 1 pages
   [ERROR] (6645) Failed to process news 6475705: invalid input for query argument $5: '' ('str' object cannot be interpreted as an integer)
   [ERROR] (6645) Failed to process news 6475708: invalid input for query argument $5: '' ('str' object cannot be interpreted as an integer)
   [ERROR] (6645) Failed to process news 6468196: invalid input for query argument $5: '' ('str' object cannot be interpreted as an integer)
   [ERROR] (6645) Failed to process news 6468195: invalid input for query argument $5: '' ('str' object cannot be interpreted as an integer)
   [ERROR] (6645) Failed to process news 6468194: invalid input for query argument $5: '' ('str' object cannot be interpreted as an integer)
   [ERROR] (6645) Failed to process news 6468193: invalid input for query argument $5: '' ('str' object cannot be interpreted as an integer)
   [ERROR] (6645) Failed to process news 6468191: invalid input for query argument $5: '' ('str' object cannot be interpreted as an integer)
   [ERROR] (6645) Failed to process news 6468190: invalid input for query argument $5: '' ('str' object cannot be interpreted as an integer)
[DONE] (6645) Saved 4 news items
[START] (6103) Found 5 total news, 1 pages
[DONE] (6103) Saved 1 news items
[START] (3632) Found 11 total news, 1 pages
   [ERROR] (3632) Failed to process news 6494269: invalid input for query argument $5: '' ('str' object cannot be interpreted as an integer)
[DONE] (3632) Saved 3 news items
[START] (1470) Found 9 total news, 1 pages
[DONE] (1470) Saved 2 news items
[START] (2937) Found 7 total news, 1 pages
[DONE] (2937) Saved 2 news items
[START] (6228) Found 23 total news, 1 pages
   [ERROR] (6228) Failed to process news 6491443: invalid input for query argument $5: '' ('str' object cannot be interpreted as an integer)
   [ERROR] (6228) Failed to process news 6491442: invalid input for query argument $5: '' ('str' object cannot be interpreted as an integer)
   [ERROR] (6228) Failed to process news 6476422: invalid input for query argument $5: '' ('str' object cannot be interpreted as an integer)
   [ERROR] (6228) Failed to process news 6476420: invalid input for query argument $5: '' ('str' object cannot be interpreted as an integer)
   [ERROR] (6228) Failed to process news 6476419: invalid input for query argument $5: '' ('str' object cannot be interpreted as an integer)
   [ERROR] (6228) Failed to process news 6476417: invalid input for query argument $5: '' ('str' object cannot be interpreted as an integer)
[DONE] (6228) Saved 7 news items
[START] (5703) Found 10 total news, 1 pages
[START] (5701) Found 40 total news, 2 pages
[DONE] (5703) Saved 1 news items
[START] (6020) Found 23 total news, 1 pages
   [ERROR] (6020) Failed to process news 6484091: invalid input for query argument $5: '' ('str' object cannot be interpreted as an integer)
   [ERROR] (6020) Failed to process news 6474733: invalid input for query argument $5: '' ('str' object cannot be interpreted as an integer)
   [ERROR] (6020) Failed to process news 6474732: invalid input for query argument $5: '' ('str' object cannot be interpreted as an integer)
   [ERROR] (6020) Failed to process news 6474729: invalid input for query argument $5: '' ('str' object cannot be interpreted as an integer)
   [ERROR] (6020) Failed to process news 6474728: invalid input for query argument $5: '' ('str' object cannot be interpreted as an integer)
[DONE] (6020) Saved 10 news items
[START] (3465) Found 27 total news, 2 pages
   Page 2/2: +15 news
   [ERROR] (5701) Failed to process news 6490902: invalid input for query argument $5: '' ('str' object cannot be interpreted as an integer)
   [ERROR] (5701) Failed to process news 6490967: invalid input for query argument $5: '' ('str' object cannot be interpreted as an integer)
[DONE] (5701) Saved 25 news items
   Page 2/2: +2 news
[DONE] (3465) Saved 17 news items
[START] (7753) Found 6 total news, 1 pages
[DONE] (7753) Saved 5 news items

[DONE] [稀少股] All processing complete!
[TIME] Total: 189.69 seconds
[週二 2026/06/16 11:19:15.05] Daily crawlers done. 
[週二 2026/06/16 11:19:15.06] Fetching content... 
[週二 2026/06/16 11:19:15.07] Running nstock fetch_content... 
d:\StockPulse\stocks_news\nstock\fetch_content.py:222: DeprecationWarning: 'asyncio.WindowsSelectorEventLoopPolicy' is deprecated and slated for removal in Python 3.16
  asyncio.set_event_loop_policy(asyncio.WindowsSelectorEventLoopPolicy())
d:\StockPulse\stocks_news\nstock\fetch_content.py:222: DeprecationWarning: 'asyncio.set_event_loop_policy' is deprecated and slated for removal in Python 3.16
  asyncio.set_event_loop_policy(asyncio.WindowsSelectorEventLoopPolicy())
'h_content.py' is not recognized as an internal or external command,
operable program or batch file.
[週二 2026/06/16 11:21:46.57] Running yahoo fetch_content... 
d:\StockPulse\stocks_news\yahoo\fetch_content.py:266: DeprecationWarning: 'asyncio.WindowsSelectorEventLoopPolicy' is deprecated and slated for removal in Python 3.16
  asyncio.set_event_loop_policy(asyncio.WindowsSelectorEventLoopPolicy())
d:\StockPulse\stocks_news\yahoo\fetch_content.py:266: DeprecationWarning: 'asyncio.set_event_loop_policy' is deprecated and slated for removal in Python 3.16
  asyncio.set_event_loop_policy(asyncio.WindowsSelectorEventLoopPolicy())
[START] Fetching news content...
Found 1213 news items without content
\n[START] Processing 1213 tasks (max concurrency: 5)...\n
[OK] (6997) Updated content (3777 chars)
[OK] (6997) Updated content (5775 chars)
[OK] (6997) Updated content (4224 chars)
[OK] (6997) Updated content (3209 chars)
[OK] (6997) Updated content (4688 chars)
[DELETE] (3067|rare) Too old: 56 days (limit: 30)
[DELETE] (3067|rare) Too old: 41 days (limit: 30)
[DELETE] (3067|rare) Too old: 33 days (limit: 30)
[DELETE] (3067|rare) Too old: 36 days (limit: 30)
[OK] (3067) Updated content (3144 chars)
[OK] (4807) Updated content (7698 chars)
[OK] (4807) Updated content (5013 chars)
[DELETE] (2035|rare) Too old: 50 days (limit: 30)
[OK] (4807) Updated content (3777 chars)
[OK] (4807) Updated content (4670 chars)
[DELETE] (2035|rare) Too old: 40 days (limit: 30)
[週二 2026/06/16 11:22:05.46] Running cnyes fetch_content... 
d:\StockPulse\stocks_news\cnyes\fetch_content.py:200: DeprecationWarning: 'asyncio.WindowsSelectorEventLoopPolicy' is deprecated and slated for removal in Python 3.16
  asyncio.set_event_loop_policy(asyncio.WindowsSelectorEventLoopPolicy())
d:\StockPulse\stocks_news\cnyes\fetch_content.py:200: DeprecationWarning: 'asyncio.set_event_loop_policy' is deprecated and slated for removal in Python 3.16
  asyncio.set_event_loop_policy(asyncio.WindowsSelectorEventLoopPolicy())
[START] Fetching news content...
Found 1513 news items without content

[START] Processing 1513 tasks (max concurrency: 10)...

[OK] (7753) Updated content (376 chars)
[OK] (3465) Updated content (374 chars)
[OK] (3465) Updated content (374 chars)
[OK] (7753) Updated content (632 chars)
[OK] (7753) Updated content (372 chars)
[OK] (3465) Updated content (1044 chars)
[OK] (3465) Updated content (396 chars)
[OK] (7753) Updated content (354 chars)
[OK] (7753) Updated content (355 chars)
[OK] (3465) Updated content (380 chars)
[OK] (3465) Updated content (231 chars)
[OK] (3465) Updated content (1089 chars)
[OK] (3465) Updated content (385 chars)
[OK] (3465) Updated content (379 chars)
[OK] (3465) Updated content (425 chars)
[OK] (3465) Updated content (387 chars)
[OK] (3465) Updated content (378 chars)
[OK] (3465) Updated content (399 chars)
[OK] (3465) Updated content (692 chars)
[OK] (5701) Updated content (309 chars)
[OK] (3465) Updated content (347 chars)
[OK] (5701) Updated content (392 chars)
[OK] (5701) Updated content (323 chars)
[OK] (3465) Updated content (377 chars)
[OK] (5701) Updated content (364 chars)
[OK] (5701) Updated content (327 chars)
[OK] (5701) Updated content (328 chars)
[OK] (3465) Updated content (674 chars)
[OK] (5701) Updated content (331 chars)
[OK] (5701) Updated content (332 chars)
[OK] (5701) Updated content (728 chars)
[OK] (5701) Updated content (333 chars)
[OK] (5701) Updated content (337 chars)
[OK] (5701) Updated content (317 chars)
[OK] (5701) Updated content (682 chars)
[OK] (5701) Updated content (397 chars)
[OK] (5701) Updated content (1721 chars)
[OK] (5701) Updated content (1181 chars)
[OK] (5701) Updated content (320 chars)
[OK] (5701) Updated content (662 chars)
[OK] (5701) Updated content (319 chars)
[OK] (5701) Updated content (330 chars)
[OK] (5701) Updated content (309 chars)
[OK] (5701) Updated content (334 chars)
[OK] (5701) Updated content (618 chars)
[OK] (5701) Updated content (332 chars)
[OK] (5701) Updated content (338 chars)
[OK] (6020) Updated content (525 chars)
[OK] (6020) Updated content (562 chars)
[OK] (6020) Updated content (382 chars)
[OK] (6020) Updated content (356 chars)
[OK] (6020) Updated content (386 chars)
[OK] (6020) Updated content (292 chars)
[OK] (6020) Updated content (268 chars)
[OK] (6020) Updated content (385 chars)
[OK] (6020) Updated content (363 chars)
[OK] (6228) Updated content (368 chars)
[OK] (6228) Updated content (376 chars)
[OK] (6020) Updated content (195 chars)
[OK] (5703) Updated content (196 chars)
[OK] (6228) Updated content (683 chars)
[OK] (6228) Updated content (215 chars)
[OK] (6228) Updated content (693 chars)
[OK] (6228) Updated content (854 chars)
[OK] (2937) Updated content (289 chars)
[OK] (6228) Updated content (492 chars)
[OK] (3632) Updated content (377 chars)
[OK] (1470) Updated content (347 chars)
[OK] (1470) Updated content (217 chars)
[OK] (6103) Updated content (215 chars)
[OK] (3632) Updated content (773 chars)
[OK] (6645) Updated content (218 chars)
[OK] (6645) Updated content (597 chars)
[OK] (6645) Updated content (554 chars)
[OK] (6645) Updated content (1541 chars)
[OK] (2740) Updated content (361 chars)
[OK] (2740) Updated content (380 chars)
[OK] (2740) Updated content (361 chars)
[OK] (3632) Updated content (417 chars)
[OK] (2937) Updated content (216 chars)
[OK] (2740) Updated content (379 chars)
[OK] (2740) Updated content (381 chars)
[OK] (2740) Updated content (361 chars)
[OK] (2740) Updated content (450 chars)
[OK] (2740) Updated content (386 chars)
[OK] (2740) Updated content (386 chars)
[OK] (2740) Updated content (360 chars)
[OK] (2740) Updated content (359 chars)
[OK] (2740) Updated content (215 chars)
[OK] (2024) Updated content (200 chars)
[OK] (2740) Updated content (382 chars)
[OK] (2740) Updated content (370 chars)
[OK] (2740) Updated content (365 chars)
[OK] (2740) Updated content (383 chars)
[OK] (2740) Updated content (665 chars)
[OK] (2740) Updated content (661 chars)
[OK] (4402) Updated content (400 chars)
[OK] (4402) Updated content (397 chars)
[OK] (4402) Updated content (329 chars)
[OK] (2740) Updated content (370 chars)
[OK] (4402) Updated content (732 chars)
[OK] (4402) Updated content (352 chars)
[OK] (4402) Updated content (232 chars)
[OK] (4402) Updated content (340 chars)
[OK] (4402) Updated content (380 chars)
[OK] (4402) Updated content (1603 chars)
[OK] (1423) Updated content (472 chars)
[OK] (1423) Updated content (206 chars)
[OK] (1423) Updated content (356 chars)
[OK] (1423) Updated content (443 chars)
[OK] (3629) Updated content (1461 chars)
[OK] (3629) Updated content (419 chars)
[OK] (6222) Updated content (194 chars)
[OK] (4402) Updated content (342 chars)
[OK] (3629) Updated content (217 chars)
[OK] (3629) Updated content (437 chars)
[OK] (6222) Updated content (402 chars)
[OK] (6222) Updated content (1840 chars)
[OK] (6222) Updated content (2720 chars)
[OK] (6222) Updated content (551 chars)
[OK] (6222) Updated content (3292 chars)
[OK] (6767) Updated content (361 chars)
[OK] (6222) Updated content (2688 chars)
[OK] (6222) Updated content (3063 chars)
[OK] (4767) Updated content (196 chars)
[OK] (6767) Updated content (384 chars)
[OK] (6767) Updated content (380 chars)
[OK] (6222) Updated content (2235 chars)
[OK] (3629) Updated content (451 chars)
[OK] (6767) Updated content (383 chars)
[OK] (6767) Updated content (383 chars)
[OK] (1435) Updated content (1131 chars)
[OK] (1435) Updated content (1250 chars)
[OK] (1435) Updated content (1226 chars)
[OK] (6767) Updated content (440 chars)
[OK] (6767) Updated content (216 chars)
[OK] (1435) Updated content (1652 chars)
[OK] (1435) Updated content (969 chars)
[OK] (1435) Updated content (206 chars)
[OK] (1435) Updated content (693 chars)
[OK] (1435) Updated content (626 chars)
[OK] (1435) Updated content (2874 chars)
[OK] (1435) Updated content (1137 chars)
[OK] (1435) Updated content (1813 chars)
[OK] (1435) Updated content (629 chars)
[OK] (1435) Updated content (1541 chars)
[OK] (1435) Updated content (1090 chars)
[OK] (6767) Updated content (673 chars)
[OK] (2248) Updated content (678 chars)
[OK] (1435) Updated content (1038 chars)
[OK] (2248) Updated content (1408 chars)
[OK] (6264) Updated content (381 chars)
[OK] (6264) Updated content (380 chars)
[OK] (2248) Updated content (833 chars)
[OK] (6264) Updated content (380 chars)
[OK] (1213) Updated content (364 chars)
[OK] (2248) Updated content (609 chars)
[OK] (6264) Updated content (356 chars)
[OK] (1213) Updated content (655 chars)
[OK] (1213) Updated content (362 chars)
[OK] (1213) Updated content (375 chars)
[OK] (6264) Updated content (285 chars)
[OK] (6264) Updated content (340 chars)
[OK] (6264) Updated content (420 chars)
[OK] (1213) Updated content (376 chars)
[OK] (1213) Updated content (354 chars)
[OK] (6264) Updated content (203 chars)
[OK] (6574) Updated content (397 chars)
[OK] (1213) Updated content (203 chars)
[OK] (8423) Updated content (355 chars)
[OK] (6574) Updated content (209 chars)
[OK] (1213) Updated content (390 chars)
[OK] (2751) Updated content (394 chars)
[OK] (2751) Updated content (215 chars)
[OK] (2751) Updated content (658 chars)
[OK] (2751) Updated content (827 chars)
[OK] (6581) Updated content (1538 chars)
[OK] (6581) Updated content (832 chars)
[OK] (8423) Updated content (197 chars)
[OK] (6581) Updated content (215 chars)
[OK] (6581) Updated content (366 chars)
[OK] (6844) Updated content (195 chars)
[OK] (6844) Updated content (1002 chars)
[OK] (6844) Updated content (216 chars)
[OK] (2949) Updated content (554 chars)
[OK] (6844) Updated content (482 chars)
[OK] (1538) Updated content (194 chars)
[OK] (2949) Updated content (207 chars)
[OK] (1538) Updated content (464 chars)
[OK] (1538) Updated content (362 chars)
[OK] (1538) Updated content (479 chars)
[OK] (1538) Updated content (687 chars)
[OK] (6236) Updated content (352 chars)
[OK] (6236) Updated content (261 chars)
[OK] (6236) Updated content (200 chars)
[OK] (1538) Updated content (519 chars)
[OK] (2321) Updated content (363 chars)
[OK] (1475) Updated content (218 chars)
[OK] (2321) Updated content (756 chars)
[OK] (5348) Updated content (218 chars)
[OK] (4609) Updated content (362 chars)
[OK] (2321) Updated content (215 chars)
[OK] (4609) Updated content (215 chars)
[OK] (4148) Updated content (220 chars)
[OK] (4148) Updated content (1086 chars)
[OK] (4139) Updated content (231 chars)
[OK] (4139) Updated content (359 chars)
[OK] (4139) Updated content (379 chars)
[OK] (4139) Updated content (379 chars)
[OK] (4413) Updated content (362 chars)
[OK] (4413) Updated content (363 chars)
[OK] (4139) Updated content (379 chars)
[OK] (4413) Updated content (373 chars)
[OK] (2235) Updated content (228 chars)
[OK] (4413) Updated content (363 chars)
[OK] (4413) Updated content (217 chars)
[OK] (6807) Updated content (232 chars)
[OK] (4413) Updated content (503 chars)
[OK] (4529) Updated content (338 chars)
[OK] (4529) Updated content (333 chars)
[OK] (4529) Updated content (370 chars)
[OK] (4529) Updated content (718 chars)
[OK] (4529) Updated content (369 chars)
[OK] (4529) Updated content (375 chars)
[OK] (4529) Updated content (368 chars)
[OK] (4529) Updated content (383 chars)
[OK] (4529) Updated content (391 chars)
[OK] (4529) Updated content (376 chars)
[OK] (4529) Updated content (822 chars)
[OK] (4529) Updated content (657 chars)
[OK] (4529) Updated content (703 chars)
[OK] (4529) Updated content (662 chars)
[OK] (4529) Updated content (1819 chars)
[OK] (4529) Updated content (753 chars)
[OK] (4529) Updated content (229 chars)
[OK] (4529) Updated content (846 chars)
[OK] (4529) Updated content (2477 chars)
[OK] (4529) Updated content (732 chars)
[OK] (8424) Updated content (484 chars)
[OK] (4529) Updated content (359 chars)
[OK] (4529) Updated content (363 chars)
[OK] (8424) Updated content (614 chars)
[OK] (8424) Updated content (491 chars)
[OK] (4529) Updated content (1494 chars)
[OK] (8424) Updated content (1392 chars)
[OK] (8424) Updated content (383 chars)
[OK] (911608) Updated content (277 chars)
[OK] (911608) Updated content (392 chars)
[OK] (8424) Updated content (647 chars)
[OK] (8424) Updated content (280 chars)
[OK] (911608) Updated content (296 chars)
[OK] (4529) Updated content (710 chars)
[OK] (911608) Updated content (376 chars)
[OK] (911608) Updated content (285 chars)
[OK] (911608) Updated content (276 chars)
[OK] (911608) Updated content (389 chars)
[OK] (911608) Updated content (303 chars)
[OK] (911608) Updated content (299 chars)
[OK] (911608) Updated content (274 chars)
[OK] (911608) Updated content (284 chars)
[OK] (4430) Updated content (373 chars)
[OK] (911608) Updated content (297 chars)
[OK] (911608) Updated content (285 chars)
[OK] (911608) Updated content (370 chars)
[OK] (911608) Updated content (296 chars)
[OK] (6210) Updated content (390 chars)
[OK] (4430) Updated content (215 chars)
[OK] (7743) Updated content (230 chars)
[OK] (2904) Updated content (215 chars)
[OK] (6210) Updated content (194 chars)
[OK] (2904) Updated content (329 chars)
[OK] (4183) Updated content (392 chars)
[OK] (4183) Updated content (375 chars)
[OK] (4183) Updated content (401 chars)
[OK] (4183) Updated content (395 chars)
[OK] (4183) Updated content (571 chars)
[OK] (4183) Updated content (228 chars)
[OK] (6721) Updated content (405 chars)
[OK] (4183) Updated content (443 chars)
[OK] (6721) Updated content (388 chars)
[OK] (6721) Updated content (702 chars)
[OK] (6721) Updated content (452 chars)
[OK] (6721) Updated content (1289 chars)
[OK] (6721) Updated content (573 chars)
[OK] (6721) Updated content (556 chars)
[OK] (6721) Updated content (429 chars)
[OK] (6721) Updated content (399 chars)
[OK] (6721) Updated content (1250 chars)
[OK] (6721) Updated content (1334 chars)
[OK] (9929) Updated content (469 chars)
[OK] (9929) Updated content (795 chars)
[OK] (9929) Updated content (534 chars)
[OK] (9929) Updated content (564 chars)
[OK] (9929) Updated content (379 chars)
[OK] (6721) Updated content (215 chars)
[OK] (9929) Updated content (359 chars)
[OK] (5013) Updated content (458 chars)
[OK] (4943) Updated content (1037 chars)
[OK] (5013) Updated content (464 chars)
[OK] (9929) Updated content (472 chars)
[OK] (4943) Updated content (851 chars)
[OK] (4943) Updated content (813 chars)
[OK] (4943) Updated content (706 chars)
[OK] (6887) Updated content (345 chars)
[OK] (5013) Updated content (335 chars)
[OK] (9929) Updated content (662 chars)
[OK] (6887) Updated content (273 chars)
[OK] (6887) Updated content (292 chars)
[OK] (5013) Updated content (255 chars)
[OK] (3095) Updated content (378 chars)
[OK] (3095) Updated content (361 chars)
[OK] (6887) Updated content (273 chars)
[OK] (5013) Updated content (263 chars)
[OK] (6887) Updated content (292 chars)
[OK] (5013) Updated content (215 chars)
[OK] (5013) Updated content (354 chars)
[OK] (6887) Updated content (293 chars)
[OK] (3095) Updated content (1144 chars)
[OK] (1813) Updated content (1004 chars)
[OK] (3095) Updated content (359 chars)
[OK] (3095) Updated content (544 chars)
[OK] (1813) Updated content (539 chars)
[OK] (3095) Updated content (358 chars)
[OK] (3095) Updated content (337 chars)
[OK] (3095) Updated content (382 chars)
[OK] (1813) Updated content (444 chars)
[OK] (1813) Updated content (467 chars)
[OK] (3095) Updated content (377 chars)
[OK] (3095) Updated content (379 chars)
[OK] (1813) Updated content (378 chars)
[OK] (1813) Updated content (477 chars)
[OK] (4804) Updated content (360 chars)
[OK] (3095) Updated content (349 chars)
[OK] (1813) Updated content (542 chars)
[OK] (4175) Updated content (1337 chars)
[OK] (3095) Updated content (1133 chars)
[OK] (4175) Updated content (494 chars)
[OK] (1813) Updated content (195 chars)
[OK] (4804) Updated content (455 chars)
[OK] (4804) Updated content (219 chars)
[OK] (4804) Updated content (769 chars)
[OK] (4175) Updated content (490 chars)
[OK] (4175) Updated content (1164 chars)
[OK] (4175) Updated content (586 chars)
[OK] (4175) Updated content (537 chars)
[OK] (2432) Updated content (415 chars)
[OK] (4198) Updated content (228 chars)
[OK] (4175) Updated content (644 chars)
[OK] (2432) Updated content (228 chars)
[OK] (6661) Updated content (218 chars)
[OK] (4198) Updated content (189 chars)
[OK] (2432) Updated content (1563 chars)
[OK] (4198) Updated content (217 chars)
[OK] (4198) Updated content (381 chars)
[OK] (5601) Updated content (485 chars)
[OK] (4198) Updated content (387 chars)
[OK] (4198) Updated content (365 chars)
[OK] (5601) Updated content (371 chars)
[OK] (4198) Updated content (364 chars)
[OK] (5601) Updated content (370 chars)
[OK] (5601) Updated content (204 chars)
[OK] (5601) Updated content (378 chars)
[OK] (5601) Updated content (360 chars)
[OK] (4198) Updated content (379 chars)
[OK] (5301) Updated content (362 chars)
[OK] (5601) Updated content (443 chars)
[OK] (5301) Updated content (688 chars)
[OK] (5601) Updated content (266 chars)
[OK] (5301) Updated content (363 chars)
[OK] (5301) Updated content (363 chars)
[OK] (5301) Updated content (384 chars)
[OK] (5301) Updated content (380 chars)
[OK] (5301) Updated content (461 chars)
[OK] (5301) Updated content (622 chars)
[OK] (5301) Updated content (361 chars)
[OK] (5301) Updated content (679 chars)
[OK] (5301) Updated content (1163 chars)
[OK] (6512) Updated content (368 chars)
[OK] (5301) Updated content (1464 chars)
[OK] (5301) Updated content (453 chars)
[OK] (5276) Updated content (367 chars)
[OK] (5276) Updated content (382 chars)
[OK] (5301) Updated content (986 chars)
[OK] (5276) Updated content (379 chars)
[OK] (6512) Updated content (195 chars)
[OK] (5276) Updated content (218 chars)
[OK] (5276) Updated content (358 chars)
[OK] (1443) Updated content (393 chars)
[OK] (1443) Updated content (229 chars)
[OK] (1443) Updated content (380 chars)
[OK] (1443) Updated content (730 chars)
[OK] (5276) Updated content (362 chars)
[OK] (5276) Updated content (755 chars)
[OK] (1443) Updated content (350 chars)
[OK] (5276) Updated content (679 chars)
[OK] (5276) Updated content (247 chars)
[OK] (4706) Updated content (200 chars)
[OK] (5276) Updated content (764 chars)
[OK] (4706) Updated content (271 chars)
[OK] (4706) Updated content (480 chars)
[OK] (6242) Updated content (452 chars)
[OK] (4706) Updated content (365 chars)
[OK] (4706) Updated content (1312 chars)
[OK] (6242) Updated content (544 chars)
[OK] (4706) Updated content (1208 chars)
[OK] (4706) Updated content (652 chars)
[OK] (6242) Updated content (553 chars)
[OK] (6242) Updated content (983 chars)
[OK] (6242) Updated content (659 chars)
[OK] (6242) Updated content (880 chars)
[OK] (6242) Updated content (672 chars)
[OK] (6242) Updated content (2456 chars)
[OK] (6242) Updated content (733 chars)
[OK] (6242) Updated content (559 chars)
[OK] (6242) Updated content (229 chars)
[OK] (6242) Updated content (553 chars)
[OK] (6242) Updated content (1064 chars)
[OK] (6242) Updated content (444 chars)
[OK] (6242) Updated content (1009 chars)
[OK] (2941) Updated content (205 chars)
[OK] (2947) Updated content (1066 chars)
[OK] (6242) Updated content (872 chars)
[OK] (6242) Updated content (1006 chars)
[OK] (6242) Updated content (695 chars)
[OK] (2947) Updated content (934 chars)
[OK] (2947) Updated content (711 chars)
[OK] (2947) Updated content (217 chars)
[OK] (2947) Updated content (674 chars)
[OK] (2724) Updated content (1267 chars)
[OK] (2724) Updated content (379 chars)
[OK] (2724) Updated content (362 chars)
[OK] (2724) Updated content (387 chars)
[OK] (2724) Updated content (386 chars)
[OK] (2724) Updated content (376 chars)
[OK] (2724) Updated content (360 chars)
[OK] (2724) Updated content (197 chars)
[OK] (2724) Updated content (371 chars)
[OK] (2724) Updated content (382 chars)
[OK] (2724) Updated content (382 chars)
[OK] (2724) Updated content (856 chars)
[OK] (5906) Updated content (453 chars)
[OK] (5906) Updated content (412 chars)
[OK] (6496) Updated content (383 chars)
[OK] (6496) Updated content (444 chars)
[OK] (3252) Updated content (194 chars)
[OK] (5906) Updated content (218 chars)
[OK] (910322) Updated content (291 chars)
[OK] (6496) Updated content (215 chars)
[OK] (2901) Updated content (379 chars)
[OK] (2724) Updated content (705 chars)
[OK] (2724) Updated content (661 chars)
[OK] (2901) Updated content (215 chars)
[OK] (9944) Updated content (412 chars)
[OK] (9944) Updated content (194 chars)
[OK] (9944) Updated content (763 chars)
[OK] (9944) Updated content (398 chars)
[OK] (1259) Updated content (1741 chars)
[OK] (3672) Updated content (195 chars)
[OK] (3672) Updated content (361 chars)
[OK] (3672) Updated content (371 chars)
[OK] (9944) Updated content (417 chars)
[OK] (3672) Updated content (385 chars)
[OK] (1259) Updated content (547 chars)
[OK] (9944) Updated content (415 chars)
[OK] (9944) Updated content (415 chars)
[OK] (1259) Updated content (527 chars)
[OK] (1259) Updated content (506 chars)
[OK] (1259) Updated content (907 chars)
[OK] (1259) Updated content (215 chars)
[OK] (8917) Updated content (681 chars)
[OK] (8917) Updated content (353 chars)
[OK] (1626) Updated content (442 chars)
[OK] (8917) Updated content (344 chars)
[OK] (8917) Updated content (511 chars)
[OK] (1259) Updated content (471 chars)
[OK] (1626) Updated content (850 chars)
[OK] (1626) Updated content (1227 chars)
[OK] (1626) Updated content (349 chars)
[OK] (1259) Updated content (366 chars)
[OK] (1626) Updated content (198 chars)
[OK] (1626) Updated content (823 chars)
[OK] (8077) Updated content (378 chars)
[OK] (8077) Updated content (1316 chars)
[OK] (8077) Updated content (383 chars)
[OK] (8077) Updated content (369 chars)
[OK] (8077) Updated content (215 chars)
[OK] (8443) Updated content (733 chars)
[OK] (8077) Updated content (362 chars)
[OK] (8443) Updated content (468 chars)
[OK] (2221) Updated content (341 chars)
[OK] (8443) Updated content (558 chars)
[OK] (8077) Updated content (380 chars)
[OK] (2221) Updated content (357 chars)
[OK] (2221) Updated content (336 chars)
[OK] (2221) Updated content (378 chars)
[OK] (3067) Updated content (209 chars)
[OK] (2221) Updated content (340 chars)
[OK] (2221) Updated content (337 chars)
[OK] (2221) Updated content (378 chars)
[OK] (2221) Updated content (380 chars)
[OK] (2221) Updated content (367 chars)
[OK] (2221) Updated content (330 chars)
[OK] (2221) Updated content (511 chars)
[OK] (2221) Updated content (215 chars)
[OK] (3531) Updated content (419 chars)
[OK] (8093) Updated content (362 chars)
[OK] (2221) Updated content (529 chars)
[OK] (3531) Updated content (283 chars)
[OK] (3531) Updated content (215 chars)
[OK] (3531) Updated content (363 chars)
[OK] (8093) Updated content (203 chars)
[OK] (8066) Updated content (181 chars)
[OK] (6506) Updated content (194 chars)
[OK] (8066) Updated content (280 chars)
[OK] (8066) Updated content (686 chars)
[OK] (8066) Updated content (717 chars)
[OK] (8066) Updated content (1645 chars)
[OK] (6506) Updated content (364 chars)
[OK] (8066) Updated content (507 chars)
[OK] (8066) Updated content (519 chars)
[OK] (8066) Updated content (214 chars)
[OK] (8066) Updated content (308 chars)
[OK] (6212) Updated content (353 chars)
[OK] (4535) Updated content (824 chars)
[OK] (4535) Updated content (602 chars)
[OK] (8066) Updated content (291 chars)
[OK] (4535) Updated content (344 chars)
[OK] (4535) Updated content (503 chars)
[OK] (4535) Updated content (1886 chars)
[OK] (6212) Updated content (194 chars)
[OK] (2939) Updated content (358 chars)
[OK] (2939) Updated content (368 chars)
[OK] (2939) Updated content (588 chars)
[OK] (6171) Updated content (1443 chars)
[OK] (2939) Updated content (218 chars)
[OK] (6171) Updated content (1541 chars)
[OK] (6171) Updated content (1495 chars)
[OK] (6171) Updated content (897 chars)
[OK] (6171) Updated content (1461 chars)
[OK] (6171) Updated content (230 chars)
[OK] (6171) Updated content (444 chars)
[OK] (6171) Updated content (373 chars)
[OK] (6171) Updated content (396 chars)
[OK] (6171) Updated content (1528 chars)
[OK] (6171) Updated content (369 chars)
[OK] (6171) Updated content (1475 chars)
[OK] (6171) Updated content (376 chars)
[OK] (6171) Updated content (443 chars)
[OK] (6171) Updated content (501 chars)
[OK] (6171) Updated content (379 chars)
[OK] (6171) Updated content (1493 chars)
[OK] (6171) Updated content (1443 chars)
[OK] (6171) Updated content (377 chars)
[OK] (8455) Updated content (386 chars)
[OK] (8455) Updated content (350 chars)
[OK] (8455) Updated content (344 chars)
[OK] (8455) Updated content (374 chars)
[OK] (8455) Updated content (1613 chars)
[OK] (8455) Updated content (337 chars)
[OK] (8455) Updated content (360 chars)
[OK] (8488) Updated content (396 chars)
[OK] (8488) Updated content (708 chars)
[OK] (8455) Updated content (273 chars)
[OK] (8488) Updated content (378 chars)
[OK] (8488) Updated content (211 chars)
[OK] (8488) Updated content (319 chars)
[OK] (6615) Updated content (194 chars)
[OK] (6615) Updated content (410 chars)
[OK] (6615) Updated content (376 chars)
[OK] (1454) Updated content (354 chars)
[OK] (6527) Updated content (215 chars)
[OK] (1454) Updated content (203 chars)
[OK] (1454) Updated content (284 chars)
[OK] (1454) Updated content (357 chars)
[OK] (1418) Updated content (3464 chars)
[OK] (1418) Updated content (376 chars)
[OK] (8455) Updated content (388 chars)
[OK] (910861) Updated content (570 chars)
[OK] (1418) Updated content (842 chars)
[OK] (1418) Updated content (194 chars)
[OK] (2035) Updated content (424 chars)
[OK] (2035) Updated content (218 chars)
[OK] (4807) Updated content (383 chars)
[OK] (4807) Updated content (565 chars)
[OK] (4807) Updated content (218 chars)
[OK] (4807) Updated content (364 chars)
[OK] (4807) Updated content (784 chars)
[OK] (4807) Updated content (694 chars)
[OK] (4807) Updated content (451 chars)
[OK] (4807) Updated content (384 chars)
[OK] (4807) Updated content (309 chars)
[OK] (4807) Updated content (758 chars)
[OK] (4807) Updated content (1377 chars)
[OK] (4807) Updated content (324 chars)
[OK] (4807) Updated content (309 chars)
[OK] (4807) Updated content (305 chars)
[OK] (4807) Updated content (366 chars)
[OK] (4807) Updated content (346 chars)
[OK] (4807) Updated content (386 chars)
[OK] (4807) Updated content (312 chars)
[OK] (4807) Updated content (363 chars)
[OK] (4807) Updated content (322 chars)
[OK] (4807) Updated content (333 chars)
[OK] (4807) Updated content (712 chars)
[OK] (4807) Updated content (375 chars)
[OK] (4807) Updated content (673 chars)
[OK] (4807) Updated content (306 chars)
[OK] (4807) Updated content (717 chars)
[OK] (4807) Updated content (348 chars)
[OK] (4807) Updated content (387 chars)
[OK] (4807) Updated content (318 chars)
[OK] (4807) Updated content (332 chars)
[OK] (4807) Updated content (1210 chars)
[OK] (4807) Updated content (218 chars)
[OK] (4807) Updated content (299 chars)
[OK] (4807) Updated content (319 chars)
[OK] (4807) Updated content (311 chars)
[OK] (4807) Updated content (346 chars)
[OK] (4807) Updated content (329 chars)
[OK] (4807) Updated content (313 chars)
[OK] (4807) Updated content (309 chars)
[OK] (2722) Updated content (468 chars)
[OK] (2722) Updated content (444 chars)
[OK] (4807) Updated content (610 chars)
[OK] (7732) Updated content (335 chars)
[OK] (3232) Updated content (346 chars)
[OK] (3232) Updated content (695 chars)
[OK] (2722) Updated content (468 chars)
[OK] (3232) Updated content (691 chars)
[OK] (3232) Updated content (377 chars)
[OK] (3232) Updated content (376 chars)
[OK] (3232) Updated content (325 chars)
[OK] (3232) Updated content (736 chars)
[OK] (3232) Updated content (398 chars)
[OK] (3232) Updated content (209 chars)
[OK] (3523) Updated content (399 chars)
[OK] (6929) Updated content (368 chars)
[OK] (6929) Updated content (372 chars)
[OK] (3523) Updated content (348 chars)
[OK] (3523) Updated content (314 chars)
[OK] (3523) Updated content (326 chars)
[OK] (3523) Updated content (451 chars)
[OK] (3523) Updated content (359 chars)
[OK] (3523) Updated content (363 chars)
[OK] (3523) Updated content (1551 chars)
[OK] (3523) Updated content (342 chars)
[OK] (2380) Updated content (331 chars)
[OK] (2380) Updated content (2180 chars)
[OK] (3523) Updated content (316 chars)
[OK] (6958) Updated content (581 chars)
[OK] (6958) Updated content (784 chars)
[OK] (3523) Updated content (194 chars)
[OK] (6958) Updated content (2268 chars)
[OK] (2380) Updated content (429 chars)
[OK] (2380) Updated content (226 chars)
[OK] (6958) Updated content (1599 chars)
[OK] (2380) Updated content (340 chars)
[OK] (6958) Updated content (529 chars)
[OK] (6958) Updated content (209 chars)
[OK] (6474) Updated content (583 chars)
[OK] (6958) Updated content (373 chars)
[OK] (2380) Updated content (550 chars)
[OK] (2380) Updated content (321 chars)
[OK] (6474) Updated content (460 chars)
[OK] (6474) Updated content (563 chars)
[OK] (6474) Updated content (369 chars)
[OK] (6474) Updated content (321 chars)
[OK] (6997) Updated content (522 chars)
[OK] (6474) Updated content (674 chars)
[OK] (6474) Updated content (246 chars)
[OK] (6997) Updated content (1397 chars)
[OK] (6997) Updated content (595 chars)
[OK] (6997) Updated content (614 chars)
[OK] (6997) Updated content (1287 chars)
[OK] (6997) Updated content (462 chars)
[OK] (6474) Updated content (441 chars)
[OK] (6997) Updated content (624 chars)
[OK] (6474) Updated content (368 chars)
[OK] (6997) Updated content (509 chars)
[OK] (6997) Updated content (203 chars)
[OK] (6997) Updated content (498 chars)
[OK] (911622) Updated content (303 chars)
[OK] (6474) Updated content (671 chars)
[OK] (911622) Updated content (316 chars)
[OK] (911622) Updated content (305 chars)
[OK] (911622) Updated content (389 chars)
[OK] (911622) Updated content (301 chars)
[OK] (2073) Updated content (391 chars)
[OK] (911622) Updated content (305 chars)
[OK] (911622) Updated content (316 chars)
[OK] (2073) Updated content (384 chars)
[OK] (2073) Updated content (380 chars)
[OK] (2073) Updated content (401 chars)
[OK] (2073) Updated content (405 chars)
[OK] (2073) Updated content (404 chars)
[OK] (2073) Updated content (711 chars)
[OK] (2073) Updated content (391 chars)
[OK] (2073) Updated content (389 chars)
[OK] (5345) Updated content (385 chars)
[OK] (5345) Updated content (334 chars)
[OK] (5345) Updated content (393 chars)
[OK] (5345) Updated content (387 chars)
[OK] (5345) Updated content (414 chars)
[OK] (5345) Updated content (893 chars)
[OK] (5345) Updated content (710 chars)
[OK] (5345) Updated content (679 chars)
[OK] (5345) Updated content (628 chars)
[OK] (2073) Updated content (393 chars)
[OK] (5345) Updated content (692 chars)
[OK] (2073) Updated content (230 chars)
[OK] (2073) Updated content (881 chars)
[OK] (5345) Updated content (379 chars)
[OK] (5345) Updated content (1504 chars)
[OK] (5345) Updated content (1475 chars)
[OK] (5345) Updated content (330 chars)
[OK] (5345) Updated content (1495 chars)
[OK] (5345) Updated content (349 chars)
[OK] (5345) Updated content (334 chars)
[OK] (5345) Updated content (388 chars)
[OK] (5345) Updated content (408 chars)
[OK] (5345) Updated content (741 chars)
[OK] (5345) Updated content (329 chars)
[OK] (9110) Updated content (294 chars)
[OK] (5345) Updated content (354 chars)
[OK] (9110) Updated content (330 chars)
[OK] (9110) Updated content (650 chars)
[OK] (9110) Updated content (296 chars)
[OK] (9110) Updated content (290 chars)
[OK] (9110) Updated content (297 chars)
[OK] (9110) Updated content (525 chars)
[OK] (9110) Updated content (577 chars)
[OK] (9110) Updated content (292 chars)
[OK] (6856) Updated content (504 chars)
[OK] (6856) Updated content (215 chars)
[OK] (6856) Updated content (556 chars)
[OK] (6616) Updated content (350 chars)
[OK] (6556) Updated content (194 chars)
[OK] (6240) Updated content (668 chars)
[OK] (6856) Updated content (367 chars)
[OK] (6616) Updated content (284 chars)
[OK] (6240) Updated content (178 chars)
[OK] (6240) Updated content (358 chars)
[OK] (6240) Updated content (380 chars)
[OK] (2911) Updated content (339 chars)
[OK] (6240) Updated content (194 chars)
[OK] (2911) Updated content (337 chars)
[OK] (2911) Updated content (457 chars)
[OK] (6616) Updated content (464 chars)
[OK] (2911) Updated content (337 chars)
[OK] (2911) Updated content (826 chars)
[OK] (2911) Updated content (351 chars)
[OK] (2911) Updated content (353 chars)
[OK] (2911) Updated content (350 chars)
[OK] (2911) Updated content (1202 chars)
[OK] (2911) Updated content (328 chars)
[OK] (2911) Updated content (384 chars)
[OK] (2911) Updated content (4252 chars)
[OK] (2911) Updated content (690 chars)
[OK] (2911) Updated content (360 chars)
[OK] (2911) Updated content (369 chars)
[OK] (2911) Updated content (668 chars)
[OK] (2911) Updated content (339 chars)
[OK] (2911) Updated content (682 chars)
[OK] (2911) Updated content (667 chars)
[OK] (2911) Updated content (335 chars)
[OK] (2911) Updated content (353 chars)
[OK] (2911) Updated content (367 chars)
[OK] (2911) Updated content (333 chars)
[OK] (2911) Updated content (362 chars)
[OK] (2911) Updated content (356 chars)
[OK] (2911) Updated content (506 chars)
[OK] (2911) Updated content (337 chars)
[OK] (2911) Updated content (364 chars)
[OK] (2911) Updated content (1502 chars)
[OK] (2911) Updated content (567 chars)
[OK] (2911) Updated content (659 chars)
[OK] (2911) Updated content (634 chars)
[OK] (2911) Updated content (641 chars)
[OK] (2911) Updated content (357 chars)
[OK] (2911) Updated content (361 chars)
[OK] (2911) Updated content (338 chars)
[OK] (6144) Updated content (384 chars)
[OK] (2911) Updated content (195 chars)
[OK] (6144) Updated content (372 chars)
[OK] (6144) Updated content (363 chars)
[OK] (6144) Updated content (362 chars)
[OK] (6144) Updated content (668 chars)
[OK] (6144) Updated content (377 chars)
[OK] (6144) Updated content (365 chars)
[OK] (3593) Updated content (357 chars)
[OK] (8354) Updated content (353 chars)
[OK] (8354) Updated content (440 chars)
[OK] (3593) Updated content (346 chars)
[OK] (6144) Updated content (323 chars)
[OK] (8354) Updated content (199 chars)
[OK] (8354) Updated content (991 chars)
[OK] (8354) Updated content (188 chars)
[OK] (8477) Updated content (289 chars)
[OK] (8477) Updated content (390 chars)
[OK] (8477) Updated content (1445 chars)
[OK] (8477) Updated content (302 chars)
[OK] (8477) Updated content (315 chars)
[OK] (8477) Updated content (1476 chars)
[OK] (8477) Updated content (268 chars)
[OK] (8477) Updated content (267 chars)
[OK] (8477) Updated content (2113 chars)
[OK] (8477) Updated content (301 chars)
[OK] (8477) Updated content (268 chars)
[OK] (8477) Updated content (590 chars)
[OK] (8477) Updated content (189 chars)
[OK] (4905) Updated content (380 chars)
[OK] (4905) Updated content (362 chars)
[OK] (4905) Updated content (230 chars)
[OK] (4905) Updated content (382 chars)
[OK] (4905) Updated content (360 chars)
[OK] (4905) Updated content (195 chars)
[OK] (4905) Updated content (697 chars)
[OK] (4905) Updated content (500 chars)
[OK] (4905) Updated content (480 chars)
[OK] (8477) Updated content (283 chars)
[OK] (4905) Updated content (625 chars)
[OK] (4905) Updated content (636 chars)
[OK] (4905) Updated content (627 chars)
[OK] (4905) Updated content (1398 chars)
[OK] (4153) Updated content (677 chars)
[OK] (4153) Updated content (392 chars)
[OK] (4905) Updated content (709 chars)
[OK] (4905) Updated content (496 chars)
[OK] (4153) Updated content (240 chars)
[OK] (4905) Updated content (698 chars)
[OK] (4153) Updated content (396 chars)
[OK] (1441) Updated content (488 chars)
[OK] (8929) Updated content (194 chars)
[OK] (1441) Updated content (701 chars)
[OK] (1441) Updated content (527 chars)
[OK] (1441) Updated content (1269 chars)
[OK] (1441) Updated content (215 chars)
[OK] (1441) Updated content (671 chars)
[OK] (1441) Updated content (389 chars)
[OK] (5514) Updated content (383 chars)
[OK] (5514) Updated content (362 chars)
[OK] (5514) Updated content (215 chars)
[OK] (5514) Updated content (372 chars)
[OK] (5514) Updated content (402 chars)
[OK] (1441) Updated content (459 chars)
[OK] (6899) Updated content (690 chars)
[OK] (6899) Updated content (380 chars)
[OK] (6899) Updated content (196 chars)
[OK] (6899) Updated content (370 chars)
[OK] (6899) Updated content (323 chars)
[OK] (6899) Updated content (374 chars)
[OK] (6225) Updated content (355 chars)
[OK] (6899) Updated content (687 chars)
[OK] (6225) Updated content (381 chars)
[OK] (6225) Updated content (356 chars)
[OK] (6225) Updated content (353 chars)
[OK] (1441) Updated content (806 chars)
[OK] (6225) Updated content (376 chars)
[OK] (6988) Updated content (390 chars)
[OK] (6225) Updated content (328 chars)
[OK] (6225) Updated content (373 chars)
[OK] (911868) Updated content (303 chars)
[OK] (5514) Updated content (693 chars)
[OK] (6899) Updated content (690 chars)
[OK] (911868) Updated content (281 chars)
[OK] (911868) Updated content (280 chars)
[OK] (1453) Updated content (769 chars)
[OK] (2719) Updated content (584 chars)
[OK] (1453) Updated content (314 chars)
[OK] (2719) Updated content (349 chars)
[OK] (2719) Updated content (216 chars)
[OK] (911868) Updated content (653 chars)
[OK] (1453) Updated content (194 chars)
[OK] (1453) Updated content (292 chars)
[OK] (8101) Updated content (870 chars)
[OK] (1453) Updated content (354 chars)
[OK] (1453) Updated content (363 chars)
[OK] (8101) Updated content (460 chars)
[OK] (8101) Updated content (628 chars)
[OK] (8101) Updated content (416 chars)
[OK] (6662) Updated content (648 chars)
[OK] (8101) Updated content (215 chars)
[OK] (6662) Updated content (195 chars)
[OK] (8101) Updated content (203 chars)
[OK] (3285) Updated content (408 chars)
[OK] (3285) Updated content (364 chars)
[OK] (3285) Updated content (365 chars)
[OK] (3285) Updated content (358 chars)
[OK] (3285) Updated content (887 chars)
[OK] (3285) Updated content (3443 chars)
[OK] (3285) Updated content (359 chars)
[OK] (3285) Updated content (756 chars)
[OK] (3285) Updated content (394 chars)
[OK] (3285) Updated content (247 chars)
[OK] (3285) Updated content (403 chars)
[OK] (3285) Updated content (412 chars)
[OK] (3285) Updated content (344 chars)
[OK] (3285) Updated content (351 chars)
[OK] (3288) Updated content (377 chars)
[OK] (3288) Updated content (577 chars)
[OK] (3288) Updated content (644 chars)
[OK] (3288) Updated content (379 chars)
[OK] (3288) Updated content (406 chars)
[OK] (3288) Updated content (385 chars)
[OK] (3288) Updated content (941 chars)
[OK] (3288) Updated content (1759 chars)
[OK] (3288) Updated content (704 chars)
[OK] (3288) Updated content (370 chars)
[OK] (3288) Updated content (524 chars)
[OK] (3288) Updated content (365 chars)
[OK] (3288) Updated content (375 chars)
[OK] (2754) Updated content (363 chars)
[OK] (3288) Updated content (1004 chars)
[OK] (2754) Updated content (218 chars)
[OK] (4406) Updated content (208 chars)
[OK] (2754) Updated content (308 chars)
[OK] (1599) Updated content (585 chars)
[OK] (1599) Updated content (583 chars)
[OK] (2754) Updated content (640 chars)
[OK] (3288) Updated content (381 chars)
[OK] (1599) Updated content (216 chars)
[OK] (1599) Updated content (361 chars)
[OK] (3288) Updated content (218 chars)
[OK] (1599) Updated content (398 chars)
[OK] (1599) Updated content (784 chars)
[OK] (1599) Updated content (657 chars)
[OK] (5455) Updated content (691 chars)
[OK] (2754) Updated content (315 chars)
[OK] (4406) Updated content (538 chars)
[OK] (5455) Updated content (359 chars)
[OK] (5455) Updated content (215 chars)
[OK] (5455) Updated content (361 chars)
[OK] (5455) Updated content (426 chars)
[OK] (5455) Updated content (376 chars)
[OK] (5455) Updated content (1315 chars)
[OK] (5455) Updated content (604 chars)
[OK] (5455) Updated content (361 chars)
[OK] (2948) Updated content (474 chars)
[OK] (2948) Updated content (1355 chars)
[OK] (2948) Updated content (514 chars)
[OK] (5455) Updated content (567 chars)
[OK] (5455) Updated content (565 chars)
[OK] (2948) Updated content (631 chars)
[OK] (2948) Updated content (215 chars)
[OK] (2948) Updated content (1464 chars)
[OK] (1468) Updated content (215 chars)
[OK] (2948) Updated content (762 chars)
[OK] (8342) Updated content (784 chars)
[OK] (8342) Updated content (367 chars)
[OK] (1341) Updated content (438 chars)
[OK] (1341) Updated content (450 chars)
[OK] (8342) Updated content (492 chars)
[OK] (7716) Updated content (1354 chars)
[OK] (1341) Updated content (686 chars)
[OK] (8342) Updated content (586 chars)
[OK] (1341) Updated content (946 chars)
[OK] (8342) Updated content (497 chars)
[OK] (8342) Updated content (237 chars)
[OK] (7716) Updated content (701 chars)
[OK] (1341) Updated content (747 chars)
[OK] (7716) Updated content (363 chars)
[OK] (1341) Updated content (1139 chars)
[OK] (7716) Updated content (559 chars)
[OK] (1341) Updated content (197 chars)
[OK] (1413) Updated content (344 chars)
[OK] (1341) Updated content (688 chars)
[OK] (7716) Updated content (217 chars)
[OK] (1413) Updated content (215 chars)
[OK] (7716) Updated content (644 chars)
[OK] (4806) Updated content (438 chars)
[OK] (4806) Updated content (1858 chars)
[OK] (4806) Updated content (921 chars)
[OK] (4806) Updated content (866 chars)
[OK] (4806) Updated content (685 chars)
[OK] (4806) Updated content (495 chars)
[OK] (3115) Updated content (384 chars)
[OK] (3115) Updated content (364 chars)
[OK] (4806) Updated content (376 chars)
[OK] (3115) Updated content (304 chars)
[OK] (3115) Updated content (359 chars)
[OK] (4806) Updated content (349 chars)
[OK] (3115) Updated content (375 chars)
[OK] (3115) Updated content (884 chars)
[OK] (3115) Updated content (384 chars)
[OK] (3115) Updated content (195 chars)
[OK] (2924) Updated content (271 chars)
[OK] (3115) Updated content (650 chars)
[OK] (2924) Updated content (586 chars)
[OK] (2924) Updated content (271 chars)
[OK] (2924) Updated content (271 chars)
[OK] (2924) Updated content (572 chars)
[OK] (2924) Updated content (292 chars)
[OK] (2924) Updated content (287 chars)
[OK] (2924) Updated content (271 chars)
[OK] (2924) Updated content (218 chars)
[OK] (2924) Updated content (593 chars)
[OK] (2924) Updated content (280 chars)
[OK] (2924) Updated content (270 chars)
[OK] (2924) Updated content (751 chars)
[OK] (2924) Updated content (283 chars)
[OK] (2924) Updated content (573 chars)
[OK] (2924) Updated content (382 chars)
[OK] (2924) Updated content (546 chars)
[OK] (3115) Updated content (667 chars)
[OK] (4806) Updated content (708 chars)
[OK] (2924) Updated content (515 chars)
[OK] (6542) Updated content (379 chars)
[OK] (2924) Updated content (292 chars)
[OK] (6542) Updated content (215 chars)
[OK] (6542) Updated content (340 chars)
[OK] (6542) Updated content (360 chars)
[OK] (3191) Updated content (391 chars)
[OK] (3191) Updated content (348 chars)
[OK] (3191) Updated content (333 chars)
[OK] (3191) Updated content (361 chars)
[OK] (3191) Updated content (386 chars)
[OK] (3191) Updated content (348 chars)
[OK] (3191) Updated content (337 chars)
[OK] (3191) Updated content (722 chars)
[OK] (3191) Updated content (355 chars)
[OK] (3191) Updated content (674 chars)
[OK] (3191) Updated content (601 chars)
[OK] (3191) Updated content (1401 chars)
[OK] (3191) Updated content (333 chars)
[OK] (3191) Updated content (778 chars)
[OK] (3191) Updated content (336 chars)
[OK] (8921) Updated content (216 chars)
[OK] (3191) Updated content (205 chars)
[OK] (8921) Updated content (504 chars)
[OK] (3191) Updated content (832 chars)
[OK] (8921) Updated content (517 chars)
[OK] (8921) Updated content (514 chars)
[OK] (8921) Updated content (367 chars)
[OK] (4305) Updated content (194 chars)
[OK] (8921) Updated content (647 chars)
[OK] (5604) Updated content (705 chars)
[OK] (4305) Updated content (528 chars)
[OK] (4305) Updated content (348 chars)
[OK] (5604) Updated content (548 chars)
[OK] (5604) Updated content (540 chars)
[OK] (5604) Updated content (1339 chars)
[OK] (5604) Updated content (802 chars)
[OK] (5604) Updated content (215 chars)
[OK] (5604) Updated content (485 chars)
[OK] (5604) Updated content (581 chars)
[OK] (6730) Updated content (523 chars)
[OK] (6730) Updated content (506 chars)
[OK] (6730) Updated content (624 chars)
[OK] (6730) Updated content (1619 chars)
[OK] (6730) Updated content (756 chars)
[OK] (6730) Updated content (520 chars)
[OK] (6730) Updated content (215 chars)
[OK] (4192) Updated content (362 chars)
[OK] (6730) Updated content (1450 chars)
[OK] (3516) Updated content (216 chars)
[OK] (3516) Updated content (315 chars)
[OK] (4192) Updated content (194 chars)
[OK] (4192) Updated content (381 chars)
[OK] (6730) Updated content (523 chars)
[OK] (3516) Updated content (319 chars)
[OK] (3516) Updated content (381 chars)
[OK] (4192) Updated content (378 chars)
[OK] (3516) Updated content (299 chars)
[OK] (5205) Updated content (273 chars)
[OK] (5205) Updated content (265 chars)
[OK] (5205) Updated content (264 chars)
[OK] (5205) Updated content (285 chars)
[OK] (5205) Updated content (285 chars)
[OK] (5205) Updated content (284 chars)
[OK] (5205) Updated content (274 chars)
[OK] (5205) Updated content (277 chars)
[OK] (5205) Updated content (287 chars)
[OK] (5205) Updated content (265 chars)
[OK] (5205) Updated content (282 chars)
[OK] (5205) Updated content (194 chars)
[OK] (5205) Updated content (288 chars)
[OK] (5205) Updated content (270 chars)
[OK] (1472) Updated content (1314 chars)
[OK] (5205) Updated content (286 chars)
[OK] (1472) Updated content (477 chars)
[OK] (1472) Updated content (702 chars)
[OK] (1472) Updated content (636 chars)
[OK] (1472) Updated content (773 chars)
[OK] (1472) Updated content (617 chars)
[OK] (5205) Updated content (532 chars)
[OK] (1472) Updated content (710 chars)
[OK] (1472) Updated content (607 chars)
[OK] (1472) Updated content (686 chars)
[OK] (1472) Updated content (519 chars)
[OK] (1472) Updated content (772 chars)
[OK] (1472) Updated content (233 chars)
[OK] (1472) Updated content (720 chars)
[OK] (5878) Updated content (412 chars)
[OK] (1472) Updated content (772 chars)
[OK] (5878) Updated content (547 chars)
[OK] (5878) Updated content (387 chars)
[OK] (5878) Updated content (323 chars)
[OK] (5878) Updated content (194 chars)
[OK] (1324) Updated content (215 chars)
[OK] (5878) Updated content (260 chars)
[OK] (3018) Updated content (602 chars)
[OK] (8941) Updated content (379 chars)
[OK] (4154) Updated content (384 chars)
[OK] (8941) Updated content (507 chars)
[OK] (3018) Updated content (209 chars)
[OK] (4154) Updated content (189 chars)
[OK] (6904) Updated content (215 chars)
[OK] (5016) Updated content (312 chars)
[OK] (4154) Updated content (219 chars)
[OK] (8941) Updated content (1759 chars)
[OK] (5016) Updated content (467 chars)
[OK] (4154) Updated content (695 chars)
[OK] (5016) Updated content (1281 chars)
[OK] (5016) Updated content (464 chars)
[OK] (5016) Updated content (800 chars)
[OK] (5016) Updated content (570 chars)
[OK] (5016) Updated content (501 chars)
[OK] (5016) Updated content (565 chars)
[OK] (5016) Updated content (203 chars)
[OK] (5016) Updated content (378 chars)
[OK] (5016) Updated content (585 chars)
[OK] (2434) Updated content (396 chars)
[OK] (2434) Updated content (365 chars)
[OK] (2434) Updated content (395 chars)
[OK] (2434) Updated content (354 chars)
[OK] (2434) Updated content (364 chars)
[OK] (2434) Updated content (373 chars)
[OK] (2434) Updated content (720 chars)
[OK] (2434) Updated content (704 chars)
[OK] (2434) Updated content (1059 chars)
[OK] (2434) Updated content (209 chars)
[OK] (2434) Updated content (371 chars)
[OK] (2434) Updated content (389 chars)
[OK] (2434) Updated content (366 chars)
[OK] (2434) Updated content (705 chars)
[OK] (4304) Updated content (215 chars)
[OK] (4304) Updated content (261 chars)
[OK] (4304) Updated content (1106 chars)
[OK] (4304) Updated content (655 chars)
[OK] (4924) Updated content (336 chars)
[OK] (4304) Updated content (466 chars)
[OK] (4924) Updated content (335 chars)
[OK] (4924) Updated content (641 chars)
[OK] (4924) Updated content (496 chars)
[OK] (4924) Updated content (322 chars)
[OK] (4304) Updated content (1136 chars)
[OK] (4924) Updated content (377 chars)
[OK] (4924) Updated content (371 chars)
[OK] (4924) Updated content (363 chars)
[OK] (4924) Updated content (332 chars)
[OK] (4924) Updated content (292 chars)
[OK] (4924) Updated content (325 chars)
[OK] (4924) Updated content (331 chars)
[OK] (4924) Updated content (319 chars)
[OK] (4924) Updated content (342 chars)
[OK] (1233) Updated content (194 chars)
[OK] (1906) Updated content (644 chars)
[OK] (1233) Updated content (559 chars)
[OK] (1906) Updated content (401 chars)
[OK] (1233) Updated content (335 chars)
[OK] (1906) Updated content (325 chars)
[OK] (1906) Updated content (365 chars)
[OK] (1906) Updated content (208 chars)
[OK] (8067) Updated content (371 chars)
[OK] (8067) Updated content (368 chars)
[OK] (1906) Updated content (343 chars)
[OK] (1906) Updated content (380 chars)
[OK] (8067) Updated content (221 chars)
[OK] (8067) Updated content (371 chars)
[OK] (8067) Updated content (667 chars)
[OK] (8067) Updated content (367 chars)
[OK] (8067) Updated content (380 chars)
[OK] (2726) Updated content (367 chars)
[OK] (1906) Updated content (396 chars)
[OK] (2726) Updated content (388 chars)
[OK] (2726) Updated content (383 chars)
[OK] (2726) Updated content (374 chars)
[OK] (4432) Updated content (1673 chars)
[OK] (2726) Updated content (218 chars)
[OK] (2726) Updated content (379 chars)
[OK] (4432) Updated content (398 chars)
[OK] (4432) Updated content (485 chars)
[OK] (2726) Updated content (394 chars)
[OK] (4432) Updated content (516 chars)
[OK] (4432) Updated content (694 chars)
[OK] (4432) Updated content (534 chars)
[OK] (4432) Updated content (897 chars)
[OK] (4950) Updated content (226 chars)
[OK] (4950) Updated content (412 chars)
[OK] (4432) Updated content (236 chars)
[OK] (4432) Updated content (627 chars)
[OK] (1781) Updated content (305 chars)
[OK] (4950) Updated content (519 chars)
[OK] (4950) Updated content (424 chars)
[OK] (4950) Updated content (506 chars)
[OK] (1781) Updated content (396 chars)
[OK] (1781) Updated content (209 chars)
[OK] (4950) Updated content (772 chars)
[OK] (1781) Updated content (580 chars)
[OK] (3064) Updated content (673 chars)
[OK] (3064) Updated content (361 chars)
[OK] (1781) Updated content (543 chars)
[OK] (3064) Updated content (682 chars)
[OK] (3064) Updated content (361 chars)
[OK] (3064) Updated content (360 chars)
[OK] (3064) Updated content (380 chars)
[OK] (3064) Updated content (700 chars)
[OK] (3064) Updated content (345 chars)
[OK] (3064) Updated content (676 chars)
[OK] (3064) Updated content (194 chars)
[OK] (3064) Updated content (1125 chars)
[OK] (2910) Updated content (382 chars)
[OK] (2910) Updated content (224 chars)
[OK] (8409) Updated content (216 chars)
[OK] (1465) Updated content (461 chars)
[OK] (2910) Updated content (408 chars)
[OK] (8409) Updated content (168 chars)
[OK] (1465) Updated content (398 chars)
[OK] (1465) Updated content (1230 chars)
[OK] (1465) Updated content (502 chars)
[OK] (1465) Updated content (586 chars)
[OK] (1465) Updated content (612 chars)
[OK] (4584) Updated content (378 chars)
[OK] (1465) Updated content (203 chars)
[OK] (4584) Updated content (360 chars)
[OK] (4584) Updated content (1551 chars)
[OK] (4584) Updated content (380 chars)
[OK] (4584) Updated content (381 chars)
[OK] (4584) Updated content (367 chars)
[OK] (4584) Updated content (491 chars)
[OK] (4584) Updated content (1104 chars)
[OK] (4584) Updated content (594 chars)
[OK] (4584) Updated content (483 chars)
[OK] (4419) Updated content (370 chars)
[OK] (4419) Updated content (370 chars)
[OK] (4584) Updated content (581 chars)
[OK] (4419) Updated content (382 chars)
[OK] (4419) Updated content (373 chars)
[OK] (4584) Updated content (761 chars)
[OK] (4584) Updated content (362 chars)
[OK] (4419) Updated content (552 chars)
[OK] (4419) Updated content (488 chars)
[OK] (4419) Updated content (341 chars)
[OK] (4419) Updated content (993 chars)
[OK] (4419) Updated content (384 chars)
[OK] (4419) Updated content (671 chars)
[OK] (4419) Updated content (679 chars)
[OK] (4138) Updated content (1020 chars)
[OK] (4138) Updated content (480 chars)
[OK] (4138) Updated content (194 chars)
[OK] (3512) Updated content (1267 chars)
[OK] (3512) Updated content (194 chars)
[OK] (3512) Updated content (504 chars)
[OK] (3512) Updated content (563 chars)
[OK] (3512) Updated content (528 chars)
[OK] (3512) Updated content (598 chars)
[OK] (6154) Updated content (491 chars)
[OK] (6154) Updated content (522 chars)
[OK] (6154) Updated content (1650 chars)
[OK] (3512) Updated content (526 chars)
[OK] (6154) Updated content (599 chars)
[OK] (6154) Updated content (745 chars)
[OK] (6154) Updated content (489 chars)
[OK] (6154) Updated content (194 chars)
[OK] (6154) Updated content (732 chars)
[OK] (6464) Updated content (571 chars)
[OK] (6154) Updated content (382 chars)
[OK] (6464) Updated content (814 chars)
[OK] (3512) Updated content (1502 chars)
[OK] (6464) Updated content (364 chars)
[OK] (6464) Updated content (1600 chars)
[OK] (6464) Updated content (355 chars)
[OK] (6464) Updated content (530 chars)
[OK] (6464) Updated content (359 chars)
[OK] (6464) Updated content (230 chars)
[OK] (3158) Updated content (196 chars)
[OK] (3118) Updated content (215 chars)
[OK] (3118) Updated content (811 chars)
[OK] (6464) Updated content (239 chars)
[OK] (6697) Updated content (383 chars)
[OK] (6697) Updated content (580 chars)
[OK] (6697) Updated content (358 chars)
[OK] (3512) Updated content (871 chars)
[OK] (6855) Updated content (1698 chars)
[OK] (6855) Updated content (536 chars)
[OK] (6697) Updated content (332 chars)
[OK] (2008) Updated content (872 chars)
[OK] (6697) Updated content (924 chars)
[OK] (6855) Updated content (497 chars)
[OK] (2008) Updated content (195 chars)
[OK] (2114) Updated content (462 chars)
[OK] (3158) Updated content (475 chars)
[OK] (2114) Updated content (817 chars)
[OK] (3118) Updated content (670 chars)
[OK] (6855) Updated content (378 chars)
[OK] (2114) Updated content (369 chars)
[OK] (2114) Updated content (195 chars)
[OK] (6855) Updated content (208 chars)
[OK] (3171) Updated content (189 chars)
[OK] (3171) Updated content (353 chars)
[OK] (2114) Updated content (280 chars)
[OK] (3171) Updated content (334 chars)
[OK] (6101) Updated content (331 chars)
[OK] (6101) Updated content (336 chars)
[OK] (3171) Updated content (344 chars)
[OK] (6101) Updated content (217 chars)
[OK] (6101) Updated content (719 chars)
[OK] (6101) Updated content (325 chars)
[OK] (6101) Updated content (395 chars)
[OK] (6629) Updated content (390 chars)
[OK] (6629) Updated content (540 chars)
[OK] (6855) Updated content (427 chars)
[OK] (6629) Updated content (576 chars)
[OK] (6629) Updated content (620 chars)
[OK] (4550) Updated content (579 chars)
[OK] (6629) Updated content (672 chars)
[OK] (6629) Updated content (410 chars)
[OK] (4550) Updated content (371 chars)
[OK] (6629) Updated content (675 chars)
[OK] (6101) Updated content (711 chars)
[OK] (4550) Updated content (666 chars)
[OK] (4121) Updated content (583 chars)
[OK] (4121) Updated content (457 chars)
[OK] (4121) Updated content (497 chars)
[OK] (4121) Updated content (588 chars)
[OK] (4121) Updated content (1369 chars)
[OK] (4121) Updated content (617 chars)
[OK] (4550) Updated content (402 chars)
[OK] (6629) Updated content (450 chars)
[OK] (4121) Updated content (373 chars)
[OK] (4121) Updated content (1296 chars)
[OK] (4935) Updated content (402 chars)
[OK] (4935) Updated content (379 chars)
[OK] (4121) Updated content (206 chars)
[OK] (3150) Updated content (429 chars)
[OK] (4935) Updated content (235 chars)
[OK] (3150) Updated content (202 chars)
[OK] (4935) Updated content (500 chars)
[OK] (4935) Updated content (711 chars)
[OK] (6924) Updated content (327 chars)
[OK] (6924) Updated content (310 chars)
[OK] (6924) Updated content (344 chars)
[OK] (6924) Updated content (377 chars)
[OK] (6924) Updated content (376 chars)
[OK] (6924) Updated content (343 chars)
[OK] (6924) Updated content (364 chars)
[OK] (6924) Updated content (343 chars)
[OK] (6924) Updated content (369 chars)
[OK] (6924) Updated content (1457 chars)
[OK] (6924) Updated content (719 chars)
[OK] (6924) Updated content (376 chars)
[OK] (6924) Updated content (377 chars)
[OK] (6924) Updated content (366 chars)
[OK] (4935) Updated content (367 chars)
[OK] (6924) Updated content (710 chars)
[OK] (1240) Updated content (351 chars)
[OK] (6804) Updated content (743 chars)
[OK] (6804) Updated content (767 chars)
[OK] (8437) Updated content (372 chars)
[OK] (6804) Updated content (1028 chars)
[OK] (8437) Updated content (247 chars)
[OK] (6804) Updated content (566 chars)
[OK] (6804) Updated content (492 chars)
[OK] (8437) Updated content (383 chars)
[OK] (8437) Updated content (371 chars)
[OK] (8437) Updated content (399 chars)
[OK] (6804) Updated content (1513 chars)
[OK] (8437) Updated content (450 chars)
[OK] (6259) Updated content (345 chars)
[OK] (8905) Updated content (675 chars)
[OK] (8905) Updated content (194 chars)
[OK] (8905) Updated content (684 chars)
[OK] (6259) Updated content (345 chars)
[OK] (6259) Updated content (367 chars)
[OK] (6259) Updated content (369 chars)
[OK] (6259) Updated content (413 chars)
[OK] (6259) Updated content (399 chars)
[OK] (6259) Updated content (345 chars)
[OK] (6259) Updated content (355 chars)
[OK] (6259) Updated content (404 chars)
[OK] (6259) Updated content (413 chars)
[OK] (8437) Updated content (354 chars)
[OK] (6259) Updated content (368 chars)
[OK] (6259) Updated content (414 chars)
[OK] (6259) Updated content (344 chars)
[OK] (6259) Updated content (232 chars)
[OK] (6259) Updated content (415 chars)
[OK] (8905) Updated content (849 chars)
[OK] (6259) Updated content (372 chars)
[OK] (6259) Updated content (681 chars)
[OK] (6259) Updated content (729 chars)
[OK] (7723) Updated content (383 chars)
[OK] (6259) Updated content (354 chars)
[OK] (6259) Updated content (346 chars)
[OK] (7723) Updated content (237 chars)
[OK] (6259) Updated content (365 chars)
[OK] (6754) Updated content (404 chars)
[OK] (6208) Updated content (333 chars)
[OK] (6754) Updated content (270 chars)
[OK] (7723) Updated content (365 chars)
[OK] (6754) Updated content (202 chars)
[OK] (6208) Updated content (334 chars)
[OK] (6208) Updated content (316 chars)
[OK] (6208) Updated content (360 chars)
[OK] (6208) Updated content (2959 chars)
[OK] (6208) Updated content (381 chars)
[OK] (6208) Updated content (4288 chars)
[OK] (6208) Updated content (1635 chars)
[OK] (6208) Updated content (323 chars)
[OK] (6208) Updated content (320 chars)
[OK] (6208) Updated content (339 chars)
[OK] (6208) Updated content (326 chars)
[OK] (6259) Updated content (3734 chars)
[OK] (6208) Updated content (388 chars)
[OK] (6208) Updated content (636 chars)
[OK] (6208) Updated content (194 chars)
[OK] (6208) Updated content (1251 chars)
[OK] (6208) Updated content (378 chars)
[OK] (6208) Updated content (1812 chars)
[OK] (6208) Updated content (309 chars)
[OK] (4109) Updated content (500 chars)
[OK] (6208) Updated content (592 chars)
[OK] (4109) Updated content (553 chars)
[OK] (6208) Updated content (335 chars)
[OK] (4109) Updated content (1527 chars)
[OK] (4109) Updated content (669 chars)
[OK] (4109) Updated content (473 chars)
[OK] (4109) Updated content (513 chars)
[OK] (4109) Updated content (509 chars)
[OK] (4109) Updated content (507 chars)
[OK] (4109) Updated content (484 chars)
[OK] (4109) Updated content (557 chars)
[OK] (4109) Updated content (591 chars)
[OK] (4109) Updated content (496 chars)
[OK] (4109) Updated content (479 chars)
[OK] (4109) Updated content (544 chars)
[OK] (4109) Updated content (217 chars)
[OK] (4109) Updated content (698 chars)
[OK] (2616) Updated content (209 chars)
[OK] (6982) Updated content (316 chars)
[OK] (2616) Updated content (429 chars)
[OK] (6982) Updated content (322 chars)
[OK] (6982) Updated content (565 chars)
[OK] (6982) Updated content (740 chars)
[OK] (6982) Updated content (705 chars)
[OK] (4109) Updated content (358 chars)
[OK] (6982) Updated content (733 chars)
[OK] (6982) Updated content (1990 chars)
[OK] (6982) Updated content (1699 chars)
[OK] (6982) Updated content (631 chars)
[OK] (6982) Updated content (313 chars)
[OK] (6982) Updated content (548 chars)
[OK] (6982) Updated content (488 chars)
[OK] (6982) Updated content (386 chars)
[OK] (6982) Updated content (205 chars)
[OK] (6982) Updated content (582 chars)
[OK] (6982) Updated content (464 chars)
[OK] (6982) Updated content (467 chars)
[OK] (6982) Updated content (582 chars)
[OK] (5364) Updated content (351 chars)
[OK] (5364) Updated content (205 chars)
[OK] (5364) Updated content (613 chars)
[OK] (6276) Updated content (378 chars)
[OK] (6276) Updated content (700 chars)
[OK] (5364) Updated content (403 chars)
[OK] (6276) Updated content (216 chars)
[OK] (6276) Updated content (735 chars)
[OK] (6276) Updated content (361 chars)
[OK] (6276) Updated content (1297 chars)
[OK] (4581) Updated content (214 chars)
[OK] (6276) Updated content (469 chars)
[OK] (6276) Updated content (479 chars)
[OK] (6276) Updated content (696 chars)
[OK] (6276) Updated content (556 chars)
[OK] (6276) Updated content (384 chars)
[OK] (2702) Updated content (350 chars)
[OK] (6276) Updated content (469 chars)
[OK] (6276) Updated content (373 chars)
[OK] (2702) Updated content (265 chars)
[OK] (3467) Updated content (323 chars)
[OK] (6276) Updated content (701 chars)
[OK] (2702) Updated content (194 chars)
[OK] (3467) Updated content (321 chars)
[OK] (3467) Updated content (312 chars)
[OK] (3467) Updated content (361 chars)
[OK] (6578) Updated content (289 chars)
[OK] (3467) Updated content (320 chars)
[OK] (6578) Updated content (218 chars)
[OK] (6578) Updated content (331 chars)
[OK] (6578) Updated content (269 chars)
[OK] (6578) Updated content (375 chars)
[OK] (6578) Updated content (189 chars)
[OK] (9962) Updated content (659 chars)
[OK] (8024) Updated content (1322 chars)
[OK] (8024) Updated content (683 chars)
[OK] (8024) Updated content (498 chars)
[OK] (8024) Updated content (460 chars)
[OK] (8024) Updated content (475 chars)
[OK] (9962) Updated content (194 chars)
[OK] (6578) Updated content (566 chars)
[OK] (2712) Updated content (1359 chars)
[OK] (2712) Updated content (478 chars)
[OK] (2712) Updated content (490 chars)
[OK] (2712) Updated content (425 chars)
[OK] (2712) Updated content (539 chars)
[OK] (8024) Updated content (684 chars)
[OK] (1734) Updated content (194 chars)
[OK] (3040) Updated content (587 chars)
[OK] (5907) Updated content (197 chars)
[OK] (2712) Updated content (339 chars)
[OK] (1734) Updated content (635 chars)
[OK] (3040) Updated content (215 chars)
[OK] (2712) Updated content (758 chars)

[DONE] Content fetching complete!
[TIME] Total: 441.22 seconds
[週二 2026/06/16 11:29:27.65] Analyzing sentiment... 
[週二 2026/06/16 11:29:27.66] Running nstock analyze_sentiment... 
d:\StockPulse\stocks_news\nstock\analyze_sentiment.py:200: DeprecationWarning: 'asyncio.WindowsSelectorEventLoopPolicy' is deprecated and slated for removal in Python 3.16
  asyncio.set_event_loop_policy(asyncio.WindowsSelectorEventLoopPolicy())
d:\StockPulse\stocks_news\nstock\analyze_sentiment.py:200: DeprecationWarning: 'asyncio.set_event_loop_policy' is deprecated and slated for removal in Python 3.16
  asyncio.set_event_loop_policy(asyncio.WindowsSelectorEventLoopPolicy())

============================================================
NStock 新聞情緒分析
============================================================

[OK] 資料庫連線成功

[INFO] 找到 1 筆需要分析的新聞

開始處理 1 筆新聞 (並發數: 2)...


============================================================
[OK] 情緒分析完成!
============================================================
成功: 1 筆
失敗: 0 筆
總計: 1 筆
耗時: 23.4 秒
============================================================

[週二 2026/06/16 11:29:54.08] Running yahoo analyze_sentiment... 
d:\StockPulse\stocks_news\yahoo\analyze_sentiment.py:186: DeprecationWarning: 'asyncio.WindowsSelectorEventLoopPolicy' is deprecated and slated for removal in Python 3.16
  asyncio.set_event_loop_policy(asyncio.WindowsSelectorEventLoopPolicy())
d:\StockPulse\stocks_news\yahoo\analyze_sentiment.py:186: DeprecationWarning: 'asyncio.set_event_loop_policy' is deprecated and slated for removal in Python 3.16
  asyncio.set_event_loop_policy(asyncio.WindowsSelectorEventLoopPolicy())
[START] Analyzing sentiment scores...
Found 10 news items to analyze

[START] Processing 10 tasks (max concurrency: 2)...

  [PROGRESS] 10/10 completed (0 failed)

[DONE] Sentiment analysis complete!
Success: 10
Failed: 0
Total: 10
[TIME] Total: 95.46 seconds
[週二 2026/06/16 11:31:31.43] Running cnyes analyze_sentiment... 
d:\StockPulse\stocks_news\cnyes\analyze_sentiment.py:186: DeprecationWarning: 'asyncio.WindowsSelectorEventLoopPolicy' is deprecated and slated for removal in Python 3.16
  asyncio.set_event_loop_policy(asyncio.WindowsSelectorEventLoopPolicy())
d:\StockPulse\stocks_news\cnyes\analyze_sentiment.py:186: DeprecationWarning: 'asyncio.set_event_loop_policy' is deprecated and slated for removal in Python 3.16
  asyncio.set_event_loop_policy(asyncio.WindowsSelectorEventLoopPolicy())
[START] Analyzing sentiment scores...
Found 67 news items to analyze

[START] Processing 67 tasks (max concurrency: 2)...

  [PROGRESS] 10/67 completed (0 failed)
  [PROGRESS] 20/67 completed (0 failed)
  [PROGRESS] 30/67 completed (0 failed)
  [PROGRESS] 40/67 completed (0 failed)
  [PROGRESS] 50/67 completed (0 failed)
  [PROGRESS] 60/67 completed (0 failed)

[DONE] Sentiment analysis complete!
Success: 67
Failed: 0
Total: 67
[TIME] Total: 628.05 seconds
[週二 2026/06/16 11:42:01.59] Daily pipeline complete. 
