============================================ 
[週二 2026/06/23 22:49:01.38] Hot crawlers starting 
============================================ 
[週二 2026/06/23 22:49:01.39] Running nstock hot... 
d:\StockPulse\stocks_news\nstock\crawler_hot.py:314: DeprecationWarning: 'asyncio.WindowsSelectorEventLoopPolicy' is deprecated and slated for removal in Python 3.16
  asyncio.set_event_loop_policy(asyncio.WindowsSelectorEventLoopPolicy())
d:\StockPulse\stocks_news\nstock\crawler_hot.py:314: DeprecationWarning: 'asyncio.set_event_loop_policy' is deprecated and slated for removal in Python 3.16
  asyncio.set_event_loop_policy(asyncio.WindowsSelectorEventLoopPolicy())

============================================================
NStock 股市新聞爬蟲 - 熱門股
============================================================

[INFO] 讀取股票清單: 974 支股票

[INFO] 已處理: 0 支
[INFO] 待處理: 974 支

[OK] 資料庫連線成功

[1/974] 處理 1449...
  [OK] 1449: 找到 2 筆新聞
[2/974] 處理 6642...
  [-] 6642: 無符合條件的新聞
[3/974] 處理 2897...
  [-] 2897: 無符合條件的新聞
[4/974] 處理 1220...
  [-] 1220: 無符合條件的新聞
[5/974] 處理 2527...
  [OK] 2527: 找到 3 筆新聞
[6/974] 處理 8284...
  [OK] 8284: 找到 3 筆新聞
[7/974] 處理 6530...
  [-] 6530: 無符合條件的新聞
[8/974] 處理 1617...
  [-] 1617: 無符合條件的新聞
[9/974] 處理 4976...
  [OK] 4976: 找到 2 筆新聞
[10/974] 處理 6823...
  [OK] 6823: 找到 2 筆新聞
[11/974] 處理 1342...
  [OK] 1342: 找到 2 筆新聞
[12/974] 處理 3038...
  [-] 3038: 無符合條件的新聞
[13/974] 處理 3686...
  [-] 3686: 無符合條件的新聞
[14/974] 處理 3490...
  [-] 3490: 無符合條件的新聞
[15/974] 處理 6838...
  [-] 6838: 無符合條件的新聞
[16/974] 處理 8289...
  [-] 8289: 無符合條件的新聞
[17/974] 處理 3321...
  [OK] 3321: 找到 2 筆新聞
[18/974] 處理 2444...
  [-] 2444: 無符合條件的新聞
[19/974] 處理 2836...
  [-] 2836: 無符合條件的新聞
[20/974] 處理 5227...
  [OK] 5227: 找到 1 筆新聞
[21/974] 處理 5607...
  [OK] 5607: 找到 1 筆新聞
[22/974] 處理 6585...
  [-] 6585: 無符合條件的新聞
[23/974] 處理 1440...
  [-] 1440: 無符合條件的新聞
[24/974] 處理 1907...
  [-] 1907: 無符合條件的新聞
[25/974] 處理 3609...
  [-] 3609: 無符合條件的新聞
[26/974] 處理 2462...
  [-] 2462: 無符合條件的新聞
[27/974] 處理 1436...
  [OK] 1436: 找到 1 筆新聞
[28/974] 處理 6230...
  [OK] 6230: 找到 1 筆新聞
[29/974] 處理 3685...
  [OK] 3685: 找到 2 筆新聞
[30/974] 處理 2427...
  [-] 2427: 無符合條件的新聞
[31/974] 處理 6525...
  [-] 6525: 無符合條件的新聞
[32/974] 處理 6894...
  [-] 6894: 無符合條件的新聞
[33/974] 處理 5258...
  [-] 5258: 無符合條件的新聞
[34/974] 處理 2023...
  [-] 2023: 無符合條件的新聞
[35/974] 處理 6715...
  [OK] 6715: 找到 1 筆新聞
[36/974] 處理 6272...
  [-] 6272: 無符合條件的新聞
[37/974] 處理 6233...
  [OK] 6233: 找到 1 筆新聞
[38/974] 處理 1710...
  [OK] 1710: 找到 2 筆新聞
[39/974] 處理 2015...
  [OK] 2015: 找到 1 筆新聞
[40/974] 處理 5706...
  [-] 5706: 無符合條件的新聞
[41/974] 處理 2420...
  [-] 2420: 無符合條件的新聞
[42/974] 處理 6203...
  [-] 6203: 無符合條件的新聞
[43/974] 處理 7736...
  [OK] 7736: 找到 2 筆新聞
[44/974] 處理 2070...
  [-] 2070: 無符合條件的新聞
[45/974] 處理 8467...
  [-] 8467: 無符合條件的新聞
[46/974] 處理 6913...
  [-] 6913: 無符合條件的新聞
[47/974] 處理 5245...
  [OK] 5245: 找到 3 筆新聞
[48/974] 處理 6803...
  [-] 6803: 無符合條件的新聞
[49/974] 處理 6151...
  [OK] 6151: 找到 2 筆新聞
[50/974] 處理 3379...
  [OK] 3379: 找到 3 筆新聞
[51/974] 處理 3466...
  [-] 3466: 無符合條件的新聞
[52/974] 處理 6996...
  [-] 6996: 無符合條件的新聞
[53/974] 處理 2530...
  [-] 2530: 無符合條件的新聞
[54/974] 處理 3011...
  [-] 3011: 無符合條件的新聞
[55/974] 處理 6416...
  [-] 6416: 無符合條件的新聞
[56/974] 處理 2617...
  [-] 2617: 無符合條件的新聞
[57/974] 處理 1325...
  [-] 1325: 無符合條件的新聞
[58/974] 處理 6695...
  [OK] 6695: 找到 2 筆新聞
[59/974] 處理 6870...
  [OK] 6870: 找到 1 筆新聞
[60/974] 處理 2528...
  [-] 2528: 無符合條件的新聞
[61/974] 處理 1904...
  [OK] 1904: 找到 1 筆新聞
[62/974] 處理 6461...
  [-] 6461: 無符合條件的新聞
[63/974] 處理 7712...
  [OK] 7712: 找到 1 筆新聞
[64/974] 處理 5288...
  [-] 5288: 無符合條件的新聞
[65/974] 處理 3050...
  [-] 3050: 無符合條件的新聞
[66/974] 處理 2636...
  [-] 2636: 無符合條件的新聞
[67/974] 處理 2031...
  [-] 2031: 無符合條件的新聞
[68/974] 處理 3003...
  [-] 3003: 無符合條件的新聞
[69/974] 處理 1611...
  [-] 1611: 無符合條件的新聞
[70/974] 處理 1310...
  [OK] 1310: 找到 1 筆新聞
[71/974] 處理 3628...
  [-] 3628: 無符合條件的新聞
[72/974] 處理 8415...
  [-] 8415: 無符合條件的新聞
[73/974] 處理 2030...
  [-] 2030: 無符合條件的新聞
[74/974] 處理 2387...
  [OK] 2387: 找到 2 筆新聞
[75/974] 處理 6761...
  [OK] 6761: 找到 1 筆新聞
[76/974] 處理 6113...
  [-] 6113: 無符合條件的新聞
[77/974] 處理 6576...
  [-] 6576: 無符合條件的新聞
[78/974] 處理 6693...
  [OK] 6693: 找到 5 筆新聞
[79/974] 處理 6928...
  [-] 6928: 無符合條件的新聞
[80/974] 處理 8085...
  [-] 8085: 無符合條件的新聞
[81/974] 處理 8927...
  [OK] 8927: 找到 2 筆新聞
[82/974] 處理 2362...
  [-] 2362: 無符合條件的新聞
[83/974] 處理 3339...
  [-] 3339: 無符合條件的新聞
[84/974] 處理 4714...
  [-] 4714: 無符合條件的新聞
[85/974] 處理 6875...
  [OK] 6875: 找到 3 筆新聞
[86/974] 處理 4588...
  [-] 4588: 無符合條件的新聞
[87/974] 處理 8462...
  [-] 8462: 無符合條件的新聞
[88/974] 處理 9942...
  [-] 9942: 無符合條件的新聞
[89/974] 處理 3546...
  [-] 3546: 無符合條件的新聞
[90/974] 處理 8438...
  [-] 8438: 無符合條件的新聞
[91/974] 處理 6558...
  [-] 6558: 無符合條件的新聞
[92/974] 處理 1308...
  [-] 1308: 無符合條件的新聞
[93/974] 處理 8107...
  [-] 8107: 無符合條件的新聞
[94/974] 處理 2539...
  [OK] 2539: 找到 2 筆新聞
[95/974] 處理 3588...
  [OK] 3588: 找到 2 筆新聞
[96/974] 處理 6226...
  [-] 6226: 無符合條件的新聞
[97/974] 處理 6957...
  [-] 6957: 無符合條件的新聞
[98/974] 處理 6425...
  [OK] 6425: 找到 2 筆新聞
[99/974] 處理 4129...
  [-] 4129: 無符合條件的新聞
[100/974] 處理 3219...
  [OK] 3219: 找到 1 筆新聞
[101/974] 處理 6732...
  [-] 6732: 無符合條件的新聞
[102/974] 處理 8083...
  [-] 8083: 無符合條件的新聞
[103/974] 處理 6918...
  [-] 6918: 無符合條件的新聞
[104/974] 處理 2614...
  [-] 2614: 無符合條件的新聞
[105/974] 處理 4720...
  [-] 4720: 無符合條件的新聞
[106/974] 處理 1526...
  [OK] 1526: 找到 3 筆新聞
[107/974] 處理 1586...
  [-] 1586: 無符合條件的新聞
[108/974] 處理 8034...
  [-] 8034: 無符合條件的新聞
[109/974] 處理 1786...
  [-] 1786: 無符合條件的新聞
[110/974] 處理 6477...
  [-] 6477: 無符合條件的新聞
[111/974] 處理 3218...
  [-] 3218: 無符合條件的新聞
[112/974] 處理 1784...
  [-] 1784: 無符合條件的新聞
[113/974] 處理 4104...
  [OK] 4104: 找到 2 筆新聞
[114/974] 處理 4736...
  [-] 4736: 無符合條件的新聞
[115/974] 處理 8109...
  [-] 8109: 無符合條件的新聞
[116/974] 處理 5302...
  [OK] 5302: 找到 3 筆新聞
[117/974] 處理 3390...
  [-] 3390: 無符合條件的新聞
[118/974] 處理 2640...
  [-] 2640: 無符合條件的新聞
[119/974] 處理 3479...
  [OK] 3479: 找到 1 筆新聞
[120/974] 處理 6486...
  [-] 6486: 無符合條件的新聞
[121/974] 處理 2537...
  [OK] 2537: 找到 5 筆新聞
[122/974] 處理 6785...
  [-] 6785: 無符合條件的新聞
[123/974] 處理 1506...
  [OK] 1506: 找到 2 筆新聞
[124/974] 處理 5306...
  [-] 5306: 無符合條件的新聞
[125/974] 處理 6925...
  [-] 6925: 無符合條件的新聞
[126/974] 處理 1563...
  [-] 1563: 無符合條件的新聞
[127/974] 處理 1723...
  [-] 1723: 無符合條件的新聞
[128/974] 處理 2607...
  [OK] 2607: 找到 1 筆新聞
[129/974] 處理 2348...
  [-] 2348: 無符合條件的新聞
[130/974] 處理 2453...
  [-] 2453: 無符合條件的新聞
[131/974] 處理 1712...
  [-] 1712: 無符合條件的新聞
[132/974] 處理 2108...
  [-] 2108: 無符合條件的新聞
[133/974] 處理 6841...
  [-] 6841: 無符合條件的新聞
[134/974] 處理 1227...
  [-] 1227: 無符合條件的新聞
[135/974] 處理 5534...
  [-] 5534: 無符合條件的新聞
[136/974] 處理 1532...
  [OK] 1532: 找到 5 筆新聞
[137/974] 處理 1909...
  [-] 1909: 無符合條件的新聞
[138/974] 處理 1442...
  [OK] 1442: 找到 2 筆新聞
[139/974] 處理 1616...
  [OK] 1616: 找到 2 筆新聞
[140/974] 處理 4721...
  [-] 4721: 無符合條件的新聞
[141/974] 處理 6117...
  [OK] 6117: 找到 1 筆新聞
[142/974] 處理 1231...
  [OK] 1231: 找到 2 筆新聞
[143/974] 處理 6021...
  [-] 6021: 無符合條件的新聞
[144/974] 處理 1307...
  [-] 1307: 無符合條件的新聞
[145/974] 處理 5225...
  [-] 5225: 無符合條件的新聞
[146/974] 處理 3257...
  [-] 3257: 無符合條件的新聞
[147/974] 處理 2426...
  [OK] 2426: 找到 3 筆新聞
[148/974] 處理 4174...
  [-] 4174: 無符合條件的新聞
[149/974] 處理 3504...
  [-] 3504: 無符合條件的新聞
[150/974] 處理 4114...
  [-] 4114: 無符合條件的新聞
[151/974] 處理 8938...
  [-] 8938: 無符合條件的新聞
[152/974] 處理 4130...
  [-] 4130: 無符合條件的新聞
[153/974] 處理 2230...
  [-] 2230: 無符合條件的新聞
[154/974] 處理 1515...
  [-] 1515: 無符合條件的新聞
[155/974] 處理 1410...
  [-] 1410: 無符合條件的新聞
[156/974] 處理 6799...
  [-] 6799: 無符合條件的新聞
[157/974] 處理 6829...
  [-] 6829: 無符合條件的新聞
[158/974] 處理 6588...
  [-] 6588: 無符合條件的新聞
[159/974] 處理 6782...
  [-] 6782: 無符合條件的新聞
[160/974] 處理 6541...
  [OK] 6541: 找到 1 筆新聞
[161/974] 處理 8044...
  [-] 8044: 無符合條件的新聞
[162/974] 處理 6861...
  [-] 6861: 無符合條件的新聞
[163/974] 處理 3056...
  [OK] 3056: 找到 3 筆新聞
[164/974] 處理 3444...
  [-] 3444: 無符合條件的新聞
[165/974] 處理 3530...
  [-] 3530: 無符合條件的新聞
[166/974] 處理 3213...
  [-] 3213: 無符合條件的新聞
[167/974] 處理 2850...
  [-] 2850: 無符合條件的新聞
[168/974] 處理 6261...
  [-] 6261: 無符合條件的新聞
[169/974] 處理 6591...
  [-] 6591: 無符合條件的新聞
[170/974] 處理 6550...
  [-] 6550: 無符合條件的新聞
[171/974] 處理 6811...
  [OK] 6811: 找到 1 筆新聞
[172/974] 處理 2010...
  [-] 2010: 無符合條件的新聞
[173/974] 處理 6270...
  [-] 6270: 無符合條件的新聞
[174/974] 處理 2241...
  [-] 2241: 無符合條件的新聞
[175/974] 處理 3032...
  [-] 3032: 無符合條件的新聞
[176/974] 處理 1419...
  [-] 1419: 無符合條件的新聞
[177/974] 處理 7744...
  [-] 7744: 無符合條件的新聞
[178/974] 處理 1708...
  [-] 1708: 無符合條件的新聞
[179/974] 處理 6112...
  [-] 6112: 無符合條件的新聞
[180/974] 處理 5228...
  [-] 5228: 無符合條件的新聞
[181/974] 處理 2723...
  [-] 2723: 無符合條件的新聞
[182/974] 處理 4912...
  [-] 4912: 無符合條件的新聞
[183/974] 處理 1584...
  [-] 1584: 無符合條件的新聞
[184/974] 處理 3630...
  [-] 3630: 無符合條件的新聞
[185/974] 處理 2417...
  [-] 2417: 無符合條件的新聞
[186/974] 處理 4128...
  [-] 4128: 無符合條件的新聞
[187/974] 處理 2535...
  [-] 2535: 無符合條件的新聞
[188/974] 處理 2115...
  [-] 2115: 無符合條件的新聞
[189/974] 處理 4960...
  [OK] 4960: 找到 1 筆新聞
[190/974] 處理 6204...
  [-] 6204: 無符合條件的新聞
[191/974] 處理 6189...
  [-] 6189: 無符合條件的新聞
[192/974] 處理 6186...
  [OK] 6186: 找到 5 筆新聞
[193/974] 處理 2465...
  [-] 2465: 無符合條件的新聞
[194/974] 處理 6417...
  [OK] 6417: 找到 2 筆新聞
[195/974] 處理 3416...
  [-] 3416: 無符合條件的新聞
[196/974] 處理 2034...
  [-] 2034: 無符合條件的新聞
[197/974] 處理 3498...
  [-] 3498: 無符合條件的新聞
[198/974] 處理 6405...
  [-] 6405: 無符合條件的新聞
[199/974] 處理 2258...
  [OK] 2258: 找到 1 筆新聞
[200/974] 處理 6698...
  [OK] 6698: 找到 1 筆新聞
[201/974] 處理 3055...
  [-] 3055: 無符合條件的新聞
[202/974] 處理 5474...
  [-] 5474: 無符合條件的新聞
[203/974] 處理 3234...
  [OK] 3234: 找到 1 筆新聞
[204/974] 處理 6166...
  [OK] 6166: 找到 3 筆新聞
[205/974] 處理 4523...
  [-] 4523: 無符合條件的新聞
[206/974] 處理 6625...
  [-] 6625: 無符合條件的新聞
[207/974] 處理 2501...
  [-] 2501: 無符合條件的新聞
[208/974] 處理 6015...
  [OK] 6015: 找到 2 筆新聞
[209/974] 處理 6026...
  [-] 6026: 無符合條件的新聞
[210/974] 處理 6596...
  [OK] 6596: 找到 1 筆新聞
[211/974] 處理 3141...
  [-] 3141: 無符合條件的新聞
[212/974] 處理 3567...
  [OK] 3567: 找到 1 筆新聞
[213/974] 處理 6170...
  [OK] 6170: 找到 1 筆新聞
[214/974] 處理 8011...
  [-] 8011: 無符合條件的新聞
[215/974] 處理 1603...
  [OK] 1603: 找到 3 筆新聞
[216/974] 處理 1313...
  [-] 1313: 無符合條件的新聞
[217/974] 處理 2247...
  [-] 2247: 無符合條件的新聞
[218/974] 處理 6589...
  [-] 6589: 無符合條件的新聞
[219/974] 處理 3323...
  [-] 3323: 無符合條件的新聞
[220/974] 處理 2497...
  [-] 2497: 無符合條件的新聞
[221/974] 處理 2851...
  [-] 2851: 無符合條件的新聞
[222/974] 處理 3228...
  [-] 3228: 無符合條件的新聞
[223/974] 處理 4755...
  [-] 4755: 無符合條件的新聞
[224/974] 處理 1903...
  [-] 1903: 無符合條件的新聞
[225/974] 處理 4164...
  [-] 4164: 無符合條件的新聞
[226/974] 處理 6720...
  [OK] 6720: 找到 1 筆新聞
[227/974] 處理 7786...
  [OK] 7786: 找到 1 筆新聞
[228/974] 處理 8215...
  [OK] 8215: 找到 5 筆新聞
[229/974] 處理 3338...
  [-] 3338: 無符合條件的新聞
[230/974] 處理 2101...
  [OK] 2101: 找到 1 筆新聞
[231/974] 處理 6179...
  [-] 6179: 無符合條件的新聞
[232/974] 處理 3041...
  [-] 3041: 無符合條件的新聞
[233/974] 處理 5522...
  [OK] 5522: 找到 2 筆新聞
[234/974] 處理 6180...
  [-] 6180: 無符合條件的新聞
[235/974] 處理 7740...
  [-] 7740: 無符合條件的新聞
[236/974] 處理 5608...
  [-] 5608: 無符合條件的新聞
[237/974] 處理 2520...
  [-] 2520: 無符合條件的新聞
[238/974] 處理 7805...
  [-] 7805: 無符合條件的新聞
[239/974] 處理 1718...
  [-] 1718: 無符合條件的新聞
[240/974] 處理 6150...
  [-] 6150: 無符合條件的新聞
[241/974] 處理 7788...
  [-] 7788: 無符合條件的新聞
[242/974] 處理 4566...
  [-] 4566: 無符合條件的新聞
[243/974] 處理 3356...
  [-] 3356: 無符合條件的新聞
[244/974] 處理 8163...
  [-] 8163: 無符合條件的新聞
[245/974] 處理 3617...
  [-] 3617: 無符合條件的新聞
[246/974] 處理 3092...
  [OK] 3092: 找到 1 筆新聞
[247/974] 處理 8222...
  [-] 8222: 無符合條件的新聞
[248/974] 處理 5426...
  [-] 5426: 無符合條件的新聞
[249/974] 處理 2429...
  [-] 2429: 無符合條件的新聞
[250/974] 處理 4746...
  [-] 4746: 無符合條件的新聞
[251/974] 處理 5432...
  [-] 5432: 無符合條件的新聞
[252/974] 處理 6146...
  [OK] 6146: 找到 2 筆新聞
[253/974] 處理 8171...
  [-] 8171: 無符合條件的新聞
[254/974] 處理 5478...
  [-] 5478: 無符合條件的新聞
[255/974] 處理 5291...
  [OK] 5291: 找到 1 筆新聞
[256/974] 處理 6613...
  [OK] 6613: 找到 1 筆新聞
[257/974] 處理 6199...
  [-] 6199: 無符合條件的新聞
[258/974] 處理 3128...
  [OK] 3128: 找到 2 筆新聞
[259/974] 處理 6895...
  [OK] 6895: 找到 1 筆新聞
[260/974] 處理 1569...
  [OK] 1569: 找到 3 筆新聞
[261/974] 處理 6426...
  [-] 6426: 無符合條件的新聞
[262/974] 處理 3537...
  [OK] 3537: 找到 1 筆新聞
[263/974] 處理 6568...
  [-] 6568: 無符合條件的新聞
[264/974] 處理 7715...
  [-] 7715: 無符合條件的新聞
[265/974] 處理 1517...
  [-] 1517: 無符合條件的新聞
[266/974] 處理 8374...
  [-] 8374: 無符合條件的新聞
[267/974] 處理 8249...
  [OK] 8249: 找到 1 筆新聞
[268/974] 處理 6735...
  [-] 6735: 無符合條件的新聞
[269/974] 處理 2106...
  [-] 2106: 無符合條件的新聞
[270/974] 處理 6561...
  [-] 6561: 無符合條件的新聞
[271/974] 處理 3322...
  [OK] 3322: 找到 2 筆新聞
[272/974] 處理 7714...
  [-] 7714: 無符合條件的新聞
[273/974] 處理 2103...
  [-] 2103: 無符合條件的新聞
[274/974] 處理 8121...
  [-] 8121: 無符合條件的新聞
[275/974] 處理 6923...
  [-] 6923: 無符合條件的新聞
[276/974] 處理 1808...
  [-] 1808: 無符合條件的新聞
[277/974] 處理 3088...
  [-] 3088: 無符合條件的新聞
[278/974] 處理 6547...
  [-] 6547: 無符合條件的新聞
[279/974] 處理 6620...
  [OK] 6620: 找到 1 筆新聞
[280/974] 處理 6854...
  [-] 6854: 無符合條件的新聞
[281/974] 處理 4147...
  [OK] 4147: 找到 1 筆新聞
[282/974] 處理 6499...
  [-] 6499: 無符合條件的新聞
[283/974] 處理 3694...
  [-] 3694: 無符合條件的新聞
[284/974] 處理 9907...
  [OK] 9907: 找到 2 筆新聞
[285/974] 處理 5508...
  [-] 5508: 無符合條件的新聞
[286/974] 處理 6535...
  [-] 6535: 無符合條件的新聞
[287/974] 處理 4923...
  [-] 4923: 無符合條件的新聞
[288/974] 處理 8080...
  [-] 8080: 無符合條件的新聞
[289/974] 處理 1714...
  [OK] 1714: 找到 1 筆新聞
[290/974] 處理 2504...
  [-] 2504: 無符合條件的新聞
[291/974] 處理 4168...
  [OK] 4168: 找到 1 筆新聞
[292/974] 處理 4303...
  [-] 4303: 無符合條件的新聞
[293/974] 處理 3540...
  [-] 3540: 無符合條件的新聞
[294/974] 處理 6727...
  [OK] 6727: 找到 1 筆新聞
[295/974] 處理 2753...
  [OK] 2753: 找到 2 筆新聞
[296/974] 處理 6491...
  [-] 6491: 無符合條件的新聞
[297/974] 處理 4142...
  [-] 4142: 無符合條件的新聞
[298/974] 處理 1905...
  [OK] 1905: 找到 3 筆新聞
[299/974] 處理 6214...
  [-] 6214: 無符合條件的新聞
[300/974] 處理 2727...
  [-] 2727: 無符合條件的新聞
[301/974] 處理 4974...
  [-] 4974: 無符合條件的新聞
[302/974] 處理 2903...
  [OK] 2903: 找到 3 筆新聞
[303/974] 處理 2305...
  [OK] 2305: 找到 1 筆新聞
[304/974] 處理 2425...
  [-] 2425: 無符合條件的新聞
[305/974] 處理 4542...
  [OK] 4542: 找到 1 筆新聞
[306/974] 處理 6546...
  [OK] 6546: 找到 1 筆新聞
[307/974] 處理 1713...
  [OK] 1713: 找到 2 筆新聞
[308/974] 處理 7777...
  [OK] 7777: 找到 1 筆新聞
[309/974] 處理 8227...
  [-] 8227: 無符合條件的新聞
[310/974] 處理 9934...
  [-] 9934: 無符合條件的新聞
[311/974] 處理 6763...
  [OK] 6763: 找到 3 筆新聞
[312/974] 處理 3712...
  [OK] 3712: 找到 1 筆新聞
[313/974] 處理 6291...
  [-] 6291: 無符合條件的新聞
[314/974] 處理 8341...
  [-] 8341: 無符合條件的新聞
[315/974] 處理 8926...
  [OK] 8926: 找到 3 筆新聞
[316/974] 處理 6722...
  [-] 6722: 無符合條件的新聞
[317/974] 處理 6456...
  [-] 6456: 無符合條件的新聞
[318/974] 處理 2062...
  [-] 2062: 無符合條件的新聞
[319/974] 處理 8240...
  [-] 8240: 無符合條件的新聞
[320/974] 處理 6234...
  [OK] 6234: 找到 3 筆新聞
[321/974] 處理 3591...
  [OK] 3591: 找到 1 筆新聞
[322/974] 處理 6994...
  [-] 6994: 無符合條件的新聞
[323/974] 處理 8091...
  [-] 8091: 無符合條件的新聞
[324/974] 處理 1316...
  [OK] 1316: 找到 2 筆新聞
[325/974] 處理 1539...
  [-] 1539: 無符合條件的新聞
[326/974] 處理 2405...
  [OK] 2405: 找到 1 筆新聞
[327/974] 處理 4167...
  [-] 4167: 無符合條件的新聞
[328/974] 處理 2641...
  [-] 2641: 無符合條件的新聞
[329/974] 處理 4105...
  [-] 4105: 無符合條件的新聞
[330/974] 處理 4162...
  [OK] 4162: 找到 2 筆新聞
[331/974] 處理 8942...
  [-] 8942: 無符合條件的新聞
[332/974] 處理 9917...
  [-] 9917: 無符合條件的新聞
[333/974] 處理 3073...
  [OK] 3073: 找到 5 筆新聞
[334/974] 處理 6202...
  [OK] 6202: 找到 3 筆新聞
[335/974] 處理 3022...
  [-] 3022: 無符合條件的新聞
[336/974] 處理 3622...
  [-] 3622: 無符合條件的新聞
[337/974] 處理 6657...
  [-] 6657: 無符合條件的新聞
[338/974] 處理 7749...
  [-] 7749: 無符合條件的新聞
[339/974] 處理 1568...
  [-] 1568: 無符合條件的新聞
[340/974] 處理 4157...
  [OK] 4157: 找到 2 筆新聞
[341/974] 處理 4561...
  [OK] 4561: 找到 3 筆新聞
[342/974] 處理 6206...
  [-] 6206: 無符合條件的新聞
[343/974] 處理 3558...
  [-] 3558: 無符合條件的新聞
[344/974] 處理 6143...
  [-] 6143: 無符合條件的新聞
[345/974] 處理 3526...
  [-] 3526: 無符合條件的新聞
[346/974] 處理 7750...
  [OK] 7750: 找到 1 筆新聞
[347/974] 處理 7703...
  [-] 7703: 無符合條件的新聞
[348/974] 處理 2442...
  [-] 2442: 無符合條件的新聞
[349/974] 處理 3033...
  [-] 3033: 無符合條件的新聞
[350/974] 處理 6245...
  [-] 6245: 無符合條件的新聞
[351/974] 處理 2206...
  [OK] 2206: 找到 2 筆新聞
[352/974] 處理 1789...
  [-] 1789: 無符合條件的新聞
[353/974] 處理 1304...
  [-] 1304: 無符合條件的新聞
[354/974] 處理 3483...
  [-] 3483: 無符合條件的新聞
[355/974] 處理 6953...
  [-] 6953: 無符合條件的新聞
[356/974] 處理 6469...
  [-] 6469: 無符合條件的新聞
[357/974] 處理 6909...
  [OK] 6909: 找到 1 筆新聞
[358/974] 處理 4536...
  [-] 4536: 無符合條件的新聞
[359/974] 處理 1529...
  [-] 1529: 無符合條件的新聞
[360/974] 處理 4534...
  [OK] 4534: 找到 5 筆新聞
[361/974] 處理 3430...
  [-] 3430: 無符合條件的新聞
[362/974] 處理 6712...
  [-] 6712: 無符合條件的新聞
[363/974] 處理 6133...
  [OK] 6133: 找到 3 筆新聞
[364/974] 處理 9939...
  [-] 9939: 無符合條件的新聞
[365/974] 處理 2612...
  [-] 2612: 無符合條件的新聞
[366/974] 處理 3548...
  [-] 3548: 無符合條件的新聞
[367/974] 處理 9938...
  [-] 9938: 無符合條件的新聞
[368/974] 處理 6526...
  [-] 6526: 無符合條件的新聞
[369/974] 處理 3312...
  [-] 3312: 無符合條件的新聞
[370/974] 處理 6134...
  [-] 6134: 無符合條件的新聞
[371/974] 處理 5315...
  [-] 5315: 無符合條件的新聞
[372/974] 處理 6227...
  [-] 6227: 無符合條件的新聞
[373/974] 處理 3580...
  [-] 3580: 無符合條件的新聞
[374/974] 處理 4571...
  [-] 4571: 無符合條件的新聞
[375/974] 處理 2302...
  [OK] 2302: 找到 1 筆新聞
[376/974] 處理 6120...
  [-] 6120: 無符合條件的新聞
[377/974] 處理 6937...
  [OK] 6937: 找到 3 筆新聞
[378/974] 處理 4441...
  [OK] 4441: 找到 1 筆新聞
[379/974] 處理 3346...
  [OK] 3346: 找到 5 筆新聞
[380/974] 處理 2236...
  [-] 2236: 無符合條件的新聞
[381/974] 處理 7734...
  [OK] 7734: 找到 1 筆新聞
[382/974] 處理 1589...
  [OK] 1589: 找到 1 筆新聞
[383/974] 處理 2351...
  [-] 2351: 無符合條件的新聞
[384/974] 處理 3135...
  [-] 3135: 無符合條件的新聞
[385/974] 處理 3717...
  [OK] 3717: 找到 1 筆新聞
[386/974] 處理 2548...
  [OK] 2548: 找到 1 筆新聞
[387/974] 處理 7722...
  [-] 7722: 無符合條件的新聞
[388/974] 處理 8234...
  [-] 8234: 無符合條件的新聞
[389/974] 處理 5864...
  [-] 5864: 無符合條件的新聞
[390/974] 處理 6411...
  [OK] 6411: 找到 2 筆新聞
[391/974] 處理 1305...
  [-] 1305: 無符合條件的新聞
[392/974] 處理 1229...
  [OK] 1229: 找到 3 筆新聞
[393/974] 處理 6231...
  [-] 6231: 無符合條件的新聞
[394/974] 處理 8478...
  [-] 8478: 無符合條件的新聞
[395/974] 處理 4513...
  [-] 4513: 無符合條件的新聞
[396/974] 處理 7810...
  [-] 7810: 無符合條件的新聞
[397/974] 處理 6806...
  [OK] 6806: 找到 5 筆新聞
[398/974] 處理 6192...
  [-] 6192: 無符合條件的新聞
[399/974] 處理 8255...
  [OK] 8255: 找到 3 筆新聞
[400/974] 處理 6235...
  [-] 6235: 無符合條件的新聞
[401/974] 處理 3354...
  [-] 3354: 無符合條件的新聞
[402/974] 處理 7711...
  [-] 7711: 無符合條件的新聞
[403/974] 處理 6412...
  [-] 6412: 無符合條件的新聞
[404/974] 處理 3025...
  [-] 3025: 無符合條件的新聞
[405/974] 處理 3587...
  [-] 3587: 無符合條件的新聞
[406/974] 處理 3059...
  [OK] 3059: 找到 5 筆新聞
[407/974] 處理 2104...
  [-] 2104: 無符合條件的新聞
[408/974] 處理 2480...
  [-] 2480: 無符合條件的新聞
[409/974] 處理 2838...
  [-] 2838: 無符合條件的新聞
[410/974] 處理 2540...
  [OK] 2540: 找到 1 筆新聞
[411/974] 處理 6205...
  [-] 6205: 無符合條件的新聞
[412/974] 處理 3004...
  [-] 3004: 無符合條件的新聞
[413/974] 處理 3693...
  [-] 3693: 無符合條件的新聞
[414/974] 處理 4532...
  [OK] 4532: 找到 1 筆新聞
[415/974] 處理 6719...
  [-] 6719: 無符合條件的新聞
[416/974] 處理 2597...
  [-] 2597: 無符合條件的新聞
[417/974] 處理 6153...
  [-] 6153: 無符合條件的新聞
[418/974] 處理 2466...
  [OK] 2466: 找到 1 筆新聞
[419/974] 處理 2204...
  [-] 2204: 無符合條件的新聞
[420/974] 處理 3047...
  [-] 3047: 無符合條件的新聞
[421/974] 處理 2515...
  [-] 2515: 無符合條件的新聞
[422/974] 處理 4903...
  [-] 4903: 無符合條件的新聞
[423/974] 處理 6768...
  [-] 6768: 無符合條件的新聞
[424/974] 處理 8068...
  [OK] 8068: 找到 3 筆新聞
[425/974] 處理 6177...
  [-] 6177: 無符合條件的新聞
[426/974] 處理 8936...
  [-] 8936: 無符合條件的新聞
[427/974] 處理 6670...
  [OK] 6670: 找到 1 筆新聞
[428/974] 處理 8473...
  [-] 8473: 無符合條件的新聞
[429/974] 處理 3029...
  [-] 3029: 無符合條件的新聞
[430/974] 處理 1809...
  [OK] 1809: 找到 5 筆新聞
[431/974] 處理 4562...
  [OK] 4562: 找到 2 筆新聞
[432/974] 處理 3078...
  [OK] 3078: 找到 3 筆新聞
[433/974] 處理 6451...
  [-] 6451: 無符合條件的新聞
[434/974] 處理 6609...
  [-] 6609: 無符合條件的新聞
[435/974] 處理 1434...
  [-] 1434: 無符合條件的新聞
[436/974] 處理 8454...
  [-] 8454: 無符合條件的新聞
[437/974] 處理 6725...
  [OK] 6725: 找到 1 筆新聞
[438/974] 處理 1210...
  [OK] 1210: 找到 1 筆新聞
[439/974] 處理 2731...
  [-] 2731: 無符合條件的新聞
[440/974] 處理 2323...
  [OK] 2323: 找到 2 筆新聞
[441/974] 處理 1409...
  [-] 1409: 無符合條件的新聞
[442/974] 處理 3049...
  [-] 3049: 無符合條件的新聞
[443/974] 處理 9802...
  [-] 9802: 無符合條件的新聞
[444/974] 處理 5009...
  [-] 5009: 無符合條件的新聞
[445/974] 處理 3014...
  [OK] 3014: 找到 5 筆新聞
[446/974] 處理 8081...
  [-] 8081: 無符合條件的新聞
[447/974] 處理 6278...
  [OK] 6278: 找到 2 筆新聞
[448/974] 處理 6962...
  [-] 6962: 無符合條件的新聞
[449/974] 處理 3317...
  [OK] 3317: 找到 2 筆新聞
[450/974] 處理 2867...
  [OK] 2867: 找到 1 筆新聞
[451/974] 處理 3221...
  [OK] 3221: 找到 2 筆新聞
[452/974] 處理 9955...
  [-] 9955: 無符合條件的新聞
[453/974] 處理 3217...
  [-] 3217: 無符合條件的新聞
[454/974] 處理 3289...
  [-] 3289: 無符合條件的新聞
[455/974] 處理 5263...
  [OK] 5263: 找到 5 筆新聞
[456/974] 處理 3501...
  [OK] 3501: 找到 5 筆新聞
[457/974] 處理 1540...
  [OK] 1540: 找到 2 筆新聞
[458/974] 處理 2889...
  [-] 2889: 無符合條件的新聞
[459/974] 處理 4585...
  [-] 4585: 無符合條件的新聞
[460/974] 處理 4770...
  [OK] 4770: 找到 2 筆新聞
[461/974] 處理 3294...
  [OK] 3294: 找到 1 筆新聞
[462/974] 處理 9945...
  [-] 9945: 無符合條件的新聞
[463/974] 處理 2436...
  [-] 2436: 無符合條件的新聞
[464/974] 處理 6462...
  [-] 6462: 無符合條件的新聞
[465/974] 處理 6279...
  [-] 6279: 無符合條件的新聞
[466/974] 處理 1810...
  [OK] 1810: 找到 1 筆新聞
[467/974] 處理 2332...
  [OK] 2332: 找到 1 筆新聞
[468/974] 處理 2208...
  [-] 2208: 無符合條件的新聞
[469/974] 處理 6104...
  [-] 6104: 無符合條件的新聞
[470/974] 處理 6016...
  [-] 6016: 無符合條件的新聞
[471/974] 處理 2228...
  [-] 2228: 無符合條件的新聞
[472/974] 處理 4766...
  [-] 4766: 無符合條件的新聞
[473/974] 處理 4551...
  [OK] 4551: 找到 2 筆新聞
[474/974] 處理 1618...
  [-] 1618: 無符合條件的新聞
[475/974] 處理 7402...
  [-] 7402: 無符合條件的新聞
[476/974] 處理 4739...
  [-] 4739: 無符合條件的新聞
[477/974] 處理 6592...
  [-] 6592: 無符合條件的新聞
[478/974] 處理 2845...
  [OK] 2845: 找到 1 筆新聞
[479/974] 處理 2646...
  [-] 2646: 無符合條件的新聞
[480/974] 處理 2207...
  [OK] 2207: 找到 1 筆新聞
[481/974] 處理 2630...
  [OK] 2630: 找到 2 筆新聞
[482/974] 處理 6890...
  [-] 6890: 無符合條件的新聞
[483/974] 處理 2543...
  [OK] 2543: 找到 1 筆新聞
[484/974] 處理 2439...
  [-] 2439: 無符合條件的新聞
[485/974] 處理 2365...
  [-] 2365: 無符合條件的新聞
[486/974] 處理 6197...
  [-] 6197: 無符合條件的新聞
[487/974] 處理 8070...
  [-] 8070: 無符合條件的新聞
[488/974] 處理 4563...
  [-] 4563: 無符合條件的新聞
[489/974] 處理 3086...
  [OK] 3086: 找到 1 筆新聞
[490/974] 處理 6125...
  [OK] 6125: 找到 3 筆新聞
[491/974] 處理 1312...
  [OK] 1312: 找到 2 筆新聞
[492/974] 處理 6517...
  [-] 6517: 無符合條件的新聞
[493/974] 處理 2355...
  [-] 2355: 無符合條件的新聞
[494/974] 處理 8086...
  [-] 8086: 無符合條件的新聞
[495/974] 處理 3714...
  [-] 3714: 無符合條件的新聞
[496/974] 處理 2340...
  [-] 2340: 無符合條件的新聞
[497/974] 處理 3010...
  [-] 3010: 無符合條件的新聞
[498/974] 處理 4909...
  [OK] 4909: 找到 5 筆新聞
[499/974] 處理 4543...
  [OK] 4543: 找到 2 筆新聞
[500/974] 處理 1215...
  [-] 1215: 無符合條件的新聞
[501/974] 處理 4123...
  [OK] 4123: 找到 1 筆新聞
[502/974] 處理 2633...
  [OK] 2633: 找到 3 筆新聞
[503/974] 處理 2393...
  [-] 2393: 無符合條件的新聞
[504/974] 處理 6269...
  [-] 6269: 無符合條件的新聞
[505/974] 處理 6138...
  [OK] 6138: 找到 1 筆新聞
[506/974] 處理 4968...
  [-] 4968: 無符合條件的新聞
[507/974] 處理 4953...
  [OK] 4953: 找到 1 筆新聞
[508/974] 處理 2201...
  [-] 2201: 無符合條件的新聞
[509/974] 處理 6533...
  [-] 6533: 無符合條件的新聞
[510/974] 處理 4915...
  [OK] 4915: 找到 1 筆新聞
[511/974] 處理 1527...
  [OK] 1527: 找到 2 筆新聞
[512/974] 處理 6834...
  [OK] 6834: 找到 2 筆新聞
[513/974] 處理 6840...
  [OK] 6840: 找到 3 筆新聞
[514/974] 處理 3051...
  [OK] 3051: 找到 3 筆新聞
[515/974] 處理 1722...
  [OK] 1722: 找到 1 筆新聞
[516/974] 處理 1597...
  [-] 1597: 無符合條件的新聞
[517/974] 處理 8016...
  [-] 8016: 無符合條件的新聞
[518/974] 處理 3543...
  [-] 3543: 無符合條件的新聞
[519/974] 處理 2014...
  [-] 2014: 無符合條件的新聞
[520/974] 處理 8155...
  [OK] 8155: 找到 3 筆新聞
[521/974] 處理 2392...
  [-] 2392: 無符合條件的新聞
[522/974] 處理 2006...
  [OK] 2006: 找到 1 筆新聞
[523/974] 處理 2484...
  [OK] 2484: 找到 5 筆新聞
[524/974] 處理 5530...
  [-] 5530: 無符合條件的新聞
[525/974] 處理 1612...
  [-] 1612: 無符合條件的新聞
[526/974] 處理 4541...
  [-] 4541: 無符合條件的新聞
[527/974] 處理 6739...
  [-] 6739: 無符合條件的新聞
[528/974] 處理 2428...
  [-] 2428: 無符合條件的新聞
[529/974] 處理 6949...
  [OK] 6949: 找到 1 筆新聞
[530/974] 處理 6603...
  [-] 6603: 無符合條件的新聞
[531/974] 處理 5292...
  [OK] 5292: 找到 1 筆新聞
[532/974] 處理 6830...
  [-] 6830: 無符合條件的新聞
[533/974] 處理 2915...
  [OK] 2915: 找到 1 筆新聞
[534/974] 處理 4949...
  [-] 4949: 無符合條件的新聞
[535/974] 處理 8499...
  [OK] 8499: 找到 5 筆新聞
[536/974] 處理 6126...
  [OK] 6126: 找到 1 筆新聞
[537/974] 處理 2231...
  [-] 2231: 無符合條件的新聞
[538/974] 處理 2352...
  [OK] 2352: 找到 1 筆新聞
[539/974] 處理 1736...
  [-] 1736: 無符合條件的新聞
[540/974] 處理 5904...
  [-] 5904: 無符合條件的新聞
[541/974] 處理 6435...
  [OK] 6435: 找到 1 筆新聞
[542/974] 處理 6831...
  [OK] 6831: 找到 4 筆新聞
[543/974] 處理 3380...
  [-] 3380: 無符合條件的新聞
[544/974] 處理 3605...
  [OK] 3605: 找到 1 筆新聞
[545/974] 處理 3062...
  [OK] 3062: 找到 1 筆新聞
[546/974] 處理 6265...
  [-] 6265: 無符合條件的新聞
[547/974] 處理 6757...
  [-] 6757: 無符合條件的新聞
[548/974] 處理 2419...
  [-] 2419: 無符合條件的新聞
[549/974] 處理 3675...
  [OK] 3675: 找到 2 筆新聞
[550/974] 處理 4906...
  [-] 4906: 無符合條件的新聞
[551/974] 處理 3704...
  [-] 3704: 無符合條件的新聞
[552/974] 處理 2359...
  [-] 2359: 無符合條件的新聞
[553/974] 處理 4973...
  [-] 4973: 無符合條件的新聞
[554/974] 處理 6605...
  [OK] 6605: 找到 3 筆新聞
[555/974] 處理 2211...
  [-] 2211: 無符合條件的新聞
[556/974] 處理 2493...
  [OK] 2493: 找到 1 筆新聞
[557/974] 處理 6152...
  [-] 6152: 無符合條件的新聞
[558/974] 處理 6207...
  [OK] 6207: 找到 2 筆新聞
[559/974] 處理 3207...
  [-] 3207: 無符合條件的新聞
[560/974] 處理 4722...
  [OK] 4722: 找到 1 筆新聞
[561/974] 處理 6176...
  [-] 6176: 無符合條件的新聞
[562/974] 處理 3673...
  [OK] 3673: 找到 2 筆新聞
[563/974] 處理 6121...
  [OK] 6121: 找到 1 筆新聞
[564/974] 處理 2637...
  [OK] 2637: 找到 2 筆新聞
[565/974] 處理 2458...
  [-] 2458: 無符合條件的新聞
[566/974] 處理 3406...
  [-] 3406: 無符合條件的新聞
[567/974] 處理 8390...
  [-] 8390: 無符合條件的新聞
[568/974] 處理 6175...
  [OK] 6175: 找到 3 筆新聞
[569/974] 處理 6664...
  [-] 6664: 無符合條件的新聞
[570/974] 處理 6667...
  [OK] 6667: 找到 5 筆新聞
[571/974] 處理 1582...
  [-] 1582: 無符合條件的新聞
[572/974] 處理 6753...
  [-] 6753: 無符合條件的新聞
[573/974] 處理 7610...
  [OK] 7610: 找到 1 筆新聞
[574/974] 處理 3023...
  [-] 3023: 無符合條件的新聞
[575/974] 處理 2855...
  [OK] 2855: 找到 1 筆新聞
[576/974] 處理 6862...
  [-] 6862: 無符合條件的新聞
[577/974] 處理 6584...
  [OK] 6584: 找到 1 筆新聞
[578/974] 處理 9941...
  [-] 9941: 無符合條件的新聞
[579/974] 處理 6244...
  [-] 6244: 無符合條件的新聞
[580/974] 處理 8104...
  [-] 8104: 無符合條件的新聞
[581/974] 處理 6122...
  [OK] 6122: 找到 2 筆新聞
[582/974] 處理 6776...
  [OK] 6776: 找到 1 筆新聞
[583/974] 處理 5284...
  [-] 5284: 無符合條件的新聞
[584/974] 處理 3163...
  [OK] 3163: 找到 2 筆新聞
[585/974] 處理 2542...
  [OK] 2542: 找到 1 筆新聞
[586/974] 處理 6789...
  [OK] 6789: 找到 1 筆新聞
[587/974] 處理 3592...
  [-] 3592: 無符合條件的新聞
[588/974] 處理 3027...
  [OK] 3027: 找到 1 筆新聞
[589/974] 處理 3016...
  [OK] 3016: 找到 3 筆新聞
[590/974] 處理 3515...
  [OK] 3515: 找到 5 筆新聞
[591/974] 處理 2338...
  [-] 2338: 無符合條件的新聞
[592/974] 處理 3709...
  [OK] 3709: 找到 2 筆新聞
[593/974] 處理 4763...
  [-] 4763: 無符合條件的新聞
[594/974] 處理 2413...
  [-] 2413: 無符合條件的新聞
[595/974] 處理 2399...
  [OK] 2399: 找到 1 筆新聞
[596/974] 處理 8436...
  [OK] 8436: 找到 5 筆新聞
[597/974] 處理 3581...
  [OK] 3581: 找到 4 筆新聞
[598/974] 處理 3152...
  [OK] 3152: 找到 1 筆新聞
[599/974] 處理 8105...
  [OK] 8105: 找到 1 筆新聞
[600/974] 處理 2401...
  [OK] 2401: 找到 1 筆新聞
[601/974] 處理 6672...
  [-] 6672: 無符合條件的新聞
[602/974] 處理 9904...
  [-] 9904: 無符合條件的新聞
[603/974] 處理 4977...
  [-] 4977: 無符合條件的新聞
[604/974] 處理 3227...
  [-] 3227: 無符合條件的新聞
[605/974] 處理 9910...
  [-] 9910: 無符合條件的新聞
[606/974] 處理 1587...
  [-] 1587: 無符合條件的新聞
[607/974] 處理 1314...
  [OK] 1314: 找到 2 筆新聞
[608/974] 處理 4961...
  [-] 4961: 無符合條件的新聞
[609/974] 處理 2880...
  [OK] 2880: 找到 5 筆新聞
[610/974] 處理 3015...
  [OK] 3015: 找到 4 筆新聞
[611/974] 處理 3545...
  [OK] 3545: 找到 4 筆新聞
[612/974] 處理 2812...
  [-] 2812: 無符合條件的新聞
[613/974] 處理 3663...
  [OK] 3663: 找到 2 筆新聞
[614/974] 處理 5392...
  [-] 5392: 無符合條件的新聞
[615/974] 處理 5443...
  [-] 5443: 無符合條件的新聞
[616/974] 處理 8038...
  [OK] 8038: 找到 2 筆新聞
[617/974] 處理 4526...
  [-] 4526: 無符合條件的新聞
[618/974] 處理 5521...
  [-] 5521: 無符合條件的新聞
[619/974] 處理 3402...
  [-] 3402: 無符合條件的新聞
[620/974] 處理 3372...
  [OK] 3372: 找到 2 筆新聞
[621/974] 處理 9933...
  [-] 9933: 無符合條件的新聞
[622/974] 處理 8431...
  [-] 8431: 無符合條件的新聞
[623/974] 處理 3596...
  [-] 3596: 無符合條件的新聞
[624/974] 處理 3576...
  [-] 3576: 無符合條件的新聞
[625/974] 處理 5434...
  [-] 5434: 無符合條件的新聞
[626/974] 處理 6147...
  [OK] 6147: 找到 2 筆新聞
[627/974] 處理 5243...
  [-] 5243: 無符合條件的新聞
[628/974] 處理 2464...
  [-] 2464: 無符合條件的新聞
[629/974] 處理 1590...
  [-] 1590: 無符合條件的新聞
[630/974] 處理 8464...
  [-] 8464: 無符合條件的新聞
[631/974] 處理 6209...
  [OK] 6209: 找到 1 筆新聞
[632/974] 處理 8111...
  [-] 8111: 無符合條件的新聞
[633/974] 處理 5309...
  [-] 5309: 無符合條件的新聞
[634/974] 處理 4939...
  [-] 4939: 無符合條件的新聞
[635/974] 處理 2342...
  [OK] 2342: 找到 2 筆新聞
[636/974] 處理 3162...
  [OK] 3162: 找到 5 筆新聞
[637/974] 處理 4540...
  [-] 4540: 無符合條件的新聞
[638/974] 處理 1727...
  [-] 1727: 無符合條件的新聞
[639/974] 處理 7751...
  [OK] 7751: 找到 1 筆新聞
[640/974] 處理 4931...
  [-] 4931: 無符合條件的新聞
[641/974] 處理 8033...
  [OK] 8033: 找到 1 筆新聞
[642/974] 處理 3013...
  [-] 3013: 無符合條件的新聞
[643/974] 處理 5880...
  [-] 5880: 無符合條件的新聞
[644/974] 處理 2489...
  [-] 2489: 無符合條件的新聞
[645/974] 處理 1608...
  [-] 1608: 無符合條件的新聞
[646/974] 處理 8476...
  [-] 8476: 無符合條件的新聞
[647/974] 處理 3005...
  [OK] 3005: 找到 1 筆新聞
[648/974] 處理 1711...
  [-] 1711: 無符合條件的新聞
[649/974] 處理 4916...
  [-] 4916: 無符合條件的新聞
[650/974] 處理 5876...
  [-] 5876: 無符合條件的新聞
[651/974] 處理 2605...
  [-] 2605: 無符合條件的新聞
[652/974] 處理 2347...
  [-] 2347: 無符合條件的新聞
[653/974] 處理 2801...
  [OK] 2801: 找到 1 筆新聞
[654/974] 處理 2349...
  [-] 2349: 無符合條件的新聞
[655/974] 處理 2498...
  [OK] 2498: 找到 1 筆新聞
[656/974] 處理 1609...
  [-] 1609: 無符合條件的新聞
[657/974] 處理 3551...
  [-] 3551: 無符合條件的新聞
[658/974] 處理 1402...
  [OK] 1402: 找到 5 筆新聞
[659/974] 處理 2606...
  [OK] 2606: 找到 2 筆新聞
[660/974] 處理 2354...
  [-] 2354: 無符合條件的新聞
[661/974] 處理 6409...
  [-] 6409: 無符合條件的新聞
[662/974] 處理 9921...
  [-] 9921: 無符合條件的新聞
[663/974] 處理 3138...
  [OK] 3138: 找到 2 筆新聞
[664/974] 處理 2105...
  [-] 2105: 無符合條件的新聞
[665/974] 處理 3455...
  [-] 3455: 無符合條件的新聞
[666/974] 處理 5314...
  [-] 5314: 無符合條件的新聞
[667/974] 處理 1522...
  [-] 1522: 無符合條件的新聞
[668/974] 處理 2834...
  [OK] 2834: 找到 3 筆新聞
[669/974] 處理 4576...
  [OK] 4576: 找到 1 筆新聞
[670/974] 處理 3563...
  [-] 3563: 無符合條件的新聞
[671/974] 處理 3030...
  [-] 3030: 無符合條件的新聞
[672/974] 處理 9958...
  [-] 9958: 無符合條件的新聞
[673/974] 處理 3028...
  [-] 3028: 無符合條件的新聞
[674/974] 處理 5381...
  [OK] 5381: 找到 1 筆新聞
[675/974] 處理 2402...
  [-] 2402: 無符合條件的新聞
[676/974] 處理 6271...
  [-] 6271: 無符合條件的新聞
[677/974] 處理 8261...
  [OK] 8261: 找到 1 筆新聞
[678/974] 處理 2316...
  [-] 2316: 無符合條件的新聞
[679/974] 處理 2421...
  [-] 2421: 無符合條件的新聞
[680/974] 處理 4743...
  [-] 4743: 無符合條件的新聞
[681/974] 處理 1102...
  [OK] 1102: 找到 1 筆新聞
[682/974] 處理 3048...
  [OK] 3048: 找到 2 筆新聞
[683/974] 處理 2009...
  [-] 2009: 無符合條件的新聞
[684/974] 處理 1721...
  [-] 1721: 無符合條件的新聞
[685/974] 處理 5388...
  [OK] 5388: 找到 2 筆新聞
[686/974] 處理 6873...
  [OK] 6873: 找到 1 筆新聞
[687/974] 處理 6005...
  [OK] 6005: 找到 1 筆新聞
[688/974] 處理 6188...
  [-] 6188: 無符合條件的新聞
[689/974] 處理 6187...
  [OK] 6187: 找到 1 筆新聞
[690/974] 處理 3026...
  [OK] 3026: 找到 1 筆新聞
[691/974] 處理 4764...
  [OK] 4764: 找到 3 筆新聞
[692/974] 處理 4583...
  [-] 4583: 無符合條件的新聞
[693/974] 處理 3413...
  [OK] 3413: 找到 2 筆新聞
[694/974] 處理 4577...
  [-] 4577: 無符合條件的新聞
[695/974] 處理 8064...
  [OK] 8064: 找到 3 筆新聞
[696/974] 處理 6275...
  [-] 6275: 無符合條件的新聞
[697/974] 處理 1476...
  [OK] 1476: 找到 1 筆新聞
[698/974] 處理 6190...
  [OK] 6190: 找到 1 筆新聞
[699/974] 處理 9105...
  [-] 9105: 無符合條件的新聞
[700/974] 處理 6116...
  [OK] 6116: 找到 5 筆新聞
[701/974] 處理 2388...
  [OK] 2388: 找到 1 筆新聞
[702/974] 處理 7799...
  [-] 7799: 無符合條件的新聞
[703/974] 處理 6215...
  [-] 6215: 無符合條件的新聞
[704/974] 處理 5386...
  [-] 5386: 無符合條件的新聞
[705/974] 處理 6414...
  [-] 6414: 無符合條件的新聞
[706/974] 處理 3689...
  [-] 3689: 無符合條件的新聞
[707/974] 處理 6643...
  [-] 6643: 無符合條件的新聞
[708/974] 處理 5234...
  [-] 5234: 無符合條件的新聞
[709/974] 處理 3583...
  [OK] 3583: 找到 5 筆新聞
[710/974] 處理 3042...
  [OK] 3042: 找到 1 筆新聞
[711/974] 處理 4904...
  [OK] 4904: 找到 2 筆新聞
[712/974] 處理 1477...
  [OK] 1477: 找到 1 筆新聞
[713/974] 處理 8103...
  [-] 8103: 無符合條件的新聞
[714/974] 處理 4760...
  [OK] 4760: 找到 1 筆新聞
[715/974] 處理 6290...
  [OK] 6290: 找到 1 筆新聞
[716/974] 處理 8054...
  [OK] 8054: 找到 1 筆新聞
[717/974] 處理 8096...
  [OK] 8096: 找到 1 筆新聞
[718/974] 處理 7717...
  [-] 7717: 無符合條件的新聞
[719/974] 處理 8114...
  [-] 8114: 無符合條件的新聞
[720/974] 處理 2233...
  [OK] 2233: 找到 5 筆新聞
[721/974] 處理 3707...
  [-] 3707: 無符合條件的新聞
[722/974] 處理 3708...
  [OK] 3708: 找到 1 筆新聞
[723/974] 處理 4768...
  [-] 4768: 無符合條件的新聞
[724/974] 處理 3645...
  [-] 3645: 無符合條件的新聞
[725/974] 處理 6284...
  [-] 6284: 無符合條件的新聞
[726/974] 處理 1773...
  [-] 1773: 無符合條件的新聞
[727/974] 處理 2645...
  [-] 2645: 無符合條件的新聞
[728/974] 處理 4927...
  [-] 4927: 無符合條件的新聞
[729/974] 處理 3691...
  [-] 3691: 無符合條件的新聞
[730/974] 處理 5328...
  [OK] 5328: 找到 1 筆新聞
[731/974] 處理 8932...
  [-] 8932: 無符合條件的新聞
[732/974] 處理 2892...
  [OK] 2892: 找到 3 筆新聞
[733/974] 處理 3265...
  [-] 3265: 無符合條件的新聞
[734/974] 處理 4919...
  [-] 4919: 無符合條件的新聞
[735/974] 處理 2385...
  [-] 2385: 無符合條件的新聞
[736/974] 處理 6903...
  [-] 6903: 無符合條件的新聞
[737/974] 處理 3045...
  [-] 3045: 無符合條件的新聞
[738/974] 處理 3702...
  [OK] 3702: 找到 5 筆新聞
[739/974] 處理 1536...
  [-] 1536: 無符合條件的新聞
[740/974] 處理 2476...
  [-] 2476: 無符合條件的新聞
[741/974] 處理 3236...
  [OK] 3236: 找到 1 筆新聞
[742/974] 處理 3701...
  [-] 3701: 無符合條件的新聞
[743/974] 處理 5222...
  [-] 5222: 無符合條件的新聞
[744/974] 處理 8069...
  [-] 8069: 無符合條件的新聞
[745/974] 處理 2478...
  [OK] 2478: 找到 3 筆新聞
[746/974] 處理 6548...
  [-] 6548: 無符合條件的新聞
[747/974] 處理 2027...
  [-] 2027: 無符合條件的新聞
[748/974] 處理 2467...
  [OK] 2467: 找到 3 筆新聞
[749/974] 處理 9914...
  [OK] 9914: 找到 2 筆新聞
[750/974] 處理 6213...
  [-] 6213: 無符合條件的新聞
[751/974] 處理 8027...
  [-] 8027: 無符合條件的新聞
[752/974] 處理 3006...
  [OK] 3006: 找到 1 筆新聞
[753/974] 處理 3362...
  [OK] 3362: 找到 1 筆新聞
[754/974] 處理 2486...
  [OK] 2486: 找到 3 筆新聞
[755/974] 處理 4966...
  [-] 4966: 無符合條件的新聞
[756/974] 處理 1528...
  [-] 1528: 無符合條件的新聞
[757/974] 處理 6691...
  [-] 6691: 無符合條件的新聞
[758/974] 處理 3680...
  [-] 3680: 無符合條件的新聞
[759/974] 處理 1524...
  [OK] 1524: 找到 2 筆新聞
[760/974] 處理 2395...
  [-] 2395: 無符合條件的新聞
[761/974] 處理 6505...
  [OK] 6505: 找到 1 筆新聞
[762/974] 處理 4938...
  [OK] 4938: 找到 1 筆新聞
[763/974] 處理 2495...
  [-] 2495: 無符合條件的新聞
[764/974] 處理 6788...
  [-] 6788: 無符合條件的新聞
[765/974] 處理 2912...
  [OK] 2912: 找到 1 筆新聞
[766/974] 處理 5371...
  [-] 5371: 無符合條件的新聞
[767/974] 處理 2615...
  [-] 2615: 無符合條件的新聞
[768/974] 處理 3363...
  [-] 3363: 無符合條件的新聞
[769/974] 處理 2363...
  [-] 2363: 無符合條件的新聞
[770/974] 處理 2890...
  [OK] 2890: 找到 2 筆新聞
[771/974] 處理 2610...
  [OK] 2610: 找到 5 筆新聞
[772/974] 處理 5452...
  [-] 5452: 無符合條件的新聞
[773/974] 處理 5483...
  [OK] 5483: 找到 3 筆新聞
[774/974] 處理 6640...
  [-] 6640: 無符合條件的新聞
[775/974] 處理 6127...
  [-] 6127: 無符合條件的新聞
[776/974] 處理 7780...
  [-] 7780: 無符合條件的新聞
[777/974] 處理 5351...
  [OK] 5351: 找到 1 筆新聞
[778/974] 處理 3060...
  [OK] 3060: 找到 1 筆新聞
[779/974] 處理 2886...
  [OK] 2886: 找到 5 筆新聞
[780/974] 處理 2328...
  [-] 2328: 無符合條件的新聞
[781/974] 處理 6449...
  [-] 6449: 無符合條件的新聞
[782/974] 處理 2353...
  [OK] 2353: 找到 3 筆新聞
[783/974] 處理 2406...
  [-] 2406: 無符合條件的新聞
[784/974] 處理 4510...
  [OK] 4510: 找到 2 筆新聞
[785/974] 處理 1216...
  [OK] 1216: 找到 2 筆新聞
[786/974] 處理 3260...
  [OK] 3260: 找到 2 筆新聞
[787/974] 處理 2377...
  [-] 2377: 無符合條件的新聞
[788/974] 處理 2412...
  [OK] 2412: 找到 4 筆新聞
[789/974] 處理 6944...
  [-] 6944: 無符合條件的新聞
[790/974] 處理 2474...
  [OK] 2474: 找到 5 筆新聞
[791/974] 處理 8358...
  [OK] 8358: 找到 2 筆新聞
[792/974] 處理 6781...
  [-] 6781: 無符合條件的新聞
[793/974] 處理 6869...
  [-] 6869: 無符合條件的新聞
[794/974] 處理 1785...
  [-] 1785: 無符合條件的新聞
[795/974] 處理 6472...
  [OK] 6472: 找到 3 筆新聞
[796/974] 處理 4772...
  [OK] 4772: 找到 1 筆新聞
[797/974] 處理 3036...
  [-] 3036: 無符合條件的新聞
[798/974] 處理 3090...
  [OK] 3090: 找到 1 筆新聞
[799/974] 處理 5469...
  [-] 5469: 無符合條件的新聞
[800/974] 處理 1326...
  [OK] 1326: 找到 1 筆新聞
[801/974] 處理 4533...
  [OK] 4533: 找到 1 筆新聞
[802/974] 處理 8996...
  [OK] 8996: 找到 1 筆新聞
[803/974] 處理 1319...
  [-] 1319: 無符合條件的新聞
[804/974] 處理 8088...
  [-] 8088: 無符合條件的新聞
[805/974] 處理 2374...
  [OK] 2374: 找到 1 筆新聞
[806/974] 處理 8074...
  [OK] 8074: 找到 3 筆新聞
[807/974] 處理 5871...
  [OK] 5871: 找到 2 筆新聞
[808/974] 處理 3044...
  [-] 3044: 無符合條件的新聞
[809/974] 處理 6182...
  [OK] 6182: 找到 5 筆新聞
[810/974] 處理 2331...
  [-] 2331: 無符合條件的新聞
[811/974] 處理 3624...
  [OK] 3624: 找到 2 筆新聞
[812/974] 處理 3035...
  [OK] 3035: 找到 3 筆新聞
[813/974] 處理 6196...
  [-] 6196: 無符合條件的新聞
[814/974] 處理 6683...
  [OK] 6683: 找到 1 筆新聞
[815/974] 處理 8042...
  [OK] 8042: 找到 1 筆新聞
[816/974] 處理 3211...
  [OK] 3211: 找到 5 筆新聞
[817/974] 處理 6191...
  [-] 6191: 無符合條件的新聞
[818/974] 處理 3450...
  [OK] 3450: 找到 2 筆新聞
[819/974] 處理 2634...
  [-] 2634: 無符合條件的新聞
[820/974] 處理 3293...
  [OK] 3293: 找到 5 筆新聞
[821/974] 處理 2369...
  [-] 2369: 無符合條件的新聞
[822/974] 處理 2609...
  [OK] 2609: 找到 1 筆新聞
[823/974] 處理 3019...
  [-] 3019: 無符合條件的新聞
[824/974] 處理 6485...
  [-] 6485: 無符合條件的新聞
[825/974] 處理 2472...
  [-] 2472: 無符合條件的新聞
[826/974] 處理 2885...
  [OK] 2885: 找到 3 筆新聞
[827/974] 處理 6438...
  [-] 6438: 無符合條件的新聞
[828/974] 處理 3374...
  [-] 3374: 無符合條件的新聞
[829/974] 處理 3376...
  [-] 3376: 無符合條件的新聞
[830/974] 處理 5475...
  [OK] 5475: 找到 1 筆新聞
[831/974] 處理 6155...
  [OK] 6155: 找到 2 筆新聞
[832/974] 處理 2884...
  [OK] 2884: 找到 5 筆新聞
[833/974] 處理 2618...
  [OK] 2618: 找到 3 筆新聞
[834/974] 處理 8131...
  [-] 8131: 無符合條件的新聞
[835/974] 處理 6163...
  [-] 6163: 無符合條件的新聞
[836/974] 處理 5439...
  [-] 5439: 無符合條件的新聞
[837/974] 處理 3529...
  [OK] 3529: 找到 1 筆新聞
[838/974] 處理 7795...
  [OK] 7795: 找到 3 筆新聞
[839/974] 處理 2356...
  [OK] 2356: 找到 2 筆新聞
[840/974] 處理 8028...
  [-] 8028: 無符合條件的新聞
[841/974] 處理 5425...
  [OK] 5425: 找到 2 筆新聞
[842/974] 處理 3532...
  [OK] 3532: 找到 2 筆新聞
[843/974] 處理 2376...
  [-] 2376: 無符合條件的新聞
[844/974] 處理 5269...
  [-] 5269: 無符合條件的新聞
[845/974] 處理 4967...
  [-] 4967: 無符合條件的新聞
[846/974] 處理 3149...
  [-] 3149: 無符合條件的新聞
[847/974] 處理 3131...
  [OK] 3131: 找到 3 筆新聞
[848/974] 處理 3167...
  [OK] 3167: 找到 2 筆新聞
[849/974] 處理 4991...
  [OK] 4991: 找到 1 筆新聞
[850/974] 處理 6285...
  [-] 6285: 無符合條件的新聞
[851/974] 處理 2883...
  [OK] 2883: 找到 5 筆新聞
[852/974] 處理 1560...
  [OK] 1560: 找到 5 筆新聞
[853/974] 處理 3264...
  [-] 3264: 無符合條件的新聞
[854/974] 處理 3706...
  [-] 3706: 無符合條件的新聞
[855/974] 處理 6706...
  [-] 6706: 無符合條件的新聞
[856/974] 處理 8210...
  [-] 8210: 無符合條件的新聞
[857/974] 處理 6510...
  [OK] 6510: 找到 1 筆新聞
[858/974] 處理 2881...
  [OK] 2881: 找到 3 筆新聞
[859/974] 處理 6770...
  [OK] 6770: 找到 2 筆新聞
[860/974] 處理 1301...
  [OK] 1301: 找到 2 筆新聞
[861/974] 處理 2002...
  [OK] 2002: 找到 5 筆新聞
[862/974] 處理 5274...
  [OK] 5274: 找到 1 筆新聞
[863/974] 處理 2441...
  [-] 2441: 無符合條件的新聞
[864/974] 處理 2457...
  [-] 2457: 無符合條件的新聞
[865/974] 處理 3535...
  [-] 3535: 無符合條件的新聞
[866/974] 處理 8039...
  [-] 8039: 無符合條件的新聞
[867/974] 處理 6515...
  [OK] 6515: 找到 2 筆新聞
[868/974] 處理 3357...
  [-] 3357: 無符合條件的新聞
[869/974] 處理 2891...
  [OK] 2891: 找到 5 筆新聞
[870/974] 處理 3305...
  [-] 3305: 無符合條件的新聞
[871/974] 處理 6217...
  [OK] 6217: 找到 2 筆新聞
[872/974] 處理 4989...
  [OK] 4989: 找到 3 筆新聞
[873/974] 處理 6415...
  [OK] 6415: 找到 5 筆新聞
[874/974] 處理 6919...
  [-] 6919: 無符合條件的新聞
[875/974] 處理 7769...
  [-] 7769: 無符合條件的新聞
[876/974] 處理 2379...
  [OK] 2379: 找到 2 筆新聞
[877/974] 處理 5498...
  [-] 5498: 無符合條件的新聞
[878/974] 處理 3034...
  [OK] 3034: 找到 5 筆新聞
[879/974] 處理 5340...
  [-] 5340: 無符合條件的新聞
[880/974] 處理 5289...
  [OK] 5289: 找到 2 筆新聞
[881/974] 處理 2882...
  [OK] 2882: 找到 5 筆新聞
[882/974] 處理 1101...
  [-] 1101: 無符合條件的新聞
[883/974] 處理 2375...
  [OK] 2375: 找到 3 筆新聞
[884/974] 處理 6173...
  [OK] 6173: 找到 1 筆新聞
[885/974] 處理 6223...
  [OK] 6223: 找到 3 筆新聞
[886/974] 處理 6139...
  [-] 6139: 無符合條件的新聞
[887/974] 處理 3008...
  [OK] 3008: 找到 1 筆新聞
[888/974] 處理 2301...
  [OK] 2301: 找到 3 筆新聞
[889/974] 處理 8043...
  [-] 8043: 無符合條件的新聞
[890/974] 處理 6257...
  [OK] 6257: 找到 4 筆新聞
[891/974] 處理 3081...
  [OK] 3081: 找到 2 筆新聞
[892/974] 處理 4749...
  [OK] 4749: 找到 1 筆新聞
[893/974] 處理 3533...
  [OK] 3533: 找到 2 筆新聞
[894/974] 處理 2329...
  [-] 2329: 無符合條件的新聞
[895/974] 處理 2455...
  [OK] 2455: 找到 2 筆新聞
[896/974] 處理 2357...
  [OK] 2357: 找到 5 筆新聞
[897/974] 處理 6442...
  [OK] 6442: 找到 3 筆新聞
[898/974] 處理 2324...
  [-] 2324: 無符合條件的新聞
[899/974] 處理 2603...
  [OK] 2603: 找到 1 筆新聞
[900/974] 處理 5536...
  [-] 5536: 無符合條件的新聞
[901/974] 處理 2360...
  [-] 2360: 無符合條件的新聞
[902/974] 處理 6805...
  [-] 6805: 無符合條件的新聞
[903/974] 處理 1795...
  [-] 1795: 無符合條件的新聞
[904/974] 處理 3105...
  [OK] 3105: 找到 5 筆新聞
[905/974] 處理 6443...
  [OK] 6443: 找到 1 筆新聞
[906/974] 處理 3715...
  [-] 3715: 無符合條件的新聞
[907/974] 處理 8021...
  [OK] 8021: 找到 2 筆新聞
[908/974] 處理 2485...
  [-] 2485: 無符合條件的新聞
[909/974] 處理 2049...
  [OK] 2049: 找到 1 筆新聞
[910/974] 處理 1503...
  [-] 1503: 無符合條件的新聞
[911/974] 處理 6488...
  [OK] 6488: 找到 2 筆新聞
[912/974] 處理 4971...
  [OK] 4971: 找到 3 筆新聞
[913/974] 處理 2367...
  [-] 2367: 無符合條件的新聞
[914/974] 處理 8271...
  [-] 8271: 無符合條件的新聞
[915/974] 處理 3324...
  [-] 3324: 無符合條件的新聞
[916/974] 處理 2337...
  [OK] 2337: 找到 3 筆新聞
[917/974] 處理 2404...
  [-] 2404: 無符合條件的新聞
[918/974] 處理 2887...
  [OK] 2887: 找到 5 筆新聞
[919/974] 處理 4979...
  [-] 4979: 無符合條件的新聞
[920/974] 處理 2408...
  [OK] 2408: 找到 5 筆新聞
[921/974] 處理 3491...
  [OK] 3491: 找到 1 筆新聞
[922/974] 處理 3653...
  [-] 3653: 無符合條件的新聞
[923/974] 處理 1513...
  [OK] 1513: 找到 1 筆新聞
[924/974] 處理 8112...
  [-] 8112: 無符合條件的新聞
[925/974] 處理 2481...
  [-] 2481: 無符合條件的新聞
[926/974] 處理 1514...
  [-] 1514: 無符合條件的新聞
[927/974] 處理 6446...
  [OK] 6446: 找到 2 筆新聞
[928/974] 處理 6531...
  [OK] 6531: 找到 1 筆新聞
[929/974] 處理 2382...
  [OK] 2382: 找到 1 筆新聞
[930/974] 處理 8110...
  [-] 8110: 無符合條件的新聞
[931/974] 處理 4958...
  [OK] 4958: 找到 5 筆新聞
[932/974] 處理 2449...
  [OK] 2449: 找到 1 筆新聞
[933/974] 處理 2371...
  [OK] 2371: 找到 5 筆新聞
[934/974] 處理 2345...
  [OK] 2345: 找到 3 筆新聞
[935/974] 處理 1504...
  [OK] 1504: 找到 2 筆新聞
[936/974] 處理 3711...
  [OK] 3711: 找到 5 筆新聞
[937/974] 處理 6239...
  [-] 6239: 無符合條件的新聞
[938/974] 處理 1717...
  [OK] 1717: 找到 3 筆新聞
[939/974] 處理 2059...
  [OK] 2059: 找到 1 筆新聞
[940/974] 處理 2492...
  [OK] 2492: 找到 5 筆新聞
[941/974] 處理 2383...
  [OK] 2383: 找到 5 筆新聞
[942/974] 處理 8299...
  [OK] 8299: 找到 3 筆新聞
[943/974] 處理 2344...
  [OK] 2344: 找到 2 筆新聞
[944/974] 處理 6274...
  [OK] 6274: 找到 3 筆新聞
[945/974] 處理 3665...
  [OK] 3665: 找到 1 筆新聞
[946/974] 處理 1802...
  [-] 1802: 無符合條件的新聞
[947/974] 處理 3481...
  [OK] 3481: 找到 5 筆新聞
[948/974] 處理 1605...
  [-] 1605: 無符合條件的新聞
[949/974] 處理 2451...
  [-] 2451: 無符合條件的新聞
[950/974] 處理 6282...
  [-] 6282: 無符合條件的新聞
[951/974] 處理 5347...
  [OK] 5347: 找到 2 筆新聞
[952/974] 處理 2409...
  [OK] 2409: 找到 5 筆新聞
[953/974] 處理 2312...
  [-] 2312: 無符合條件的新聞
[954/974] 處理 1519...
  [-] 1519: 無符合條件的新聞
[955/974] 處理 2454...
  [-] 2454: 無符合條件的新聞
[956/974] 處理 2368...
  [OK] 2368: 找到 1 筆新聞
[957/974] 處理 6669...
  [-] 6669: 無符合條件的新聞
[958/974] 處理 3661...
  [OK] 3661: 找到 1 筆新聞
[959/974] 處理 3443...
  [-] 3443: 無符合條件的新聞
[960/974] 處理 2313...
  [OK] 2313: 找到 1 筆新聞
[961/974] 處理 8150...
  [OK] 8150: 找到 1 筆新聞
[962/974] 處理 3017...
  [OK] 3017: 找到 1 筆新聞
[963/974] 處理 2317...
  [OK] 2317: 找到 5 筆新聞
[964/974] 處理 2308...
  [OK] 2308: 找到 4 筆新聞
[965/974] 處理 3189...
  [-] 3189: 無符合條件的新聞
[966/974] 處理 3231...
  [OK] 3231: 找到 4 筆新聞
[967/974] 處理 8046...
  [OK] 8046: 找到 1 筆新聞
[968/974] 處理 1815...
  [OK] 1815: 找到 2 筆新聞
[969/974] 處理 2303...
  [OK] 2303: 找到 2 筆新聞
[970/974] 處理 8422...
  [-] 8422: 無符合條件的新聞
[971/974] 處理 3037...
  [OK] 3037: 找到 1 筆新聞
[972/974] 處理 1303...
  [OK] 1303: 找到 4 筆新聞
[973/974] 處理 2327...
  [OK] 2327: 找到 5 筆新聞
[974/974] 處理 2330...
  [OK] 2330: 找到 5 筆新聞

============================================================
[OK] 爬取完成!
============================================================
處理股票: 974 支
抓取新聞: 853 筆
耗時: 4159.6 秒
============================================================

[週二 2026/06/23 23:58:26.02] Running yahoo hot... 
d:\StockPulse\stocks_news\yahoo\crawler_hot.py:322: DeprecationWarning: 'asyncio.WindowsSelectorEventLoopPolicy' is deprecated and slated for removal in Python 3.16
  asyncio.set_event_loop_policy(asyncio.WindowsSelectorEventLoopPolicy())
d:\StockPulse\stocks_news\yahoo\crawler_hot.py:322: DeprecationWarning: 'asyncio.set_event_loop_policy' is deprecated and slated for removal in Python 3.16
  asyncio.set_event_loop_policy(asyncio.WindowsSelectorEventLoopPolicy())
🔥 [熱門股] 爬蟲啟動
📄 總共 974 支股票
✅ 已完成 0 支
🔄 待處理 974 支
⚙️  配置：並發=5（日期過濾在 fetch_content.py 處理）
🔥 開始並行處理 974 個任務 (最大並發: 5)...

🚀 (2363) 掃描到 5 則新聞，開始儲存...
🚀 (5530) 掃描到 5 則新聞，開始儲存...
🚀 (2401) 掃描到 5 則新聞，開始儲存...
💾 (2363) 完成，共存入 5 則新聞
💾 (5530) 完成，共存入 5 則新聞
💾 (2401) 完成，共存入 5 則新聞
🚀 (4174) 掃描到 5 則新聞，開始儲存...
💾 (4174) 完成，共存入 5 則新聞
🚀 (3673) 掃描到 5 則新聞，開始儲存...
💾 (3673) 完成，共存入 5 則新聞
🚀 (2530) 掃描到 5 則新聞，開始儲存...
💾 (2530) 完成，共存入 5 則新聞
🚀 (6417) 掃描到 5 則新聞，開始儲存...
💾 (6417) 完成，共存入 5 則新聞
🚀 (6291) 掃描到 5 則新聞，開始儲存...
💾 (6291) 完成，共存入 5 則新聞
🚀 (8021) 掃描到 5 則新聞，開始儲存...
💾 (8021) 完成，共存入 5 則新聞
🚀 (5269) 掃描到 5 則新聞，開始儲存...
💾 (5269) 完成，共存入 5 則新聞
🚀 (5234) 掃描到 5 則新聞，開始儲存...
💾 (5234) 完成，共存入 5 則新聞
🚀 (3504) 掃描到 5 則新聞，開始儲存...
💾 (3504) 完成，共存入 5 則新聞
🚀 (6121) 掃描到 5 則新聞，開始儲存...
🚀 (2015) 掃描到 5 則新聞，開始儲存...
💾 (6121) 完成，共存入 5 則新聞
💾 (2015) 完成，共存入 5 則新聞
🚀 (1582) 掃描到 5 則新聞，開始儲存...
💾 (1582) 完成，共存入 5 則新聞
🚀 (4513) 掃描到 5 則新聞，開始儲存...
💾 (4513) 完成，共存入 5 則新聞
🚀 (4971) 掃描到 5 則新聞，開始儲存...
💾 (4971) 完成，共存入 5 則新聞
🚀 (2308) 掃描到 5 則新聞，開始儲存...
💾 (2308) 完成，共存入 5 則新聞
🚀 (6693) 掃描到 5 則新聞，開始儲存...
💾 (6693) 完成，共存入 5 則新聞
🚀 (8996) 掃描到 5 則新聞，開始儲存...
💾 (8996) 完成，共存入 5 則新聞
🚀 (3357) 掃描到 5 則新聞，開始儲存...
💾 (3357) 完成，共存入 5 則新聞
🚀 (2330) 掃描到 5 則新聞，開始儲存...
💾 (2330) 完成，共存入 5 則新聞
🚀 (8103) 掃描到 5 則新聞，開始儲存...
💾 (8103) 完成，共存入 5 則新聞
🚀 (8390) 掃描到 5 則新聞，開始儲存...
💾 (8390) 完成，共存入 5 則新聞
🚀 (3163) 掃描到 5 則新聞，開始儲存...
💾 (3163) 完成，共存入 5 則新聞
🚀 (4441) 掃描到 5 則新聞，開始儲存...
💾 (4441) 完成，共存入 5 則新聞
🚀 (5292) 掃描到 5 則新聞，開始儲存...
💾 (5292) 完成，共存入 5 則新聞
🚀 (2347) 掃描到 5 則新聞，開始儲存...
💾 (2347) 完成，共存入 5 則新聞
🚀 (8473) 掃描到 5 則新聞，開始儲存...
💾 (8473) 完成，共存入 5 則新聞
🚀 (6271) 掃描到 5 則新聞，開始儲存...
💾 (6271) 完成，共存入 5 則新聞
🚀 (2528) 掃描到 5 則新聞，開始儲存...
💾 (2528) 完成，共存入 5 則新聞
🚀 (2444) 掃描到 5 則新聞，開始儲存...
💾 (2444) 完成，共存入 5 則新聞
🚀 (2495) 掃描到 5 則新聞，開始儲存...
💾 (2495) 完成，共存入 5 則新聞
🚀 (2355) 掃描到 5 則新聞，開始儲存...
💾 (2355) 完成，共存入 5 則新聞
🚀 (6875) 掃描到 5 則新聞，開始儲存...
💾 (6875) 完成，共存入 5 則新聞
🚀 (2481) 掃描到 5 則新聞，開始儲存...
💾 (2481) 完成，共存入 5 則新聞
🚀 (6207) 掃描到 5 則新聞，開始儲存...
💾 (6207) 完成，共存入 5 則新聞
🚀 (8046) 掃描到 5 則新聞，開始儲存...
💾 (8046) 完成，共存入 5 則新聞
🚀 (8358) 掃描到 5 則新聞，開始儲存...
💾 (8358) 完成，共存入 5 則新聞
🚀 (2009) 掃描到 5 則新聞，開始儲存...
💾 (2009) 完成，共存入 5 則新聞
🚀 (4534) 掃描到 5 則新聞，開始儲存...
💾 (4534) 完成，共存入 5 則新聞
🚀 (8064) 掃描到 5 則新聞，開始儲存...
💾 (8064) 完成，共存入 5 則新聞
🚀 (1718) 掃描到 5 則新聞，開始儲存...
💾 (1718) 完成，共存入 5 則新聞
🚀 (3221) 掃描到 5 則新聞，開始儲存...
💾 (3221) 完成，共存入 5 則新聞
🚀 (6592) 掃描到 5 則新聞，開始儲存...
💾 (6592) 完成，共存入 5 則新聞
🚀 (8467) 掃描到 5 則新聞，開始儲存...
💾 (8467) 完成，共存入 5 則新聞
🚀 (3055) 掃描到 5 則新聞，開始儲存...
💾 (3055) 完成，共存入 5 則新聞
🚀 (6265) 掃描到 5 則新聞，開始儲存...
💾 (6265) 完成，共存入 5 則新聞
🚀 (3596) 掃描到 5 則新聞，開始儲存...
💾 (3596) 完成，共存入 5 則新聞
🚀 (6928) 掃描到 5 則新聞，開始儲存...
💾 (6928) 完成，共存入 5 則新聞
🚀 (4760) 掃描到 5 則新聞，開始儲存...
💾 (4760) 完成，共存入 5 則新聞
🚀 (6541) 掃描到 5 則新聞，開始儲存...
💾 (6541) 完成，共存入 5 則新聞
🚀 (8038) 掃描到 5 則新聞，開始儲存...
💾 (8038) 完成，共存入 5 則新聞
🚀 (3490) 掃描到 5 則新聞，開始儲存...
💾 (3490) 完成，共存入 5 則新聞
🚀 (1721) 掃描到 5 則新聞，開始儲存...
💾 (1721) 完成，共存入 5 則新聞
🚀 (2413) 掃描到 5 則新聞，開始儲存...
💾 (2413) 完成，共存入 5 則新聞
🚀 (6426) 掃描到 5 則新聞，開始儲存...
💾 (6426) 完成，共存入 5 則新聞
🚀 (2328) 掃描到 5 則新聞，開始儲存...
💾 (2328) 完成，共存入 5 則新聞
🚀 (2548) 掃描到 5 則新聞，開始儲存...
💾 (2548) 完成，共存入 5 則新聞
🚀 (6226) 掃描到 5 則新聞，開始儲存...
💾 (6226) 完成，共存入 5 則新聞
🚀 (7799) 掃描到 5 則新聞，開始儲存...
💾 (7799) 完成，共存入 5 則新聞
🚀 (6269) 掃描到 5 則新聞，開始儲存...
💾 (6269) 完成，共存入 5 則新聞
🚀 (1722) 掃描到 5 則新聞，開始儲存...
💾 (1722) 完成，共存入 5 則新聞
🚀 (7715) 掃描到 5 則新聞，開始儲存...
💾 (7715) 完成，共存入 5 則新聞
🚀 (3305) 掃描到 5 則新聞，開始儲存...
💾 (3305) 完成，共存入 5 則新聞
🚀 (4743) 掃描到 5 則新聞，開始儲存...
💾 (4743) 完成，共存入 5 則新聞
🚀 (2375) 掃描到 5 則新聞，開始儲存...
💾 (2375) 完成，共存入 5 則新聞
🚀 (6861) 掃描到 5 則新聞，開始儲存...
💾 (6861) 完成，共存入 5 則新聞
🚀 (3207) 掃描到 5 則新聞，開始儲存...
💾 (3207) 完成，共存入 5 則新聞
🚀 (2637) 掃描到 5 則新聞，開始儲存...
💾 (2637) 完成，共存入 5 則新聞
🚀 (1515) 掃描到 5 則新聞，開始儲存...
💾 (1515) 完成，共存入 5 則新聞
🚀 (2062) 掃描到 5 則新聞，開始儲存...
💾 (2062) 完成，共存入 5 則新聞
🚀 (3005) 掃描到 5 則新聞，開始儲存...
💾 (3005) 完成，共存入 5 則新聞
🚀 (8086) 掃描到 5 則新聞，開始儲存...
💾 (8086) 完成，共存入 5 則新聞
🚀 (6192) 掃描到 5 則新聞，開始儲存...
💾 (6192) 完成，共存入 5 則新聞
🚀 (8210) 掃描到 5 則新聞，開始儲存...
💾 (8210) 完成，共存入 5 則新聞
🚀 (7744) 掃描到 5 則新聞，開始儲存...
💾 (7744) 完成，共存入 5 則新聞
🚀 (2406) 掃描到 5 則新聞，開始儲存...
💾 (2406) 完成，共存入 5 則新聞
🚀 (6456) 掃描到 5 則新聞，開始儲存...
💾 (6456) 完成，共存入 5 則新聞
🚀 (6840) 掃描到 5 則新聞，開始儲存...
💾 (6840) 完成，共存入 5 則新聞
🚀 (6546) 掃描到 5 則新聞，開始儲存...
💾 (6546) 完成，共存入 5 則新聞
🚀 (5439) 掃描到 5 則新聞，開始儲存...
💾 (5439) 完成，共存入 5 則新聞
🚀 (4721) 掃描到 5 則新聞，開始儲存...
💾 (4721) 完成，共存入 5 則新聞
🚀 (4906) 掃描到 5 則新聞，開始儲存...
💾 (4906) 完成，共存入 5 則新聞
🚀 (3546) 掃描到 5 則新聞，開始儲存...
💾 (3546) 完成，共存入 5 則新聞
🚀 (3455) 掃描到 5 則新聞，開始儲存...
💾 (3455) 完成，共存入 5 則新聞
🚀 (1589) 掃描到 5 則新聞，開始儲存...
💾 (1589) 完成，共存入 5 則新聞
🚀 (9934) 掃描到 5 則新聞，開始儲存...
💾 (9934) 完成，共存入 5 則新聞
🚀 (9933) 掃描到 5 則新聞，開始儲存...
💾 (9933) 完成，共存入 5 則新聞
🚀 (6245) 掃描到 5 則新聞，開始儲存...
💾 (6245) 完成，共存入 5 則新聞
🚀 (2399) 掃描到 5 則新聞，開始儲存...
💾 (2399) 完成，共存入 5 則新聞
🚀 (4953) 掃描到 5 則新聞，開始儲存...
💾 (4953) 完成，共存入 5 則新聞
🚀 (6491) 掃描到 5 則新聞，開始儲存...
💾 (6491) 完成，共存入 5 則新聞
🚀 (2480) 掃描到 5 則新聞，開始儲存...
💾 (2480) 完成，共存入 5 則新聞
🚀 (2845) 掃描到 5 則新聞，開始儲存...
💾 (2845) 完成，共存入 5 則新聞
🚀 (2535) 掃描到 5 則新聞，開始儲存...
💾 (2535) 完成，共存入 5 則新聞
🚀 (3686) 掃描到 5 則新聞，開始儲存...
💾 (3686) 完成，共存入 5 則新聞
🚀 (3317) 掃描到 5 則新聞，開始儲存...
💾 (3317) 完成，共存入 5 則新聞
🚀 (1220) 掃描到 5 則新聞，開始儲存...
💾 (1220) 完成，共存入 5 則新聞
🚀 (6831) 掃描到 5 則新聞，開始儲存...
💾 (6831) 完成，共存入 5 則新聞
🚀 (2316) 掃描到 5 則新聞，開始儲存...
💾 (2316) 完成，共存入 5 則新聞
🚀 (1784) 掃描到 5 則新聞，開始儲存...
💾 (1784) 完成，共存入 5 則新聞
🚀 (5864) 掃描到 5 則新聞，開始儲存...
💾 (5864) 完成，共存入 5 則新聞
🚀 (2301) 掃描到 5 則新聞，開始儲存...
💾 (2301) 完成，共存入 5 則新聞
🚀 (2464) 掃描到 5 則新聞，開始儲存...
💾 (2464) 完成，共存入 5 則新聞
🚀 (1727) 掃描到 5 則新聞，開始儲存...
💾 (1727) 完成，共存入 5 則新聞
🚀 (3717) 掃描到 5 則新聞，開始儲存...
💾 (3717) 完成，共存入 5 則新聞
🚀 (6788) 掃描到 5 則新聞，開始儲存...
🚀 (3624) 掃描到 5 則新聞，開始儲存...
💾 (6788) 完成，共存入 5 則新聞
💾 (3624) 完成，共存入 5 則新聞
🚀 (3135) 掃描到 5 則新聞，開始儲存...
💾 (3135) 完成，共存入 5 則新聞
🚀 (2356) 掃描到 5 則新聞，開始儲存...
💾 (2356) 完成，共存入 5 則新聞
🚀 (3088) 掃描到 5 則新聞，開始儲存...
💾 (3088) 完成，共存入 5 則新聞
🚀 (9941) 掃描到 5 則新聞，開始儲存...
💾 (9941) 完成，共存入 5 則新聞
🚀 (2915) 掃描到 5 則新聞，開始儲存...
💾 (2915) 完成，共存入 5 則新聞
🚀 (1569) 掃描到 5 則新聞，開始儲存...
💾 (1569) 完成，共存入 5 則新聞
🚀 (4551) 掃描到 5 則新聞，開始儲存...
💾 (4551) 完成，共存入 5 則新聞
🚀 (6197) 掃描到 5 則新聞，開始儲存...
💾 (6197) 完成，共存入 5 則新聞
🚀 (3022) 掃描到 5 則新聞，開始儲存...
💾 (3022) 完成，共存入 5 則新聞
🚀 (2323) 掃描到 5 則新聞，開始儲存...
💾 (2323) 完成，共存入 5 則新聞
🚀 (2855) 掃描到 5 則新聞，開始儲存...
💾 (2855) 完成，共存入 5 則新聞
🚀 (1617) 掃描到 5 則新聞，開始儲存...
💾 (1617) 完成，共存入 5 則新聞
🚀 (3622) 掃描到 5 則新聞，開始儲存...
💾 (3622) 完成，共存入 5 則新聞
🚀 (4128) 掃描到 5 則新聞，開始儲存...
💾 (4128) 完成，共存入 5 則新聞
🚀 (2455) 掃描到 5 則新聞，開始儲存...
💾 (2455) 完成，共存入 5 則新聞
🚀 (5291) 掃描到 5 則新聞，開始儲存...
💾 (5291) 完成，共存入 5 則新聞
🚀 (3289) 掃描到 5 則新聞，開始儲存...
💾 (3289) 完成，共存入 5 則新聞
🚀 (3078) 掃描到 5 則新聞，開始儲存...
💾 (3078) 完成，共存入 5 則新聞
🚀 (4167) 掃描到 5 則新聞，開始儲存...
💾 (4167) 完成，共存入 5 則新聞
🚀 (2349) 掃描到 5 則新聞，開始儲存...
💾 (2349) 完成，共存入 5 則新聞
🚀 (4976) 掃描到 5 則新聞，開始儲存...
💾 (4976) 完成，共存入 5 則新聞
🚀 (1308) 掃描到 5 則新聞，開始儲存...
💾 (1308) 完成，共存入 5 則新聞
🚀 (3609) 掃描到 5 則新聞，開始儲存...
💾 (3609) 完成，共存入 5 則新聞
🚀 (6925) 掃描到 5 則新聞，開始儲存...
💾 (6925) 完成，共存入 5 則新聞
🚀 (3217) 掃描到 5 則新聞，開始儲存...
🚀 (4576) 掃描到 5 則新聞，開始儲存...
💾 (3217) 完成，共存入 5 則新聞
💾 (4576) 完成，共存入 5 則新聞
🚀 (6596) 掃描到 5 則新聞，開始儲存...
💾 (6596) 完成，共存入 5 則新聞
🚀 (1305) 掃描到 5 則新聞，開始儲存...
💾 (1305) 完成，共存入 5 則新聞
🚀 (1808) 掃描到 5 則新聞，開始儲存...
💾 (1808) 完成，共存入 5 則新聞
🚀 (3498) 掃描到 5 則新聞，開始儲存...
💾 (3498) 完成，共存入 5 則新聞
🚀 (2353) 掃描到 5 則新聞，開始儲存...
💾 (2353) 完成，共存入 5 則新聞
🚀 (1517) 掃描到 5 則新聞，開始儲存...
💾 (1517) 完成，共存入 5 則新聞
🚀 (2618) 掃描到 5 則新聞，開始儲存...
💾 (2618) 完成，共存入 5 則新聞
🚀 (5340) 掃描到 5 則新聞，開始儲存...
💾 (5340) 完成，共存入 5 則新聞
🚀 (6568) 掃描到 5 則新聞，開始儲存...
💾 (6568) 完成，共存入 5 則新聞
🚀 (2484) 掃描到 5 則新聞，開始儲存...
💾 (2484) 完成，共存入 5 則新聞
🚀 (1568) 掃描到 5 則新聞，開始儲存...
💾 (1568) 完成，共存入 5 則新聞
🚀 (7712) 掃描到 5 則新聞，開始儲存...
💾 (7712) 完成，共存入 5 則新聞
🚀 (3376) 掃描到 5 則新聞，開始儲存...
💾 (3376) 完成，共存入 5 則新聞
🚀 (3025) 掃描到 5 則新聞，開始儲存...
💾 (3025) 完成，共存入 5 則新聞
🚀 (1786) 掃描到 5 則新聞，開始儲存...
💾 (1786) 完成，共存入 5 則新聞
🚀 (3545) 掃描到 5 則新聞，開始儲存...
💾 (3545) 完成，共存入 5 則新聞
🚀 (3081) 掃描到 5 則新聞，開始儲存...
💾 (3081) 完成，共存入 5 則新聞
🚀 (5315) 掃描到 5 則新聞，開始儲存...
💾 (5315) 完成，共存入 5 則新聞
🚀 (2258) 掃描到 5 則新聞，開始儲存...
💾 (2258) 完成，共存入 5 則新聞
🚀 (6799) 掃描到 5 則新聞，開始儲存...
💾 (6799) 完成，共存入 5 則新聞
🚀 (6415) 掃描到 5 則新聞，開始儲存...
💾 (6415) 完成，共存入 5 則新聞
🚀 (2485) 掃描到 5 則新聞，開始儲存...
💾 (2485) 完成，共存入 5 則新聞
🚀 (1815) 掃描到 5 則新聞，開始儲存...
💾 (1815) 完成，共存入 5 則新聞
🚀 (6937) 掃描到 5 則新聞，開始儲存...
💾 (6937) 完成，共存入 5 則新聞
🚀 (2419) 掃描到 5 則新聞，開始儲存...
💾 (2419) 完成，共存入 5 則新聞
🚀 (3709) 掃描到 5 則新聞，開始儲存...
💾 (3709) 完成，共存入 5 則新聞
🚀 (6223) 掃描到 5 則新聞，開始儲存...
💾 (6223) 完成，共存入 5 則新聞
🚀 (1603) 掃描到 5 則新聞，開始儲存...
💾 (1603) 完成，共存入 5 則新聞
🚀 (2607) 掃描到 5 則新聞，開始儲存...
💾 (2607) 完成，共存入 5 則新聞
🚀 (8462) 掃描到 5 則新聞，開始儲存...
💾 (8462) 完成，共存入 5 則新聞
🚀 (7777) 掃描到 5 則新聞，開始儲存...
💾 (7777) 完成，共存入 5 則新聞
🚀 (5607) 掃描到 5 則新聞，開始儲存...
💾 (5607) 完成，共存入 5 則新聞
🚀 (1409) 掃描到 5 則新聞，開始儲存...
💾 (1409) 完成，共存入 5 則新聞
🚀 (5392) 掃描到 5 則新聞，開始儲存...
💾 (5392) 完成，共存入 5 則新聞
🚀 (1504) 掃描到 5 則新聞，開始儲存...
💾 (1504) 完成，共存入 5 則新聞
🚀 (6104) 掃描到 5 則新聞，開始儲存...
💾 (6104) 完成，共存入 5 則新聞
🚀 (1210) 掃描到 5 則新聞，開始儲存...
💾 (1210) 完成，共存入 5 則新聞
🚀 (4157) 掃描到 5 則新聞，開始儲存...
💾 (4157) 完成，共存入 5 則新聞
🚀 (5302) 掃描到 5 則新聞，開始儲存...
💾 (5302) 完成，共存入 5 則新聞
🚀 (5328) 掃描到 5 則新聞，開始儲存...
💾 (5328) 完成，共存入 5 則新聞
🚀 (8081) 掃描到 5 則新聞，開始儲存...
💾 (8081) 完成，共存入 5 則新聞
🚀 (8114) 掃描到 5 則新聞，開始儲存...
💾 (8114) 完成，共存入 5 則新聞
🚀 (2395) 掃描到 5 則新聞，開始儲存...
💾 (2395) 完成，共存入 5 則新聞
🚀 (2405) 掃描到 5 則新聞，開始儲存...
💾 (2405) 完成，共存入 5 則新聞
🚀 (8415) 掃描到 5 則新聞，開始儲存...
💾 (8415) 完成，共存入 5 則新聞
🚀 (6525) 掃描到 5 則新聞，開始儲存...
💾 (6525) 完成，共存入 5 則新聞
🚀 (5274) 掃描到 5 則新聞，開始儲存...
💾 (5274) 完成，共存入 5 則新聞
🚀 (4736) 掃描到 5 則新聞，開始儲存...
💾 (4736) 完成，共存入 5 則新聞
🚀 (6643) 掃描到 5 則新聞，開始儲存...
💾 (6643) 完成，共存入 5 則新聞
🚀 (1529) 掃描到 5 則新聞，開始儲存...
💾 (1529) 完成，共存入 5 則新聞
🚀 (2501) 掃描到 5 則新聞，開始儲存...
💾 (2501) 完成，共存入 5 則新聞
🚀 (4130) 掃描到 5 則新聞，開始儲存...
💾 (4130) 完成，共存入 5 則新聞
🚀 (5498) 掃描到 5 則新聞，開始儲存...
💾 (5498) 完成，共存入 5 則新聞
🚀 (5314) 掃描到 5 則新聞，開始儲存...
💾 (5314) 完成，共存入 5 則新聞
🚀 (2887) 掃描到 5 則新聞，開始儲存...
💾 (2887) 完成，共存入 5 則新聞
🚀 (6187) 掃描到 5 則新聞，開始儲存...
💾 (6187) 完成，共存入 5 則新聞
🚀 (5876) 掃描到 5 則新聞，開始儲存...
💾 (5876) 完成，共存入 5 則新聞
🚀 (6657) 掃描到 5 則新聞，開始儲存...
💾 (6657) 完成，共存入 5 則新聞
🚀 (2540) 掃描到 5 則新聞，開始儲存...
💾 (2540) 完成，共存入 5 則新聞
🚀 (1442) 掃描到 5 則新聞，開始儲存...
💾 (1442) 完成，共存入 5 則新聞
🚀 (1410) 掃描到 5 則新聞，開始儲存...
💾 (1410) 完成，共存入 5 則新聞
🚀 (6625) 掃描到 5 則新聞，開始儲存...
💾 (6625) 完成，共存入 5 則新聞
🚀 (1616) 掃描到 5 則新聞，開始儲存...
💾 (1616) 完成，共存入 5 則新聞
🚀 (6923) 掃描到 5 則新聞，開始儲存...
💾 (6923) 完成，共存入 5 則新聞
🚀 (4162) 掃描到 5 則新聞，開始儲存...
💾 (4162) 完成，共存入 5 則新聞
🚀 (1307) 掃描到 5 則新聞，開始儲存...
💾 (1307) 完成，共存入 5 則新聞
🚀 (2345) 掃描到 5 則新聞，開始儲存...
💾 (2345) 完成，共存入 5 則新聞
🚀 (2317) 掃描到 5 則新聞，開始儲存...
💾 (2317) 完成，共存入 5 則新聞
🚀 (6667) 掃描到 5 則新聞，開始儲存...
💾 (6667) 完成，共存入 5 則新聞
🚀 (4105) 掃描到 5 則新聞，開始儲存...
💾 (4105) 完成，共存入 5 則新聞
🚀 (6191) 掃描到 5 則新聞，開始儲存...
💾 (6191) 完成，共存入 5 則新聞
🚀 (4114) 掃描到 5 則新聞，開始儲存...
💾 (4114) 完成，共存入 5 則新聞
🚀 (2634) 掃描到 5 則新聞，開始儲存...
💾 (2634) 完成，共存入 5 則新聞
🚀 (8171) 掃描到 5 則新聞，開始儲存...
💾 (8171) 完成，共存入 5 則新聞
🚀 (2340) 掃描到 5 則新聞，開始儲存...
💾 (2340) 完成，共存入 5 則新聞
🚀 (4958) 掃描到 5 則新聞，開始儲存...
💾 (4958) 完成，共存入 5 則新聞
🚀 (9105) 掃描到 5 則新聞，開始儲存...
💾 (9105) 完成，共存入 5 則新聞
🚀 (1319) 掃描到 5 則新聞，開始儲存...
💾 (1319) 完成，共存入 5 則新聞
🚀 (3213) 掃描到 5 則新聞，開始儲存...
💾 (3213) 完成，共存入 5 則新聞
🚀 (2241) 掃描到 5 則新聞，開始儲存...
💾 (2241) 完成，共存入 5 則新聞
🚀 (2369) 掃描到 5 則新聞，開始儲存...
💾 (2369) 完成，共存入 5 則新聞
🚀 (3567) 掃描到 5 則新聞，開始儲存...
💾 (3567) 完成，共存入 5 則新聞
🚀 (5452) 掃描到 5 則新聞，開始儲存...
💾 (5452) 完成，共存入 5 則新聞
🚀 (8080) 掃描到 5 則新聞，開始儲存...
💾 (8080) 完成，共存入 5 則新聞
🚀 (6279) 掃描到 5 則新聞，開始儲存...
💾 (6279) 完成，共存入 5 則新聞
🚀 (2344) 掃描到 5 則新聞，開始儲存...
💾 (2344) 完成，共存入 5 則新聞
🚀 (4714) 掃描到 5 則新聞，開始儲存...
💾 (4714) 完成，共存入 5 則新聞
🚀 (6962) 掃描到 5 則新聞，開始儲存...
💾 (6962) 完成，共存入 5 則新聞
🚀 (2515) 掃描到 5 則新聞，開始儲存...
💾 (2515) 完成，共存入 5 則新聞
🚀 (2886) 掃描到 5 則新聞，開始儲存...
💾 (2886) 完成，共存入 5 則新聞
🚀 (6462) 掃描到 5 則新聞，開始儲存...
💾 (6462) 完成，共存入 5 則新聞
🚀 (6231) 掃描到 5 則新聞，開始儲存...
💾 (6231) 完成，共存入 5 則新聞
🚀 (1528) 掃描到 5 則新聞，開始儲存...
💾 (1528) 完成，共存入 5 則新聞
🚀 (2892) 掃描到 5 則新聞，開始儲存...
💾 (2892) 完成，共存入 5 則新聞
🚀 (2489) 掃描到 5 則新聞，開始儲存...
💾 (2489) 完成，共存入 5 則新聞
🚀 (2371) 掃描到 5 則新聞，開始儲存...
💾 (2371) 完成，共存入 5 則新聞
🚀 (6805) 掃描到 5 則新聞，開始儲存...
💾 (6805) 完成，共存入 5 則新聞
🚀 (3059) 掃描到 5 則新聞，開始儲存...
💾 (3059) 完成，共存入 5 則新聞
🚀 (2236) 掃描到 5 則新聞，開始儲存...
💾 (2236) 完成，共存入 5 則新聞
🚀 (4533) 掃描到 5 則新聞，開始儲存...
💾 (4533) 完成，共存入 5 則新聞
🚀 (8070) 掃描到 5 則新聞，開始儲存...
💾 (8070) 完成，共存入 5 則新聞
🚀 (6122) 掃描到 5 則新聞，開始儲存...
💾 (6122) 完成，共存入 5 則新聞
🚀 (8341) 掃描到 5 則新聞，開始儲存...
💾 (8341) 完成，共存入 5 則新聞
🚀 (6409) 掃描到 5 則新聞，開始儲存...
💾 (6409) 完成，共存入 5 則新聞
🚀 (2010) 掃描到 5 則新聞，開始儲存...
💾 (2010) 完成，共存入 5 則新聞
🚀 (3533) 掃描到 5 則新聞，開始儲存...
💾 (3533) 完成，共存入 5 則新聞
🚀 (6584) 掃描到 5 則新聞，開始儲存...
💾 (6584) 完成，共存入 5 則新聞
🚀 (6725) 掃描到 5 則新聞，開始儲存...
💾 (6725) 完成，共存入 5 則新聞
🚀 (6125) 掃描到 5 則新聞，開始儲存...
💾 (6125) 完成，共存入 5 則新聞
🚀 (1216) 掃描到 5 則新聞，開始儲存...
💾 (1216) 完成，共存入 5 則新聞
🚀 (6147) 掃描到 5 則新聞，開始儲存...
💾 (6147) 完成，共存入 5 則新聞
🚀 (6873) 掃描到 5 則新聞，開始儲存...
💾 (6873) 完成，共存入 5 則新聞
🚀 (6517) 掃描到 5 則新聞，開始儲存...
💾 (6517) 完成，共存入 5 則新聞
🚀 (8044) 掃描到 5 則新聞，開始儲存...
💾 (8044) 完成，共存入 5 則新聞
🚀 (2417) 掃描到 5 則新聞，開始儲存...
💾 (2417) 完成，共存入 5 則新聞
🚀 (6133) 掃描到 5 則新聞，開始儲存...
💾 (6133) 完成，共存入 5 則新聞
🚀 (8438) 掃描到 5 則新聞，開始儲存...
💾 (8438) 完成，共存入 5 則新聞
🚀 (6120) 掃描到 5 則新聞，開始儲存...
💾 (6120) 完成，共存入 5 則新聞
🚀 (4588) 掃描到 5 則新聞，開始儲存...
💾 (4588) 完成，共存入 5 則新聞
🚀 (6957) 掃描到 5 則新聞，開始儲存...
💾 (6957) 完成，共存入 5 則新聞
🚀 (4916) 掃描到 5 則新聞，開始儲存...
💾 (4916) 完成，共存入 5 則新聞
🚀 (6533) 掃描到 5 則新聞，開始儲存...
💾 (6533) 完成，共存入 5 則新聞
🚀 (6411) 掃描到 5 則新聞，開始儲存...
💾 (6411) 完成，共存入 5 則新聞
🚀 (7734) 掃描到 5 則新聞，開始儲存...
💾 (7734) 完成，共存入 5 則新聞
🚀 (1536) 掃描到 5 則新聞，開始儲存...
💾 (1536) 完成，共存入 5 則新聞
🚀 (2374) 掃描到 5 則新聞，開始儲存...
💾 (2374) 完成，共存入 5 則新聞
🚀 (3548) 掃描到 5 則新聞，開始儲存...
💾 (3548) 完成，共存入 5 則新聞
🚀 (2409) 掃描到 5 則新聞，開始儲存...
💾 (2409) 完成，共存入 5 則新聞
🚀 (7751) 掃描到 5 則新聞，開始儲存...
💾 (7751) 完成，共存入 5 則新聞
🚀 (3680) 掃描到 5 則新聞，開始儲存...
💾 (3680) 完成，共存入 5 則新聞
🚀 (1789) 掃描到 5 則新聞，開始儲存...
💾 (1789) 完成，共存入 5 則新聞
🚀 (6715) 掃描到 5 則新聞，開始儲存...
💾 (6715) 完成，共存入 5 則新聞
🚀 (4927) 掃描到 5 則新聞，開始儲存...
💾 (4927) 完成，共存入 5 則新聞
🚀 (3363) 掃描到 5 則新聞，開始儲存...
💾 (3363) 完成，共存入 5 則新聞
🚀 (8215) 掃描到 5 則新聞，開始儲存...
💾 (8215) 完成，共存入 5 則新聞
🚀 (2884) 掃描到 5 則新聞，開始儲存...
💾 (2884) 完成，共存入 5 則新聞
🚀 (3707) 掃描到 5 則新聞，開始儲存...
💾 (3707) 完成，共存入 5 則新聞
🚀 (3033) 掃描到 5 則新聞，開始儲存...
💾 (3033) 完成，共存入 5 則新聞
🚀 (2449) 掃描到 5 則新聞，開始儲存...
💾 (2449) 完成，共存入 5 則新聞
🚀 (1802) 掃描到 5 則新聞，開始儲存...
💾 (1802) 完成，共存入 5 則新聞
🚀 (2436) 掃描到 5 則新聞，開始儲存...
💾 (2436) 完成，共存入 5 則新聞
🚀 (4923) 掃描到 5 則新聞，開始儲存...
💾 (4923) 完成，共存入 5 則新聞
🚀 (2428) 掃描到 5 則新聞，開始儲存...
💾 (2428) 完成，共存入 5 則新聞
🚀 (4571) 掃描到 5 則新聞，開始儲存...
💾 (4571) 完成，共存入 5 則新聞
🚀 (1449) 掃描到 5 則新聞，開始儲存...
💾 (1449) 完成，共存入 5 則新聞
🚀 (6196) 掃描到 5 則新聞，開始儲存...
💾 (6196) 完成，共存入 5 則新聞
🚀 (3294) 掃描到 5 則新聞，開始儲存...
💾 (3294) 完成，共存入 5 則新聞
🚀 (6603) 掃描到 5 則新聞，開始儲存...
💾 (6603) 完成，共存入 5 則新聞
🚀 (2312) 掃描到 5 則新聞，開始儲存...
💾 (2312) 完成，共存入 5 則新聞
🚀 (2427) 掃描到 5 則新聞，開始儲存...
💾 (2427) 完成，共存入 5 則新聞
🚀 (6112) 掃描到 5 則新聞，開始儲存...
💾 (6112) 完成，共存入 5 則新聞
🚀 (3045) 掃描到 5 則新聞，開始儲存...
💾 (3045) 完成，共存入 5 則新聞
🚀 (2329) 掃描到 5 則新聞，開始儲存...
💾 (2329) 完成，共存入 5 則新聞
🚀 (3444) 掃描到 5 則新聞，開始儲存...
💾 (3444) 完成，共存入 5 則新聞
🚀 (6446) 掃描到 5 則新聞，開始儲存...
💾 (6446) 完成，共存入 5 則新聞
🚀 (2023) 掃描到 5 則新聞，開始儲存...
💾 (2023) 完成，共存入 5 則新聞
🚀 (2476) 掃描到 5 則新聞，開始儲存...
💾 (2476) 完成，共存入 5 則新聞
🚀 (1563) 掃描到 5 則新聞，開始儲存...
💾 (1563) 完成，共存入 5 則新聞
🚀 (6722) 掃描到 5 則新聞，開始儲存...
💾 (6722) 完成，共存入 5 則新聞
🚀 (2605) 掃描到 5 則新聞，開始儲存...
💾 (2605) 完成，共存入 5 則新聞
🚀 (4915) 掃描到 5 則新聞，開始儲存...
💾 (4915) 完成，共存入 5 則新聞
🚀 (4749) 掃描到 5 則新聞，開始儲存...
💾 (4749) 完成，共存入 5 則新聞
🚀 (3354) 掃描到 5 則新聞，開始儲存...
💾 (3354) 完成，共存入 5 則新聞
🚀 (8436) 掃描到 5 則新聞，開始儲存...
💾 (8436) 完成，共存入 5 則新聞
🚀 (6640) 掃描到 5 則新聞，開始儲存...
💾 (6640) 完成，共存入 5 則新聞
🚀 (1419) 掃描到 5 則新聞，開始儲存...
💾 (1419) 完成，共存入 5 則新聞
🚀 (2420) 掃描到 5 則新聞，開始儲存...
💾 (2420) 完成，共存入 5 則新聞
🚀 (4562) 掃描到 5 則新聞，開始儲存...
💾 (4562) 完成，共存入 5 則新聞
🚀 (5508) 掃描到 5 則新聞，開始儲存...
💾 (5508) 完成，共存入 5 則新聞
🚀 (6949) 掃描到 5 則新聞，開始儲存...
💾 (6949) 完成，共存入 5 則新聞
🚀 (9945) 掃描到 5 則新聞，開始儲存...
💾 (9945) 完成，共存入 5 則新聞
🚀 (4949) 掃描到 5 則新聞，開始儲存...
💾 (4949) 完成，共存入 5 則新聞
🚀 (5288) 掃描到 5 則新聞，開始儲存...
💾 (5288) 完成，共存入 5 則新聞
🚀 (6214) 掃描到 5 則新聞，開始儲存...
💾 (6214) 完成，共存入 5 則新聞
🚀 (2108) 掃描到 5 則新聞，開始儲存...
💾 (2108) 完成，共存入 5 則新聞
🚀 (9917) 掃描到 5 則新聞，開始儲存...
💾 (9917) 完成，共存入 5 則新聞
🚀 (3026) 掃描到 5 則新聞，開始儲存...
💾 (3026) 完成，共存入 5 則新聞
🚀 (3443) 掃描到 5 則新聞，開始儲存...
🚀 (3535) 掃描到 5 則新聞，開始儲存...
💾 (3443) 完成，共存入 5 則新聞
💾 (3535) 完成，共存入 5 則新聞
🚀 (4903) 掃描到 5 則新聞，開始儲存...
💾 (4903) 完成，共存入 5 則新聞
🚀 (8111) 掃描到 5 則新聞，開始儲存...
💾 (8111) 完成，共存入 5 則新聞
🚀 (2247) 掃描到 5 則新聞，開始儲存...
💾 (2247) 完成，共存入 5 則新聞
🚀 (2612) 掃描到 5 則新聞，開始儲存...
💾 (2612) 完成，共存入 5 則新聞
🚀 (2230) 掃描到 5 則新聞，開始儲存...
💾 (2230) 完成，共存入 5 則新聞
🚀 (8222) 掃描到 5 則新聞，開始儲存...
💾 (8222) 完成，共存入 5 則新聞
🚀 (5386) 掃描到 5 則新聞，開始儲存...
💾 (5386) 完成，共存入 5 則新聞
🚀 (1513) 掃描到 5 則新聞，開始儲存...
💾 (1513) 完成，共存入 5 則新聞
🚀 (3073) 掃描到 5 則新聞，開始儲存...
💾 (3073) 完成，共存入 5 則新聞
🚀 (3540) 掃描到 5 則新聞，開始儲存...
💾 (3540) 完成，共存入 5 則新聞
🚀 (6016) 掃描到 5 則新聞，開始儲存...
💾 (6016) 完成，共存入 5 則新聞
🚀 (6139) 掃描到 5 則新聞，開始儲存...
💾 (6139) 完成，共存入 5 則新聞
🚀 (6811) 掃描到 5 則新聞，開始儲存...
💾 (6811) 完成，共存入 5 則新聞
🚀 (1215) 掃描到 5 則新聞，開始儲存...
💾 (1215) 完成，共存入 5 則新聞
🚀 (1524) 掃描到 5 則新聞，開始儲存...
🚀 (9907) 掃描到 5 則新聞，開始儲存...
💾 (1524) 完成，共存入 5 則新聞
💾 (9907) 完成，共存入 5 則新聞
🚀 (5243) 掃描到 5 則新聞，開始儲存...
💾 (5243) 完成，共存入 5 則新聞
🚀 (3413) 掃描到 5 則新聞，開始儲存...
💾 (3413) 完成，共存入 5 則新聞
🚀 (4989) 掃描到 5 則新聞，開始儲存...
💾 (4989) 完成，共存入 5 則新聞
🚀 (6270) 掃描到 5 則新聞，開始儲存...
💾 (6270) 完成，共存入 5 則新聞
🚀 (7749) 掃描到 5 則新聞，開始儲存...
💾 (7749) 完成，共存入 5 則新聞
🚀 (4129) 掃描到 5 則新聞，開始儲存...
💾 (4129) 完成，共存入 5 則新聞
🚀 (2379) 掃描到 5 則新聞，開始儲存...
💾 (2379) 完成，共存入 5 則新聞
🚀 (1903) 掃描到 5 則新聞，開始儲存...
💾 (1903) 完成，共存入 5 則新聞
🚀 (6205) 掃描到 5 則新聞，開始儲存...
💾 (6205) 完成，共存入 5 則新聞
🚀 (2208) 掃描到 5 則新聞，開始儲存...
💾 (2208) 完成，共存入 5 則新聞
🚀 (2228) 掃描到 5 則新聞，開始儲存...
💾 (2228) 完成，共存入 5 則新聞
🚀 (9939) 掃描到 5 則新聞，開始儲存...
💾 (9939) 完成，共存入 5 則新聞
🚀 (6823) 掃描到 5 則新聞，開始儲存...
💾 (6823) 完成，共存入 5 則新聞
🚀 (5474) 掃描到 5 則新聞，開始儲存...
💾 (5474) 完成，共存入 5 則新聞
🚀 (2206) 掃描到 5 則新聞，開始儲存...
💾 (2206) 完成，共存入 5 則新聞
🚀 (3228) 掃描到 5 則新聞，開始儲存...
💾 (3228) 完成，共存入 5 則新聞
🚀 (6486) 掃描到 5 則新聞，開始儲存...
💾 (6486) 完成，共存入 5 則新聞
🚀 (3712) 掃描到 5 則新聞，開始儲存...
💾 (3712) 完成，共存入 5 則新聞
🚀 (6217) 掃描到 5 則新聞，開始儲存...
💾 (6217) 完成，共存入 5 則新聞
🚀 (1712) 掃描到 5 則新聞，開始儲存...
💾 (1712) 完成，共存入 5 則新聞
🚀 (1476) 掃描到 5 則新聞，開始儲存...
💾 (1476) 完成，共存入 5 則新聞
🚀 (2885) 掃描到 5 則新聞，開始儲存...
💾 (2885) 完成，共存入 5 則新聞
🚀 (3416) 掃描到 5 則新聞，開始儲存...
💾 (3416) 完成，共存入 5 則新聞
🚀 (8454) 掃描到 5 則新聞，開始儲存...
🚀 (1527) 掃描到 5 則新聞，開始儲存...
🚀 (1316) 掃描到 5 則新聞，開始儲存...
🚀 (1714) 掃描到 5 則新聞，開始儲存...
🚀 (5536) 掃描到 5 則新聞，開始儲存...
💾 (8454) 完成，共存入 5 則新聞
💾 (1527) 完成，共存入 5 則新聞
💾 (1316) 完成，共存入 5 則新聞
💾 (1714) 完成，共存入 5 則新聞
💾 (5536) 完成，共存入 5 則新聞
🚀 (2034) 掃描到 5 則新聞，開始儲存...
🚀 (3011) 掃描到 5 則新聞，開始儲存...
💾 (2034) 完成，共存入 5 則新聞
💾 (3011) 完成，共存入 5 則新聞
🚀 (6683) 掃描到 5 則新聞，開始儲存...
💾 (6683) 完成，共存入 5 則新聞
🚀 (2030) 掃描到 5 則新聞，開始儲存...
💾 (2030) 完成，共存入 5 則新聞
🚀 (5227) 掃描到 5 則新聞，開始儲存...
💾 (5227) 完成，共存入 5 則新聞
🚀 (6588) 掃描到 5 則新聞，開始儲存...
🚀 (6180) 掃描到 5 則新聞，開始儲存...
💾 (6588) 完成，共存入 5 則新聞
💾 (6180) 完成，共存入 5 則新聞
🚀 (3013) 掃描到 5 則新聞，開始儲存...
💾 (3013) 完成，共存入 5 則新聞
🚀 (1809) 掃描到 5 則新聞，開始儲存...
💾 (1809) 完成，共存入 5 則新聞
🚀 (2527) 掃描到 5 則新聞，開始儲存...
💾 (2527) 完成，共存入 5 則新聞
🚀 (3032) 掃描到 5 則新聞，開始儲存...
💾 (3032) 完成，共存入 5 則新聞
🚀 (3293) 掃描到 5 則新聞，開始儲存...
💾 (3293) 完成，共存入 5 則新聞
🚀 (2753) 掃描到 5 則新聞，開始儲存...
💾 (2753) 完成，共存入 5 則新聞
🚀 (4542) 掃描到 5 則新聞，開始儲存...
💾 (4542) 完成，共存入 5 則新聞
🚀 (3017) 掃描到 5 則新聞，開始儲存...
💾 (3017) 完成，共存入 5 則新聞
🚀 (2486) 掃描到 5 則新聞，開始儲存...
💾 (2486) 完成，共存入 5 則新聞
🚀 (5475) 掃描到 5 則新聞，開始儲存...
💾 (5475) 完成，共存入 5 則新聞
🚀 (6138) 掃描到 5 則新聞，開始儲存...
💾 (6138) 完成，共存入 5 則新聞
🚀 (3149) 掃描到 5 則新聞，開始儲存...
💾 (3149) 完成，共存入 5 則新聞
🚀 (2467) 掃描到 5 則新聞，開始儲存...
💾 (2467) 完成，共存入 5 則新聞
🚀 (1584) 掃描到 5 則新聞，開始儲存...
💾 (1584) 完成，共存入 5 則新聞
🚀 (3491) 掃描到 5 則新聞，開始儲存...
💾 (3491) 完成，共存入 5 則新聞
🚀 (2101) 掃描到 5 則新聞，開始儲存...
💾 (2101) 完成，共存入 5 則新聞
🚀 (1477) 掃描到 5 則新聞，開始儲存...
💾 (1477) 完成，共存入 5 則新聞
🚀 (1231) 掃描到 5 則新聞，開始儲存...
💾 (1231) 完成，共存入 5 則新聞
🚀 (6435) 掃描到 5 則新聞，開始儲存...
💾 (6435) 完成，共存入 5 則新聞
🚀 (3380) 掃描到 5 則新聞，開始儲存...
💾 (3380) 完成，共存入 5 則新聞
🚀 (8374) 掃描到 5 則新聞，開始儲存...
💾 (8374) 完成，共存入 5 則新聞
🚀 (3466) 掃描到 5 則新聞，開始儲存...
💾 (3466) 完成，共存入 5 則新聞
🚀 (6472) 掃描到 5 則新聞，開始儲存...
💾 (6472) 完成，共存入 5 則新聞
🚀 (5469) 掃描到 5 則新聞，開始儲存...
💾 (5469) 完成，共存入 5 則新聞
🚀 (4763) 掃描到 5 則新聞，開始儲存...
💾 (4763) 完成，共存入 5 則新聞
🚀 (8478) 掃描到 5 則新聞，開始儲存...
💾 (8478) 完成，共存入 5 則新聞
🚀 (1711) 掃描到 5 則新聞，開始儲存...
💾 (1711) 完成，共存入 5 則新聞
🚀 (5534) 掃描到 5 則新聞，開始儲存...
💾 (5534) 完成，共存入 5 則新聞
🚀 (6153) 掃描到 5 則新聞，開始儲存...
💾 (6153) 完成，共存入 5 則新聞
🚀 (2451) 掃描到 5 則新聞，開始儲存...
💾 (2451) 完成，共存入 5 則新聞
🚀 (6469) 掃描到 5 則新聞，開始儲存...
🚀 (6670) 掃描到 5 則新聞，開始儲存...
💾 (6469) 完成，共存入 5 則新聞
💾 (6670) 完成，共存入 5 則新聞
🚀 (6862) 掃描到 5 則新聞，開始儲存...
💾 (6862) 完成，共存入 5 則新聞
🚀 (6233) 掃描到 5 則新聞，開始儲存...
💾 (6233) 完成，共存入 5 則新聞
🚀 (6719) 掃描到 5 則新聞，開始儲存...
💾 (6719) 完成，共存入 5 則新聞
🚀 (3029) 掃描到 5 則新聞，開始儲存...
💾 (3029) 完成，共存入 5 則新聞
🚀 (6416) 掃描到 5 則新聞，開始儲存...
💾 (6416) 完成，共存入 5 則新聞
🚀 (6117) 掃描到 5 則新聞，開始儲存...
💾 (6117) 完成，共存入 5 則新聞
🚀 (6727) 掃描到 5 則新聞，開始儲存...
💾 (6727) 完成，共存入 5 則新聞
🚀 (7810) 掃描到 5 則新聞，開始儲存...
💾 (7810) 完成，共存入 5 則新聞
🚀 (2646) 掃描到 5 則新聞，開始儲存...
💾 (2646) 完成，共存入 5 則新聞
🚀 (2388) 掃描到 5 則新聞，開始儲存...
💾 (2388) 完成，共存入 5 則新聞
🚀 (3008) 掃描到 5 則新聞，開始儲存...
💾 (3008) 完成，共存入 5 則新聞
🚀 (3086) 掃描到 5 則新聞，開始儲存...
💾 (3086) 完成，共存入 5 則新聞
🚀 (6177) 掃描到 5 則新聞，開始儲存...
💾 (6177) 完成，共存入 5 則新聞
🚀 (2457) 掃描到 5 則新聞，開始儲存...
💾 (2457) 完成，共存入 5 則新聞
🚀 (3532) 掃描到 5 則新聞，開始儲存...
💾 (3532) 完成，共存入 5 則新聞
🚀 (8926) 掃描到 5 則新聞，開始儲存...
💾 (8926) 完成，共存入 5 則新聞
🚀 (3037) 掃描到 5 則新聞，開始儲存...
🚀 (2426) 掃描到 5 則新聞，開始儲存...
💾 (3037) 完成，共存入 5 則新聞
💾 (2426) 完成，共存入 5 則新聞
🚀 (2207) 掃描到 5 則新聞，開始儲存...
💾 (2207) 完成，共存入 5 則新聞
🚀 (8042) 掃描到 5 則新聞，開始儲存...
💾 (8042) 完成，共存入 5 則新聞
🚀 (3219) 掃描到 5 則新聞，開始儲存...
💾 (3219) 完成，共存入 5 則新聞
🚀 (3346) 掃描到 5 則新聞，開始儲存...
🚀 (7703) 掃描到 5 則新聞，開始儲存...
💾 (3346) 完成，共存入 5 則新聞
💾 (7703) 完成，共存入 5 則新聞
🚀 (3356) 掃描到 5 則新聞，開始儲存...
💾 (3356) 完成，共存入 5 則新聞
🚀 (6176) 掃描到 5 則新聞，開始儲存...
💾 (6176) 完成，共存入 5 則新聞
🚀 (8284) 掃描到 5 則新聞，開始儲存...
💾 (8284) 完成，共存入 5 則新聞
🚀 (3234) 掃描到 5 則新聞，開始儲存...
🚀 (4532) 掃描到 5 則新聞，開始儲存...
💾 (3234) 完成，共存入 5 則新聞
💾 (4532) 完成，共存入 5 則新聞
🚀 (4768) 掃描到 5 則新聞，開始儲存...
💾 (4768) 完成，共存入 5 則新聞
🚀 (2324) 掃描到 5 則新聞，開始儲存...
💾 (2324) 完成，共存入 5 則新聞
🚀 (6186) 掃描到 5 則新聞，開始儲存...
💾 (6186) 完成，共存入 5 則新聞
🚀 (1608) 掃描到 5 則新聞，開始儲存...
💾 (1608) 完成，共存入 5 則新聞
🚀 (6412) 掃描到 5 則新聞，開始儲存...
💾 (6412) 完成，共存入 5 則新聞
🚀 (3004) 掃描到 5 則新聞，開始儲存...
💾 (3004) 完成，共存入 5 則新聞
🚀 (6753) 掃描到 5 則新聞，開始儲存...
💾 (6753) 完成，共存入 5 則新聞
🚀 (6005) 掃描到 5 則新聞，開始儲存...
💾 (6005) 完成，共存入 5 則新聞
🚀 (2331) 掃描到 5 則新聞，開始儲存...
💾 (2331) 完成，共存入 5 則新聞
🚀 (1303) 掃描到 5 則新聞，開始儲存...
💾 (1303) 完成，共存入 5 則新聞
🚀 (3051) 掃描到 5 則新聞，開始儲存...
💾 (3051) 完成，共存入 5 則新聞
🚀 (6170) 掃描到 5 則新聞，開始儲存...
💾 (6170) 完成，共存入 5 則新聞
🚀 (1785) 掃描到 5 則新聞，開始儲存...
💾 (1785) 完成，共存入 5 則新聞
🚀 (1313) 掃描到 5 則新聞，開始儲存...
💾 (1313) 完成，共存入 5 則新聞
🚀 (3041) 掃描到 5 則新聞，開始儲存...
💾 (3041) 完成，共存入 5 則新聞
🚀 (6461) 掃描到 5 則新聞，開始儲存...
💾 (6461) 完成，共存入 5 則新聞
🚀 (6215) 掃描到 5 則新聞，開始儲存...
💾 (6215) 完成，共存入 5 則新聞
🚀 (4746) 掃描到 5 則新聞，開始儲存...
💾 (4746) 完成，共存入 5 則新聞
🚀 (4722) 掃描到 5 則新聞，開始儲存...
💾 (4722) 完成，共存入 5 則新聞
🚀 (3339) 掃描到 5 則新聞，開始儲存...
💾 (3339) 完成，共存入 5 則新聞
🚀 (1773) 掃描到 5 則新聞，開始儲存...
💾 (1773) 完成，共存入 5 則新聞
🚀 (5432) 掃描到 5 則新聞，開始儲存...
💾 (5432) 完成，共存入 5 則新聞
🚀 (1590) 掃描到 5 則新聞，開始儲存...
💾 (1590) 完成，共存入 5 則新聞
🚀 (5608) 掃描到 5 則新聞，開始儲存...
💾 (5608) 完成，共存入 5 則新聞
🚀 (6620) 掃描到 5 則新聞，開始儲存...
💾 (6620) 完成，共存入 5 則新聞
🚀 (5309) 掃描到 5 則新聞，開始儲存...
💾 (5309) 完成，共存入 5 則新聞
🚀 (4577) 掃描到 5 則新聞，開始儲存...
💾 (4577) 完成，共存入 5 則新聞
🚀 (6785) 掃描到 5 則新聞，開始儲存...
💾 (6785) 完成，共存入 5 則新聞
🚀 (3704) 掃描到 5 則新聞，開始儲存...
💾 (3704) 完成，共存入 5 則新聞
🚀 (6213) 掃描到 5 則新聞，開始儲存...
💾 (6213) 完成，共存入 5 則新聞
🚀 (8476) 掃描到 5 則新聞，開始儲存...
💾 (8476) 完成，共存入 5 則新聞
🚀 (8938) 掃描到 5 則新聞，開始儲存...
💾 (8938) 完成，共存入 5 則新聞
🚀 (3715) 掃描到 5 則新聞，開始儲存...
💾 (3715) 完成，共存入 5 則新聞
🚀 (5228) 掃描到 5 則新聞，開始儲存...
💾 (5228) 完成，共存入 5 則新聞
🚀 (4961) 掃描到 5 則新聞，開始儲存...
🚀 (3257) 掃描到 5 則新聞，開始儲存...
💾 (4961) 完成，共存入 5 則新聞
💾 (3257) 完成，共存入 5 則新聞
🚀 (3015) 掃描到 5 則新聞，開始儲存...
💾 (3015) 完成，共存入 5 則新聞
🚀 (6803) 掃描到 5 則新聞，開始儲存...
💾 (6803) 完成，共存入 5 則新聞
🚀 (9958) 掃描到 5 則新聞，開始儲存...
🚀 (4526) 掃描到 5 則新聞，開始儲存...
💾 (9958) 完成，共存入 5 則新聞
💾 (4526) 完成，共存入 5 則新聞
🚀 (3035) 掃描到 5 則新聞，開始儲存...
💾 (3035) 完成，共存入 5 則新聞
🚀 (3056) 掃描到 5 則新聞，開始儲存...
💾 (3056) 完成，共存入 5 則新聞
🚀 (1325) 掃描到 5 則新聞，開始儲存...
💾 (1325) 完成，共存入 5 則新聞
🚀 (8043) 掃描到 5 則新聞，開始儲存...
💾 (8043) 完成，共存入 5 則新聞
🚀 (2801) 掃描到 5 則新聞，開始儲存...
💾 (2801) 完成，共存入 5 則新聞
🚀 (6163) 掃描到 5 則新聞，開始儲存...
💾 (6163) 完成，共存入 5 則新聞
🚀 (2723) 掃描到 5 則新聞，開始儲存...
🚀 (3236) 掃描到 5 則新聞，開始儲存...
💾 (2723) 完成，共存入 5 則新聞
💾 (3236) 完成，共存入 5 則新聞
🚀 (3324) 掃描到 5 則新聞，開始儲存...
💾 (3324) 完成，共存入 5 則新聞
🚀 (2912) 掃描到 5 則新聞，開始儲存...
💾 (2912) 完成，共存入 5 則新聞
🚀 (1440) 掃描到 5 則新聞，開始儲存...
💾 (1440) 完成，共存入 5 則新聞
🚀 (3543) 掃描到 5 則新聞，開始儲存...
💾 (3543) 完成，共存入 5 則新聞
🚀 (3023) 掃描到 5 則新聞，開始儲存...
💾 (3023) 完成，共存入 5 則新聞
🚀 (8431) 掃描到 5 則新聞，開始儲存...
💾 (8431) 完成，共存入 5 則新聞
🚀 (3060) 掃描到 5 則新聞，開始儲存...
💾 (3060) 完成，共存入 5 則新聞
🚀 (8027) 掃描到 5 則新聞，開始儲存...
💾 (8027) 完成，共存入 5 則新聞
🚀 (4104) 掃描到 5 則新聞，開始儲存...
💾 (4104) 完成，共存入 5 則新聞
🚀 (6261) 掃描到 5 則新聞，開始儲存...
💾 (6261) 完成，共存入 5 則新聞
🚀 (2368) 掃描到 5 則新聞，開始儲存...
💾 (2368) 完成，共存入 5 則新聞
🚀 (4919) 掃描到 5 則新聞，開始儲存...
💾 (4919) 完成，共存入 5 則新聞
🚀 (2352) 掃描到 5 則新聞，開始儲存...
💾 (2352) 完成，共存入 5 則新聞
🚀 (6113) 掃描到 5 則新聞，開始儲存...
💾 (6113) 完成，共存入 5 則新聞
🚀 (6235) 掃描到 5 則新聞，開始儲存...
💾 (6235) 完成，共存入 5 則新聞
🚀 (5483) 掃描到 5 則新聞，開始儲存...
💾 (5483) 完成，共存入 5 則新聞
🚀 (4966) 掃描到 5 則新聞，開始儲存...
💾 (4966) 完成，共存入 5 則新聞
🚀 (3047) 掃描到 5 則新聞，開始儲存...
💾 (3047) 完成，共存入 5 則新聞
🚀 (6698) 掃描到 5 則新聞，開始儲存...
💾 (6698) 完成，共存入 5 則新聞
🚀 (1540) 掃描到 5 則新聞，開始儲存...
🚀 (2880) 掃描到 5 則新聞，開始儲存...
💾 (1540) 完成，共存入 5 則新聞
💾 (2880) 完成，共存入 5 則新聞
🚀 (5009) 掃描到 5 則新聞，開始儲存...
💾 (5009) 完成，共存入 5 則新聞
🚀 (8107) 掃描到 5 則新聞，開始儲存...
💾 (8107) 完成，共存入 5 則新聞
🚀 (2458) 掃描到 5 則新聞，開始儲存...
💾 (2458) 完成，共存入 5 則新聞
🚀 (9942) 掃描到 5 則新聞，開始儲存...
💾 (9942) 完成，共存入 5 則新聞
🚀 (8074) 掃描到 5 則新聞，開始儲存...
💾 (8074) 完成，共存入 5 則新聞
🚀 (4164) 掃描到 5 則新聞，開始儲存...
💾 (4164) 完成，共存入 5 則新聞
🚀 (9921) 掃描到 5 則新聞，開始儲存...
💾 (9921) 完成，共存入 5 則新聞
🚀 (6485) 掃描到 5 則新聞，開始儲存...
💾 (6485) 完成，共存入 5 則新聞
🚀 (4960) 掃描到 5 則新聞，開始儲存...
🚀 (4770) 掃描到 5 則新聞，開始儲存...
💾 (4960) 完成，共存入 5 則新聞
💾 (4770) 完成，共存入 5 則新聞
🚀 (6021) 掃描到 5 則新聞，開始儲存...
💾 (6021) 完成，共存入 5 則新聞
🚀 (2354) 掃描到 5 則新聞，開始儲存...
💾 (2354) 完成，共存入 5 則新聞
🚀 (5284) 掃描到 5 則新聞，開始儲存...
💾 (5284) 完成，共存入 5 則新聞
🚀 (1905) 掃描到 5 則新聞，開始儲存...
💾 (1905) 完成，共存入 5 則新聞
🚀 (8131) 掃描到 5 則新聞，開始儲存...
💾 (8131) 完成，共存入 5 則新聞
🚀 (2302) 掃描到 5 則新聞，開始儲存...
💾 (2302) 完成，共存入 5 則新聞
🚀 (3580) 掃描到 5 則新聞，開始儲存...
💾 (3580) 完成，共存入 5 則新聞
🚀 (2106) 掃描到 5 則新聞，開始儲存...
💾 (2106) 完成，共存入 5 則新聞
🚀 (4583) 掃描到 5 則新聞，開始儲存...
💾 (4583) 完成，共存入 5 則新聞
🚀 (8033) 掃描到 5 則新聞，開始儲存...
💾 (8033) 完成，共存入 5 則新聞
🚀 (3027) 掃描到 5 則新聞，開始儲存...
💾 (3027) 完成，共存入 5 則新聞
🚀 (6230) 掃描到 5 則新聞，開始儲存...
💾 (6230) 完成，共存入 5 則新聞
🚀 (2337) 掃描到 5 則新聞，開始儲存...
💾 (2337) 完成，共存入 5 則新聞
🚀 (2439) 掃描到 5 則新聞，開始儲存...
💾 (2439) 完成，共存入 5 則新聞
🚀 (2115) 掃描到 5 則新聞，開始儲存...
💾 (2115) 完成，共存入 5 則新聞
🚀 (6757) 掃描到 5 則新聞，開始儲存...
💾 (6757) 完成，共存入 5 則新聞
🚀 (8227) 掃描到 5 則新聞，開始儲存...
💾 (8227) 完成，共存入 5 則新聞
🚀 (5263) 掃描到 5 則新聞，開始儲存...
💾 (5263) 完成，共存入 5 則新聞
🚀 (7402) 掃描到 5 則新聞，開始儲存...
💾 (7402) 完成，共存入 5 則新聞
🚀 (3036) 掃描到 5 則新聞，開始儲存...
💾 (3036) 完成，共存入 5 則新聞
🚀 (6179) 掃描到 5 則新聞，開始儲存...
💾 (6179) 完成，共存入 5 則新聞
🚀 (1605) 掃描到 5 則新聞，開始儲存...
💾 (1605) 完成，共存入 5 則新聞
🚀 (6890) 掃描到 5 則新聞，開始儲存...
💾 (6890) 完成，共存入 5 則新聞
🚀 (8234) 掃描到 5 則新聞，開始儲存...
💾 (8234) 完成，共存入 5 則新聞
🚀 (2402) 掃描到 5 則新聞，開始儲存...
💾 (2402) 完成，共存入 5 則新聞
🚀 (6015) 掃描到 5 則新聞，開始儲存...
💾 (6015) 完成，共存入 5 則新聞
🚀 (1402) 掃描到 5 則新聞，開始儲存...
💾 (1402) 完成，共存入 5 則新聞
🚀 (6134) 掃描到 5 則新聞，開始儲存...
💾 (6134) 完成，共存入 5 則新聞
🚀 (3711) 掃描到 5 則新聞，開始儲存...
💾 (3711) 完成，共存入 5 則新聞
🚀 (5478) 掃描到 5 則新聞，開始儲存...
💾 (5478) 完成，共存入 5 則新聞
🚀 (8112) 掃描到 5 則新聞，開始儲存...
💾 (8112) 完成，共存入 5 則新聞
🚀 (8289) 掃描到 5 則新聞，開始儲存...
💾 (8289) 完成，共存入 5 則新聞
🚀 (4561) 掃描到 5 則新聞，開始儲存...
💾 (4561) 完成，共存入 5 則新聞
🚀 (4912) 掃描到 5 則新聞，開始儲存...
💾 (4912) 完成，共存入 5 則新聞
🚀 (7714) 掃描到 5 則新聞，開始儲存...
💾 (7714) 完成，共存入 5 則新聞
🚀 (2404) 掃描到 5 則新聞，開始儲存...
💾 (2404) 完成，共存入 5 則新聞
🚀 (3714) 掃描到 5 則新聞，開始儲存...
💾 (3714) 完成，共存入 5 則新聞
🚀 (4973) 掃描到 5 則新聞，開始儲存...
💾 (4973) 完成，共存入 5 則新聞
🚀 (7736) 掃描到 5 則新聞，開始儲存...
💾 (7736) 完成，共存入 5 則新聞
🚀 (8927) 掃描到 5 則新聞，開始儲存...
💾 (8927) 完成，共存入 5 則新聞
🚀 (6199) 掃描到 5 則新聞，開始儲存...
💾 (6199) 完成，共存入 5 則新聞
🚀 (2049) 掃描到 5 則新聞，開始儲存...
💾 (2049) 完成，共存入 5 則新聞
🚀 (6515) 掃描到 5 則新聞，開始儲存...
💾 (6515) 完成，共存入 5 則新聞
🚀 (6672) 掃描到 5 則新聞，開始儲存...
💾 (6672) 完成，共存入 5 則新聞
🚀 (2059) 掃描到 5 則新聞，開始儲存...
💾 (2059) 完成，共存入 5 則新聞
🚀 (6609) 掃描到 5 則新聞，開始儲存...
💾 (6609) 完成，共存入 5 則新聞
🚀 (1503) 掃描到 5 則新聞，開始儲存...
💾 (1503) 完成，共存入 5 則新聞
🚀 (3264) 掃描到 5 則新聞，開始儲存...
💾 (3264) 完成，共存入 5 則新聞
🚀 (2429) 掃描到 5 則新聞，開始儲存...
💾 (2429) 完成，共存入 5 則新聞
🚀 (4523) 掃描到 5 則新聞，開始儲存...
💾 (4523) 完成，共存入 5 則新聞
🚀 (3042) 掃描到 5 則新聞，開始儲存...
💾 (3042) 完成，共存入 5 則新聞
🚀 (4303) 掃描到 5 則新聞，開始儲存...
💾 (4303) 完成，共存入 5 則新聞
🚀 (3211) 掃描到 5 則新聞，開始儲存...
💾 (3211) 完成，共存入 5 則新聞
🚀 (2882) 掃描到 5 則新聞，開始儲存...
💾 (2882) 完成，共存入 5 則新聞
🚀 (2731) 掃描到 5 則新聞，開始儲存...
💾 (2731) 完成，共存入 5 則新聞
🚀 (1609) 掃描到 5 則新聞，開始儲存...
💾 (1609) 完成，共存入 5 則新聞
🚀 (4764) 掃描到 5 則新聞，開始儲存...
💾 (4764) 完成，共存入 5 則新聞
🚀 (6143) 掃描到 5 則新聞，開始儲存...
💾 (6143) 完成，共存入 5 則新聞
🚀 (8068) 掃描到 5 則新聞，開始儲存...
💾 (8068) 完成，共存入 5 則新聞
🚀 (1710) 掃描到 5 則新聞，開始儲存...
💾 (1710) 完成，共存入 5 則新聞
🚀 (2367) 掃描到 5 則新聞，開始儲存...
💾 (2367) 完成，共存入 5 則新聞
🚀 (6829) 掃描到 5 則新聞，開始儲存...
💾 (6829) 完成，共存入 5 則新聞
🚀 (2890) 掃描到 5 則新聞，開始儲存...
💾 (2890) 完成，共存入 5 則新聞
🚀 (3152) 掃描到 5 則新聞，開始儲存...
💾 (3152) 完成，共存入 5 則新聞
🚀 (8096) 掃描到 5 則新聞，開始儲存...
💾 (8096) 完成，共存入 5 則新聞
🚀 (3430) 掃描到 5 則新聞，開始儲存...
💾 (3430) 完成，共存入 5 則新聞
🚀 (6451) 掃描到 5 則新聞，開始儲存...
💾 (6451) 完成，共存入 5 則新聞
🚀 (2836) 掃描到 5 則新聞，開始儲存...
💾 (2836) 完成，共存入 5 則新聞
🚀 (2645) 掃描到 5 則新聞，開始儲存...
💾 (2645) 完成，共存入 5 則新聞
🚀 (6272) 掃描到 5 則新聞，開始儲存...
💾 (6272) 完成，共存入 5 則新聞
🚀 (5706) 掃描到 5 則新聞，開始儲存...
💾 (5706) 完成，共存入 5 則新聞
🚀 (3515) 掃描到 5 則新聞，開始儲存...
💾 (3515) 完成，共存入 5 則新聞
🚀 (8155) 掃描到 5 則新聞，開始儲存...
💾 (8155) 完成，共存入 5 則新聞
🚀 (6278) 掃描到 5 則新聞，開始儲存...
💾 (6278) 完成，共存入 5 則新聞
🚀 (2204) 掃描到 5 則新聞，開始儲存...
💾 (2204) 完成，共存入 5 則新聞
🚀 (2636) 掃描到 5 則新聞，開始儲存...
💾 (2636) 完成，共存入 5 則新聞
🚀 (4974) 掃描到 5 則新聞，開始儲存...
💾 (4974) 完成，共存入 5 則新聞
🚀 (3265) 掃描到 5 則新聞，開始儲存...
💾 (3265) 完成，共存入 5 則新聞
🚀 (6691) 掃描到 5 則新聞，開始儲存...
💾 (6691) 完成，共存入 5 則新聞
🚀 (6894) 掃描到 5 則新聞，開始儲存...
💾 (6894) 完成，共存入 5 則新聞
🚀 (3218) 掃描到 5 則新聞，開始儲存...
💾 (3218) 完成，共存入 5 則新聞
🚀 (1611) 掃描到 5 則新聞，開始儲存...
💾 (1611) 完成，共存入 5 則新聞
🚀 (3090) 掃描到 5 則新聞，開始儲存...
💾 (3090) 完成，共存入 5 則新聞
🚀 (6909) 掃描到 5 則新聞，開始儲存...
💾 (6909) 完成，共存入 5 則新聞
🚀 (8271) 掃描到 5 則新聞，開始儲存...
💾 (8271) 完成，共存入 5 則新聞
🚀 (6126) 掃描到 5 則新聞，開始儲存...
💾 (6126) 完成，共存入 5 則新聞
🚀 (2014) 掃描到 5 則新聞，開始儲存...
💾 (2014) 完成，共存入 5 則新聞
🚀 (4766) 掃描到 5 則新聞，開始儲存...
💾 (4766) 完成，共存入 5 則新聞
🚀 (3617) 掃描到 5 則新聞，開始儲存...
💾 (3617) 完成，共存入 5 則新聞
🚀 (6547) 掃描到 5 則新聞，開始儲存...
💾 (6547) 完成，共存入 5 則新聞
🚀 (4979) 掃描到 5 則新聞，開始儲存...
💾 (4979) 完成，共存入 5 則新聞
🚀 (6919) 掃描到 5 則新聞，開始儲存...
💾 (6919) 完成，共存入 5 則新聞
🚀 (1597) 掃描到 5 則新聞，開始儲存...
💾 (1597) 完成，共存入 5 則新聞
🚀 (6531) 掃描到 5 則新聞，開始儲存...
💾 (6531) 完成，共存入 5 則新聞
🚀 (4540) 掃描到 5 則新聞，開始儲存...
💾 (4540) 完成，共存入 5 則新聞
🚀 (6275) 掃描到 5 則新聞，開始儲存...
💾 (6275) 完成，共存入 5 則新聞
🚀 (7722) 掃描到 5 則新聞，開始儲存...
💾 (7722) 完成，共存入 5 則新聞
🚀 (9955) 掃描到 5 則新聞，開始儲存...
💾 (9955) 完成，共存入 5 則新聞
🚀 (4739) 掃描到 5 則新聞，開始儲存...
💾 (4739) 完成，共存入 5 則新聞
🚀 (5425) 掃描到 5 則新聞，開始儲存...
💾 (5425) 完成，共存入 5 則新聞
🚀 (8249) 掃描到 5 則新聞，開始儲存...
💾 (8249) 完成，共存入 5 則新聞
🚀 (3406) 掃描到 5 則新聞，開始儲存...
💾 (3406) 完成，共存入 5 則新聞
🚀 (6510) 掃描到 5 則新聞，開始儲存...
💾 (6510) 完成，共存入 5 則新聞
🚀 (3006) 掃描到 5 則新聞，開始儲存...
💾 (3006) 完成，共存入 5 則新聞
🚀 (8150) 掃描到 5 則新聞，開始儲存...
💾 (8150) 完成，共存入 5 則新聞
🚀 (2537) 掃描到 5 則新聞，開始儲存...
💾 (2537) 完成，共存入 5 則新聞
🚀 (3372) 掃描到 5 則新聞，開始儲存...
💾 (3372) 完成，共存入 5 則新聞
🚀 (6239) 掃描到 5 則新聞，開始儲存...
💾 (6239) 完成，共存入 5 則新聞
🚀 (2393) 掃描到 5 則新聞，開始儲存...
💾 (2393) 完成，共存入 5 則新聞
🚀 (6175) 掃描到 5 則新聞，開始儲存...
💾 (6175) 完成，共存入 5 則新聞
🚀 (8464) 掃描到 5 則新聞，開始儲存...
💾 (8464) 完成，共存入 5 則新聞
🚀 (3689) 掃描到 5 則新聞，開始儲存...
💾 (3689) 完成，共存入 5 則新聞
🚀 (6732) 掃描到 5 則新聞，開始儲存...
💾 (6732) 完成，共存入 5 則新聞
🚀 (9938) 掃描到 5 則新聞，開始儲存...
💾 (9938) 完成，共存入 5 則新聞
🚀 (6782) 掃描到 5 則新聞，開始儲存...
💾 (6782) 完成，共存入 5 則新聞
🚀 (3379) 掃描到 5 則新聞，開始儲存...
💾 (3379) 完成，共存入 5 則新聞
🚀 (2201) 掃描到 5 則新聞，開始儲存...
💾 (2201) 完成，共存入 5 則新聞
🚀 (3034) 掃描到 5 則新聞，開始儲存...
💾 (3034) 完成，共存入 5 則新聞
🚀 (2603) 掃描到 5 則新聞，開始儲存...
💾 (2603) 完成，共存入 5 則新聞
🚀 (6535) 掃描到 5 則新聞，開始儲存...
💾 (6535) 完成，共存入 5 則新聞
🚀 (6761) 掃描到 5 則新聞，開始儲存...
💾 (6761) 完成，共存入 5 則新聞
🚀 (3028) 掃描到 5 則新聞，開始儲存...
💾 (3028) 完成，共存入 5 則新聞
🚀 (2454) 掃描到 5 則新聞，開始儲存...
💾 (2454) 完成，共存入 5 則新聞
🚀 (2543) 掃描到 5 則新聞，開始儲存...
💾 (2543) 完成，共存入 5 則新聞
🚀 (7786) 掃描到 5 則新聞，開始儲存...
💾 (7786) 完成，共存入 5 則新聞
🚀 (2466) 掃描到 5 則新聞，開始儲存...
💾 (2466) 完成，共存入 5 則新聞
🚀 (3605) 掃描到 5 則新聞，開始儲存...
💾 (3605) 完成，共存入 5 則新聞
🚀 (2465) 掃描到 5 則新聞，開始儲存...
💾 (2465) 完成，共存入 5 則新聞
🚀 (2609) 掃描到 5 則新聞，開始儲存...
💾 (2609) 完成，共存入 5 則新聞
🚀 (2387) 掃描到 5 則新聞，開始儲存...
💾 (2387) 完成，共存入 5 則新聞
🚀 (2897) 掃描到 5 則新聞，開始儲存...
💾 (2897) 完成，共存入 5 則新聞
🚀 (2834) 掃描到 5 則新聞，開始儲存...
💾 (2834) 完成，共存入 5 則新聞
🚀 (4939) 掃描到 5 則新聞，開始儲存...
💾 (4939) 完成，共存入 5 則新聞
🚀 (2504) 掃描到 5 則新聞，開始儲存...
💾 (2504) 完成，共存入 5 則新聞
🚀 (6449) 掃描到 5 則新聞，開始儲存...
💾 (6449) 完成，共存入 5 則新聞
🚀 (4904) 掃描到 5 則新聞，開始儲存...
💾 (4904) 完成，共存入 5 則新聞
🚀 (2365) 掃描到 5 則新聞，開始儲存...
💾 (2365) 完成，共存入 5 則新聞
🚀 (2027) 掃描到 5 則新聞，開始儲存...
💾 (2027) 完成，共存入 5 則新聞
🚀 (3092) 掃描到 5 則新聞，開始儲存...
💾 (3092) 完成，共存入 5 則新聞
🚀 (2357) 掃描到 5 則新聞，開始儲存...
💾 (2357) 完成，共存入 5 則新聞
🚀 (2233) 掃描到 5 則新聞，開始儲存...
💾 (2233) 完成，共存入 5 則新聞
🚀 (5245) 掃描到 5 則新聞，開始儲存...
💾 (5245) 完成，共存入 5 則新聞
🚀 (3628) 掃描到 5 則新聞，開始儲存...
💾 (3628) 完成，共存入 5 則新聞
🚀 (5871) 掃描到 5 則新聞，開始儲存...
💾 (5871) 完成，共存入 5 則新聞
🚀 (8028) 掃描到 5 則新聞，開始儲存...
💾 (8028) 完成，共存入 5 則新聞
🚀 (2421) 掃描到 5 則新聞，開始儲存...
💾 (2421) 完成，共存入 5 則新聞
🚀 (4938) 掃描到 5 則新聞，開始儲存...
💾 (4938) 完成，共存入 5 則新聞
🚀 (6477) 掃描到 5 則新聞，開始儲存...
💾 (6477) 完成，共存入 5 則新聞
🚀 (3321) 掃描到 5 則新聞，開始儲存...
💾 (3321) 完成，共存入 5 則新聞
🚀 (3501) 掃描到 5 則新聞，開始儲存...
🚀 (6173) 掃描到 5 則新聞，開始儲存...
💾 (3501) 完成，共存入 5 則新聞
💾 (6173) 完成，共存入 5 則新聞
🚀 (3563) 掃描到 5 則新聞，開始儲存...
💾 (3563) 完成，共存入 5 則新聞
🚀 (8083) 掃描到 5 則新聞，開始儲存...
💾 (8083) 完成，共存入 5 則新聞
🚀 (2630) 掃描到 5 則新聞，開始儲存...
💾 (2630) 完成，共存入 5 則新聞
🚀 (8422) 掃描到 5 則新聞，開始儲存...
💾 (8422) 完成，共存入 5 則新聞
🚀 (3162) 掃描到 5 則新聞，開始儲存...
💾 (3162) 完成，共存入 5 則新聞
🚀 (3691) 掃描到 5 則新聞，開始儲存...
💾 (3691) 完成，共存入 5 則新聞
🚀 (3049) 掃描到 5 則新聞，開始儲存...
💾 (3049) 完成，共存入 5 則新聞
🚀 (6589) 掃描到 5 則新聞，開始儲存...
💾 (6589) 完成，共存入 5 則新聞
🚀 (3661) 掃描到 5 則新聞，開始儲存...
💾 (3661) 完成，共存入 5 則新聞
🚀 (6548) 掃描到 5 則新聞，開始儲存...
💾 (6548) 完成，共存入 5 則新聞
🚀 (3450) 掃描到 5 則新聞，開始儲存...
💾 (3450) 完成，共存入 5 則新聞
🚀 (5434) 掃描到 5 則新聞，開始儲存...
💾 (5434) 完成，共存入 5 則新聞
🚀 (6282) 掃描到 5 則新聞，開始儲存...
💾 (6282) 完成，共存入 5 則新聞
🚀 (6443) 掃描到 5 則新聞，開始儲存...
💾 (6443) 完成，共存入 5 則新聞
🚀 (6695) 掃描到 5 則新聞，開始儲存...
💾 (6695) 完成，共存入 5 則新聞
🚀 (2903) 掃描到 5 則新聞，開始儲存...
💾 (2903) 完成，共存入 5 則新聞
🚀 (4510) 掃描到 5 則新聞，開始儲存...
💾 (4510) 完成，共存入 5 則新聞
🚀 (4566) 掃描到 5 則新聞，開始儲存...
🚀 (3701) 掃描到 5 則新聞，開始儲存...
💾 (4566) 完成，共存入 5 則新聞
💾 (3701) 完成，共存入 5 則新聞
🚀 (1314) 掃描到 5 則新聞，開始儲存...
💾 (1314) 完成，共存入 5 則新聞
🚀 (6768) 掃描到 5 則新聞，開始儲存...
💾 (6768) 完成，共存入 5 則新聞
🚀 (2633) 掃描到 5 則新聞，開始儲存...
💾 (2633) 完成，共存入 5 則新聞
🚀 (6227) 掃描到 5 則新聞，開始儲存...
💾 (6227) 完成，共存入 5 則新聞
🚀 (9910) 掃描到 5 則新聞，開始儲存...
💾 (9910) 完成，共存入 5 則新聞
🚀 (8499) 掃描到 5 則新聞，開始儲存...
💾 (8499) 完成，共存入 5 則新聞
🚀 (6776) 掃描到 5 則新聞，開始儲存...
💾 (6776) 完成，共存入 5 則新聞
🚀 (5351) 掃描到 5 則新聞，開始儲存...
💾 (5351) 完成，共存入 5 則新聞
🚀 (2462) 掃描到 5 則新聞，開始儲存...
💾 (2462) 完成，共存入 5 則新聞
🚀 (2641) 掃描到 5 則新聞，開始儲存...
💾 (2641) 完成，共存入 5 則新聞
🚀 (3030) 掃描到 5 則新聞，開始儲存...
🚀 (1810) 掃描到 5 則新聞，開始儲存...
💾 (3030) 完成，共存入 5 則新聞
💾 (1810) 完成，共存入 5 則新聞
🚀 (2006) 掃描到 5 則新聞，開始儲存...
💾 (2006) 完成，共存入 5 則新聞
🚀 (6026) 掃描到 5 則新聞，開始儲存...
💾 (6026) 完成，共存入 5 則新聞
🚀 (2348) 掃描到 5 則新聞，開始儲存...
💾 (2348) 完成，共存入 5 則新聞
🚀 (8942) 掃描到 5 則新聞，開始儲存...
💾 (8942) 完成，共存入 5 則新聞
🚀 (3402) 掃描到 5 則新聞，開始儲存...
💾 (3402) 完成，共存入 5 則新聞
🚀 (5426) 掃描到 5 則新聞，開始儲存...
💾 (5426) 完成，共存入 5 則新聞
🚀 (1227) 掃描到 5 則新聞，開始儲存...
💾 (1227) 完成，共存入 5 則新聞
🚀 (6203) 掃描到 5 則新聞，開始儲存...
💾 (6203) 完成，共存入 5 則新聞
🚀 (2606) 掃描到 5 則新聞，開始儲存...
💾 (2606) 完成，共存入 5 則新聞
🚀 (3708) 掃描到 5 則新聞，開始儲存...
💾 (3708) 完成，共存入 5 則新聞
🚀 (8105) 掃描到 5 則新聞，開始儲存...
💾 (8105) 完成，共存入 5 則新聞
🚀 (2474) 掃描到 5 則新聞，開始儲存...
💾 (2474) 完成，共存入 5 則新聞
🚀 (2031) 掃描到 5 則新聞，開始儲存...
💾 (2031) 完成，共存入 5 則新聞
🚀 (5522) 掃描到 5 則新聞，開始儲存...
💾 (5522) 完成，共存入 5 則新聞
🚀 (1434) 掃描到 5 則新聞，開始儲存...
💾 (1434) 完成，共存入 5 則新聞
🚀 (3537) 掃描到 5 則新聞，開始儲存...
💾 (3537) 完成，共存入 5 則新聞
🚀 (1612) 掃描到 5 則新聞，開始儲存...
💾 (1612) 完成，共存入 5 則新聞
🚀 (6763) 掃描到 5 則新聞，開始儲存...
💾 (6763) 完成，共存入 5 則新聞
🚀 (6838) 掃描到 5 則新聞，開始儲存...
💾 (6838) 完成，共存入 5 則新聞
🚀 (8054) 掃描到 5 則新聞，開始儲存...
💾 (8054) 完成，共存入 5 則新聞
🚀 (7610) 掃描到 5 則新聞，開始儲存...
💾 (7610) 完成，共存入 5 則新聞
🚀 (7740) 掃描到 5 則新聞，開始儲存...
💾 (7740) 完成，共存入 5 則新聞
🚀 (3374) 掃描到 5 則新聞，開始儲存...
💾 (3374) 完成，共存入 5 則新聞
🚀 (6190) 掃描到 5 則新聞，開始儲存...
💾 (6190) 完成，共存入 5 則新聞
🚀 (4968) 掃描到 5 則新聞，開始儲存...
💾 (4968) 完成，共存入 5 則新聞
🚀 (3227) 掃描到 5 則新聞，開始儲存...
💾 (3227) 完成，共存入 5 則新聞
🚀 (5225) 掃描到 5 則新聞，開始儲存...
💾 (5225) 完成，共存入 5 則新聞
🚀 (1326) 掃描到 5 則新聞，開始儲存...
💾 (1326) 完成，共存入 5 則新聞
🚀 (6285) 掃描到 5 則新聞，開始儲存...
💾 (6285) 完成，共存入 5 則新聞
🚀 (6841) 掃描到 5 則新聞，開始儲存...
💾 (6841) 完成，共存入 5 則新聞
🚀 (2383) 掃描到 5 則新聞，開始儲存...
💾 (2383) 完成，共存入 5 則新聞
🚀 (4585) 掃描到 5 則新聞，開始儲存...
💾 (4585) 完成，共存入 5 則新聞
🚀 (2850) 掃描到 5 則新聞，開始儲存...
💾 (2850) 完成，共存入 5 則新聞
🚀 (8034) 掃描到 5 則新聞，開始儲存...
💾 (8034) 完成，共存入 5 則新聞
🚀 (6127) 掃描到 5 則新聞，開始儲存...
💾 (6127) 完成，共存入 5 則新聞
🚀 (8091) 掃描到 5 則新聞，開始儲存...
💾 (8091) 完成，共存入 5 則新聞
🚀 (1526) 掃描到 5 則新聞，開始儲存...
💾 (1526) 完成，共存入 5 則新聞
🚀 (6996) 掃描到 5 則新聞，開始儲存...
💾 (6996) 完成，共存入 5 則新聞
🚀 (6488) 掃描到 5 則新聞，開始儲存...
💾 (6488) 完成，共存入 5 則新聞
🚀 (3323) 掃描到 5 則新聞，開始儲存...
💾 (3323) 完成，共存入 5 則新聞
🚀 (3630) 掃描到 5 則新聞，開始儲存...
💾 (3630) 完成，共存入 5 則新聞
🚀 (3038) 掃描到 5 則新聞，開始儲存...
💾 (3038) 完成，共存入 5 則新聞
🚀 (6274) 掃描到 5 則新聞，開始儲存...
💾 (6274) 完成，共存入 5 則新聞
🚀 (2351) 掃描到 5 則新聞，開始儲存...
💾 (2351) 完成，共存入 5 則新聞
🚀 (2520) 掃描到 5 則新聞，開始儲存...
💾 (2520) 完成，共存入 5 則新聞
🚀 (6505) 掃描到 5 則新聞，開始儲存...
💾 (6505) 完成，共存入 5 則新聞
🚀 (7795) 掃描到 5 則新聞，開始儲存...
💾 (7795) 完成，共存入 5 則新聞
🚀 (5222) 掃描到 5 則新聞，開始儲存...
💾 (5222) 完成，共存入 5 則新聞
🚀 (6558) 掃描到 5 則新聞，開始儲存...
💾 (6558) 完成，共存入 5 則新聞
🚀 (6116) 掃描到 5 則新聞，開始儲存...
💾 (6116) 完成，共存入 5 則新聞
🚀 (2070) 掃描到 5 則新聞，開始儲存...
💾 (2070) 完成，共存入 5 則新聞
🚀 (7769) 掃描到 5 則新聞，開始儲存...
💾 (7769) 完成，共存入 5 則新聞
🚀 (6182) 掃描到 5 則新聞，開始儲存...
💾 (6182) 完成，共存入 5 則新聞
🚀 (6789) 掃描到 5 則新聞，開始儲存...
💾 (6789) 完成，共存入 5 則新聞
🚀 (3050) 掃描到 5 則新聞，開始儲存...
💾 (3050) 完成，共存入 5 則新聞
🚀 (3016) 掃描到 5 則新聞，開始儲存...
💾 (3016) 完成，共存入 5 則新聞
🚀 (6442) 掃描到 5 則新聞，開始儲存...
💾 (6442) 完成，共存入 5 則新聞
🚀 (2453) 掃描到 5 則新聞，開始儲存...
💾 (2453) 完成，共存入 5 則新聞
🚀 (3322) 掃描到 5 則新聞，開始儲存...
💾 (3322) 完成，共存入 5 則新聞
🚀 (5289) 掃描到 5 則新聞，開始儲存...
💾 (5289) 完成，共存入 5 則新聞
🚀 (9802) 掃描到 5 則新聞，開始儲存...
💾 (9802) 完成，共存入 5 則新聞
🚀 (3693) 掃描到 5 則新聞，開始儲存...
💾 (3693) 完成，共存入 5 則新聞
🚀 (6414) 掃描到 5 則新聞，開始儲存...
💾 (6414) 完成，共存入 5 則新聞
🚀 (6499) 掃描到 5 則新聞，開始儲存...
💾 (6499) 完成，共存入 5 則新聞
🚀 (1586) 掃描到 5 則新聞，開始儲存...
💾 (1586) 完成，共存入 5 則新聞
🚀 (3014) 掃描到 5 則新聞，開始儲存...
💾 (3014) 完成，共存入 5 則新聞
🚀 (3588) 掃描到 5 則新聞，開始儲存...
💾 (3588) 完成，共存入 5 則新聞
🚀 (2327) 掃描到 5 則新聞，開始儲存...
💾 (2327) 完成，共存入 5 則新聞
🚀 (2103) 掃描到 5 則新聞，開始儲存...
💾 (2103) 完成，共存入 5 則新聞
🚀 (6561) 掃描到 5 則新聞，開始儲存...
💾 (6561) 完成，共存入 5 則新聞
🚀 (3048) 掃描到 5 則新聞，開始儲存...
💾 (3048) 完成，共存入 5 則新聞
🚀 (4967) 掃描到 5 則新聞，開始儲存...
💾 (4967) 完成，共存入 5 則新聞
🚀 (6425) 掃描到 5 則新聞，開始儲存...
💾 (6425) 完成，共存入 5 則新聞
🚀 (3529) 掃描到 5 則新聞，開始儲存...
💾 (3529) 完成，共存入 5 則新聞
🚀 (6913) 掃描到 5 則新聞，開始儲存...
💾 (6913) 完成，共存入 5 則新聞
🚀 (2851) 掃描到 5 則新聞，開始儲存...
💾 (2851) 完成，共存入 5 則新聞
🚀 (2377) 掃描到 5 則新聞，開始儲存...
🚀 (1102) 掃描到 5 則新聞，開始儲存...
💾 (2377) 完成，共存入 5 則新聞
💾 (1102) 完成，共存入 5 則新聞
🚀 (7780) 掃描到 5 則新聞，開始儲存...
💾 (7780) 完成，共存入 5 則新聞
🚀 (1532) 掃描到 5 則新聞，開始儲存...
💾 (1532) 完成，共存入 5 則新聞
🚀 (9904) 掃描到 5 則新聞，開始儲存...
💾 (9904) 完成，共存入 5 則新聞
🚀 (1713) 掃描到 5 則新聞，開始儲存...
💾 (1713) 完成，共存入 5 則新聞
🚀 (6830) 掃描到 5 則新聞，開始儲存...
🚀 (4168) 掃描到 5 則新聞，開始儲存...
💾 (6830) 完成，共存入 5 則新聞
💾 (4168) 完成，共存入 5 則新聞
🚀 (4755) 掃描到 5 則新聞，開始儲存...
💾 (4755) 完成，共存入 5 則新聞
🚀 (1795) 掃描到 5 則新聞，開始儲存...
💾 (1795) 完成，共存入 5 則新聞
🚀 (4909) 掃描到 5 則新聞，開始儲存...
💾 (4909) 完成，共存入 5 則新聞
🚀 (6613) 掃描到 5 則新聞，開始儲存...
💾 (6613) 完成，共存入 5 則新聞
🚀 (2838) 掃描到 5 則新聞，開始儲存...
💾 (2838) 完成，共存入 5 則新聞
🚀 (2313) 掃描到 5 則新聞，開始儲存...
💾 (2313) 完成，共存入 5 則新聞
🚀 (6405) 掃描到 5 則新聞，開始儲存...
💾 (6405) 完成，共存入 5 則新聞
🚀 (3338) 掃描到 5 則新聞，開始儲存...
💾 (3338) 完成，共存入 5 則新聞
🚀 (1587) 掃描到 5 則新聞，開始儲存...
💾 (1587) 完成，共存入 5 則新聞
🚀 (6284) 掃描到 5 則新聞，開始儲存...
💾 (6284) 完成，共存入 5 則新聞
🚀 (6550) 掃描到 5 則新聞，開始儲存...
💾 (6550) 完成，共存入 5 則新聞
🚀 (2412) 掃描到 5 則新聞，開始儲存...
💾 (2412) 完成，共存入 5 則新聞
🚀 (2425) 掃描到 5 則新聞，開始儲存...
💾 (2425) 完成，共存入 5 則新聞
🚀 (2493) 掃描到 5 則新聞，開始儲存...
🚀 (3675) 掃描到 5 則新聞，開始儲存...
💾 (2493) 完成，共存入 5 則新聞
💾 (3675) 完成，共存入 5 則新聞
🚀 (3131) 掃描到 5 則新聞，開始儲存...
💾 (3131) 完成，共存入 5 則新聞
🚀 (2883) 掃描到 5 則新聞，開始儲存...
💾 (2883) 完成，共存入 5 則新聞
🚀 (6712) 掃描到 5 則新聞，開始儲存...
💾 (6712) 完成，共存入 5 則新聞
🚀 (1229) 掃描到 5 則新聞，開始儲存...
💾 (1229) 完成，共存入 5 則新聞
🚀 (4536) 掃描到 5 則新聞，開始儲存...
💾 (4536) 完成，共存入 5 則新聞
🚀 (1519) 掃描到 5 則新聞，開始儲存...
💾 (1519) 完成，共存入 5 則新聞
🚀 (6189) 掃描到 5 則新聞，開始儲存...
💾 (6189) 完成，共存入 5 則新聞
🚀 (2597) 掃描到 5 則新聞，開始儲存...
💾 (2597) 完成，共存入 5 則新聞
🚀 (6206) 掃描到 5 則新聞，開始儲存...
💾 (6206) 完成，共存入 5 則新聞
🚀 (3105) 掃描到 5 則新聞，開始儲存...
💾 (3105) 完成，共存入 5 則新聞
🚀 (1506) 掃描到 5 則新聞，開始儲存...
💾 (1506) 完成，共存入 5 則新聞
🚀 (3362) 掃描到 5 則新聞，開始儲存...
💾 (3362) 完成，共存入 5 則新聞
🚀 (1301) 掃描到 5 則新聞，開始儲存...
💾 (1301) 完成，共存入 5 則新聞
🚀 (8299) 掃描到 5 則新聞，開始儲存...
💾 (8299) 完成，共存入 5 則新聞
🚀 (2891) 掃描到 5 則新聞，開始儲存...
🚀 (3141) 掃描到 5 則新聞，開始儲存...
💾 (2891) 完成，共存入 5 則新聞
💾 (3141) 完成，共存入 5 則新聞
🚀 (6438) 掃描到 5 則新聞，開始儲存...
💾 (6438) 完成，共存入 5 則新聞
🚀 (2478) 掃描到 5 則新聞，開始儲存...
💾 (2478) 完成，共存入 5 則新聞
🚀 (3665) 掃描到 5 則新聞，開始儲存...
💾 (3665) 完成，共存入 5 則新聞
🚀 (4772) 掃描到 5 則新聞，開始儲存...
💾 (4772) 完成，共存入 5 則新聞
🚀 (2382) 掃描到 5 則新聞，開始儲存...
💾 (2382) 完成，共存入 5 則新聞
🚀 (2104) 掃描到 5 則新聞，開始儲存...
💾 (2104) 完成，共存入 5 則新聞
🚀 (3663) 掃描到 5 則新聞，開始儲存...
💾 (3663) 完成，共存入 5 則新聞
🚀 (6530) 掃描到 5 則新聞，開始儲存...
💾 (6530) 完成，共存入 5 則新聞
🚀 (8932) 掃描到 5 則新聞，開始儲存...
💾 (8932) 完成，共存入 5 則新聞
🚀 (3526) 掃描到 5 則新聞，開始儲存...
💾 (3526) 完成，共存入 5 則新聞
🚀 (8039) 掃描到 5 則新聞，開始儲存...
💾 (8039) 完成，共存入 5 則新聞
🚀 (3138) 掃描到 5 則新聞，開始儲存...
💾 (3138) 完成，共存入 5 則新聞
🚀 (2812) 掃描到 5 則新聞，開始儲存...
💾 (2812) 完成，共存入 5 則新聞
🚀 (1907) 掃描到 5 則新聞，開始儲存...
💾 (1907) 完成，共存入 5 則新聞
🚀 (8255) 掃描到 5 則新聞，開始儲存...
💾 (8255) 完成，共存入 5 則新聞
🚀 (5371) 掃描到 5 則新聞，開始儲存...
💾 (5371) 完成，共存入 5 則新聞
🚀 (2408) 掃描到 5 則新聞，開始儲存...
💾 (2408) 完成，共存入 5 則新聞
🚀 (9914) 掃描到 5 則新聞，開始儲存...
🚀 (5388) 掃描到 5 則新聞，開始儲存...
💾 (9914) 完成，共存入 5 則新聞
💾 (5388) 完成，共存入 5 則新聞
🚀 (6870) 掃描到 5 則新聞，開始儲存...
💾 (6870) 完成，共存入 5 則新聞
🚀 (2441) 掃描到 5 則新聞，開始儲存...
💾 (2441) 完成，共存入 5 則新聞
🚀 (7805) 掃描到 5 則新聞，開始儲存...
💾 (7805) 完成，共存入 5 則新聞
🚀 (6204) 掃描到 5 則新聞，開始儲存...
💾 (6204) 完成，共存入 5 則新聞
🚀 (5443) 掃描到 5 則新聞，開始儲存...
💾 (5443) 完成，共存入 5 則新聞
🚀 (1736) 掃描到 5 則新聞，開始儲存...
💾 (1736) 完成，共存入 5 則新聞
🚀 (3312) 掃描到 5 則新聞，開始儲存...
💾 (3312) 完成，共存入 5 則新聞
🚀 (5904) 掃描到 5 則新聞，開始儲存...
💾 (5904) 完成，共存入 5 則新聞
🚀 (6735) 掃描到 5 則新聞，開始儲存...
💾 (6735) 完成，共存入 5 則新聞
🚀 (3260) 掃描到 5 則新聞，開始儲存...
💾 (3260) 完成，共存入 5 則新聞
🚀 (3530) 掃描到 5 則新聞，開始儲存...
💾 (3530) 完成，共存入 5 則新聞
🚀 (6146) 掃描到 5 則新聞，開始儲存...
💾 (6146) 完成，共存入 5 則新聞
🚀 (2614) 掃描到 5 則新聞，開始儲存...
💾 (2614) 完成，共存入 5 則新聞
🚀 (6290) 掃描到 5 則新聞，開始儲存...
💾 (6290) 完成，共存入 5 則新聞
🚀 (3653) 掃描到 5 則新聞，開始儲存...
💾 (3653) 完成，共存入 5 則新聞
🚀 (8109) 掃描到 5 則新聞，開始儲存...
💾 (8109) 完成，共存入 5 則新聞
🚀 (6642) 掃描到 5 則新聞，開始儲存...
💾 (6642) 完成，共存入 5 則新聞
🚀 (7788) 掃描到 5 則新聞，開始儲存...
💾 (7788) 完成，共存入 5 則新聞
🚀 (6526) 掃描到 5 則新聞，開始儲存...
💾 (6526) 完成，共存入 5 則新聞
🚀 (3558) 掃描到 5 則新聞，開始儲存...
💾 (3558) 完成，共存入 5 則新聞
🚀 (4977) 掃描到 5 則新聞，開始儲存...
💾 (4977) 完成，共存入 5 則新聞
🚀 (2303) 掃描到 5 則新聞，開始儲存...
💾 (2303) 完成，共存入 5 則新聞
🚀 (6244) 掃描到 5 則新聞，開始儲存...
💾 (6244) 完成，共存入 5 則新聞
🚀 (3481) 掃描到 5 則新聞，開始儲存...
💾 (3481) 完成，共存入 5 則新聞
🚀 (6152) 掃描到 5 則新聞，開始儲存...
💾 (6152) 完成，共存入 5 則新聞
🚀 (2617) 掃描到 5 則新聞，開始儲存...
💾 (2617) 完成，共存入 5 則新聞
🚀 (8011) 掃描到 5 則新聞，開始儲存...
💾 (8011) 完成，共存入 5 則新聞
🚀 (1539) 掃描到 5 則新聞，開始儲存...
💾 (1539) 完成，共存入 5 則新聞
🚀 (1342) 掃描到 5 則新聞，開始儲存...
💾 (1342) 完成，共存入 5 則新聞
🚀 (4543) 掃描到 5 則新聞，開始儲存...
💾 (4543) 完成，共存入 5 則新聞
🚀 (8936) 掃描到 5 則新聞，開始儲存...
💾 (8936) 完成，共存入 5 則新聞
🚀 (3685) 掃描到 5 則新聞，開始儲存...
💾 (3685) 完成，共存入 5 則新聞
🚀 (6944) 掃描到 5 則新聞，開始儲存...
💾 (6944) 完成，共存入 5 則新聞
🚀 (2539) 掃描到 5 則新聞，開始儲存...
💾 (2539) 完成，共存入 5 則新聞
🚀 (6155) 掃描到 5 則新聞，開始儲存...
💾 (6155) 完成，共存入 5 則新聞
⚠️ 請求失敗 (https://tw.stock.yahoo.com/quote/6806.TW/news): HTTP Error 404: 
💤 (6806) 無新聞列表
🚀 (3587) 掃描到 5 則新聞，開始儲存...
💾 (3587) 完成，共存入 5 則新聞
🚀 (6834) 掃描到 5 則新聞，開始儲存...
💾 (6834) 完成，共存入 5 則新聞
🚀 (3592) 掃描到 5 則新聞，開始儲存...
💾 (3592) 完成，共存入 5 則新聞
🚀 (8121) 掃描到 5 則新聞，開始儲存...
🚀 (2362) 掃描到 5 則新聞，開始儲存...
💾 (8121) 完成，共存入 5 則新聞
💾 (2362) 完成，共存入 5 則新聞
🚀 (8104) 掃描到 5 則新聞，開始儲存...
💾 (8104) 完成，共存入 5 則新聞
🚀 (1708) 掃描到 5 則新聞，開始儲存...
💾 (1708) 完成，共存入 5 則新聞
🚀 (3576) 掃描到 5 則新聞，開始儲存...
💾 (3576) 完成，共存入 5 則新聞
🚀 (3583) 掃描到 5 則新聞，開始儲存...
💾 (3583) 完成，共存入 5 則新聞
🚀 (2640) 掃描到 5 則新聞，開始儲存...
💾 (2640) 完成，共存入 5 則新聞
🚀 (8163) 掃描到 5 則新聞，開始儲存...
💾 (8163) 完成，共存入 5 則新聞
🚀 (1618) 掃描到 5 則新聞，開始儲存...
💾 (1618) 完成，共存入 5 則新聞
🚀 (1514) 掃描到 5 則新聞，開始儲存...
💾 (1514) 完成，共存入 5 則新聞
🚀 (2497) 掃描到 5 則新聞，開始儲存...
💾 (2497) 完成，共存入 5 則新聞
🚀 (2392) 掃描到 5 則新聞，開始儲存...
💾 (2392) 完成，共存入 5 則新聞
🚀 (6994) 掃描到 5 則新聞，開始儲存...
💾 (6994) 完成，共存入 5 則新聞
🚀 (4541) 掃描到 5 則新聞，開始儲存...
💾 (4541) 完成，共存入 5 則新聞
🚀 (6706) 掃描到 5 則新聞，開始儲存...
💾 (6706) 完成，共存入 5 則新聞
🚀 (6591) 掃描到 5 則新聞，開始儲存...
💾 (6591) 完成，共存入 5 則新聞
🚀 (3581) 掃描到 5 則新聞，開始儲存...
💾 (3581) 完成，共存入 5 則新聞
🚀 (6150) 掃描到 5 則新聞，開始儲存...
🚀 (6739) 掃描到 5 則新聞，開始儲存...
💾 (6150) 完成，共存入 5 則新聞
💾 (6739) 完成，共存入 5 則新聞
🚀 (3231) 掃描到 5 則新聞，開始儲存...
💾 (3231) 完成，共存入 5 則新聞
🚀 (4142) 掃描到 5 則新聞，開始儲存...
💾 (4142) 完成，共存入 5 則新聞
🚀 (8088) 掃描到 5 則新聞，開始儲存...
💾 (8088) 完成，共存入 5 則新聞
🚀 (3003) 掃描到 5 則新聞，開始儲存...
💾 (3003) 完成，共存入 5 則新聞
🚀 (4563) 掃描到 5 則新聞，開始儲存...
💾 (4563) 完成，共存入 5 則新聞
🚀 (2305) 掃描到 5 則新聞，開始儲存...
🚀 (6953) 掃描到 5 則新聞，開始儲存...
💾 (2305) 完成，共存入 5 則新聞
💾 (6953) 完成，共存入 5 則新聞
🚀 (2610) 掃描到 5 則新聞，開始儲存...
💾 (2610) 完成，共存入 5 則新聞
🚀 (3390) 掃描到 5 則新聞，開始儲存...
💾 (3390) 完成，共存入 5 則新聞
🚀 (6770) 掃描到 5 則新聞，開始儲存...
💾 (6770) 完成，共存入 5 則新聞
🚀 (3128) 掃描到 5 則新聞，開始儲存...
💾 (3128) 完成，共存入 5 則新聞
🚀 (4123) 掃描到 5 則新聞，開始儲存...
💾 (4123) 完成，共存入 5 則新聞
🚀 (1717) 掃描到 5 則新聞，開始儲存...
💾 (1717) 完成，共存入 5 則新聞
🚀 (3551) 掃描到 5 則新聞，開始儲存...
💾 (3551) 完成，共存入 5 則新聞
🚀 (6918) 掃描到 5 則新聞，開始儲存...
💾 (6918) 完成，共存入 5 則新聞
🚀 (1723) 掃描到 5 則新聞，開始儲存...
🚀 (6720) 掃描到 5 則新聞，開始儲存...
💾 (1723) 完成，共存入 5 則新聞
💾 (6720) 完成，共存入 5 則新聞
🚀 (1436) 掃描到 5 則新聞，開始儲存...
💾 (1436) 完成，共存入 5 則新聞
🚀 (6854) 掃描到 5 則新聞，開始儲存...
💾 (6854) 完成，共存入 5 則新聞
🚀 (8261) 掃描到 5 則新聞，開始儲存...
🚀 (3167) 掃描到 5 則新聞，開始儲存...
💾 (8261) 完成，共存入 5 則新聞
💾 (3167) 完成，共存入 5 則新聞
🚀 (8085) 掃描到 5 則新聞，開始儲存...
💾 (8085) 完成，共存入 5 則新聞
🚀 (2376) 掃描到 5 則新聞，開始儲存...
💾 (2376) 完成，共存入 5 則新聞
🚀 (2542) 掃描到 5 則新聞，開始儲存...
💾 (2542) 完成，共存入 5 則新聞
🚀 (5347) 掃描到 5 則新聞，開始儲存...
💾 (5347) 完成，共存入 5 則新聞
🚀 (5880) 掃描到 5 則新聞，開始儲存...
💾 (5880) 完成，共存入 5 則新聞
🚀 (3483) 掃描到 5 則新聞，開始儲存...
💾 (3483) 完成，共存入 5 則新聞
🚀 (2881) 掃描到 5 則新聞，開始儲存...
💾 (2881) 完成，共存入 5 則新聞
🚀 (3189) 掃描到 5 則新聞，開始儲存...
💾 (3189) 完成，共存入 5 則新聞
🚀 (2442) 掃描到 5 則新聞，開始儲存...
💾 (2442) 完成，共存入 5 則新聞
🚀 (3479) 掃描到 5 則新聞，開始儲存...
💾 (3479) 完成，共存入 5 則新聞
🚀 (7711) 掃描到 5 則新聞，開始儲存...
💾 (7711) 完成，共存入 5 則新聞
🚀 (6188) 掃描到 5 則新聞，開始儲存...
💾 (6188) 完成，共存入 5 則新聞
🚀 (3694) 掃描到 5 則新聞，開始儲存...
💾 (3694) 完成，共存入 5 則新聞
🚀 (1310) 掃描到 5 則新聞，開始儲存...
💾 (1310) 完成，共存入 5 則新聞
🚀 (2231) 掃描到 5 則新聞，開始儲存...
💾 (2231) 完成，共存入 5 則新聞
🚀 (3010) 掃描到 5 則新聞，開始儲存...
💾 (3010) 完成，共存入 5 則新聞
🚀 (6903) 掃描到 5 則新聞，開始儲存...
💾 (6903) 完成，共存入 5 則新聞
🚀 (2385) 掃描到 5 則新聞，開始儲存...
💾 (2385) 完成，共存入 5 則新聞
🚀 (6669) 掃描到 5 則新聞，開始儲存...
💾 (6669) 完成，共存入 5 則新聞
🚀 (3062) 掃描到 5 則新聞，開始儲存...
💾 (3062) 完成，共存入 5 則新聞
🚀 (1522) 掃描到 5 則新聞，開始儲存...
💾 (1522) 完成，共存入 5 則新聞
🚀 (2889) 掃描到 5 則新聞，開始儲存...
🚀 (6585) 掃描到 5 則新聞，開始儲存...
💾 (2889) 完成，共存入 5 則新聞
💾 (6585) 完成，共存入 5 則新聞
🚀 (2105) 掃描到 5 則新聞，開始儲存...
💾 (2105) 完成，共存入 5 則新聞
🚀 (6209) 掃描到 5 則新聞，開始儲存...
💾 (6209) 完成，共存入 5 則新聞
🚀 (6781) 掃描到 5 則新聞，開始儲存...
💾 (6781) 完成，共存入 5 則新聞
🚀 (6895) 掃描到 5 則新聞，開始儲存...
💾 (6895) 完成，共存入 5 則新聞
🚀 (1312) 掃描到 5 則新聞，開始儲存...
💾 (1312) 完成，共存入 5 則新聞
🚀 (2360) 掃描到 5 則新聞，開始儲存...
💾 (2360) 完成，共存入 5 則新聞
🚀 (2211) 掃描到 5 則新聞，開始儲存...
💾 (2211) 完成，共存入 5 則新聞
🚀 (6234) 掃描到 5 則新聞，開始儲存...
💾 (6234) 完成，共存入 5 則新聞
🚀 (8069) 掃描到 5 則新聞，開始儲存...
💾 (8069) 完成，共存入 5 則新聞
🚀 (2338) 掃描到 5 則新聞，開始儲存...
💾 (2338) 完成，共存入 5 則新聞
🚀 (2342) 掃描到 5 則新聞，開始儲存...
💾 (2342) 完成，共存入 5 則新聞
🚀 (2867) 掃描到 5 則新聞，開始儲存...
💾 (2867) 完成，共存入 5 則新聞
🚀 (2472) 掃描到 5 則新聞，開始儲存...
💾 (2472) 完成，共存入 5 則新聞
🚀 (6605) 掃描到 5 則新聞，開始儲存...
💾 (6605) 完成，共存入 5 則新聞
🚀 (2498) 掃描到 5 則新聞，開始儲存...
💾 (2498) 完成，共存入 5 則新聞
🚀 (2492) 掃描到 5 則新聞，開始儲存...
💾 (2492) 完成，共存入 5 則新聞
🚀 (8016) 掃描到 5 則新聞，開始儲存...
💾 (8016) 完成，共存入 5 則新聞
🚀 (5521) 掃描到 5 則新聞，開始儲存...
💾 (5521) 完成，共存入 5 則新聞
🚀 (3706) 掃描到 5 則新聞，開始儲存...
💾 (3706) 完成，共存入 5 則新聞
🚀 (5306) 掃描到 5 則新聞，開始儲存...
💾 (5306) 完成，共存入 5 則新聞
🚀 (6151) 掃描到 5 則新聞，開始儲存...
💾 (6151) 完成，共存入 5 則新聞
🚀 (1909) 掃描到 5 則新聞，開始儲存...
💾 (1909) 完成，共存入 5 則新聞
🚀 (4720) 掃描到 5 則新聞，開始儲存...
💾 (4720) 完成，共存入 5 則新聞
🚀 (4991) 掃描到 5 則新聞，開始儲存...
💾 (4991) 完成，共存入 5 則新聞
🚀 (3019) 掃描到 5 則新聞，開始儲存...
💾 (3019) 完成，共存入 5 則新聞
🚀 (6576) 掃描到 5 則新聞，開始儲存...
💾 (6576) 完成，共存入 5 則新聞
🚀 (3645) 掃描到 5 則新聞，開始儲存...
💾 (3645) 完成，共存入 5 則新聞
🚀 (6664) 掃描到 5 則新聞，開始儲存...
💾 (6664) 完成，共存入 5 則新聞
🚀 (6166) 掃描到 5 則新聞，開始儲存...
💾 (6166) 完成，共存入 5 則新聞
🚀 (2615) 掃描到 5 則新聞，開始儲存...
💾 (2615) 完成，共存入 5 則新聞
🚀 (4147) 掃描到 5 則新聞，開始儲存...
💾 (4147) 完成，共存入 5 則新聞
🚀 (2359) 掃描到 5 則新聞，開始儲存...
💾 (2359) 完成，共存入 5 則新聞
🚀 (8240) 掃描到 5 則新聞，開始儲存...
💾 (8240) 完成，共存入 5 則新聞
🚀 (6869) 掃描到 5 則新聞，開始儲存...
💾 (6869) 完成，共存入 5 則新聞
🚀 (5258) 掃描到 5 則新聞，開始儲存...
💾 (5258) 完成，共存入 5 則新聞
🚀 (6202) 掃描到 5 則新聞，開始儲存...
💾 (6202) 完成，共存入 5 則新聞
🚀 (1304) 掃描到 5 則新聞，開始儲存...
💾 (1304) 完成，共存入 5 則新聞
🚀 (7717) 掃描到 5 則新聞，開始儲存...
💾 (7717) 完成，共存入 5 則新聞
🚀 (2002) 掃描到 5 則新聞，開始儲存...
💾 (2002) 完成，共存入 5 則新聞
🚀 (6257) 掃描到 5 則新聞，開始儲存...
💾 (6257) 完成，共存入 5 則新聞
🚀 (1101) 掃描到 5 則新聞，開始儲存...
💾 (1101) 完成，共存入 5 則新聞
🚀 (1904) 掃描到 5 則新聞，開始儲存...
💾 (1904) 完成，共存入 5 則新聞
🚀 (3044) 掃描到 5 則新聞，開始儲存...
💾 (3044) 完成，共存入 5 則新聞
🚀 (3591) 掃描到 5 則新聞，開始儲存...
💾 (3591) 完成，共存入 5 則新聞
🚀 (4931) 掃描到 5 則新聞，開始儲存...
💾 (4931) 完成，共存入 5 則新聞
🚀 (2332) 掃描到 5 則新聞，開始儲存...
💾 (2332) 完成，共存入 5 則新聞
🚀 (2727) 掃描到 5 則新聞，開始儲存...
💾 (2727) 完成，共存入 5 則新聞
🚀 (5381) 掃描到 5 則新聞，開始儲存...
💾 (5381) 完成，共存入 5 則新聞
🚀 (1560) 掃描到 5 則新聞，開始儲存...
💾 (1560) 完成，共存入 5 則新聞
🚀 (8110) 掃描到 5 則新聞，開始儲存...
💾 (8110) 完成，共存入 5 則新聞
🚀 (7750) 掃描到 5 則新聞，開始儲存...
💾 (7750) 完成，共存入 5 則新聞
🚀 (3702) 掃描到 5 則新聞，開始儲存...
💾 (3702) 完成，共存入 5 則新聞

🎉 [熱門股] 全部處理完成！
⏱️ 總耗時: 862.98 秒
[週三 2026/06/24  0:12:50.56] Running cnyes hot... 
d:\StockPulse\stocks_news\cnyes\crawler_hot.py:412: DeprecationWarning: 'asyncio.WindowsSelectorEventLoopPolicy' is deprecated and slated for removal in Python 3.16
  asyncio.set_event_loop_policy(asyncio.WindowsSelectorEventLoopPolicy())
d:\StockPulse\stocks_news\cnyes\crawler_hot.py:412: DeprecationWarning: 'asyncio.set_event_loop_policy' is deprecated and slated for removal in Python 3.16
  asyncio.set_event_loop_policy(asyncio.WindowsSelectorEventLoopPolicy())
[熱門股] Crawler started
Total stocks: 974
Completed: 0
Remaining: 974
Config: concurrency=5, days_filter=3

[START] Processing 974 tasks (max concurrency: 5)...

[START] (4912) Found 28 total news, 2 pages
[START] (6182) Found 110 total news, 5 pages
[START] (3049) Found 37 total news, 2 pages
[START] (3532) Found 68 total news, 3 pages
[START] (1563) Found 21 total news, 1 pages
   Page 2/2: +3 news
   Page 2/5: +25 news
   Page 2/2: +12 news
   Page 2/3: +25 news
   Page 3/5: +25 news
[START] (6667) Found 20 total news, 1 pages
[DONE] (6667) Saved 9 news items
   Page 3/3: +18 news
[START] (6405) Found 53 total news, 3 pages
[START] (8064) Found 85 total news, 4 pages
   Page 2/3: +25 news
   Page 4/5: +25 news
   Page 2/4: +25 news
   Page 3/3: +3 news
[START] (4720) Found 23 total news, 1 pages
   Page 3/4: +25 news
[START] (1316) Found 18 total news, 1 pages
   Page 5/5: +10 news
[DONE] (6182) Saved 2 news items
   Page 4/4: +10 news
[DONE] (8064) Saved 6 news items
[START] (2607) Found 14 total news, 1 pages
[DONE] (2607) Saved 1 news items
[START] (6803) Found 40 total news, 2 pages
[START] (8034) Found 11 total news, 1 pages
[DONE] (8034) Saved 1 news items
[START] (3605) Found 40 total news, 2 pages
   Page 2/2: +15 news
[START] (1102) Found 45 total news, 2 pages
[START] (9941) Found 27 total news, 2 pages
[START] (3515) Found 19 total news, 1 pages
[DONE] (3515) Saved 1 news items
   Page 2/2: +15 news
[DONE] (3605) Saved 1 news items
   Page 2/2: +2 news
   Page 2/2: +20 news
[DONE] (1102) Saved 2 news items
[START] (9802) Found 7 total news, 1 pages
[START] (9105) Found 22 total news, 1 pages
[START] (3234) Found 64 total news, 3 pages
[START] (1526) Found 5 total news, 1 pages
[DONE] (1526) Saved 1 news items
[START] (3305) Found 40 total news, 2 pages
[START] (6190) Found 34 total news, 2 pages
   Page 2/2: +15 news
   Page 2/3: +25 news
[START] (3551) Found 9 total news, 1 pages
[START] (6873) Found 23 total news, 1 pages
   Page 3/3: +14 news
[DONE] (3234) Saved 3 news items
   Page 2/2: +9 news
[START] (1304) Found 30 total news, 2 pages
[START] (2527) Found 7 total news, 1 pages
[START] (6425) Found 38 total news, 2 pages
[START] (1721) Found 33 total news, 2 pages
   Page 2/2: +5 news
[DONE] (1304) Saved 2 news items
   Page 2/2: +13 news
[DONE] (6425) Saved 2 news items
[START] (3321) Found 29 total news, 2 pages
[START] (4523) Found 20 total news, 1 pages
   Page 2/2: +8 news
[DONE] (1721) Saved 3 news items
   Page 2/2: +4 news
[DONE] (3321) Saved 2 news items
[START] (3581) Found 59 total news, 3 pages
[START] (2634) Found 19 total news, 1 pages
[DONE] (2634) Saved 2 news items
[START] (2731) Found 12 total news, 1 pages
   Page 2/3: +25 news
[START] (3483) Found 13 total news, 1 pages
[START] (3661) Found 70 total news, 3 pages
[START] (8042) Found 99 total news, 4 pages
   Page 3/3: +9 news
[DONE] (3581) Saved 5 news items
   Page 2/3: +25 news
[START] (8085) Found 23 total news, 1 pages
[START] (6605) Found 16 total news, 1 pages
[DONE] (6605) Saved 1 news items
   Page 2/4: +25 news
[START] (4164) Found 36 total news, 2 pages
   Page 3/3: +20 news
[DONE] (3661) Saved 2 news items
[START] (5478) Found 17 total news, 1 pages
[START] (2409) Found 151 total news, 7 pages
   Page 3/4: +25 news
   Page 2/2: +11 news
[DONE] (4164) Saved 1 news items
   Page 2/7: +25 news
   Page 4/4: +24 news
[DONE] (8042) Saved 1 news items
[START] (3444) Found 33 total news, 2 pages
[START] (8096) Found 60 total news, 3 pages
[START] (6937) Found 26 total news, 2 pages
   Page 3/7: +25 news
   Page 2/2: +8 news
   Page 2/2: +1 news
[DONE] (6937) Saved 1 news items
   Page 2/3: +25 news
   Page 4/7: +25 news
[START] (5234) Found 17 total news, 1 pages
   Page 3/3: +10 news
[DONE] (8096) Saved 2 news items
   Page 5/7: +25 news
[START] (3022) Found 21 total news, 1 pages
[START] (3715) Found 49 total news, 2 pages
[START] (6199) Found 26 total news, 2 pages
   Page 6/7: +25 news
   Page 2/2: +24 news
[DONE] (3715) Saved 3 news items
   Page 2/2: +1 news
[START] (7734) Found 59 total news, 3 pages
[START] (4162) Found 5 total news, 1 pages
   Page 2/3: +25 news
   Page 7/7: +1 news
[DONE] (2409) Saved 6 news items
[START] (8467) Found 14 total news, 1 pages
   Page 3/3: +9 news
[START] (8431) Found 30 total news, 2 pages
[START] (5498) Found 28 total news, 2 pages
[START] (8081) Found 23 total news, 1 pages
[DONE] (8081) Saved 2 news items
   Page 2/2: +5 news
[START] (5243) Found 33 total news, 2 pages
   Page 2/2: +3 news
[START] (4513) Found 24 total news, 1 pages
   Page 2/2: +8 news
[START] (3227) Found 21 total news, 1 pages
[START] (1312) Found 45 total news, 2 pages
[START] (5228) Found 6 total news, 1 pages
[START] (3033) Found 24 total news, 1 pages
[START] (2247) Found 19 total news, 1 pages
   Page 2/2: +20 news
[DONE] (1312) Saved 2 news items
[START] (4919) Found 72 total news, 3 pages
[START] (2610) Found 55 total news, 3 pages
[START] (4736) Found 10 total news, 1 pages
[START] (6561) Found 11 total news, 1 pages
[START] (2612) Found 25 total news, 1 pages
   Page 2/3: +25 news
   Page 2/3: +25 news
   Page 3/3: +22 news
[DONE] (4919) Saved 6 news items
[START] (6270) Found 25 total news, 1 pages
[DONE] (6270) Saved 3 news items
   Page 3/3: +5 news
[DONE] (2610) Saved 3 news items
[START] (2014) Found 10 total news, 1 pages
[DONE] (2014) Saved 1 news items
[START] (6691) Found 11 total news, 1 pages
[START] (6763) Found 12 total news, 1 pages
[DONE] (6763) Saved 2 news items
[START] (8083) Found 3 total news, 1 pages
[START] (6233) Found 15 total news, 1 pages
[START] (8080) Found 10 total news, 1 pages
[START] (3356) Found 23 total news, 1 pages
[START] (2419) Found 14 total news, 1 pages
[START] (2885) Found 113 total news, 5 pages
[START] (4533) Found 15 total news, 1 pages
[DONE] (4533) Saved 1 news items
   Page 2/5: +25 news
[START] (6026) Found 17 total news, 1 pages
[DONE] (6026) Saved 1 news items
[START] (4167) Found 16 total news, 1 pages
   Page 3/5: +25 news
[START] (8039) Found 52 total news, 3 pages
[START] (6693) Found 13 total news, 1 pages
[DONE] (6693) Saved 3 news items
   Page 4/5: +25 news
   Page 2/3: +25 news
[START] (4916) Found 51 total news, 3 pages
[START] (8476) Found 18 total news, 1 pages
[DONE] (8476) Saved 1 news items
   Page 5/5: +13 news
[DONE] (2885) Saved 5 news items
   Page 3/3: +2 news
[DONE] (8039) Saved 1 news items
   Page 2/3: +25 news
[START] (6461) Found 13 total news, 1 pages
   Page 3/3: +1 news
[START] (8299) Found 96 total news, 4 pages
[START] (2034) Found 8 total news, 1 pages
   Page 2/4: +25 news
[START] (6576) Found 14 total news, 1 pages
[START] (6469) Found 12 total news, 1 pages
[START] (3029) Found 23 total news, 1 pages
   Page 3/4: +25 news
[START] (3086) Found 30 total news, 2 pages
   Page 4/4: +21 news
[DONE] (8299) Saved 2 news items
[START] (3004) Found 33 total news, 2 pages
[START] (3587) Found 40 total news, 2 pages
[START] (3704) Found 33 total news, 2 pages
   Page 2/2: +5 news
[DONE] (3086) Saved 2 news items
   Page 2/2: +8 news
   Page 2/2: +15 news
   Page 2/2: +8 news
[START] (5706) Found 18 total news, 1 pages
[DONE] (5706) Saved 1 news items
[START] (3689) Found 30 total news, 2 pages
[START] (1442) Found 5 total news, 1 pages
   Page 2/2: +5 news
[START] (6449) Found 74 total news, 3 pages
[START] (3583) Found 50 total news, 2 pages
[START] (6146) Found 15 total news, 1 pages
[DONE] (6146) Saved 1 news items
   Page 2/3: +25 news
[START] (5508) Found 26 total news, 2 pages
[START] (3257) Found 27 total news, 2 pages
   Page 2/2: +25 news
[DONE] (3583) Saved 1 news items
   Page 3/3: +24 news
[DONE] (6449) Saved 3 news items
   Page 2/2: +2 news
[DONE] (3257) Saved 5 news items
   Page 2/2: +1 news
[DONE] (5508) Saved 2 news items
[START] (2498) Found 36 total news, 2 pages
[START] (7717) Found 26 total news, 2 pages
   Page 2/2: +11 news
[DONE] (2498) Saved 2 news items
[START] (6669) Found 72 total news, 3 pages
[START] (2495) Found 28 total news, 2 pages
   Page 2/2: +1 news
[DONE] (7717) Saved 1 news items
[START] (7750) Found 25 total news, 1 pages
   Page 2/3: +25 news
   Page 2/2: +3 news
[DONE] (2495) Saved 1 news items
[START] (1419) Found 18 total news, 1 pages
   Page 3/3: +22 news
[START] (8054) Found 25 total news, 1 pages
[DONE] (8054) Saved 5 news items
[START] (6510) Found 54 total news, 3 pages
[START] (6197) Found 33 total news, 2 pages
[START] (1532) Found 20 total news, 1 pages
[DONE] (1532) Saved 7 news items
   Page 2/3: +25 news
   Page 2/2: +8 news
[START] (6526) Found 33 total news, 2 pages
[START] (5288) Found 14 total news, 1 pages
   Page 3/3: +4 news
[DONE] (6510) Saved 4 news items
   Page 2/2: +8 news
[START] (1310) Found 17 total news, 1 pages
[DONE] (1310) Saved 2 news items
[START] (1618) Found 12 total news, 1 pages
[START] (8068) Found 9 total news, 1 pages
[START] (6271) Found 52 total news, 3 pages
[START] (3630) Found 38 total news, 2 pages
   Page 2/3: +25 news
[START] (1784) Found 11 total news, 1 pages
   Page 2/2: +13 news
[START] (3163) Found 85 total news, 4 pages
[START] (3073) Found 26 total news, 2 pages
   Page 3/3: +2 news
[DONE] (6271) Saved 5 news items
[START] (4909) Found 13 total news, 1 pages
[DONE] (4909) Saved 6 news items
   Page 2/2: +1 news
[DONE] (3073) Saved 7 news items
   Page 2/4: +25 news
[START] (2374) Found 23 total news, 1 pages
   Page 3/4: +25 news
[START] (2439) Found 19 total news, 1 pages
[START] (8932) Found 15 total news, 1 pages
[START] (6414) Found 37 total news, 2 pages
[START] (4536) Found 7 total news, 1 pages
   Page 4/4: +10 news
[DONE] (3163) Saved 1 news items
   Page 2/2: +12 news
[START] (6840) Found 15 total news, 1 pages
[DONE] (6840) Saved 3 news items
[START] (8091) Found 48 total news, 2 pages
[START] (7402) Found 15 total news, 1 pages
[DONE] (7402) Saved 1 news items
[START] (4938) Found 46 total news, 2 pages
   Page 2/2: +23 news
[START] (2501) Found 27 total news, 2 pages
   Page 2/2: +21 news
[DONE] (4938) Saved 1 news items
[START] (8215) Found 34 total news, 2 pages
[START] (4931) Found 61 total news, 3 pages
   Page 2/2: +2 news
[DONE] (2501) Saved 1 news items
[START] (3260) Found 62 total news, 3 pages
   Page 2/3: +25 news
   Page 2/3: +25 news
   Page 2/2: +9 news
[DONE] (8215) Saved 1 news items
[START] (1712) Found 20 total news, 1 pages
[START] (1477) Found 23 total news, 1 pages
   Page 3/3: +11 news
   Page 3/3: +12 news
[DONE] (3260) Saved 1 news items
[START] (3218) Found 26 total news, 2 pages
[START] (8021) Found 74 total news, 3 pages
[START] (3706) Found 47 total news, 2 pages
[START] (4128) Found 15 total news, 1 pages
[START] (3027) Found 21 total news, 1 pages
[DONE] (3027) Saved 1 news items
   Page 2/2: +1 news
   Page 2/3: +25 news
   Page 2/2: +22 news
   Page 3/3: +24 news
[DONE] (8021) Saved 2 news items
[START] (8131) Found 23 total news, 1 pages
[START] (4961) Found 24 total news, 1 pages
[START] (3339) Found 44 total news, 2 pages
[START] (2453) Found 7 total news, 1 pages
[START] (6732) Found 18 total news, 1 pages
   Page 2/2: +19 news
[START] (6949) Found 37 total news, 2 pages
[START] (7769) Found 34 total news, 2 pages
   Page 2/2: +12 news
   Page 2/2: +9 news
[START] (6584) Found 23 total news, 1 pages
[DONE] (6584) Saved 1 news items
[START] (6735) Found 17 total news, 1 pages
[START] (2360) Found 62 total news, 3 pages
[START] (1402) Found 79 total news, 4 pages
   Page 2/3: +25 news
[START] (6903) Found 23 total news, 1 pages
[DONE] (6903) Saved 1 news items
[START] (2484) Found 74 total news, 3 pages
   Page 2/4: +25 news
   Page 3/3: +12 news
[START] (8109) Found 11 total news, 1 pages
   Page 2/3: +25 news
   Page 3/4: +25 news
[START] (5521) Found 16 total news, 1 pages
   Page 3/3: +24 news
[DONE] (2484) Saved 6 news items
   Page 4/4: +4 news
[DONE] (1402) Saved 5 news items
[START] (1909) Found 24 total news, 1 pages
[START] (3312) Found 38 total news, 2 pages
[START] (6275) Found 18 total news, 1 pages
[DONE] (6275) Saved 4 news items
[START] (4130) Found 11 total news, 1 pages
   Page 2/2: +13 news
[DONE] (3312) Saved 2 news items
[START] (2543) Found 32 total news, 2 pages
[START] (3504) Found 31 total news, 2 pages
   Page 2/2: +7 news
[START] (4577) Found 14 total news, 1 pages
[START] (2605) Found 27 total news, 2 pages
[START] (1436) Found 26 total news, 2 pages
   Page 2/2: +6 news
   Page 2/2: +1 news
[DONE] (1436) Saved 3 news items
   Page 2/2: +2 news
[DONE] (2605) Saved 1 news items
[START] (2492) Found 154 total news, 7 pages
[START] (6244) Found 31 total news, 2 pages
[START] (6488) Found 119 total news, 5 pages
   Page 2/2: +6 news
[START] (6609) Found 22 total news, 1 pages
[START] (6725) Found 17 total news, 1 pages
   Page 2/7: +25 news
   Page 2/5: +25 news
   Page 3/7: +25 news
   Page 3/5: +25 news
[START] (3680) Found 44 total news, 2 pages
   Page 4/7: +25 news
[START] (3709) Found 25 total news, 1 pages
[DONE] (3709) Saved 2 news items
[START] (3548) Found 14 total news, 1 pages
   Page 4/5: +25 news
   Page 2/2: +19 news
   Page 5/7: +25 news
[START] (5483) Found 57 total news, 3 pages
   Page 5/5: +19 news
[DONE] (6488) Saved 3 news items
[START] (4760) Found 67 total news, 3 pages
   Page 6/7: +25 news
   Page 2/3: +25 news
   Page 2/3: +25 news
[START] (1314) Found 32 total news, 2 pages
   Page 7/7: +4 news
[DONE] (2492) Saved 7 news items
[START] (2890) Found 107 total news, 5 pages
   Page 3/3: +17 news
[DONE] (4760) Saved 1 news items
   Page 2/2: +7 news
[DONE] (1314) Saved 2 news items
   Page 3/3: +7 news
[DONE] (5483) Saved 1 news items
   Page 2/5: +25 news
[START] (6823) Found 20 total news, 1 pages
[START] (4142) Found 8 total news, 1 pages
[START] (3617) Found 15 total news, 1 pages
   Page 3/5: +25 news
[START] (4973) Found 69 total news, 3 pages
   Page 4/5: +25 news
[START] (2801) Found 56 total news, 3 pages
[START] (3416) Found 18 total news, 1 pages
[DONE] (3416) Saved 1 news items
   Page 2/3: +25 news
[START] (6205) Found 44 total news, 2 pages
   Page 5/5: +7 news
[DONE] (2890) Saved 7 news items
   Page 2/3: +25 news
   Page 2/2: +19 news
   Page 3/3: +19 news
   Page 3/3: +6 news
[START] (1476) Found 17 total news, 1 pages
[DONE] (1476) Saved 1 news items
[SKIP] (1808) No __NEXT_DATA__ found
[START] (6117) Found 15 total news, 1 pages
[DONE] (6117) Saved 1 news items
[START] (6122) Found 5 total news, 1 pages
[DONE] (6122) Saved 2 news items
[START] (5009) Found 25 total news, 1 pages
[DONE] (5009) Saved 1 news items
[SKIP] (6175) No __NEXT_DATA__ found
[START] (4540) Found 35 total news, 2 pages
[START] (6443) Found 28 total news, 2 pages
[START] (4541) Found 15 total news, 1 pages
[DONE] (4541) Saved 1 news items
[START] (3390) Found 25 total news, 1 pages
   Page 2/2: +3 news
   Page 2/2: +10 news
[START] (1536) Found 22 total news, 1 pages
[DONE] (1536) Saved 1 news items
[START] (2379) Found 40 total news, 2 pages
[START] (5426) Found 32 total news, 2 pages
[START] (6918) Found 5 total news, 1 pages
[START] (6869) Found 17 total news, 1 pages
   Page 2/2: +15 news
[DONE] (2379) Saved 6 news items
   Page 2/2: +7 news
[DONE] (5426) Saved 2 news items
[START] (2855) Found 38 total news, 2 pages
[START] (2382) Found 145 total news, 6 pages
[START] (2812) Found 22 total news, 1 pages
[DONE] (2812) Saved 3 news items
[SKIP] (1434) No __NEXT_DATA__ found
   Page 2/6: +25 news
   Page 2/2: +13 news
[DONE] (2855) Saved 2 news items
[START] (2233) Found 51 total news, 3 pages
   Page 3/6: +25 news
[START] (2329) Found 31 total news, 2 pages
[START] (7780) Found 4 total news, 1 pages
[DONE] (7780) Saved 1 news items
[START] (4510) Found 30 total news, 2 pages
   Page 4/6: +25 news
   Page 2/3: +25 news
   Page 2/2: +6 news
   Page 2/2: +5 news
[DONE] (4510) Saved 2 news items
   Page 5/6: +25 news
   Page 3/3: +1 news
[DONE] (2233) Saved 11 news items
[START] (2231) Found 10 total news, 1 pages
   Page 6/6: +20 news
[START] (5306) Found 23 total news, 1 pages
[DONE] (5306) Saved 1 news items
[START] (1301) Found 69 total news, 3 pages
[START] (3324) Found 64 total news, 3 pages
[START] (1440) Found 19 total news, 1 pages
   Page 2/3: +25 news
[START] (3376) Found 28 total news, 2 pages
   Page 2/3: +25 news
   Page 3/3: +19 news
[DONE] (1301) Saved 12 news items
[START] (2027) Found 49 total news, 2 pages
   Page 2/2: +3 news
   Page 3/3: +14 news
[DONE] (3324) Saved 1 news items
[START] (3025) Found 12 total news, 1 pages
   Page 2/2: +24 news
[START] (8261) Found 70 total news, 3 pages
[START] (3008) Found 96 total news, 4 pages
[START] (5258) Found 14 total news, 1 pages
[START] (4561) Found 33 total news, 2 pages
[START] (9942) Found 8 total news, 1 pages
   Page 2/4: +25 news
   Page 2/3: +25 news
[START] (3092) Found 31 total news, 2 pages
   Page 2/2: +8 news
[DONE] (4561) Saved 1 news items
[START] (5347) Found 75 total news, 3 pages
   Page 3/4: +25 news
   Page 3/3: +20 news
[DONE] (8261) Saved 7 news items
   Page 2/3: +25 news
   Page 2/2: +6 news
[DONE] (3092) Saved 2 news items
   Page 4/4: +21 news
[DONE] (3008) Saved 3 news items
   Page 3/3: +25 news
[DONE] (5347) Saved 2 news items
[START] (6206) Found 19 total news, 1 pages
[START] (2449) Found 81 total news, 4 pages
[START] (2395) Found 47 total news, 2 pages
[START] (3665) Found 65 total news, 3 pages
[START] (6203) Found 29 total news, 2 pages
   Page 2/3: +25 news
   Page 2/2: +22 news
   Page 2/4: +25 news
[START] (1522) Found 15 total news, 1 pages
   Page 3/3: +15 news
   Page 2/2: +4 news
   Page 3/4: +25 news
[START] (6442) Found 73 total news, 3 pages
[START] (3026) Found 97 total news, 4 pages
[START] (9934) Found 12 total news, 1 pages
[DONE] (9934) Saved 1 news items
   Page 4/4: +6 news
[START] (2230) Found 21 total news, 1 pages
[DONE] (2449) Saved 5 news items
   Page 2/4: +25 news
   Page 2/3: +25 news
[START] (7799) Found 15 total news, 1 pages
[DONE] (7799) Saved 3 news items
   Page 3/3: +23 news
[DONE] (6442) Saved 2 news items
   Page 3/4: +25 news
[START] (6727) Found 56 total news, 3 pages
[START] (8942) Found 17 total news, 1 pages
   Page 4/4: +22 news
[DONE] (3026) Saved 3 news items
   Page 2/3: +25 news
[START] (3231) Found 113 total news, 5 pages
[START] (3712) Found 42 total news, 2 pages
   Page 3/3: +6 news
[DONE] (6727) Saved 2 news items
[START] (2338) Found 36 total news, 2 pages
[START] (6472) Found 60 total news, 3 pages
   Page 2/2: +17 news
[DONE] (3712) Saved 1 news items
   Page 2/2: +11 news
   Page 2/5: +25 news
   Page 2/3: +25 news
[START] (3294) Found 35 total news, 2 pages
   Page 3/5: +25 news
   Page 2/2: +10 news
[DONE] (3294) Saved 2 news items
   Page 3/3: +10 news
[DONE] (6472) Saved 1 news items
[START] (4904) Found 57 total news, 3 pages
[START] (6152) Found 20 total news, 1 pages
   Page 2/3: +25 news
   Page 4/5: +25 news
[START] (6231) Found 22 total news, 1 pages
[DONE] (6231) Saved 3 news items
[START] (3289) Found 22 total news, 1 pages
[DONE] (3289) Saved 1 news items
   Page 5/5: +13 news
[DONE] (3231) Saved 4 news items
   Page 3/3: +7 news
[DONE] (4904) Saved 8 news items
[START] (1503) Found 36 total news, 2 pages
[START] (1605) Found 79 total news, 4 pages
   Page 2/2: +11 news
[START] (3535) Found 24 total news, 1 pages
   Page 2/4: +25 news
[START] (6261) Found 33 total news, 2 pages
[START] (4976) Found 25 total news, 1 pages
[DONE] (4976) Saved 2 news items
   Page 3/4: +25 news
   Page 2/2: +8 news
[START] (3323) Found 12 total news, 1 pages
[START] (4770) Found 12 total news, 1 pages
   Page 4/4: +4 news
[DONE] (1605) Saved 7 news items
[START] (2228) Found 8 total news, 1 pages
[START] (2489) Found 49 total news, 2 pages
[START] (6462) Found 24 total news, 1 pages
[DONE] (6462) Saved 1 news items
   Page 2/2: +24 news
[DONE] (2489) Saved 1 news items
[START] (6499) Found 17 total news, 1 pages
[START] (8222) Found 8 total news, 1 pages
[START] (3701) Found 37 total news, 2 pages
   Page 2/2: +12 news
[START] (8070) Found 30 total news, 2 pages
[START] (6558) Found 12 total news, 1 pages
   Page 2/2: +5 news
[START] (5328) Found 66 total news, 3 pages
[START] (8016) Found 23 total news, 1 pages
[START] (8464) Found 14 total news, 1 pages
   Page 2/3: +25 news
   Page 3/3: +16 news
[DONE] (5328) Saved 2 news items
[START] (4763) Found 10 total news, 1 pages
[START] (2480) Found 9 total news, 1 pages
[START] (4755) Found 12 total news, 1 pages
[START] (2103) Found 27 total news, 2 pages
   Page 2/2: +2 news
[DONE] (2103) Saved 1 news items
[START] (6226) Found 29 total news, 2 pages
[START] (1325) Found 6 total news, 1 pages
[START] (3317) Found 26 total news, 2 pages
[START] (3596) Found 17 total news, 1 pages
   Page 2/2: +4 news
[DONE] (6226) Saved 3 news items
   Page 2/2: +1 news
[DONE] (3317) Saved 4 news items
[START] (8436) Found 19 total news, 1 pages
[DONE] (8436) Saved 10 news items
[START] (6187) Found 66 total news, 3 pages
[START] (8105) Found 33 total news, 2 pages
[START] (2504) Found 17 total news, 1 pages
[DONE] (2504) Saved 1 news items
[START] (6568) Found 27 total news, 2 pages
   Page 2/3: +25 news
   Page 2/2: +8 news
[DONE] (8105) Saved 2 news items
[START] (7795) Found 19 total news, 1 pages
[DONE] (7795) Saved 2 news items
   Page 2/2: +2 news
   Page 3/3: +16 news
[DONE] (6187) Saved 1 news items
[START] (2451) Found 51 total news, 3 pages
[START] (3088) Found 16 total news, 1 pages
[START] (3685) Found 15 total news, 1 pages
[START] (7777) Found 40 total news, 2 pages
   Page 2/3: +25 news
[START] (2408) Found 255 total news, 11 pages
   Page 2/2: +15 news
[START] (2208) Found 10 total news, 1 pages
   Page 3/3: +1 news
[START] (2444) Found 17 total news, 1 pages
   Page 2/11: +25 news
   Page 3/11: +25 news
[START] (2915) Found 6 total news, 1 pages
[START] (3588) Found 24 total news, 1 pages
[DONE] (3588) Saved 3 news items
[START] (4968) Found 14 total news, 1 pages
   Page 4/11: +25 news
[START] (1617) Found 20 total news, 1 pages
[START] (3019) Found 23 total news, 1 pages
[DONE] (3019) Saved 1 news items
   Page 5/11: +25 news
[START] (8478) Found 12 total news, 1 pages
[START] (6805) Found 45 total news, 2 pages
[START] (6486) Found 9 total news, 1 pages
   Page 6/11: +25 news
[START] (1326) Found 59 total news, 3 pages
   Page 2/2: +20 news
[START] (6021) Found 37 total news, 2 pages
   Page 2/3: +25 news
   Page 7/11: +25 news
[START] (4939) Found 57 total news, 3 pages
   Page 2/2: +12 news
   Page 3/3: +9 news
[DONE] (1326) Saved 4 news items
[START] (8249) Found 21 total news, 1 pages
[DONE] (8249) Saved 2 news items
   Page 8/11: +25 news
   Page 2/3: +25 news
[START] (8104) Found 23 total news, 1 pages
   Page 9/11: +25 news
   Page 3/3: +7 news
[START] (3546) Found 16 total news, 1 pages
   Page 10/11: +25 news
[START] (4168) Found 16 total news, 1 pages
   Page 11/11: +5 news
[DONE] (2408) Saved 16 news items
[START] (6789) Found 12 total news, 1 pages
[START] (6515) Found 62 total news, 3 pages
[START] (4721) Found 26 total news, 2 pages
   Page 2/2: +1 news
   Page 2/3: +25 news
[START] (3430) Found 16 total news, 1 pages
[START] (3011) Found 21 total news, 1 pages
[START] (6799) Found 17 total news, 1 pages
   Page 3/3: +12 news
[DONE] (6515) Saved 3 news items
[START] (2497) Found 19 total news, 1 pages
[START] (2303) Found 327 total news, 14 pages
[START] (2324) Found 161 total news, 7 pages
[START] (2880) Found 126 total news, 6 pages
   Page 2/14: +25 news
[START] (6720) Found 9 total news, 1 pages
   Page 2/6: +25 news
[START] (2313) Found 115 total news, 5 pages
   Page 2/7: +25 news
   Page 3/6: +25 news
   Page 3/14: +25 news
   Page 2/5: +25 news
   Page 3/7: +25 news
   Page 4/6: +25 news
   Page 4/14: +25 news
[START] (2404) Found 40 total news, 2 pages
   Page 4/7: +25 news
   Page 3/5: +25 news
   Page 5/6: +25 news
   Page 5/14: +25 news
   Page 5/7: +25 news
   Page 2/2: +15 news
   Page 4/5: +25 news
   Page 6/6: +1 news
[DONE] (2880) Saved 5 news items
   Page 6/14: +25 news
   Page 6/7: +25 news
   Page 5/5: +15 news
   Page 7/14: +25 news
   Page 7/7: +11 news
[START] (4147) Found 23 total news, 1 pages
   Page 8/14: +25 news
[DONE] (4147) Saved 4 news items
[START] (5871) Found 50 total news, 2 pages
   Page 9/14: +25 news
   Page 2/2: +25 news
[DONE] (5871) Saved 1 news items
[START] (3219) Found 32 total news, 2 pages
[START] (3707) Found 61 total news, 3 pages
[START] (3044) Found 34 total news, 2 pages
   Page 2/2: +7 news
[DONE] (3219) Saved 1 news items
   Page 10/14: +25 news
   Page 2/2: +9 news
   Page 2/3: +25 news
[START] (5432) Found 15 total news, 1 pages
[START] (2006) Found 22 total news, 1 pages
[DONE] (2006) Saved 2 news items
   Page 11/14: +25 news
   Page 3/3: +11 news
[DONE] (3707) Saved 9 news items
[START] (2465) Found 36 total news, 2 pages
   Page 12/14: +25 news
[START] (2207) Found 34 total news, 2 pages
[START] (2466) Found 19 total news, 1 pages
[DONE] (2466) Saved 3 news items
   Page 2/2: +11 news
   Page 13/14: +25 news
   Page 2/2: +9 news
[START] (6715) Found 56 total news, 3 pages
   Page 14/14: +2 news
[DONE] (2303) Saved 22 news items
[START] (2406) Found 38 total news, 2 pages
[START] (2528) Found 32 total news, 2 pages
   Page 2/3: +25 news
   Page 2/2: +13 news
   Page 2/2: +7 news
[START] (2530) Found 19 total news, 1 pages
[START] (4923) Found 16 total news, 1 pages
   Page 3/3: +6 news
[DONE] (6715) Saved 2 news items
[START] (3090) Found 97 total news, 4 pages
[START] (1713) Found 4 total news, 1 pages
[START] (6204) Found 39 total news, 2 pages
[START] (6875) Found 3 total news, 1 pages
[START] (6214) Found 28 total news, 2 pages
   Page 2/4: +25 news
   Page 2/2: +3 news
[DONE] (6214) Saved 1 news items
   Page 2/2: +14 news
[DONE] (6204) Saved 1 news items
   Page 3/4: +25 news
[START] (2723) Found 10 total news, 1 pages
[START] (8938) Found 11 total news, 1 pages
   Page 4/4: +22 news
[DONE] (3090) Saved 2 news items
[START] (7788) Found 40 total news, 2 pages
[START] (5284) Found 34 total news, 2 pages
   Page 2/2: +15 news
[START] (1231) Found 9 total news, 1 pages
[DONE] (1231) Saved 3 news items
[START] (2302) Found 50 total news, 2 pages
[START] (6179) Found 12 total news, 1 pages
   Page 2/2: +9 news
   Page 2/2: +25 news
[DONE] (2302) Saved 1 news items
[START] (8171) Found 17 total news, 1 pages
[START] (6770) Found 128 total news, 6 pages
[START] (3628) Found 15 total news, 1 pages
[START] (4174) Found 20 total news, 1 pages
[DONE] (4174) Saved 2 news items
[START] (1409) Found 47 total news, 2 pages
   Page 2/6: +25 news
[START] (3211) Found 41 total news, 2 pages
   Page 2/2: +22 news
[DONE] (1409) Saved 4 news items
   Page 3/6: +25 news
[START] (6005) Found 37 total news, 2 pages
   Page 2/2: +16 news
[DONE] (3211) Saved 6 news items
[START] (1736) Found 15 total news, 1 pages
   Page 4/6: +25 news
   Page 2/2: +12 news
[START] (2328) Found 31 total news, 2 pages
   Page 5/6: +25 news
[START] (2062) Found 14 total news, 1 pages
   Page 2/2: +6 news
[DONE] (2328) Saved 1 news items
[START] (1560) Found 47 total news, 2 pages
[START] (5309) Found 46 total news, 2 pages
   Page 6/6: +3 news
[DONE] (6770) Saved 11 news items
   Page 2/2: +22 news
[DONE] (1560) Saved 9 news items
   Page 2/2: +21 news
[START] (1907) Found 19 total news, 1 pages
[START] (5292) Found 9 total news, 1 pages
[START] (6272) Found 22 total news, 1 pages
[START] (6672) Found 36 total news, 2 pages
[START] (3374) Found 55 total news, 3 pages
[START] (6180) Found 23 total news, 1 pages
[START] (3036) Found 76 total news, 4 pages
   Page 2/2: +11 news
[DONE] (6672) Saved 1 news items
[START] (6282) Found 47 total news, 2 pages
   Page 2/3: +25 news
   Page 2/4: +25 news
[START] (1795) Found 21 total news, 1 pages
   Page 2/2: +22 news
[DONE] (6282) Saved 3 news items
   Page 3/3: +5 news
[DONE] (3374) Saved 6 news items
   Page 3/4: +25 news
[START] (4543) Found 16 total news, 1 pages
   Page 4/4: +1 news
[START] (3138) Found 30 total news, 2 pages
[START] (3702) Found 62 total news, 3 pages
   Page 2/2: +5 news
[START] (3691) Found 35 total news, 2 pages
[START] (2636) Found 25 total news, 1 pages
   Page 2/3: +25 news
   Page 2/2: +10 news
[START] (1527) Found 4 total news, 1 pages
[START] (2426) Found 84 total news, 4 pages
   Page 3/3: +12 news
[DONE] (3702) Saved 5 news items
[START] (3563) Found 20 total news, 1 pages
[DONE] (3563) Saved 1 news items
   Page 2/4: +25 news
[START] (2002) Found 98 total news, 4 pages
   Page 3/4: +25 news
[START] (6116) Found 69 total news, 3 pages
[START] (6409) Found 24 total news, 1 pages
   Page 2/4: +25 news
[START] (2401) Found 29 total news, 2 pages
   Page 4/4: +9 news
[DONE] (2426) Saved 8 news items
   Page 2/3: +25 news
   Page 3/4: +25 news
   Page 2/2: +4 news
[DONE] (2401) Saved 1 news items
   Page 3/3: +19 news
[DONE] (6116) Saved 7 news items
   Page 4/4: +23 news
[DONE] (2002) Saved 14 news items
[START] (2332) Found 35 total news, 2 pages
[START] (2850) Found 20 total news, 1 pages
   Page 2/2: +10 news
[DONE] (2332) Saved 1 news items
[START] (5225) Found 21 total news, 1 pages
[START] (2348) Found 27 total news, 2 pages
[START] (6788) Found 27 total news, 2 pages
   Page 2/2: +2 news
[DONE] (2348) Saved 1 news items
[START] (6895) Found 10 total news, 1 pages
[DONE] (6895) Saved 1 news items
   Page 2/2: +2 news
[START] (9907) Found 11 total news, 1 pages
[DONE] (9907) Saved 1 news items
[START] (3406) Found 47 total news, 2 pages
   Page 2/2: +22 news
[START] (3105) Found 85 total news, 4 pages
[START] (6834) Found 73 total news, 3 pages
[START] (3592) Found 15 total news, 1 pages
[START] (5388) Found 19 total news, 1 pages
[DONE] (5388) Saved 1 news items
   Page 2/4: +25 news
   Page 2/3: +25 news
[START] (3028) Found 29 total news, 2 pages
[START] (2241) Found 41 total news, 2 pages
   Page 3/4: +25 news
   Page 3/3: +23 news
[DONE] (6834) Saved 3 news items
[START] (6411) Found 29 total news, 2 pages
   Page 2/2: +4 news
[DONE] (3028) Saved 2 news items
   Page 4/4: +10 news
[DONE] (3105) Saved 7 news items
   Page 2/2: +16 news
[DONE] (2241) Saved 1 news items
[START] (2388) Found 51 total news, 3 pages
[START] (2834) Found 51 total news, 3 pages
   Page 2/2: +4 news
[DONE] (6411) Saved 3 news items
   Page 2/3: +25 news
[START] (6603) Found 19 total news, 1 pages
[DONE] (6603) Saved 1 news items
[START] (3537) Found 54 total news, 3 pages
   Page 3/3: +1 news
[DONE] (2388) Saved 1 news items
   Page 2/3: +25 news
   Page 2/3: +25 news
[START] (6284) Found 44 total news, 2 pages
   Page 3/3: +1 news
[DONE] (2834) Saved 1 news items
   Page 3/3: +4 news
[DONE] (3537) Saved 2 news items
[START] (2637) Found 26 total news, 2 pages
   Page 2/2: +19 news
[START] (6913) Found 24 total news, 1 pages
   Page 2/2: +1 news
[DONE] (2637) Saved 1 news items
[START] (8271) Found 34 total news, 2 pages
[START] (1584) Found 12 total news, 1 pages
[START] (2009) Found 11 total news, 1 pages
[START] (7744) Found 11 total news, 1 pages
   Page 2/2: +9 news
[START] (1101) Found 52 total news, 3 pages
[START] (6133) Found 15 total news, 1 pages
   Page 2/3: +25 news
[START] (2640) Found 9 total news, 1 pages
[START] (2476) Found 22 total news, 1 pages
   Page 3/3: +2 news
[START] (2882) Found 207 total news, 9 pages
   Page 2/9: +25 news
[START] (2548) Found 39 total news, 2 pages
[START] (4576) Found 44 total news, 2 pages
[START] (3622) Found 14 total news, 1 pages
   Page 3/9: +25 news
[START] (7714) Found 13 total news, 1 pages
   Page 2/2: +14 news
   Page 2/2: +19 news
[DONE] (4576) Saved 1 news items
   Page 4/9: +25 news
[START] (1569) Found 11 total news, 1 pages
[START] (6620) Found 18 total news, 1 pages
   Page 5/9: +25 news
[START] (5439) Found 21 total news, 1 pages
[START] (2892) Found 80 total news, 4 pages
   Page 6/9: +25 news
   Page 2/4: +25 news
   Page 7/9: +25 news
[START] (4743) Found 15 total news, 1 pages
[DONE] (4743) Saved 1 news items
[START] (8150) Found 82 total news, 4 pages
   Page 3/4: +25 news
   Page 8/9: +25 news
[START] (6207) Found 85 total news, 4 pages
[START] (1410) Found 9 total news, 1 pages
[DONE] (1410) Saved 1 news items
   Page 2/4: +25 news
   Page 9/9: +7 news
[DONE] (2882) Saved 7 news items
   Page 4/4: +5 news
[DONE] (2892) Saved 8 news items
   Page 2/4: +25 news
   Page 3/4: +25 news
[START] (2891) Found 208 total news, 9 pages
   Page 3/4: +25 news
[START] (2312) Found 75 total news, 3 pages
   Page 4/4: +7 news
[DONE] (8150) Saved 6 news items
[START] (2375) Found 84 total news, 4 pages
   Page 4/4: +10 news
[DONE] (6207) Saved 4 news items
   Page 2/9: +25 news
   Page 2/3: +25 news
   Page 2/4: +25 news
   Page 3/9: +25 news
   Page 3/4: +25 news
   Page 3/3: +25 news
[DONE] (2312) Saved 1 news items
   Page 4/9: +25 news
   Page 4/4: +9 news
[DONE] (2375) Saved 5 news items
[START] (9939) Found 29 total news, 2 pages
[START] (3663) Found 47 total news, 2 pages
   Page 5/9: +25 news
   Page 2/2: +4 news
   Page 2/2: +22 news
[DONE] (3663) Saved 1 news items
[START] (6533) Found 14 total news, 1 pages
[START] (3455) Found 49 total news, 2 pages
   Page 6/9: +25 news
   Page 2/2: +24 news
[DONE] (3455) Saved 3 news items
   Page 7/9: +25 news
[START] (2412) Found 32 total news, 2 pages
[START] (3526) Found 23 total news, 1 pages
[START] (3152) Found 34 total news, 2 pages
   Page 8/9: +25 news
   Page 2/2: +7 news
[START] (2493) Found 44 total news, 2 pages
   Page 9/9: +8 news
[DONE] (2891) Saved 8 news items
   Page 2/2: +9 news
   Page 2/2: +19 news
[START] (6530) Found 27 total news, 2 pages
[START] (2727) Found 21 total news, 1 pages
[START] (6923) Found 12 total news, 1 pages
[START] (2305) Found 51 total news, 3 pages
[START] (6104) Found 10 total news, 1 pages
   Page 2/2: +2 news
[DONE] (6530) Saved 1 news items
   Page 2/3: +25 news
[START] (2537) Found 30 total news, 2 pages
   Page 3/3: +1 news
[DONE] (2305) Saved 3 news items
[START] (6698) Found 31 total news, 2 pages
   Page 2/2: +5 news
[DONE] (2537) Saved 10 news items
[START] (3293) Found 10 total news, 1 pages
[DONE] (3293) Saved 3 news items
[START] (6196) Found 51 total news, 3 pages
   Page 2/2: +6 news
[DONE] (6698) Saved 3 news items
   Page 2/3: +25 news
[START] (8234) Found 22 total news, 1 pages
   Page 3/3: +1 news
[DONE] (6196) Saved 1 news items
[START] (7703) Found 20 total news, 1 pages
[START] (3545) Found 20 total news, 1 pages
[DONE] (3545) Saved 2 news items
[START] (3016) Found 87 total news, 4 pages
   Page 2/4: +25 news
[START] (1722) Found 14 total news, 1 pages
[START] (6438) Found 13 total news, 1 pages
[START] (1905) Found 32 total news, 2 pages
[START] (2349) Found 29 total news, 2 pages
   Page 3/4: +25 news
   Page 2/2: +7 news
[DONE] (1905) Saved 6 news items
   Page 2/2: +4 news
[START] (2472) Found 73 total news, 3 pages
   Page 4/4: +12 news
[DONE] (3016) Saved 11 news items
[START] (2462) Found 18 total news, 1 pages
   Page 2/3: +25 news
[START] (4906) Found 51 total news, 3 pages
[START] (6239) Found 99 total news, 4 pages
   Page 3/3: +23 news
[DONE] (2472) Saved 1 news items
[START] (3686) Found 16 total news, 1 pages
   Page 2/3: +25 news
   Page 2/4: +25 news
[START] (2317) Found 304 total news, 13 pages
   Page 3/3: +1 news
[DONE] (4906) Saved 2 news items
   Page 3/4: +25 news
[START] (2206) Found 18 total news, 1 pages
[DONE] (2206) Saved 2 news items
[START] (3081) Found 91 total news, 4 pages
   Page 4/4: +24 news
[DONE] (6239) Saved 3 news items
   Page 2/13: +25 news
   Page 2/4: +25 news
   Page 3/13: +25 news
[START] (5291) Found 38 total news, 2 pages
   Page 3/4: +25 news
[START] (8107) Found 16 total news, 1 pages
[START] (2105) Found 37 total news, 2 pages
   Page 4/13: +25 news
   Page 2/2: +13 news
[DONE] (5291) Saved 1 news items
   Page 2/2: +12 news
   Page 4/4: +16 news
   Page 5/13: +25 news
[START] (6640) Found 30 total news, 2 pages
[START] (6192) Found 8 total news, 1 pages
   Page 6/13: +25 news
[START] (8110) Found 31 total news, 2 pages
   Page 2/2: +5 news
[START] (2455) Found 92 total news, 4 pages
   Page 7/13: +25 news
   Page 2/2: +6 news
[DONE] (8110) Saved 2 news items
[START] (8011) Found 12 total news, 1 pages
   Page 2/4: +25 news
   Page 8/13: +25 news
[START] (7712) Found 41 total news, 2 pages
   Page 3/4: +25 news
[START] (6944) Found 12 total news, 1 pages
   Page 2/2: +16 news
[DONE] (7712) Saved 2 news items
   Page 9/13: +25 news
   Page 4/4: +17 news
[START] (6683) Found 66 total news, 3 pages
   Page 10/13: +25 news
   Page 2/3: +25 news
[START] (4927) Found 31 total news, 2 pages
[START] (3466) Found 24 total news, 1 pages
[START] (1714) Found 38 total news, 2 pages
   Page 11/13: +25 news
   Page 2/2: +6 news
   Page 3/3: +16 news
[DONE] (6683) Saved 4 news items
   Page 12/13: +25 news
   Page 2/2: +13 news
[DONE] (1714) Saved 2 news items
   Page 13/13: +4 news
[DONE] (2317) Saved 8 news items
[START] (3363) Found 55 total news, 3 pages
[START] (2614) Found 32 total news, 2 pages
[START] (6147) Found 71 total news, 3 pages
[START] (6435) Found 55 total news, 3 pages
   Page 2/3: +25 news
[START] (2115) Found 16 total news, 1 pages
   Page 2/3: +25 news
   Page 2/3: +25 news
   Page 2/2: +7 news
   Page 3/3: +5 news
   Page 3/3: +5 news
[DONE] (6435) Saved 3 news items
   Page 3/3: +21 news
[DONE] (6147) Saved 8 news items
[START] (1216) Found 55 total news, 3 pages
[START] (3162) Found 40 total news, 2 pages
[START] (8422) Found 40 total news, 2 pages
[START] (2327) Found 209 total news, 9 pages
[START] (4441) Found 16 total news, 1 pages
   Page 2/3: +25 news
   Page 2/2: +15 news
[DONE] (3162) Saved 4 news items
   Page 3/3: +5 news
[DONE] (1216) Saved 2 news items
   Page 2/2: +15 news
[DONE] (8422) Saved 1 news items
   Page 2/9: +25 news
   Page 3/9: +25 news
[START] (3609) Found 30 total news, 2 pages
[START] (2429) Found 27 total news, 2 pages
[START] (3591) Found 18 total news, 1 pages
[DONE] (3591) Saved 4 news items
[START] (6890) Found 22 total news, 1 pages
   Page 2/2: +5 news
   Page 4/9: +25 news
   Page 2/2: +2 news
[DONE] (2429) Saved 3 news items
   Page 5/9: +25 news
[START] (2345) Found 91 total news, 4 pages
[START] (6138) Found 37 total news, 2 pages
[START] (2641) Found 41 total news, 2 pages
   Page 2/2: +12 news
[DONE] (6138) Saved 4 news items
   Page 6/9: +25 news
[START] (6589) Found 25 total news, 1 pages
   Page 2/2: +16 news
[DONE] (2641) Saved 1 news items
   Page 2/4: +25 news
   Page 7/9: +25 news
[START] (2454) Found 255 total news, 11 pages
   Page 3/4: +25 news
[START] (8227) Found 16 total news, 1 pages
   Page 8/9: +25 news
[START] (3265) Found 31 total news, 2 pages
   Page 2/11: +25 news
   Page 4/4: +16 news
[DONE] (2345) Saved 1 news items
   Page 9/9: +9 news
[DONE] (2327) Saved 6 news items
   Page 2/2: +6 news
[DONE] (3265) Saved 1 news items
[START] (3003) Found 15 total news, 1 pages
   Page 3/11: +25 news
   Page 4/11: +25 news
[START] (6670) Found 18 total news, 1 pages
[DONE] (6670) Saved 1 news items
[START] (2023) Found 11 total news, 1 pages
[START] (8358) Found 43 total news, 2 pages
[START] (3694) Found 15 total news, 1 pages
   Page 5/11: +25 news
   Page 2/2: +18 news
[START] (3708) Found 34 total news, 2 pages
   Page 6/11: +25 news
   Page 2/2: +9 news
[START] (3041) Found 29 total news, 2 pages
[START] (1608) Found 17 total news, 1 pages
   Page 7/11: +25 news
[START] (5302) Found 17 total news, 1 pages
[DONE] (5302) Saved 3 news items
   Page 2/2: +4 news
[DONE] (3041) Saved 5 news items
   Page 8/11: +25 news
   Page 9/11: +25 news
[START] (4532) Found 14 total news, 1 pages
[START] (4585) Found 15 total news, 1 pages
[DONE] (4532) Saved 1 news items
[START] (3051) Found 24 total news, 1 pages
[DONE] (3051) Saved 2 news items
[START] (6541) Found 13 total news, 1 pages
   Page 10/11: +25 news
[START] (1342) Found 19 total news, 1 pages
[DONE] (1342) Saved 1 news items
   Page 11/11: +5 news
[DONE] (2454) Saved 8 news items
[START] (6782) Found 19 total news, 1 pages
[DONE] (6782) Saved 1 news items
[START] (3450) Found 83 total news, 4 pages
[START] (6176) Found 34 total news, 2 pages
[START] (6446) Found 55 total news, 3 pages
   Page 2/4: +25 news
[START] (6188) Found 15 total news, 1 pages
   Page 2/2: +9 news
   Page 2/3: +25 news
[START] (4551) Found 43 total news, 2 pages
   Page 3/4: +25 news
   Page 4/4: +8 news
[DONE] (3450) Saved 3 news items
   Page 2/2: +18 news
[DONE] (4551) Saved 2 news items
   Page 3/3: +5 news
[DONE] (6446) Saved 4 news items
[START] (9910) Found 30 total news, 2 pages
[START] (1529) Found 19 total news, 1 pages
   Page 2/2: +5 news
[START] (6781) Found 32 total news, 2 pages
[START] (8112) Found 36 total news, 2 pages
[START] (3048) Found 51 total news, 3 pages
   Page 2/2: +11 news
[DONE] (8112) Saved 1 news items
   Page 2/2: +7 news
   Page 2/3: +25 news
[START] (9938) Found 27 total news, 2 pages
[START] (3530) Found 20 total news, 1 pages
[DONE] (3530) Saved 1 news items
   Page 3/3: +1 news
   Page 2/2: +2 news
[START] (6785) Found 19 total news, 1 pages
[START] (4960) Found 26 total news, 2 pages
[START] (4966) Found 38 total news, 2 pages
   Page 2/2: +1 news
   Page 2/2: +13 news
[START] (3015) Found 36 total news, 2 pages
[START] (8111) Found 15 total news, 1 pages
[START] (8033) Found 25 total news, 1 pages
[DONE] (8033) Saved 3 news items
   Page 2/2: +11 news
[DONE] (3015) Saved 6 news items
[START] (3673) Found 42 total news, 2 pages
[START] (6477) Found 17 total news, 1 pages
[START] (6722) Found 16 total news, 1 pages
   Page 2/2: +17 news
[START] (8454) Found 60 total news, 3 pages
[START] (3228) Found 39 total news, 2 pages
   Page 2/3: +25 news
[START] (6957) Found 3 total news, 1 pages
[START] (3558) Found 24 total news, 1 pages
   Page 2/2: +14 news
[DONE] (3228) Saved 1 news items
[START] (6278) Found 68 total news, 3 pages
   Page 3/3: +10 news
[DONE] (8454) Saved 1 news items
[START] (3035) Found 47 total news, 2 pages
   Page 2/3: +25 news
   Page 2/2: +22 news
[DONE] (3035) Saved 3 news items
[START] (5245) Found 15 total news, 1 pages
[START] (2393) Found 14 total news, 1 pages
   Page 3/3: +18 news
[DONE] (6278) Saved 1 news items
[START] (2352) Found 46 total news, 2 pages
[START] (4949) Found 28 total news, 2 pages
[START] (6234) Found 34 total news, 2 pages
   Page 2/2: +21 news
[START] (1515) Found 27 total news, 2 pages
   Page 2/2: +9 news
   Page 2/2: +3 news
[DONE] (4949) Saved 1 news items
[START] (2753) Found 20 total news, 1 pages
[DONE] (2753) Saved 1 news items
   Page 2/2: +2 news
[START] (7786) Found 10 total news, 1 pages
[START] (4104) Found 6 total news, 1 pages
[START] (5371) Found 33 total news, 2 pages
[START] (3354) Found 30 total news, 2 pages
   Page 2/2: +8 news
[DONE] (5371) Saved 4 news items
   Page 2/2: +5 news
[DONE] (3354) Saved 2 news items
[START] (2204) Found 9 total news, 1 pages
[START] (2387) Found 9 total news, 1 pages
[START] (5534) Found 13 total news, 1 pages
[START] (4953) Found 16 total news, 1 pages
[DONE] (4953) Saved 1 news items
[START] (4114) Found 13 total news, 1 pages
[START] (1519) Found 35 total news, 2 pages
[START] (3479) Found 28 total news, 2 pages
[START] (1609) Found 28 total news, 2 pages
[START] (2436) Found 27 total news, 2 pages
   Page 2/2: +10 news
   Page 2/2: +3 news
[DONE] (3479) Saved 1 news items
   Page 2/2: +3 news
[DONE] (1609) Saved 1 news items
[START] (6177) Found 14 total news, 1 pages
[DONE] (6177) Saved 2 news items
   Page 2/2: +2 news
[DONE] (2436) Saved 2 news items
[START] (1711) Found 22 total news, 1 pages
[DONE] (1711) Saved 4 news items
[START] (1227) Found 8 total news, 1 pages
[START] (4563) Found 15 total news, 1 pages
[START] (8046) Found 97 total news, 4 pages
[START] (6830) Found 28 total news, 2 pages
[START] (3131) Found 63 total news, 3 pages
[START] (1903) Found 9 total news, 1 pages
   Page 2/4: +25 news
   Page 2/2: +3 news
   Page 2/3: +25 news
[START] (3032) Found 31 total news, 2 pages
   Page 3/4: +25 news
   Page 2/2: +6 news
   Page 3/3: +13 news
[DONE] (3131) Saved 2 news items
[START] (3005) Found 18 total news, 1 pages
[DONE] (3005) Saved 1 news items
   Page 4/4: +22 news
[DONE] (8046) Saved 3 news items
[START] (2597) Found 18 total news, 1 pages
[START] (7751) Found 31 total news, 2 pages
[START] (6416) Found 18 total news, 1 pages
[START] (3149) Found 41 total news, 2 pages
[START] (1590) Found 25 total news, 1 pages
[START] (4979) Found 100 total news, 4 pages
   Page 2/2: +6 news
[START] (3714) Found 51 total news, 3 pages
   Page 2/2: +16 news
[DONE] (3149) Saved 2 news items
   Page 2/4: +25 news
[START] (2359) Found 29 total news, 2 pages
[START] (6719) Found 38 total news, 2 pages
   Page 2/3: +25 news
   Page 2/2: +13 news
[DONE] (6719) Saved 3 news items
   Page 3/4: +25 news
   Page 2/2: +4 news
[START] (2377) Found 54 total news, 3 pages
   Page 3/3: +1 news
[DONE] (3714) Saved 2 news items
   Page 4/4: +25 news
   Page 2/3: +25 news
   Page 3/3: +4 news
[DONE] (2377) Saved 1 news items
[START] (5392) Found 35 total news, 2 pages
[START] (6838) Found 12 total news, 1 pages
[START] (6235) Found 13 total news, 1 pages
[START] (6806) Found 39 total news, 2 pages
   Page 2/2: +10 news
   Page 2/2: +14 news
[DONE] (6806) Saved 6 news items
[START] (6153) Found 29 total news, 2 pages
[START] (6861) Found 11 total news, 1 pages
[START] (5530) Found 14 total news, 1 pages
[START] (2402) Found 24 total news, 1 pages
   Page 2/2: +4 news
[START] (3624) Found 89 total news, 4 pages
[START] (3141) Found 28 total news, 2 pages
[START] (8114) Found 38 total news, 2 pages
[START] (6265) Found 53 total news, 3 pages
[START] (3213) Found 15 total news, 1 pages
[DONE] (3213) Saved 1 news items
   Page 2/4: +25 news
   Page 2/2: +3 news
[DONE] (3141) Saved 1 news items
   Page 2/3: +25 news
   Page 2/2: +13 news
   Page 3/4: +25 news
[START] (6451) Found 73 total news, 3 pages
   Page 3/3: +3 news
   Page 4/4: +14 news
[DONE] (3624) Saved 4 news items
[START] (2883) Found 222 total news, 9 pages
   Page 2/3: +25 news
[START] (1528) Found 20 total news, 1 pages
   Page 3/3: +23 news
[DONE] (6451) Saved 3 news items
   Page 2/9: +25 news
[START] (3576) Found 55 total news, 3 pages
[START] (2442) Found 13 total news, 1 pages
[START] (2458) Found 28 total news, 2 pages
   Page 3/9: +25 news
   Page 2/3: +25 news
[START] (6657) Found 8 total news, 1 pages
   Page 2/2: +3 news
[DONE] (2458) Saved 2 news items
   Page 4/9: +25 news
   Page 3/3: +5 news
[DONE] (3576) Saved 2 news items
   Page 5/9: +25 news
[START] (2030) Found 18 total news, 1 pages
[DONE] (2030) Saved 1 news items
[START] (6894) Found 18 total news, 1 pages
   Page 6/9: +25 news
[START] (3189) Found 103 total news, 5 pages
[START] (6643) Found 33 total news, 2 pages
   Page 7/9: +25 news
[START] (6613) Found 46 total news, 2 pages
[START] (1504) Found 55 total news, 3 pages
   Page 2/5: +25 news
   Page 2/2: +8 news
[DONE] (6643) Saved 1 news items
   Page 2/2: +21 news
[DONE] (6613) Saved 1 news items
   Page 8/9: +25 news
   Page 2/3: +25 news
   Page 3/5: +25 news
[START] (2413) Found 27 total news, 2 pages
   Page 9/9: +22 news
[DONE] (2883) Saved 10 news items
   Page 3/3: +5 news
[DONE] (1504) Saved 1 news items
[START] (3023) Found 26 total news, 2 pages
   Page 4/5: +25 news
   Page 2/2: +2 news
   Page 2/2: +1 news
   Page 5/5: +3 news
[DONE] (3189) Saved 6 news items
[START] (9917) Found 21 total news, 1 pages
[DONE] (9917) Saved 2 news items
[START] (8390) Found 28 total news, 2 pages
[START] (2059) Found 51 total news, 3 pages
[START] (6245) Found 10 total news, 1 pages
[START] (2337) Found 175 total news, 7 pages
   Page 2/2: +3 news
[START] (8155) Found 32 total news, 2 pages
   Page 2/3: +25 news
   Page 2/2: +7 news
[DONE] (8155) Saved 1 news items
   Page 2/7: +25 news
   Page 3/3: +1 news
[DONE] (2059) Saved 4 news items
[START] (2015) Found 15 total news, 1 pages
[DONE] (2015) Saved 1 news items
[START] (3207) Found 24 total news, 1 pages
   Page 3/7: +25 news
[START] (2421) Found 32 total news, 2 pages
[START] (2010) Found 11 total news, 1 pages
[START] (4534) Found 53 total news, 3 pages
   Page 4/7: +25 news
   Page 5/7: +25 news
   Page 2/2: +7 news
   Page 2/3: +25 news
[START] (4967) Found 41 total news, 2 pages
   Page 2/2: +16 news
[START] (5864) Found 30 total news, 2 pages
   Page 3/3: +3 news
[DONE] (4534) Saved 7 news items
   Page 6/7: +25 news
[START] (4739) Found 49 total news, 2 pages
   Page 2/2: +5 news
   Page 7/7: +25 news
[DONE] (2337) Saved 5 news items
   Page 2/2: +24 news
[START] (2539) Found 25 total news, 1 pages
[DONE] (2539) Saved 1 news items
[START] (5474) Found 25 total news, 1 pages
[START] (6173) Found 86 total news, 4 pages
[START] (2405) Found 16 total news, 1 pages
[START] (1220) Found 6 total news, 1 pages
[START] (2355) Found 43 total news, 2 pages
[START] (1727) Found 52 total news, 3 pages
   Page 2/4: +25 news
   Page 2/3: +25 news
[START] (3014) Found 27 total news, 2 pages
   Page 2/2: +18 news
[START] (5340) Found 18 total news, 1 pages
[DONE] (5340) Saved 2 news items
   Page 3/4: +25 news
   Page 2/2: +2 news
[DONE] (3014) Saved 2 news items
   Page 3/3: +2 news
[DONE] (1727) Saved 5 news items
[START] (6706) Found 57 total news, 3 pages
   Page 4/4: +11 news
   Page 2/3: +25 news
[START] (5381) Found 30 total news, 2 pages
[START] (1586) Found 15 total news, 1 pages
[START] (3062) Found 12 total news, 1 pages
[DONE] (3062) Saved 1 news items
   Page 3/3: +7 news
   Page 2/2: +5 news
[DONE] (5381) Saved 1 news items
[START] (1539) Found 10 total news, 1 pages
[START] (2478) Found 67 total news, 3 pages
[START] (3543) Found 14 total news, 1 pages
[START] (6155) Found 74 total news, 3 pages
[START] (4989) Found 35 total news, 2 pages
   Page 2/3: +25 news
   Page 2/3: +25 news
[START] (7740) Found 14 total news, 1 pages
   Page 2/2: +10 news
[DONE] (4989) Saved 3 news items
[START] (5880) Found 80 total news, 4 pages
   Page 3/3: +24 news
   Page 3/3: +17 news
[DONE] (6155) Saved 2 news items
[DONE] (2478) Saved 1 news items
   Page 2/4: +25 news
[START] (6854) Found 21 total news, 1 pages
[START] (3653) Found 69 total news, 3 pages
   Page 3/4: +25 news
[START] (2351) Found 43 total news, 2 pages
[START] (1603) Found 5 total news, 1 pages
   Page 2/3: +25 news
   Page 4/4: +5 news
   Page 2/2: +18 news
[DONE] (2351) Saved 8 news items
[START] (6015) Found 33 total news, 2 pages
   Page 3/3: +19 news
[DONE] (3653) Saved 1 news items
[START] (3567) Found 13 total news, 1 pages
   Page 2/2: +8 news
[DONE] (6015) Saved 1 news items
[START] (3050) Found 18 total news, 1 pages
[START] (3362) Found 87 total news, 4 pages
[START] (6768) Found 19 total news, 1 pages
   Page 2/4: +25 news
[START] (2323) Found 177 total news, 8 pages
[START] (5443) Found 33 total news, 2 pages
[START] (1718) Found 24 total news, 1 pages
[DONE] (1718) Saved 1 news items
   Page 3/4: +25 news
   Page 2/8: +25 news
[START] (2851) Found 25 total news, 1 pages
[DONE] (2851) Saved 1 news items
   Page 2/2: +8 news
   Page 4/4: +12 news
[DONE] (3362) Saved 4 news items
   Page 3/8: +25 news
[START] (7810) Found 6 total news, 1 pages
[START] (4915) Found 37 total news, 2 pages
   Page 4/8: +25 news
[START] (6585) Found 27 total news, 2 pages
[START] (6417) Found 19 total news, 1 pages
[DONE] (6417) Saved 1 news items
   Page 2/2: +12 news
[DONE] (4915) Saved 1 news items
   Page 2/2: +2 news
[DONE] (6585) Saved 1 news items
   Page 5/8: +25 news
[START] (5227) Found 44 total news, 2 pages
   Page 6/8: +25 news
   Page 2/2: +19 news
[DONE] (5227) Saved 1 news items
[START] (8038) Found 19 total news, 1 pages
[START] (6223) Found 49 total news, 2 pages
[DONE] (8038) Saved 2 news items
[START] (1229) Found 20 total news, 1 pages
[DONE] (1229) Saved 2 news items
   Page 7/8: +25 news
   Page 2/2: +24 news
[DONE] (6223) Saved 3 news items
[START] (6217) Found 49 total news, 2 pages
   Page 8/8: +2 news
[DONE] (2323) Saved 9 news items
[START] (2420) Found 9 total news, 1 pages
[START] (6517) Found 6 total news, 1 pages
[START] (6994) Found 32 total news, 2 pages
   Page 2/2: +24 news
[DONE] (6217) Saved 5 news items
[START] (4772) Found 17 total news, 1 pages
[DONE] (4772) Saved 1 news items
[START] (2845) Found 14 total news, 1 pages
[DONE] (2845) Saved 1 news items
   Page 2/2: +7 news
[START] (6491) Found 21 total news, 1 pages
[START] (6016) Found 39 total news, 2 pages
   Page 2/2: +14 news
[START] (6269) Found 31 total news, 2 pages
[START] (1789) Found 10 total news, 1 pages
[START] (6505) Found 46 total news, 2 pages
   Page 2/2: +6 news
[DONE] (6269) Saved 2 news items
[START] (4746) Found 6 total news, 1 pages
[START] (9904) Found 17 total news, 1 pages
   Page 2/2: +21 news
[DONE] (6505) Saved 2 news items
[START] (5269) Found 38 total news, 2 pages
[START] (8163) Found 53 total news, 3 pages
[START] (9921) Found 24 total news, 1 pages
[START] (6189) Found 19 total news, 1 pages
   Page 2/2: +13 news
[START] (2464) Found 78 total news, 4 pages
   Page 2/3: +25 news
   Page 3/3: +3 news
   Page 2/4: +25 news
[START] (6150) Found 35 total news, 2 pages
[START] (3221) Found 60 total news, 3 pages
   Page 3/4: +25 news
[START] (6412) Found 22 total news, 1 pages
   Page 2/2: +10 news
[START] (2049) Found 26 total news, 2 pages
   Page 4/4: +3 news
[DONE] (2464) Saved 1 news items
   Page 2/3: +25 news
   Page 3/3: +10 news
[DONE] (3221) Saved 1 news items
[START] (6776) Found 15 total news, 1 pages
   Page 2/2: +1 news
[START] (6209) Found 69 total news, 3 pages
[START] (6163) Found 22 total news, 1 pages
[START] (8462) Found 26 total news, 2 pages
   Page 2/3: +25 news
[START] (2258) Found 22 total news, 1 pages
   Page 2/2: +1 news
[START] (6531) Found 80 total news, 4 pages
[START] (2886) Found 88 total news, 4 pages
   Page 3/3: +19 news
[DONE] (6209) Saved 3 news items
   Page 2/4: +25 news
[START] (6925) Found 21 total news, 1 pages
   Page 2/4: +25 news
   Page 3/4: +25 news
[START] (8499) Found 51 total news, 3 pages
   Page 3/4: +25 news
[START] (4566) Found 22 total news, 1 pages
   Page 2/3: +25 news
[START] (2542) Found 33 total news, 2 pages
   Page 4/4: +13 news
[DONE] (2886) Saved 12 news items
   Page 4/4: +5 news
[DONE] (6531) Saved 4 news items
   Page 3/3: +1 news
[DONE] (8499) Saved 7 news items
   Page 2/2: +8 news
[START] (3056) Found 13 total news, 1 pages
[DONE] (3056) Saved 3 news items
[START] (8044) Found 46 total news, 2 pages
   Page 2/2: +21 news
[START] (5452) Found 18 total news, 1 pages
[START] (2912) Found 34 total news, 2 pages
[START] (3490) Found 25 total news, 1 pages
   Page 2/2: +9 news
[DONE] (2912) Saved 4 news items
[START] (8473) Found 32 total news, 2 pages
[START] (4105) Found 13 total news, 1 pages
[START] (6962) Found 7 total news, 1 pages
   Page 2/2: +7 news
[START] (2371) Found 29 total news, 2 pages
[START] (2606) Found 30 total news, 2 pages
[START] (4903) Found 25 total news, 1 pages
   Page 2/2: +4 news
[DONE] (2371) Saved 4 news items
[START] (2330) Found 531 total news, 22 pages
[START] (6757) Found 10 total news, 1 pages
   Page 2/2: +5 news
[DONE] (2606) Saved 2 news items
   Page 2/22: +25 news
[START] (3533) Found 37 total news, 2 pages
[START] (2108) Found 19 total news, 1 pages
   Page 3/22: +25 news
[START] (8374) Found 51 total news, 3 pages
   Page 2/2: +12 news
[DONE] (3533) Saved 1 news items
[START] (6811) Found 14 total news, 1 pages
   Page 4/22: +25 news
   Page 2/3: +25 news
[START] (2316) Found 54 total news, 3 pages
[START] (6841) Found 7 total news, 1 pages
[START] (3078) Found 4 total news, 1 pages
   Page 3/3: +1 news
   Page 5/22: +25 news
   Page 2/3: +25 news
   Page 6/22: +25 news
[START] (2342) Found 59 total news, 3 pages
[START] (3042) Found 70 total news, 3 pages
   Page 3/3: +4 news
[DONE] (2316) Saved 8 news items
   Page 7/22: +25 news
   Page 2/3: +25 news
   Page 2/3: +25 news
[START] (5351) Found 36 total news, 2 pages
   Page 3/3: +9 news
[DONE] (2342) Saved 4 news items
   Page 8/22: +25 news
   Page 3/3: +20 news
[DONE] (3042) Saved 1 news items
[START] (6596) Found 8 total news, 1 pages
[DONE] (6596) Saved 1 news items
   Page 2/2: +11 news
[DONE] (5351) Saved 3 news items
[START] (8996) Found 75 total news, 3 pages
   Page 9/22: +25 news
   Page 2/3: +25 news
[START] (3529) Found 41 total news, 2 pages
   Page 10/22: +25 news
[START] (3236) Found 57 total news, 3 pages
   Page 2/2: +16 news
   Page 11/22: +25 news
[START] (6291) Found 57 total news, 3 pages
   Page 3/3: +25 news
[DONE] (8996) Saved 4 news items
   Page 2/3: +25 news
   Page 2/3: +25 news
[START] (2609) Found 74 total news, 3 pages
   Page 12/22: +25 news
   Page 3/3: +7 news
[DONE] (6291) Saved 2 news items
   Page 3/3: +7 news
[DONE] (3236) Saved 1 news items
   Page 2/3: +25 news
[START] (2425) Found 26 total news, 2 pages
   Page 13/22: +25 news
   Page 3/3: +24 news
[DONE] (2609) Saved 2 news items
   Page 14/22: +25 news
   Page 2/2: +1 news
[START] (1449) Found 35 total news, 2 pages
[START] (9933) Found 29 total news, 2 pages
   Page 15/22: +25 news
   Page 2/2: +10 news
[DONE] (1449) Saved 3 news items
   Page 2/2: +4 news
[START] (3047) Found 21 total news, 1 pages
   Page 16/22: +25 news
[START] (1513) Found 32 total news, 2 pages
   Page 17/22: +25 news
[START] (2399) Found 29 total news, 2 pages
   Page 2/2: +7 news
[START] (2201) Found 10 total news, 1 pages
   Page 18/22: +25 news
[START] (3037) Found 153 total news, 7 pages
   Page 2/2: +4 news
[DONE] (2399) Saved 1 news items
   Page 19/22: +25 news
   Page 2/7: +25 news
   Page 20/22: +25 news
[START] (8438) Found 14 total news, 1 pages
   Page 21/22: +25 news
   Page 3/7: +25 news
[START] (6285) Found 61 total news, 3 pages
   Page 4/7: +25 news
[START] (2357) Found 111 total news, 5 pages
   Page 2/3: +25 news
   Page 22/22: +6 news
[DONE] (2330) Saved 22 news items
   Page 3/3: +11 news
[DONE] (6285) Saved 1 news items
   Page 2/5: +25 news
[START] (1517) Found 8 total news, 1 pages
   Page 5/7: +25 news
   Page 3/5: +25 news
   Page 6/7: +25 news
[START] (3030) Found 48 total news, 2 pages
   Page 4/5: +25 news
[START] (6485) Found 49 total news, 2 pages
[START] (2104) Found 5 total news, 1 pages
   Page 7/7: +3 news
[DONE] (3037) Saved 5 news items
   Page 5/5: +11 news
[DONE] (2357) Saved 3 news items
   Page 2/2: +24 news
   Page 2/2: +23 news
[START] (3717) Found 14 total news, 1 pages
[START] (2353) Found 98 total news, 4 pages
[START] (2354) Found 28 total news, 2 pages
[START] (3372) Found 20 total news, 1 pages
[DONE] (3372) Saved 6 news items
[START] (4766) Found 25 total news, 1 pages
[DONE] (4766) Saved 1 news items
   Page 2/2: +3 news
   Page 2/4: +25 news
[START] (3135) Found 23 total news, 1 pages
[START] (1319) Found 29 total news, 2 pages
   Page 3/4: +25 news
   Page 2/2: +4 news
[DONE] (1319) Saved 2 news items
[START] (1587) Found 14 total news, 1 pages
[START] (8341) Found 14 total news, 1 pages
[DONE] (8341) Saved 1 news items
   Page 4/4: +23 news
[DONE] (2353) Saved 4 news items
[START] (5876) Found 22 total news, 1 pages
[START] (6642) Found 37 total news, 2 pages
[START] (6126) Found 37 total news, 2 pages
   Page 2/2: +12 news
[START] (8028) Found 57 total news, 3 pages
[START] (8936) Found 20 total news, 1 pages
   Page 2/2: +12 news
[DONE] (6126) Saved 2 news items
[START] (4129) Found 17 total news, 1 pages
   Page 2/3: +25 news
[START] (1313) Found 11 total news, 1 pages
[START] (7715) Found 22 total news, 1 pages
[DONE] (7715) Saved 3 news items
   Page 3/3: +7 news
[DONE] (8028) Saved 1 news items
[START] (2417) Found 32 total news, 2 pages
[START] (4526) Found 45 total news, 2 pages
[START] (3045) Found 54 total news, 3 pages
   Page 2/2: +7 news
   Page 2/2: +20 news
[DONE] (4526) Saved 2 news items
   Page 2/3: +25 news
[START] (6125) Found 42 total news, 2 pages
[START] (3379) Found 21 total news, 1 pages
   Page 2/2: +17 news
[DONE] (6125) Saved 4 news items
   Page 3/3: +4 news
[START] (2383) Found 94 total news, 4 pages
[START] (2618) Found 110 total news, 5 pages
[START] (8086) Found 32 total news, 2 pages
   Page 2/5: +25 news
[START] (6829) Found 33 total news, 2 pages
[START] (2540) Found 19 total news, 1 pages
   Page 2/4: +25 news
   Page 2/2: +7 news
   Page 3/5: +25 news
   Page 2/2: +8 news
   Page 3/4: +25 news
   Page 4/5: +25 news
[START] (8121) Found 67 total news, 3 pages
   Page 4/4: +19 news
[DONE] (2383) Saved 3 news items
   Page 5/5: +10 news
[DONE] (2618) Saved 6 news items
[START] (6919) Found 54 total news, 3 pages
   Page 2/3: +25 news
[START] (2615) Found 42 total news, 2 pages
   Page 2/3: +25 news
   Page 3/3: +17 news
[DONE] (8121) Saved 4 news items
[START] (2301) Found 99 total news, 4 pages
   Page 2/2: +17 news
[DONE] (2615) Saved 1 news items
   Page 2/4: +25 news
[START] (6170) Found 15 total news, 1 pages
[DONE] (6170) Saved 1 news items
   Page 3/3: +4 news
[DONE] (6919) Saved 9 news items
[START] (8926) Found 41 total news, 2 pages
   Page 3/4: +25 news
[START] (2535) Found 14 total news, 1 pages
   Page 2/2: +16 news
[DONE] (8926) Saved 1 news items
   Page 4/4: +24 news
[DONE] (2301) Saved 4 news items
[START] (5314) Found 39 total news, 2 pages
[START] (3059) Found 28 total news, 2 pages
   Page 2/2: +14 news
   Page 2/2: +3 news
[DONE] (3059) Saved 6 news items
[START] (1710) Found 15 total news, 1 pages
[DONE] (1710) Saved 1 news items
[START] (6215) Found 30 total news, 2 pages
[START] (7711) Found 15 total news, 1 pages
[DONE] (7711) Saved 1 news items
[START] (3013) Found 26 total news, 2 pages
   Page 2/2: +5 news
[START] (4562) Found 44 total news, 2 pages
[START] (3501) Found 16 total news, 1 pages
[DONE] (3501) Saved 8 news items
   Page 2/2: +1 news
   Page 2/2: +19 news
[START] (2211) Found 11 total news, 1 pages
[START] (2897) Found 32 total news, 2 pages
   Page 2/2: +7 news
[START] (6166) Found 53 total news, 3 pages
[START] (3006) Found 53 total news, 3 pages
   Page 2/3: +25 news
[START] (6257) Found 50 total news, 2 pages
[START] (6625) Found 12 total news, 1 pages
[START] (1568) Found 27 total news, 2 pages
   Page 2/2: +25 news
[DONE] (6257) Saved 2 news items
   Page 3/3: +3 news
[DONE] (6166) Saved 3 news items
   Page 2/3: +25 news
   Page 2/2: +2 news
[START] (4977) Found 77 total news, 4 pages
   Page 3/3: +3 news
[DONE] (3006) Saved 4 news items
[START] (3481) Found 175 total news, 7 pages
   Page 2/4: +25 news
[START] (1708) Found 18 total news, 1 pages
[START] (4768) Found 10 total news, 1 pages
   Page 2/7: +25 news
   Page 3/4: +25 news
[START] (3491) Found 56 total news, 3 pages
   Page 3/7: +25 news
   Page 4/4: +2 news
   Page 2/3: +25 news
[START] (8210) Found 59 total news, 3 pages
   Page 4/7: +25 news
[START] (9958) Found 16 total news, 1 pages
[DONE] (9958) Saved 1 news items
   Page 3/3: +6 news
[DONE] (3491) Saved 2 news items
   Page 2/3: +25 news
[START] (8043) Found 93 total news, 4 pages
   Page 5/7: +25 news
   Page 2/4: +25 news
   Page 3/3: +9 news
   Page 6/7: +25 news
[START] (5522) Found 25 total news, 1 pages
[DONE] (5522) Saved 2 news items
   Page 3/4: +25 news
   Page 7/7: +25 news
[DONE] (3481) Saved 10 news items
[START] (6592) Found 19 total news, 1 pages
[DONE] (6592) Saved 1 news items
[START] (3380) Found 42 total news, 2 pages
   Page 4/4: +18 news
[START] (3540) Found 9 total news, 1 pages
[START] (2520) Found 22 total news, 1 pages
[DONE] (2520) Saved 3 news items
[START] (4588) Found 11 total news, 1 pages
   Page 2/2: +17 news
[DONE] (3380) Saved 1 news items
[START] (3264) Found 58 total news, 3 pages
[START] (3580) Found 46 total news, 2 pages
[START] (6695) Found 16 total news, 1 pages
[DONE] (6695) Saved 1 news items
   Page 2/3: +25 news
[START] (2368) Found 67 total news, 3 pages
[START] (1611) Found 17 total news, 1 pages
   Page 2/2: +21 news
[DONE] (3580) Saved 1 news items
   Page 2/3: +25 news
[START] (4583) Found 14 total news, 1 pages
   Page 3/3: +8 news
[DONE] (3264) Saved 1 news items
[START] (3128) Found 26 total news, 2 pages
   Page 3/3: +17 news
[DONE] (2368) Saved 4 news items
[START] (2485) Found 26 total news, 2 pages
[START] (3060) Found 30 total news, 2 pages
   Page 2/2: +1 news
[START] (8289) Found 54 total news, 3 pages
[START] (3038) Found 6 total news, 1 pages
   Page 2/2: +5 news
[DONE] (3060) Saved 4 news items
   Page 2/2: +1 news
   Page 2/3: +25 news
[START] (4157) Found 9 total news, 1 pages
[START] (6525) Found 42 total news, 2 pages
[START] (3711) Found 263 total news, 11 pages
   Page 3/3: +4 news
[DONE] (8289) Saved 1 news items
   Page 2/2: +17 news
[DONE] (6525) Saved 10 news items
[START] (1597) Found 49 total news, 2 pages
[START] (2427) Found 17 total news, 1 pages
   Page 2/2: +24 news
   Page 2/11: +25 news
[START] (2603) Found 64 total news, 3 pages
[START] (6121) Found 18 total news, 1 pages
[DONE] (6121) Saved 1 news items
[START] (2474) Found 47 total news, 2 pages
   Page 3/11: +25 news
[START] (6588) Found 39 total news, 2 pages
   Page 2/3: +25 news
[START] (1582) Found 52 total news, 3 pages
   Page 2/2: +22 news
[DONE] (2474) Saved 3 news items
   Page 4/11: +25 news
   Page 2/2: +14 news
   Page 3/3: +14 news
[DONE] (2603) Saved 6 news items
   Page 2/3: +25 news
   Page 5/11: +25 news
[START] (6831) Found 45 total news, 2 pages
[START] (4974) Found 8 total news, 1 pages
   Page 6/11: +25 news
[START] (2836) Found 17 total news, 1 pages
   Page 3/3: +2 news
   Page 2/2: +20 news
[DONE] (6831) Saved 4 news items
   Page 7/11: +25 news
[START] (5386) Found 42 total news, 2 pages
[START] (2903) Found 24 total news, 1 pages
[DONE] (2903) Saved 1 news items
[START] (6426) Found 49 total news, 2 pages
[START] (7722) Found 35 total news, 2 pages
   Page 2/2: +17 news
   Page 8/11: +25 news
   Page 2/2: +24 news
   Page 2/2: +10 news
   Page 9/11: +25 news
[START] (8284) Found 7 total news, 1 pages
[DONE] (8284) Saved 1 news items
[START] (7610) Found 70 total news, 3 pages
[START] (3010) Found 23 total news, 1 pages
[DONE] (3010) Saved 1 news items
   Page 10/11: +25 news
   Page 2/3: +25 news
   Page 3/3: +20 news
[DONE] (7610) Saved 2 news items
   Page 11/11: +13 news
[DONE] (3711) Saved 17 news items
[START] (5425) Found 86 total news, 4 pages
[START] (4991) Found 86 total news, 4 pages
[START] (3675) Found 77 total news, 4 pages
   Page 2/4: +25 news
   Page 2/4: +25 news
   Page 2/4: +25 news
   Page 3/4: +25 news
[START] (2617) Found 11 total news, 1 pages
[START] (6186) Found 19 total news, 1 pages
[DONE] (6186) Saved 3 news items
   Page 3/4: +25 news
   Page 3/4: +25 news
   Page 4/4: +11 news
[DONE] (5425) Saved 7 news items
   Page 4/4: +11 news
[DONE] (4991) Saved 1 news items
   Page 4/4: +2 news
[DONE] (3675) Saved 11 news items
[START] (6870) Found 40 total news, 2 pages
[START] (6202) Found 36 total news, 2 pages
   Page 2/2: +15 news
[DONE] (6870) Saved 3 news items
   Page 2/2: +11 news
[DONE] (6202) Saved 5 news items
[START] (2884) Found 112 total news, 5 pages
[START] (2340) Found 40 total news, 2 pages
[START] (6712) Found 12 total news, 1 pages
   Page 2/5: +25 news
[START] (4571) Found 28 total news, 2 pages
   Page 2/2: +15 news
[DONE] (2340) Saved 2 news items
   Page 3/5: +25 news
[START] (1802) Found 64 total news, 3 pages
[START] (2441) Found 21 total news, 1 pages
   Page 2/2: +3 news
[DONE] (4571) Saved 1 news items
   Page 2/3: +25 news
   Page 4/5: +25 news
[START] (3034) Found 25 total news, 1 pages
[DONE] (3034) Saved 4 news items
   Page 3/3: +14 news
[DONE] (1802) Saved 7 news items
   Page 5/5: +12 news
[DONE] (2884) Saved 5 news items
[START] (1616) Found 22 total news, 1 pages
[DONE] (1616) Saved 1 news items
[START] (8027) Found 60 total news, 3 pages
   Page 2/3: +25 news
[START] (2457) Found 36 total news, 2 pages
[START] (5315) Found 14 total news, 1 pages
[START] (2646) Found 20 total news, 1 pages
[START] (6127) Found 55 total news, 3 pages
   Page 3/3: +10 news
   Page 2/2: +11 news
[DONE] (2457) Saved 2 news items
[START] (6739) Found 29 total news, 2 pages
   Page 2/3: +25 news
[START] (6761) Found 15 total news, 1 pages
[START] (7805) Found 1 total news, 1 pages
   Page 2/2: +4 news
   Page 3/3: +5 news
[START] (1303) Found 108 total news, 5 pages
[START] (1506) Found 8 total news, 1 pages
   Page 2/5: +25 news
[START] (2887) Found 244 total news, 10 pages
[START] (2481) Found 124 total news, 5 pages
[START] (3346) Found 31 total news, 2 pages
   Page 3/5: +25 news
[START] (5608) Found 19 total news, 1 pages
   Page 2/10: +25 news
   Page 2/2: +6 news
[DONE] (3346) Saved 8 news items
   Page 2/5: +25 news
   Page 4/5: +25 news
   Page 3/10: +25 news
   Page 3/5: +25 news
[START] (1514) Found 40 total news, 2 pages
   Page 5/5: +8 news
[DONE] (1303) Saved 8 news items
   Page 4/10: +25 news
[START] (3645) Found 22 total news, 1 pages
   Page 4/5: +25 news
   Page 2/2: +15 news
   Page 5/10: +25 news
[START] (2362) Found 20 total news, 1 pages
   Page 5/5: +24 news
[DONE] (2481) Saved 15 news items
[START] (2344) Found 282 total news, 12 pages
   Page 6/10: +25 news
[START] (2838) Found 14 total news, 1 pages
   Page 2/12: +25 news
[START] (7736) Found 9 total news, 1 pages
[DONE] (7736) Saved 2 news items
[START] (5289) Found 77 total news, 4 pages
   Page 7/10: +25 news
   Page 3/12: +25 news
   Page 2/4: +25 news
[START] (2376) Found 75 total news, 3 pages
   Page 8/10: +25 news
[START] (8069) Found 50 total news, 2 pages
   Page 4/12: +25 news
   Page 3/4: +25 news
   Page 2/3: +25 news
   Page 5/12: +25 news
   Page 9/10: +25 news
   Page 2/2: +25 news
   Page 4/4: +2 news
   Page 3/3: +25 news
[DONE] (2376) Saved 5 news items
   Page 6/12: +25 news
   Page 10/10: +19 news
[DONE] (2887) Saved 13 news items
   Page 7/12: +25 news
[START] (8240) Found 17 total news, 1 pages
[DONE] (8240) Saved 2 news items
   Page 8/12: +25 news
[START] (3498) Found 37 total news, 2 pages
[START] (8103) Found 39 total news, 2 pages
[START] (2467) Found 57 total news, 3 pages
   Page 9/12: +25 news
   Page 2/2: +12 news
   Page 2/2: +14 news
[START] (2385) Found 18 total news, 1 pages
   Page 2/3: +25 news
   Page 10/12: +25 news
[START] (2356) Found 99 total news, 4 pages
[START] (1809) Found 62 total news, 3 pages
[START] (6535) Found 18 total news, 1 pages
   Page 3/3: +7 news
[DONE] (2467) Saved 2 news items
   Page 11/12: +25 news
   Page 2/3: +25 news
   Page 2/4: +25 news
   Page 12/12: +7 news
[DONE] (2344) Saved 11 news items
   Page 3/4: +25 news
   Page 3/3: +12 news
[DONE] (1809) Saved 6 news items
[START] (2308) Found 145 total news, 6 pages
[START] (6546) Found 27 total news, 2 pages
   Page 4/4: +24 news
[DONE] (2356) Saved 2 news items
[START] (2881) Found 257 total news, 11 pages
   Page 2/6: +25 news
   Page 2/2: +2 news
[DONE] (6546) Saved 4 news items
   Page 2/11: +25 news
[START] (8088) Found 37 total news, 2 pages
[START] (1307) Found 9 total news, 1 pages
   Page 3/6: +25 news
   Page 3/11: +25 news
   Page 2/2: +12 news
[DONE] (8088) Saved 1 news items
[START] (2365) Found 23 total news, 1 pages
   Page 4/6: +25 news
[START] (8927) Found 26 total news, 2 pages
   Page 4/11: +25 news
[START] (2347) Found 23 total news, 1 pages
   Page 5/6: +25 news
   Page 2/2: +1 news
[DONE] (8927) Saved 1 news items
   Page 5/11: +25 news
[START] (6753) Found 13 total news, 1 pages
[DONE] (6753) Saved 1 news items
   Page 6/6: +20 news
[DONE] (2308) Saved 1 news items
   Page 6/11: +25 news
[START] (8415) Found 12 total news, 1 pages
[START] (9914) Found 20 total news, 1 pages
[DONE] (9914) Saved 1 news items
   Page 7/11: +25 news
[START] (5263) Found 26 total news, 2 pages
[START] (2101) Found 15 total news, 1 pages
[DONE] (2101) Saved 2 news items
   Page 8/11: +25 news
   Page 2/2: +1 news
[DONE] (5263) Saved 4 news items
[START] (2367) Found 23 total news, 1 pages
[SKIP] (6112) No __NEXT_DATA__ found
   Page 9/11: +25 news
[START] (8074) Found 46 total news, 2 pages
   Page 10/11: +25 news
[START] (6290) Found 26 total news, 2 pages
   Page 2/2: +21 news
[DONE] (8074) Saved 2 news items
[START] (6456) Found 52 total news, 3 pages
   Page 11/11: +7 news
[DONE] (2881) Saved 2 news items
[START] (2369) Found 34 total news, 2 pages
   Page 2/2: +1 news
   Page 2/3: +25 news
   Page 2/2: +9 news
[DONE] (2369) Saved 5 news items
[START] (6274) Found 93 total news, 4 pages
[START] (6415) Found 94 total news, 4 pages
   Page 3/3: +2 news
[START] (4303) Found 31 total news, 2 pages
   Page 2/2: +6 news
   Page 2/4: +25 news
   Page 2/4: +25 news
[START] (6230) Found 11 total news, 1 pages
[DONE] (6230) Saved 1 news items
   Page 3/4: +25 news
   Page 3/4: +25 news
[START] (6664) Found 16 total news, 1 pages
[START] (6139) Found 41 total news, 2 pages
   Page 4/4: +19 news
[DONE] (6415) Saved 12 news items
   Page 4/4: +18 news
[START] (2031) Found 12 total news, 1 pages
   Page 2/2: +16 news
[START] (1589) Found 25 total news, 1 pages
[START] (1524) Found 13 total news, 1 pages
[START] (3055) Found 41 total news, 2 pages
[START] (5607) Found 14 total news, 1 pages
[DONE] (5607) Saved 1 news items
[START] (1308) Found 11 total news, 1 pages
[DONE] (1308) Saved 1 news items
   Page 2/2: +16 news
[START] (4722) Found 65 total news, 3 pages
[START] (6213) Found 51 total news, 3 pages
   Page 2/3: +25 news
[START] (2867) Found 21 total news, 1 pages
[DONE] (2867) Saved 1 news items
   Page 2/3: +25 news
[START] (2486) Found 61 total news, 3 pages
[START] (1786) Found 22 total news, 1 pages
   Page 3/3: +15 news
[DONE] (4722) Saved 1 news items
   Page 2/3: +25 news
   Page 3/3: +1 news
[DONE] (6213) Saved 9 news items
[START] (3217) Found 12 total news, 1 pages
[START] (1773) Found 17 total news, 1 pages
   Page 3/3: +11 news
[DONE] (2486) Saved 1 news items
[START] (6279) Found 17 total news, 1 pages
[START] (2331) Found 35 total news, 2 pages
[START] (1540) Found 3 total news, 1 pages
[SKIP] (1210) No __NEXT_DATA__ found
[START] (6862) Found 36 total news, 2 pages
   Page 2/2: +10 news
[START] (4714) Found 31 total news, 2 pages
[START] (2645) Found 8 total news, 1 pages
[SKIP] (1785) No __NEXT_DATA__ found
   Page 2/2: +6 news
   Page 2/2: +11 news
[DONE] (6862) Saved 1 news items
[START] (6548) Found 44 total news, 2 pages
[START] (2070) Found 26 total news, 2 pages
   Page 2/2: +19 news
[DONE] (6548) Saved 4 news items
[START] (2515) Found 30 total news, 2 pages
[START] (6591) Found 17 total news, 1 pages
[START] (7749) Found 16 total news, 1 pages
   Page 2/2: +1 news
   Page 2/2: +5 news
[START] (3167) Found 63 total news, 3 pages
[START] (3413) Found 21 total news, 1 pages
[DONE] (3413) Saved 1 news items
   Page 2/3: +25 news
[START] (4971) Found 56 total news, 3 pages
[START] (6928) Found 12 total news, 1 pages
   Page 3/3: +13 news
[DONE] (3167) Saved 1 news items
[START] (6134) Found 20 total news, 1 pages
   Page 2/3: +25 news
[START] (1723) Found 10 total news, 1 pages
[SKIP] (2106) No __NEXT_DATA__ found
   Page 3/3: +6 news
[DONE] (4971) Saved 1 news items
[START] (1810) Found 23 total news, 1 pages
[DONE] (1810) Saved 1 news items
[START] (9955) Found 16 total news, 1 pages
[DONE] (9955) Saved 1 news items
[START] (4542) Found 63 total news, 3 pages
[START] (3322) Found 15 total news, 1 pages
   Page 2/3: +25 news
[START] (6909) Found 30 total news, 2 pages
[START] (4958) Found 145 total news, 6 pages
[START] (2889) Found 58 total news, 3 pages
   Page 2/2: +5 news
[DONE] (6909) Saved 4 news items
   Page 3/3: +13 news
   Page 2/6: +25 news
   Page 2/3: +25 news
[START] (4749) Found 46 total news, 2 pages
   Page 3/6: +25 news
   Page 3/3: +8 news
[DONE] (2889) Saved 9 news items
   Page 2/2: +21 news
[DONE] (4749) Saved 2 news items
   Page 4/6: +25 news
[START] (8255) Found 53 total news, 3 pages
[START] (2363) Found 23 total news, 1 pages
[DONE] (2363) Saved 2 news items
   Page 5/6: +25 news
[START] (2633) Found 21 total news, 1 pages
[DONE] (2633) Saved 1 news items
   Page 2/3: +25 news
[START] (5222) Found 9 total news, 1 pages
   Page 3/3: +3 news
[DONE] (8255) Saved 9 news items
   Page 6/6: +20 news
[DONE] (4958) Saved 5 news items
[START] (5469) Found 21 total news, 1 pages
[START] (3357) Found 66 total news, 3 pages
[START] (6113) Found 30 total news, 2 pages
[START] (5536) Found 50 total news, 2 pages
   Page 2/2: +5 news
[DONE] (6113) Saved 1 news items
[START] (3402) Found 15 total news, 1 pages
   Page 2/3: +25 news
[START] (3693) Found 22 total news, 1 pages
   Page 2/2: +25 news
   Page 3/3: +16 news
[START] (9945) Found 31 total news, 2 pages
[START] (6996) Found 14 total news, 1 pages
[START] (5434) Found 32 total news, 2 pages
   Page 2/2: +6 news
[DONE] (9945) Saved 6 news items
[START] (4123) Found 17 total news, 1 pages
[DONE] (4123) Saved 1 news items
[START] (2236) Found 25 total news, 1 pages
   Page 2/2: +7 news
[DONE] (5434) Saved 1 news items
[START] (2428) Found 38 total news, 2 pages
[START] (1717) Found 26 total news, 2 pages
[START] (1215) Found 14 total news, 1 pages
[START] (1612) Found 9 total news, 1 pages
   Page 2/2: +13 news
   Page 2/2: +1 news
[DONE] (1717) Saved 2 news items
[START] (1904) Found 32 total news, 2 pages
[START] (3338) Found 27 total news, 2 pages
   Page 2/2: +7 news
[START] (5904) Found 14 total news, 1 pages
[START] (2392) Found 23 total news, 1 pages
[START] (6550) Found 29 total news, 2 pages
   Page 2/2: +2 news
   Page 2/2: +4 news
[START] (6547) Found 8 total news, 1 pages
[START] (6227) Found 21 total news, 1 pages
[START] (2630) Found 16 total news, 1 pages
[DONE] (2630) Saved 1 news items
[START] (6191) Found 25 total news, 1 pages
[START] (6120) Found 25 total news, 1 pages
[START] (6151) Found 24 total news, 1 pages
[START] (1815) Found 36 total news, 2 pages
[START] (4764) Found 50 total news, 2 pages
[START] (3017) Found 61 total news, 3 pages
   Page 2/2: +11 news
[DONE] (1815) Saved 9 news items
[START] (5475) Found 53 total news, 3 pages
   Page 2/2: +25 news
[DONE] (4764) Saved 2 news items
   Page 2/3: +25 news
   Page 2/3: +25 news
[START] (6143) Found 9 total news, 1 pages
[START] (6953) Found 17 total news, 1 pages
   Page 3/3: +3 news
[DONE] (5475) Saved 3 news items
   Page 3/3: +11 news
[DONE] (3017) Saved 1 news items
[START] (3443) Found 96 total news, 4 pages
[START] (5274) Found 42 total news, 2 pages
[START] (1305) Found 19 total news, 1 pages
[DONE] (1305) Saved 1 news items
   Page 2/2: +17 news
   Page 2/4: +25 news
[DONE] (5274) Saved 3 news items
   Page 3/4: +25 news
   Page 4/4: +21 news
[DONE] (3443) Saved 2 news items

[DONE] [熱門股] All processing complete!
[TIME] Total: 1257.45 seconds
[週三 2026/06/24  0:33:50.55] Hot crawlers done. 
[週三 2026/06/24  0:33:50.57] Fetching content... 
[週三 2026/06/24  0:33:50.58] Running nstock fetch_content... 
d:\StockPulse\stocks_news\nstock\fetch_content.py:222: DeprecationWarning: 'asyncio.WindowsSelectorEventLoopPolicy' is deprecated and slated for removal in Python 3.16
  asyncio.set_event_loop_policy(asyncio.WindowsSelectorEventLoopPolicy())
d:\StockPulse\stocks_news\nstock\fetch_content.py:222: DeprecationWarning: 'asyncio.set_event_loop_policy' is deprecated and slated for removal in Python 3.16
  asyncio.set_event_loop_policy(asyncio.WindowsSelectorEventLoopPolicy())

============================================================
NStock 新聞內文補抓
============================================================

[OK] 資料庫連線成功

[INFO] 找到 1446 筆需要補抓的新聞

開始處理 1446 筆新聞 (並發數: 5)...

  [SKIP] (2371) 無實際內文，跳過
  [SKIP] (2317) 無實際內文，跳過
  [SKIP] (2371) 無實際內文，跳過
  [SKIP] (2301) 無實際內文，跳過
  [SKIP] (2317) 無實際內文，跳過
  [SKIP] (2301) 無實際內文，跳過
  [SKIP] (1524) 無實際內文，跳過
  [SKIP] (1524) 無實際內文，跳過
  [SKIP] (3138) 無實際內文，跳過
  [SKIP] (3138) 無實際內文，跳過
  [SKIP] (2880) 無實際內文，跳過
  [SKIP] (2880) 無實際內文，跳過
  [SKIP] (3515) 無實際內文，跳過
  [SKIP] (3515) 無實際內文，跳過
  [SKIP] (3515) 無實際內文，跳過
  [SKIP] (3673) 無實際內文，跳過
  [OK] (6949) 更新成功 (107 字)
  [SKIP] (3673) 無實際內文，跳過
  [SKIP] (1527) 無實際內文，跳過
  [SKIP] (3051) 無實際內文，跳過
  [SKIP] (3051) 無實際內文，跳過
  [SKIP] (1527) 無實際內文，跳過
  [SKIP] (4543) 無實際內文，跳過
  [SKIP] (2630) 無實際內文，跳過
  [SKIP] (2630) 無實際內文，跳過
  [SKIP] (4543) 無實際內文，跳過
  [SKIP] (4770) 無實際內文，跳過
  [SKIP] (3317) 無實際內文，跳過
  [SKIP] (1540) 無實際內文，跳過
  [SKIP] (1540) 無實際內文，跳過
  [SKIP] (4770) 無實際內文，跳過
  [SKIP] (3317) 無實際內文，跳過
  [SKIP] (3078) 無實際內文，跳過
  [SKIP] (3078) 無實際內文，跳過
  [SKIP] (3078) 無實際內文，跳過
  [SKIP] (4562) 無實際內文，跳過
  [SKIP] (4562) 無實際內文，跳過
  [SKIP] (8068) 無實際內文，跳過
  [SKIP] (6133) 無實際內文，跳過
  [SKIP] (8068) 無實際內文，跳過
  [SKIP] (8068) 無實際內文，跳過
  [SKIP] (4561) 無實際內文，跳過
  [SKIP] (6133) 無實際內文，跳過
  [SKIP] (4157) 無實際內文，跳過
  [SKIP] (6133) 無實際內文，跳過
  [SKIP] (4561) 無實際內文，跳過
  [SKIP] (4157) 無實際內文，跳過
  [SKIP] (4162) 無實際內文，跳過
  [SKIP] (4162) 無實際內文，跳過
  [SKIP] (1316) 無實際內文，跳過
  [SKIP] (1316) 無實際內文，跳過
  [SKIP] (6234) 無實際內文，跳過
  [SKIP] (6234) 無實際內文，跳過
  [SKIP] (1713) 無實際內文，跳過
  [SKIP] (6234) 無實際內文，跳過
  [SKIP] (1713) 無實際內文，跳過
  [SKIP] (3322) 無實際內文，跳過
  [SKIP] (1569) 無實際內文，跳過
  [SKIP] (3322) 無實際內文，跳過
  [SKIP] (1569) 無實際內文，跳過
  [SKIP] (1569) 無實際內文，跳過
  [SKIP] (3128) 無實際內文，跳過
  [SKIP] (1603) 無實際內文，跳過
  [SKIP] (3128) 無實際內文，跳過
  [SKIP] (1603) 無實際內文，跳過
  [SKIP] (1603) 無實際內文，跳過
  [SKIP] (6417) 無實際內文，跳過
  [SKIP] (1442) 無實際內文，跳過
  [SKIP] (6417) 無實際內文，跳過
  [SKIP] (1442) 無實際內文，跳過
  [SKIP] (1506) 無實際內文，跳過
  [SKIP] (1506) 無實際內文，跳過
  [SKIP] (5302) 無實際內文，跳過
  [SKIP] (5302) 無實際內文，跳過
  [SKIP] (5302) 無實際內文，跳過
  [SKIP] (4104) 無實際內文，跳過
  [SKIP] (1526) 無實際內文，跳過
  [SKIP] (4104) 無實際內文，跳過
  [SKIP] (6875) 無實際內文，跳過
  [SKIP] (1526) 無實際內文，跳過
  [SKIP] (6875) 無實際內文，跳過
  [SKIP] (6875) 無實際內文，跳過
  [SKIP] (8927) 無實際內文，跳過
  [SKIP] (8927) 無實際內文，跳過
  [SKIP] (2387) 無實際內文，跳過
  [SKIP] (2387) 無實際內文，跳過
  [SKIP] (3379) 無實際內文，跳過
  [SKIP] (3379) 無實際內文，跳過
  [SKIP] (3379) 無實際內文，跳過
  [SKIP] (5245) 無實際內文，跳過
  [SKIP] (6151) 無實際內文，跳過
  [SKIP] (6151) 無實際內文，跳過
  [SKIP] (5245) 無實際內文，跳過
  [SKIP] (3685) 無實際內文，跳過
  [SKIP] (5245) 無實際內文，跳過
  [SKIP] (3685) 無實際內文，跳過
  [SKIP] (3321) 無實際內文，跳過
  [SKIP] (6823) 無實際內文，跳過
  [SKIP] (3321) 無實際內文，跳過
  [SKIP] (6823) 無實際內文，跳過
  [SKIP] (2527) 無實際內文，跳過
  [SKIP] (2527) 無實際內文，跳過
  [SKIP] (2527) 無實際內文，跳過
  [SKIP] (1342) 無實際內文，跳過
  [SKIP] (2548) 無實際內文，跳過
  [SKIP] (2884) 無實際內文，跳過
  [SKIP] (3059) 無實際內文，跳過
  [SKIP] (8499) 無實際內文，跳過
  [SKIP] (2884) 無實際內文，跳過
  [SKIP] (6683) 無實際內文，跳過
  [SKIP] (2543) 無實際內文，跳過
  [SKIP] (2884) 無實際內文，跳過
  [SKIP] (2884) 無實際內文，跳過
  [SKIP] (4904) 無實際內文，跳過
  [SKIP] (6667) 無實際內文，跳過
  [SKIP] (5263) 無實際內文，跳過
  [SKIP] (3372) 無實際內文，跳過
  [SKIP] (1532) 無實際內文，跳過
  [SKIP] (3711) 無實際內文，跳過
  [SKIP] (3056) 無實際內文，跳過
  [SKIP] (8499) 無實際內文，跳過
  [SKIP] (3711) 無實際內文，跳過
  [SKIP] (3711) 無實際內文，跳過
  [SKIP] (2323) 無實際內文，跳過
  [SKIP] (2371) 無實際內文，跳過
  [SKIP] (2371) 無實際內文，跳過
  [SKIP] (2323) 無實際內文，跳過
  [SKIP] (6446) 無實際內文，跳過
  [SKIP] (1314) 無實際內文，跳過
  [SKIP] (6278) 無實際內文，跳過
  [SKIP] (6446) 無實際內文，跳過
  [SKIP] (3709) 無實際內文，跳過
  [SKIP] (3709) 無實際內文，跳過
  [SKIP] (3717) 無實際內文，跳過
  [SKIP] (3056) 無實際內文，跳過
  [SKIP] (1532) 無實際內文，跳過
  [SKIP] (1532) 無實際內文，跳過
  [SKIP] (3056) 無實際內文，跳過
  [SKIP] (1532) 無實際內文，跳過
  [SKIP] (8249) 無實際內文，跳過
  [SKIP] (1532) 無實際內文，跳過
  [SKIP] (8436) 無實際內文，跳過
  [SKIP] (8436) 無實際內文，跳過
  [SKIP] (8436) 無實際內文，跳過
  [SKIP] (3372) 無實際內文，跳過
  [SKIP] (2881) 無實際內文，跳過
  [SKIP] (2881) 無實際內文，跳過
  [SKIP] (8436) 無實際內文，跳過
  [SKIP] (8436) 無實際內文，跳過
  [SKIP] (6667) 無實際內文，跳過
  [SKIP] (3221) 無實際內文，跳過
  [SKIP] (2887) 無實際內文，跳過
  [SKIP] (3073) 無實際內文，跳過
  [SKIP] (6126) 無實際內文，跳過
  [SKIP] (1815) 無實際內文，跳過
  [SKIP] (2887) 無實際內文，跳過
  [SKIP] (6605) 無實際內文，跳過
  [SKIP] (5263) 無實際內文，跳過
  [SKIP] (2303) 無實際內文，跳過
  [SKIP] (2049) 無實際內文，跳過
  [SKIP] (4576) 無實際內文，跳過
  [SKIP] (5263) 無實際內文，跳過
  [SKIP] (6166) 無實際內文，跳過
  [SKIP] (5871) 無實際內文，跳過
  [SKIP] (3005) 無實際內文，跳過
  [SKIP] (3501) 無實際內文，跳過
  [SKIP] (8499) 無實際內文，跳過
  [SKIP] (3711) 無實際內文，跳過
  [SKIP] (3711) 無實際內文，跳過
  [SKIP] (1560) 無實際內文，跳過
  [SKIP] (2845) 無實際內文，跳過
  [SKIP] (2912) 無實際內文，跳過
  [SKIP] (2610) 無實際內文，跳過
  [SKIP] (2408) 無實際內文，跳過
  [SKIP] (2606) 無實際內文，跳過
  [SKIP] (1402) 無實際內文，跳過
  [SKIP] (2303) 無實際內文，跳過
  [SKIP] (5291) 無實際內文，跳過
  [SKIP] (2887) 無實際內文，跳過
  [SKIP] (1342) 無實際內文，跳過
  [SKIP] (2891) 無實際內文，跳過
  [SKIP] (2887) 無實際內文，跳過
  [SKIP] (3167) 無實際內文，跳過
  [SKIP] (2887) 無實際內文，跳過
  [SKIP] (2891) 無實際內文，跳過
  [SKIP] (6667) 無實際內文，跳過
  [SKIP] (2886) 無實際內文，跳過
  [SKIP] (2891) 無實際內文，跳過
  [SKIP] (6182) 無實際內文，跳過
  [SKIP] (2886) 無實際內文，跳過
  [SKIP] (3712) 無實際內文，跳過
  [SKIP] (3073) 無實際內文，跳過
  [SKIP] (3073) 無實際內文，跳過
  [SKIP] (3073) 無實際內文，跳過
  [SKIP] (3073) 無實際內文，跳過
  [SKIP] (3221) 無實際內文，跳過
  [SKIP] (3501) 無實際內文，跳過
  [SKIP] (3501) 無實際內文，跳過
  [SKIP] (2466) 無實際內文，跳過
  [SKIP] (6125) 無實際內文，跳過
  [SKIP] (3501) 無實際內文，跳過
  [OK] (6257) 更新成功 (1448 字)
  [SKIP] (6125) 無實際內文，跳過
  [OK] (2408) 更新成功 (101 字)
  [SKIP] (6125) 無實際內文，跳過
  [OK] (3479) 更新成功 (913 字)
  [SKIP] (6584) 無實際內文，跳過
  [SKIP] (3501) 無實際內文，跳過
  [SKIP] (1449) 無實際內文，跳過
  [OK] (1815) 更新成功 (109 字)
  [SKIP] (1449) 無實際內文，跳過
  [SKIP] (2884) 無實際內文，跳過
  [SKIP] (4534) 無實際內文，跳過
  [OK] (6605) 更新成功 (85 字)
  [OK] (6186) 更新成功 (78 字)
  [SKIP] (4534) 無實際內文，跳過
  [SKIP] (6667) 無實際內文，跳過
  [SKIP] (4534) 無實際內文，跳過
  [SKIP] (6667) 無實際內文，跳過
  [SKIP] (4534) 無實際內文，跳過
  [OK] (3016) 更新成功 (157 字)
  [OK] (6202) 更新成功 (170 字)
  [SKIP] (4534) 無實際內文，跳過
  [OK] (8499) 更新成功 (97 字)
  [OK] (3260) 更新成功 (647 字)
  [SKIP] (2883) 無實際內文，跳過
  [OK] (6005) 更新成功 (891 字)
  [SKIP] (6186) 無實際內文，跳過
  [SKIP] (2883) 無實際內文，跳過
  [SKIP] (6186) 無實際內文，跳過
  [OK] (2633) 更新成功 (53 字)
  [SKIP] (1560) 無實際內文，跳過
  [OK] (6515) 更新成功 (116 字)
  [SKIP] (6186) 無實際內文，跳過
  [SKIP] (1560) 無實際內文，跳過
  [SKIP] (1560) 無實際內文，跳過
  [SKIP] (4123) 無實際內文，跳過
  [SKIP] (1560) 無實際內文，跳過
  [SKIP] (6605) 無實際內文，跳過
  [SKIP] (2867) 無實際內文，跳過
  [OK] (2375) 更新成功 (151 字)
  [OK] (4764) 更新成功 (151 字)
  [SKIP] (3131) 無實際內文，跳過
  [OK] (7795) 更新成功 (89 字)
  [OK] (2467) 更新成功 (169 字)
  [SKIP] (8499) 無實際內文，跳過
  [OK] (2486) 更新成功 (89 字)
  [SKIP] (8284) 無實際內文，跳過
  [SKIP] (8074) 無實際內文，跳過
  [SKIP] (8155) 無實際內文，跳過
  [SKIP] (5347) 無實際內文，跳過
  [SKIP] (6763) 無實際內文，跳過
  [SKIP] (2880) 無實際內文，跳過
  [SKIP] (3162) 無實際內文，跳過
  [SKIP] (6515) 無實際內文，跳過
  [SKIP] (6695) 無實際內文，跳過
  [SKIP] (1616) 無實際內文，跳過
  [SKIP] (6937) 無實際內文，跳過
  [SKIP] (5292) 無實際內文，跳過
  [SKIP] (6415) 無實際內文，跳過
  [SKIP] (3545) 無實際內文，跳過
  [SKIP] (4904) 無實際內文，跳過
  [SKIP] (1229) 無實際內文，跳過
  [SKIP] (2633) 無實際內文，跳過
  [SKIP] (6831) 無實際內文，跳過
  [SKIP] (6202) 無實際內文，跳過
  [SKIP] (3059) 無實際內文，跳過
  [SKIP] (2484) 無實際內文，跳過
  [SKIP] (2537) 無實際內文，跳過
  [SKIP] (1809) 無實際內文，跳過
  [SKIP] (3048) 無實際內文，跳過
  [SKIP] (6510) 無實際內文，跳過
  [SKIP] (6831) 無實際內文，跳過
  [SKIP] (8150) 無實際內文，跳過
  [SKIP] (2375) 無實際內文，跳過
  [SKIP] (3051) 無實際內文，跳過
  [SKIP] (1216) 無實際內文，跳過
  [OK] (2478) 更新成功 (168 字)
  [SKIP] (3016) 無實際內文，跳過
  [OK] (8074) 更新成功 (90 字)
  [SKIP] (7795) 無實際內文，跳過
  [SKIP] (4971) 無實際內文，跳過
  [SKIP] (3605) 無實際內文，跳過
  [SKIP] (2753) 無實際內文，跳過
  [SKIP] (6831) 無實際內文，跳過
  [OK] (2233) 更新成功 (139 字)
  [SKIP] (4532) 無實際內文，跳過
  [SKIP] (6831) 無實際內文，跳過
  [SKIP] (4764) 無實際內文，跳過
  [SKIP] (2486) 無實際內文，跳過
  [SKIP] (2467) 無實際內文，跳過
  [OK] (2357) 更新成功 (626 字)
  [SKIP] (3162) 無實際內文，跳過
  [SKIP] (8074) 無實際內文，跳過
  [SKIP] (3162) 無實際內文，跳過
  [SKIP] (4909) 無實際內文，跳過
  [SKIP] (4749) 無實際內文，跳過
  [SKIP] (4909) 無實際內文，跳過
  [OK] (6015) 更新成功 (54 字)
  [SKIP] (4909) 無實際內文，跳過
  [SKIP] (1216) 無實際內文，跳過
  [OK] (8064) 更新成功 (152 字)
  [SKIP] (4909) 無實際內文，跳過
  [SKIP] (4909) 無實際內文，跳過
  [SKIP] (2233) 無實際內文，跳過
  [SKIP] (2233) 無實際內文，跳過
  [SKIP] (2478) 無實際內文，跳過
  [SKIP] (6122) 無實際內文，跳過
  [OK] (4958) 更新成功 (577 字)
  [SKIP] (2233) 無實際內文，跳過
  [OK] (3481) 更新成功 (746 字)
  [OK] (2409) 更新成功 (746 字)
  [SKIP] (6122) 無實際內文，跳過
  [OK] (2330) 更新成功 (746 字)
  [SKIP] (7743) 無實際內文，跳過
  [SKIP] (2233) 無實際內文，跳過
  [SKIP] (1475) 無實際內文，跳過
  [SKIP] (1475) 無實際內文，跳過
  [SKIP] (7743) 無實際內文，跳過
  [SKIP] (6887) 無實際內文，跳過
  [SKIP] (1475) 無實際內文，跳過
  [SKIP] (6887) 無實際內文，跳過
  [SKIP] (1324) 無實際內文，跳過
  [SKIP] (6887) 無實際內文，跳過
  [SKIP] (1324) 無實際內文，跳過
  [SKIP] (6512) 無實際內文，跳過
  [SKIP] (6171) 無實際內文，跳過
  [SKIP] (7782) 無實際內文，跳過
  [SKIP] (6512) 無實際內文，跳過
  [SKIP] (7782) 無實際內文，跳過
  [SKIP] (6171) 無實際內文，跳過
  [SKIP] (9926) 無實際內文，跳過
  [SKIP] (9926) 無實際內文，跳過
  [SKIP] (6171) 無實際內文，跳過
  [SKIP] (2024) 無實際內文，跳過
  [SKIP] (4924) 無實際內文，跳過
  [SKIP] (2024) 無實際內文，跳過
  [SKIP] (2726) 無實際內文，跳過
  [SKIP] (4924) 無實際內文，跳過
  [SKIP] (2726) 無實際內文，跳過
  [SKIP] (6616) 無實際內文，跳過
  [SKIP] (6616) 無實際內文，跳過
  [SKIP] (2726) 無實際內文，跳過
  [SKIP] (3232) 無實際內文，跳過
  [SKIP] (3232) 無實際內文，跳過
  [SKIP] (3232) 無實際內文，跳過
  [SKIP] (6767) 無實際內文，跳過
  [SKIP] (8409) 無實際內文，跳過
  [SKIP] (6767) 無實際內文，跳過
  [SKIP] (8409) 無實際內文，跳過
  [SKIP] (4430) 無實際內文，跳過
  [SKIP] (4430) 無實際內文，跳過
  [SKIP] (2740) 無實際內文，跳過
  [SKIP] (1203) 無實際內文，跳過
  [SKIP] (2740) 無實際內文，跳過
  [SKIP] (1203) 無實際內文，跳過
  [SKIP] (1203) 無實際內文，跳過
  [SKIP] (6506) 無實際內文，跳過
  [SKIP] (6506) 無實際內文，跳過
  [SKIP] (3629) 無實際內文，跳過
  [SKIP] (3629) 無實際內文，跳過
  [SKIP] (3629) 無實際內文，跳過
  [SKIP] (3426) 無實際內文，跳過
  [SKIP] (3426) 無實際內文，跳過
  [SKIP] (7753) 無實際內文，跳過
  [SKIP] (7753) 無實際內文，跳過
  [SKIP] (8423) 無實際內文，跳過
  [SKIP] (8423) 無實際內文，跳過
  [SKIP] (3465) 無實際內文，跳過
  [SKIP] (3465) 無實際內文，跳過
  [SKIP] (6496) 無實際內文，跳過
  [SKIP] (6496) 無實際內文，跳過
  [OK] (6763) 更新成功 (99 字)
  [SKIP] (2235) 無實際內文，跳過
  [SKIP] (2235) 無實際內文，跳過
  [SKIP] (2235) 無實際內文，跳過
  [SKIP] (6212) 無實際內文，跳過
  [SKIP] (6574) 無實際內文，跳過
  [SKIP] (6212) 無實際內文，跳過
  [SKIP] (6574) 無實際內文，跳過
  [SKIP] (6929) 無實際內文，跳過
  [SKIP] (7732) 無實際內文，跳過
  [SKIP] (6929) 無實際內文，跳過
  [SKIP] (7732) 無實際內文，跳過
  [OK] (9907) 更新成功 (76 字)
  [OK] (6937) 更新成功 (95 字)
  [SKIP] (1418) 無實際內文，跳過
  [SKIP] (1418) 無實際內文，跳過
  [SKIP] (3115) 無實際內文，跳過
  [SKIP] (3115) 無實際內文，跳過
  [SKIP] (6144) 無實際內文，跳過
  [SKIP] (4609) 無實際內文，跳過
  [SKIP] (6144) 無實際內文，跳過
  [SKIP] (4609) 無實際內文，跳過
  [SKIP] (2901) 無實際內文，跳過
  [SKIP] (2901) 無實際內文，跳過
  [SKIP] (2901) 無實際內文，跳過
  [SKIP] (5703) 無實際內文，跳過
  [SKIP] (5703) 無實際內文，跳過
  [SKIP] (2941) 無實際內文，跳過
  [SKIP] (5703) 無實際內文，跳過
  [SKIP] (2941) 無實際內文，跳過
  [SKIP] (8488) 無實際內文，跳過
  [SKIP] (8488) 無實際內文，跳過
  [SKIP] (5348) 無實際內文，跳過
  [SKIP] (8488) 無實際內文，跳過
  [SKIP] (5348) 無實際內文，跳過
  [SKIP] (5348) 無實際內文，跳過
  [SKIP] (5205) 無實際內文，跳過
  [SKIP] (5205) 無實際內文，跳過
  [SKIP] (4413) 無實際內文，跳過
  [SKIP] (6236) 無實際內文，跳過
  [SKIP] (6236) 無實際內文，跳過
  [SKIP] (4413) 無實際內文，跳過
  [SKIP] (8077) 無實際內文，跳過
  [SKIP] (8077) 無實際內文，跳過
  [SKIP] (6103) 無實際內文，跳過
  [SKIP] (6103) 無實際內文，跳過
  [SKIP] (6103) 無實際內文，跳過
  [SKIP] (2073) 無實際內文，跳過
  [SKIP] (6015) 無實際內文，跳過
  [SKIP] (2073) 無實際內文，跳過
  [SKIP] (2073) 無實際內文，跳過
  [SKIP] (8064) 無實際內文，跳過
  [SKIP] (2892) 無實際內文，跳過
  [OK] (3663) 更新成功 (89 字)
  [SKIP] (6763) 無實際內文，跳過
  [SKIP] (9907) 無實際內文，跳過
  [SKIP] (6937) 無實際內文，跳過
  [SKIP] (1809) 無實際內文，跳過
  [SKIP] (1809) 無實際內文，跳過
  [SKIP] (3523) 無實際內文，跳過
  [SKIP] (1809) 無實際內文，跳過
  [SKIP] (7743) 無實際內文，跳過
  [SKIP] (6899) 無實際內文，跳過
  [OK] (6186) 更新成功 (551 字)
  [SKIP] (6899) 無實際內文，跳過
  [SKIP] (6899) 無實際內文，跳過
  [SKIP] (6259) 無實際內文，跳過
  [SKIP] (3066) 無實際內文，跳過
  [SKIP] (6259) 無實際內文，跳過
  [SKIP] (1796) 無實際內文，跳過
  [SKIP] (3066) 無實際內文，跳過
  [SKIP] (9949) 無實際內文，跳過
  [SKIP] (1796) 無實際內文，跳過
  [SKIP] (2538) 無實際內文，跳過
  [SKIP] (2538) 無實際內文，跳過
  [SKIP] (9949) 無實際內文，跳過
  [SKIP] (2007) 無實際內文，跳過
  [SKIP] (2012) 無實際內文，跳過
  [SKIP] (3663) 無實際內文，跳過
  [SKIP] (2012) 無實際內文，跳過
  [SKIP] (2007) 無實際內文，跳過
  [SKIP] (4205) 無實際內文，跳過
  [SKIP] (4711) 無實際內文，跳過
  [SKIP] (4205) 無實際內文，跳過
  [SKIP] (4205) 無實際內文，跳過
  [SKIP] (4711) 無實際內文，跳過
  [SKIP] (5487) 無實際內文，跳過
  [SKIP] (4711) 無實際內文，跳過
  [SKIP] (5487) 無實際內文，跳過
  [SKIP] (5487) 無實際內文，跳過
  [SKIP] (3419) 無實際內文，跳過
  [SKIP] (3419) 無實際內文，跳過
  [SKIP] (3419) 無實際內文，跳過
  [SKIP] (3373) 無實際內文，跳過
  [SKIP] (3373) 無實際內文，跳過
  [SKIP] (6582) 無實際內文，跳過
  [SKIP] (6582) 無實際內文，跳過
  [SKIP] (4581) 無實際內文，跳過
  [SKIP] (4581) 無實際內文，跳過
  [SKIP] (4581) 無實際內文，跳過
  [SKIP] (4907) 無實際內文，跳過
  [SKIP] (4907) 無實際內文，跳過
  [SKIP] (4907) 無實際內文，跳過
  [SKIP] (6194) 無實際內文，跳過
  [SKIP] (6194) 無實際內文，跳過
  [SKIP] (8102) 無實際內文，跳過
  [SKIP] (2596) 無實際內文，跳過
  [SKIP] (2596) 無實際內文，跳過
  [SKIP] (8102) 無實際內文，跳過
  [SKIP] (8102) 無實際內文，跳過
  [SKIP] (1109) 無實際內文，跳過
  [SKIP] (9962) 無實際內文，跳過
  [SKIP] (9962) 無實際內文，跳過
  [SKIP] (8450) 無實際內文，跳過
  [SKIP] (1109) 無實際內文，跳過
  [SKIP] (8450) 無實際內文，跳過
  [SKIP] (5488) 無實際內文，跳過
  [SKIP] (5488) 無實際內文，跳過
  [SKIP] (2734) 無實際內文，跳過
  [SKIP] (2734) 無實際內文，跳過
  [SKIP] (5516) 無實際內文，跳過
  [SKIP] (5516) 無實際內文，跳過
  [SKIP] (8401) 無實際內文，跳過
  [SKIP] (8401) 無實際內文，跳過
  [SKIP] (1474) 無實際內文，跳過
  [SKIP] (1474) 無實際內文，跳過
  [SKIP] (8930) 無實際內文，跳過
  [SKIP] (1474) 無實際內文，跳過
  [SKIP] (8930) 無實際內文，跳過
  [SKIP] (2718) 無實際內文，跳過
  [SKIP] (2718) 無實際內文，跳過
  [SKIP] (4554) 無實際內文，跳過
  [SKIP] (4554) 無實際內文，跳過
  [SKIP] (2706) 無實際內文，跳過
  [SKIP] (1467) 無實際內文，跳過
  [SKIP] (1467) 無實際內文，跳過
  [SKIP] (2706) 無實際內文，跳過
  [SKIP] (2706) 無實際內文，跳過
  [SKIP] (8429) 無實際內文，跳過
  [SKIP] (5489) 無實際內文，跳過
  [SKIP] (5704) 無實際內文，跳過
  [SKIP] (8429) 無實際內文，跳過
  [SKIP] (5489) 無實際內文，跳過
  [SKIP] (7770) 無實際內文，跳過
  [SKIP] (7770) 無實際內文，跳過
  [SKIP] (5704) 無實際內文，跳過
  [SKIP] (5704) 無實際內文，跳過
  [SKIP] (7770) 無實際內文，跳過
  [SKIP] (6169) 無實際內文，跳過
  [SKIP] (6169) 無實際內文，跳過
  [SKIP] (4999) 無實際內文，跳過
  [SKIP] (4999) 無實際內文，跳過
  [SKIP] (4999) 無實際內文，跳過
  [SKIP] (9928) 無實際內文，跳過
  [SKIP] (9928) 無實際內文，跳過
  [SKIP] (6865) 無實際內文，跳過
  [SKIP] (6865) 無實際內文，跳過
  [SKIP] (1236) 無實際內文，跳過
  [SKIP] (1236) 無實際內文，跳過
  [SKIP] (7767) 無實際內文，跳過
  [SKIP] (7767) 無實際內文，跳過
  [SKIP] (5529) 無實際內文，跳過
  [SKIP] (5529) 無實際內文，跳過
  [SKIP] (4426) 無實際內文，跳過
  [SKIP] (4426) 無實際內文，跳過
  [SKIP] (4426) 無實際內文，跳過
  [SKIP] (2937) 無實際內文，跳過
  [SKIP] (3268) 無實際內文，跳過
  [SKIP] (3268) 無實際內文，跳過
  [SKIP] (2702) 無實際內文，跳過
  [SKIP] (6655) 無實際內文，跳過
  [SKIP] (2702) 無實際內文，跳過
  [SKIP] (6655) 無實際內文，跳過
  [SKIP] (2701) 無實際內文，跳過
  [SKIP] (2701) 無實際內文，跳過
  [SKIP] (2701) 無實際內文，跳過
  [SKIP] (6246) 無實際內文，跳過
  [SKIP] (6246) 無實際內文，跳過
  [SKIP] (6246) 無實際內文，跳過
  [SKIP] (8092) 無實際內文，跳過
  [SKIP] (8092) 無實際內文，跳過
  [SKIP] (8092) 無實際內文，跳過
  [SKIP] (1463) 無實際內文，跳過
  [SKIP] (1463) 無實際內文，跳過
  [SKIP] (1463) 無實際內文，跳過
  [SKIP] (6101) 無實際內文，跳過
  [SKIP] (6101) 無實際內文，跳過
  [SKIP] (6101) 無實際內文，跳過
  [SKIP] (4502) 無實際內文，跳過
  [SKIP] (4502) 無實際內文，跳過
  [SKIP] (5450) 無實際內文，跳過
  [SKIP] (5450) 無實際內文，跳過
  [SKIP] (5450) 無實際內文，跳過
  [SKIP] (5211) 無實際內文，跳過
  [SKIP] (5211) 無實際內文，跳過
  [SKIP] (9950) 無實際內文，跳過
  [SKIP] (5211) 無實際內文，跳過
  [SKIP] (9950) 無實際內文，跳過
  [SKIP] (9950) 無實際內文，跳過
  [SKIP] (4558) 無實際內文，跳過
  [SKIP] (6874) 無實際內文，跳過
  [SKIP] (4558) 無實際內文，跳過
  [SKIP] (5607) 無實際內文，跳過
  [SKIP] (6874) 無實際內文，跳過
  [SKIP] (3059) 無實際內文，跳過
  [SKIP] (6117) 無實際內文，跳過
  [SKIP] (1616) 無實際內文，跳過
  [SKIP] (1436) 無實際內文，跳過
  [SKIP] (3095) 無實際內文，跳過
  [SKIP] (3537) 無實際內文，跳過
  [SKIP] (3059) 無實際內文，跳過
  [SKIP] (3059) 無實際內文，跳過
  [OK] (2002) 更新成功 (50 字)
  [SKIP] (3447) 無實際內文，跳過
  [SKIP] (3447) 無實際內文，跳過
  [SKIP] (5533) 無實際內文，跳過
  [SKIP] (2913) 無實際內文，跳過
  [SKIP] (2913) 無實際內文，跳過
  [SKIP] (1720) 無實際內文，跳過
  [SKIP] (1720) 無實際內文，跳過
  [SKIP] (1720) 無實際內文，跳過
  [SKIP] (2524) 無實際內文，跳過
  [SKIP] (2524) 無實際內文，跳過
  [SKIP] (2524) 無實際內文，跳過
  [SKIP] (6742) 無實際內文，跳過
  [SKIP] (6742) 無實際內文，跳過
  [SKIP] (1321) 無實際內文，跳過
  [SKIP] (1321) 無實際內文，跳過
  [SKIP] (4908) 無實際內文，跳過
  [SKIP] (4908) 無實際內文，跳過
  [SKIP] (4956) 無實際內文，跳過
  [SKIP] (4767) 無實際內文，跳過
  [SKIP] (3437) 無實際內文，跳過
  [SKIP] (4956) 無實際內文，跳過
  [SKIP] (4956) 無實際內文，跳過
  [SKIP] (3437) 無實際內文，跳過
  [SKIP] (3437) 無實際內文，跳過
  [SKIP] (1565) 無實際內文，跳過
  [SKIP] (1565) 無實際內文，跳過
  [SKIP] (3484) 無實際內文，跳過
  [SKIP] (3484) 無實際內文，跳過
  [SKIP] (3484) 無實際內文，跳過
  [SKIP] (6641) 無實際內文，跳過
  [SKIP] (6641) 無實際內文，跳過
  [SKIP] (4564) 無實際內文，跳過
  [SKIP] (4564) 無實際內文，跳過
  [SKIP] (4564) 無實際內文，跳過
  [SKIP] (3058) 無實際內文，跳過
  [SKIP] (3058) 無實際內文，跳過
  [SKIP] (7631) 無實際內文，跳過
  [SKIP] (5533) 無實際內文，跳過
  [SKIP] (1537) 無實際內文，跳過
  [SKIP] (1537) 無實際內文，跳過
  [SKIP] (2066) 無實際內文，跳過
  [SKIP] (2066) 無實際內文，跳過
  [SKIP] (5533) 無實際內文，跳過
  [SKIP] (3527) 無實際內文，跳過
  [SKIP] (3527) 無實際內文，跳過
  [SKIP] (3527) 無實際內文，跳過
  [SKIP] (6216) 無實際內文，跳過
  [SKIP] (6216) 無實際內文，跳過
  [SKIP] (6216) 無實際內文，跳過
  [SKIP] (2537) 無實際內文，跳過
  [SKIP] (2440) 無實際內文，跳過
  [SKIP] (2440) 無實際內文，跳過
  [SKIP] (2440) 無實際內文，跳過
  [SKIP] (6933) 無實際內文，跳過
  [SKIP] (6933) 無實際內文，跳過
  [SKIP] (6470) 無實際內文，跳過
  [SKIP] (6470) 無實際內文，跳過
  [SKIP] (6470) 無實際內文，跳過
  [SKIP] (5465) 無實際內文，跳過
  [SKIP] (5465) 無實際內文，跳過
  [SKIP] (2537) 無實際內文，跳過
  [SKIP] (1533) 無實際內文，跳過
  [SKIP] (1533) 無實際內文，跳過
  [SKIP] (2880) 無實際內文，跳過
  [SKIP] (1533) 無實際內文，跳過
  [SKIP] (2390) 無實際內文，跳過
  [OK] (6147) 更新成功 (85 字)
  [SKIP] (3297) 無實際內文，跳過
  [SKIP] (2390) 無實際內文，跳過
  [SKIP] (2537) 無實際內文，跳過
  [SKIP] (3297) 無實際內文，跳過
  [SKIP] (5533) 無實際內文，跳過
  [SKIP] (6168) 無實際內文，跳過
  [SKIP] (3552) 無實際內文，跳過
  [SKIP] (3552) 無實際內文，跳過
  [SKIP] (6168) 無實際內文，跳過
  [SKIP] (2537) 無實際內文，跳過
  [SKIP] (2032) 無實際內文，跳過
  [SKIP] (6168) 無實際內文，跳過
  [SKIP] (2032) 無實際內文，跳過
  [SKIP] (2484) 無實際內文，跳過
  [SKIP] (4987) 無實際內文，跳過
  [SKIP] (5533) 無實際內文，跳過
  [SKIP] (4987) 無實際內文，跳過
  [SKIP] (4987) 無實際內文，跳過
  [SKIP] (3205) 無實際內文，跳過
  [SKIP] (2484) 無實際內文，跳過
  [SKIP] (9937) 無實際內文，跳過
  [SKIP] (3205) 無實際內文，跳過
  [SKIP] (4767) 無實際內文，跳過
  [SKIP] (2250) 無實際內文，跳過
  [SKIP] (9937) 無實際內文，跳過
  [SKIP] (2250) 無實際內文，跳過
  [SKIP] (9937) 無實際內文，跳過
  [SKIP] (3226) 無實際內文，跳過
  [SKIP] (3226) 無實際內文，跳過
  [SKIP] (8048) 無實際內文，跳過
  [SKIP] (2484) 無實際內文，跳過
  [SKIP] (8048) 無實際內文，跳過
  [SKIP] (3226) 無實際內文，跳過
  [SKIP] (2484) 無實際內文，跳過
  [SKIP] (2477) 無實際內文，跳過
  [SKIP] (2002) 無實際內文，跳過
  [SKIP] (2477) 無實際內文，跳過
  [SKIP] (2477) 無實際內文，跳過
  [SKIP] (1471) 無實際內文，跳過
  [SKIP] (6283) 無實際內文，跳過
  [SKIP] (1471) 無實際內文，跳過
  [SKIP] (6283) 無實際內文，跳過
  [SKIP] (6283) 無實際內文，跳過
  [SKIP] (1217) 無實際內文，跳過
  [SKIP] (1217) 無實際內文，跳過
  [SKIP] (8054) 無實際內文，跳過
  [SKIP] (1217) 無實際內文，跳過
  [SKIP] (4767) 無實際內文，跳過
  [SKIP] (3057) 無實際內文，跳過
  [SKIP] (5511) 無實際內文，跳過
  [SKIP] (3057) 無實際內文，跳過
  [SKIP] (5511) 無實際內文，跳過
  [SKIP] (3057) 無實際內文，跳過
  [SKIP] (1762) 無實際內文，跳過
  [SKIP] (4767) 無實際內文，跳過
  [SKIP] (1762) 無實際內文，跳過
  [SKIP] (2488) 無實際內文，跳過
  [SKIP] (2488) 無實際內文，跳過
  [SKIP] (3631) 無實際內文，跳過
  [SKIP] (3631) 無實際內文，跳過
  [SKIP] (6910) 無實際內文，跳過
  [SKIP] (3631) 無實際內文，跳過
  [SKIP] (6910) 無實際內文，跳過
  [SKIP] (6916) 無實際內文，跳過
  [SKIP] (2038) 無實際內文，跳過
  [SKIP] (2038) 無實際內文，跳過
  [SKIP] (6916) 無實際內文，跳過
  [SKIP] (2038) 無實際內文，跳過
  [SKIP] (3432) 無實際內文，跳過
  [SKIP] (6423) 無實際內文，跳過
  [SKIP] (6423) 無實際內文，跳過
  [SKIP] (3432) 無實際內文，跳過
  [SKIP] (4767) 無實際內文，跳過
  [SKIP] (2514) 無實際內文，跳過
  [SKIP] (2514) 無實際內文，跳過
  [SKIP] (6115) 無實際內文，跳過
  [SKIP] (5410) 無實際內文，跳過
  [SKIP] (6115) 無實際內文，跳過
  [SKIP] (5410) 無實際內文，跳過
  [SKIP] (1512) 無實際內文，跳過
  [SKIP] (4737) 無實際內文，跳過
  [SKIP] (4737) 無實際內文，跳過
  [SKIP] (1512) 無實際內文，跳過
  [SKIP] (4737) 無實際內文，跳過
  [SKIP] (4580) 無實際內文，跳過
  [SKIP] (2743) 無實際內文，跳過
  [SKIP] (4580) 無實際內文，跳過
  [SKIP] (2743) 無實際內文，跳過
  [SKIP] (1531) 無實際內文，跳過
  [SKIP] (3434) 無實際內文，跳過
  [SKIP] (3434) 無實際內文，跳過
  [SKIP] (1531) 無實際內文，跳過
  [SKIP] (1414) 無實際內文，跳過
  [SKIP] (6229) 無實際內文，跳過
  [SKIP] (6229) 無實際內文，跳過
  [SKIP] (6229) 無實際內文，跳過
  [SKIP] (1414) 無實際內文，跳過
  [SKIP] (6158) 無實際內文，跳過
  [SKIP] (4207) 無實際內文，跳過
  [SKIP] (6158) 無實際內文，跳過
  [SKIP] (7736) 無實際內文，跳過
  [SKIP] (2414) 無實際內文，跳過
  [SKIP] (2414) 無實際內文，跳過
  [SKIP] (2414) 無實際內文，跳過
  [SKIP] (4113) 無實際內文，跳過
  [SKIP] (4113) 無實際內文，跳過
  [SKIP] (4207) 無實際內文，跳過
  [SKIP] (3325) 無實際內文，跳過
  [SKIP] (4113) 無實際內文，跳過
  [SKIP] (3325) 無實際內文，跳過
  [SKIP] (3043) 無實際內文，跳過
  [SKIP] (3043) 無實際內文，跳過
  [SKIP] (5481) 無實際內文，跳過
  [SKIP] (5481) 無實際內文，跳過
  [SKIP] (3043) 無實際內文，跳過
  [SKIP] (5481) 無實際內文，跳過
  [SKIP] (4528) 無實際內文，跳過
  [SKIP] (4207) 無實際內文，跳過
  [SKIP] (4528) 無實際內文，跳過
  [SKIP] (4207) 無實際內文，跳過
  [SKIP] (6743) 無實際內文，跳過
  [SKIP] (4552) 無實際內文，跳過
  [SKIP] (4552) 無實際內文，跳過
  [SKIP] (4552) 無實際內文，跳過
  [SKIP] (6743) 無實際內文，跳過
  [SKIP] (4207) 無實際內文，跳過
  [SKIP] (6118) 無實際內文，跳過
  [SKIP] (6743) 無實際內文，跳過
  [SKIP] (6118) 無實際內文，跳過
  [SKIP] (5251) 無實際內文，跳過
  [SKIP] (5251) 無實際內文，跳過
  [SKIP] (3188) 無實際內文，跳過
  [SKIP] (3188) 無實際內文，跳過
  [SKIP] (1438) 無實際內文，跳過
  [SKIP] (1438) 無實際內文，跳過
  [SKIP] (1438) 無實際內文，跳過
  [SKIP] (6147) 無實際內文，跳過
  [SKIP] (6703) 無實際內文，跳過
  [SKIP] (9908) 無實際內文，跳過
  [SKIP] (6703) 無實際內文，跳過
  [SKIP] (9908) 無實際內文，跳過
  [SKIP] (5460) 無實際內文，跳過
  [SKIP] (4420) 無實際內文，跳過
  [SKIP] (5460) 無實際內文，跳過
  [SKIP] (5460) 無實際內文，跳過
  [SKIP] (6160) 無實際內文，跳過
  [SKIP] (4420) 無實際內文，跳過
  [SKIP] (6160) 無實際內文，跳過
  [SKIP] (4161) 無實際內文，跳過
  [SKIP] (4161) 無實際內文，跳過
  [SKIP] (8410) 無實際內文，跳過
  [SKIP] (8410) 無實際內文，跳過
  [SKIP] (8410) 無實際內文，跳過
  [SKIP] (3287) 無實際內文，跳過
  [SKIP] (3287) 無實際內文，跳過
  [SKIP] (9918) 無實際內文，跳過
  [SKIP] (9918) 無實際內文，跳過
  [SKIP] (4728) 無實際內文，跳過
  [SKIP] (4728) 無實際內文，跳過
  [SKIP] (4561) 無實際內文，跳過
  [SKIP] (6693) 無實際內文，跳過
  [OK] (5381) 更新成功 (370 字)
  [SKIP] (3086) 無實際內文，跳過
  [OK] (2915) 更新成功 (590 字)
  [OK] (2855) 更新成功 (530 字)
  [OK] (7777) 更新成功 (374 字)
  [SKIP] (3567) 無實際內文，跳過
  [OK] (2374) 更新成功 (374 字)
  [SKIP] (6411) 無實際內文，跳過
  [SKIP] (4148) 無實際內文，跳過
  [SKIP] (6111) 無實際內文，跳過
  [SKIP] (2610) 無實際內文，跳過
  [SKIP] (2609) 無實際內文，跳過
  [SKIP] (6415) 無實際內文，跳過
  [SKIP] (1417) 無實際內文，跳過
  [SKIP] (2891) 無實際內文，跳過
  [SKIP] (2206) 無實際內文，跳過
  [SKIP] (2610) 無實際內文，跳過
  [OK] (2409) 更新成功 (629 字)
  [OK] (3481) 更新成功 (629 字)
  [OK] (6116) 更新成功 (629 字)
  [OK] (3515) 更新成功 (633 字)
  [OK] (3450) 更新成功 (552 字)
  [OK] (4991) 更新成功 (552 字)
  [OK] (6442) 更新成功 (552 字)
  [OK] (3163) 更新成功 (552 字)
  [OK] (3081) 更新成功 (552 字)
  [SKIP] (1102) 無實際內文，跳過
  [SKIP] (5263) 無實際內文，跳過
  [OK] (3481) 更新成功 (804 字)
  [SKIP] (2408) 無實際內文，跳過
  [SKIP] (2606) 無實際內文，跳過
  [OK] (7736) 更新成功 (808 字)
  [SKIP] (1526) 無實際內文，跳過
  [SKIP] (5263) 無實際內文，跳過
  [SKIP] (2317) 無實際內文，跳過
  [OK] (4971) 更新成功 (476 字)
  [OK] (6442) 更新成功 (476 字)
  [SKIP] (2028) 無實際內文，跳過
  [SKIP] (2891) 無實際內文，跳過
  [OK] (2330) 更新成功 (50 字)
  [OK] (6761) 更新成功 (1094 字)
  [OK] (4971) 更新成功 (750 字)
  [SKIP] (2886) 無實際內文，跳過
  [OK] (5425) 更新成功 (1094 字)
  [OK] (3675) 更新成功 (1094 字)
  [OK] (2330) 更新成功 (698 字)
  [SKIP] (3015) 無實際內文，跳過
  [SKIP] (3260) 無實際內文，跳過
  [SKIP] (2330) 無實際內文，跳過
  [OK] (2330) 更新成功 (564 字)
  [SKIP] (5871) 無實際內文，跳過
  [OK] (5483) 更新成功 (34 字)
  [SKIP] (1722) 無實際內文，跳過
  [OK] (2412) 更新成功 (811 字)
  [OK] (8996) 更新成功 (221 字)
  [OK] (6472) 更新成功 (923 字)
  [OK] (8358) 更新成功 (296 字)
  [OK] (2353) 更新成功 (686 字)
  [OK] (2408) 更新成功 (17 字)
  [OK] (8033) 更新成功 (229 字)
  [OK] (8096) 更新成功 (231 字)
  [OK] (6727) 更新成功 (217 字)
  [OK] (8261) 更新成功 (210 字)
  [OK] (7610) 更新成功 (304 字)
  [OK] (8255) 更新成功 (205 字)
  [OK] (7712) 更新成功 (260 字)
  [OK] (8021) 更新成功 (229 字)
  [OK] (7795) 更新成功 (199 字)
  [OK] (8064) 更新成功 (253 字)
  [OK] (6693) 更新成功 (308 字)
  [OK] (6715) 更新成功 (298 字)
  [OK] (1303) 更新成功 (202 字)
  [OK] (6442) 更新成功 (216 字)
  [OK] (6531) 更新成功 (223 字)
  [OK] (6613) 更新成功 (210 字)
  [OK] (6488) 更新成功 (312 字)
  [OK] (3234) 更新成功 (183 字)
  [OK] (6187) 更新成功 (221 字)
  [OK] (2344) 更新成功 (203 字)
  [OK] (6415) 更新成功 (230 字)
  [OK] (4722) 更新成功 (223 字)
  [OK] (4760) 更新成功 (978 字)
  [SKIP] (2610) 無實際內文，跳過
  [OK] (6290) 更新成功 (284 字)
  [OK] (3481) 更新成功 (327 字)
  [OK] (2345) 更新成功 (220 字)
  [OK] (2342) 更新成功 (198 字)
  [OK] (2375) 更新成功 (209 字)
  [OK] (2383) 更新成功 (204 字)
  [OK] (2426) 更新成功 (267 字)
  [OK] (2408) 更新成功 (233 字)
  [SKIP] (2880) 無實際內文，跳過
  [OK] (2467) 更新成功 (199 字)
  [OK] (2455) 更新成功 (223 字)
  [OK] (3060) 更新成功 (203 字)
  [OK] (2492) 更新成功 (356 字)
  [OK] (2478) 更新成功 (417 字)
  [OK] (3026) 更新成功 (318 字)
  [OK] (2486) 更新成功 (324 字)
  [OK] (2493) 更新成功 (209 字)
  [OK] (3016) 更新成功 (214 字)
  [OK] (3090) 更新成功 (320 字)
  [OK] (6182) 更新成功 (240 字)
  [OK] (1905) 更新成功 (243 字)
  [OK] (5475) 更新成功 (192 字)
  [OK] (5227) 更新成功 (219 字)
  [OK] (3532) 更新成功 (221 字)
  [OK] (5425) 更新成功 (210 字)
  [OK] (3236) 更新成功 (256 字)
  [SKIP] (2357) 無實際內文，跳過
  [OK] (6834) 更新成功 (306 字)
  [OK] (2305) 更新成功 (278 字)
  [OK] (3624) 更新成功 (358 字)
  [OK] (6695) 更新成功 (196 字)
  [OK] (4551) 更新成功 (254 字)
  [OK] (6202) 更新成功 (216 字)
  [OK] (3665) 更新成功 (228 字)
  [OK] (3675) 更新成功 (283 字)
  [OK] (2302) 更新成功 (250 字)
  [OK] (6116) 更新成功 (281 字)
  [OK] (4764) 更新成功 (217 字)
  [SKIP] (5483) 無實際內文，跳過
  [OK] (5351) 更新成功 (263 字)
  [OK] (5289) 更新成功 (218 字)
  [SKIP] (2633) 無實際內文，跳過
  [SKIP] (2610) 無實際內文，跳過
  [OK] (3293) 更新成功 (835 字)
  [OK] (5328) 更新成功 (268 字)
  [OK] (2542) 更新成功 (460 字)
  [OK] (1476) 更新成功 (768 字)
  [OK] (6190) 更新成功 (589 字)
  [OK] (6278) 更新成功 (589 字)
  [OK] (4441) 更新成功 (768 字)
  [OK] (3591) 更新成功 (808 字)
  [OK] (1312) 更新成功 (537 字)
  [OK] (3413) 更新成功 (779 字)
  [OK] (6182) 更新成功 (842 字)
  [OK] (2492) 更新成功 (952 字)
  [OK] (1477) 更新成功 (768 字)
  [OK] (1303) 更新成功 (952 字)
  [SKIP] (2753) 無實際內文，跳過
  [OK] (3034) 更新成功 (952 字)
  [OK] (3035) 更新成功 (952 字)
  [OK] (3583) 更新成功 (787 字)
  [OK] (3293) 更新成功 (813 字)
  [SKIP] (6902) 無實際內文，跳過
  [OK] (6182) 更新成功 (813 字)
  [OK] (3583) 更新成功 (813 字)
  [OK] (3413) 更新成功 (813 字)
  [SKIP] (2834) 無實際內文，跳過
  [SKIP] (6257) 無實際內文，跳過
  [OK] (1303) 更新成功 (818 字)
  [OK] (4938) 更新成功 (914 字)
  [OK] (3515) 更新成功 (34 字)
  [SKIP] (5483) 無實際內文，跳過
  [SKIP] (2357) 無實際內文，跳過
  [OK] (2357) 更新成功 (37 字)
  [OK] (2357) 更新成功 (35 字)
  [SKIP] (4953) 無實際內文，跳過
  [SKIP] (3708) 無實際內文，跳過
  [OK] (2317) 更新成功 (53 字)
  [SKIP] (6443) 無實際內文，跳過
  [SKIP] (2002) 無實際內文，跳過
  [SKIP] (2002) 無實際內文，跳過
  [SKIP] (3481) 無實際內文，跳過
  [SKIP] (8215) 無實際內文，跳過
  [SKIP] (2412) 無實際內文，跳過
  [SKIP] (2492) 無實際內文，跳過
  [SKIP] (3037) 無實際內文，跳過
  [OK] (6505) 更新成功 (51 字)
  [SKIP] (2492) 無實際內文，跳過
  [OK] (2382) 更新成功 (51 字)
  [SKIP] (2474) 無實際內文，跳過
  [OK] (2356) 更新成功 (51 字)
  [SKIP] (3035) 無實際內文，跳過
  [OK] (3231) 更新成功 (51 字)
  [OK] (2474) 更新成功 (35 字)
  [SKIP] (2449) 無實際內文，跳過
  [SKIP] (2317) 無實際內文，跳過
  [SKIP] (8442) 無實際內文，跳過
  [SKIP] (1303) 無實際內文，跳過
  [SKIP] (2327) 無實際內文，跳過
  [SKIP] (1301) 無實際內文，跳過
  [SKIP] (2885) 無實際內文，跳過
  [SKIP] (2002) 無實際內文，跳過
  [SKIP] (3545) 無實際內文，跳過
  [SKIP] (2308) 無實際內文，跳過
  [SKIP] (4533) 無實際內文，跳過
  [SKIP] (2345) 無實際內文，跳過
  [SKIP] (6465) 無實際內文，跳過
  [SKIP] (3171) 無實際內文，跳過
  [SKIP] (2729) 無實際內文，跳過
  [SKIP] (2412) 無實際內文，跳過
  [SKIP] (2729) 無實際內文，跳過
  [SKIP] (4934) 無實際內文，跳過
  [SKIP] (2729) 無實際內文，跳過
  [SKIP] (2729) 無實際內文，跳過
  [SKIP] (2729) 無實際內文，跳過
  [SKIP] (6222) 無實際內文，跳過
  [SKIP] (3581) 無實際內文，跳過
  [SKIP] (5274) 無實際內文，跳過
  [SKIP] (6546) 無實際內文，跳過
  [SKIP] (3577) 無實際內文，跳過
  [SKIP] (1295) 無實際內文，跳過
  [SKIP] (5289) 無實際內文，跳過
  [SKIP] (3290) 無實際內文，跳過
  [SKIP] (6411) 無實際內文，跳過
  [SKIP] (3522) 無實際內文，跳過
  [SKIP] (3105) 無實際內文，跳過
  [SKIP] (3130) 無實際內文，跳過
  [SKIP] (6573) 無實際內文，跳過
  [SKIP] (6431) 無實際內文，跳過
  [SKIP] (3703) 無實際內文，跳過
  [SKIP] (3522) 無實際內文，跳過
  [SKIP] (5215) 無實際內文，跳過
  [SKIP] (3522) 無實際內文，跳過
  [SKIP] (3522) 無實際內文，跳過
  [SKIP] (6225) 無實際內文，跳過
  [SKIP] (6230) 無實際內文，跳過
  [SKIP] (3702) 無實際內文，跳過
  [SKIP] (3522) 無實際內文，跳過
  [SKIP] (6431) 無實際內文，跳過
  [SKIP] (6958) 無實際內文，跳過
  [SKIP] (3702) 無實際內文，跳過
  [SKIP] (3702) 無實際內文，跳過
  [SKIP] (3702) 無實際內文，跳過
  [SKIP] (3105) 無實際內文，跳過
  [SKIP] (6856) 無實際內文，跳過
  [SKIP] (3105) 無實際內文，跳過
  [SKIP] (6573) 無實際內文，跳過
  [SKIP] (3105) 無實際內文，跳過
  [SKIP] (6573) 無實際內文，跳過
  [SKIP] (6573) 無實際內文，跳過
  [SKIP] (6573) 無實際內文，跳過
  [SKIP] (6870) 無實際內文，跳過
  [SKIP] (2886) 無實際內文，跳過
  [SKIP] (6146) 無實際內文，跳過
  [SKIP] (6569) 無實際內文，跳過
  [SKIP] (6425) 無實際內文，跳過
  [SKIP] (6569) 無實際內文，跳過
  [SKIP] (6223) 無實際內文，跳過
  [SKIP] (3293) 無實際內文，跳過
  [SKIP] (3152) 無實際內文，跳過
  [SKIP] (8937) 無實際內文，跳過
  [SKIP] (6130) 無實際內文，跳過
  [SKIP] (8937) 無實際內文，跳過
  [SKIP] (8935) 無實際內文，跳過
  [SKIP] (3219) 無實際內文，跳過
  [SKIP] (4527) 無實際內文，跳過
  [SKIP] (6257) 無實際內文，跳過
  [SKIP] (4989) 無實際內文，跳過
  [SKIP] (3231) 無實際內文，跳過
  [SKIP] (3034) 無實際內文，跳過
  [SKIP] (1338) 無實際內文，跳過
  [SKIP] (2618) 無實際內文，跳過
  [SKIP] (1717) 無實際內文，跳過
  [SKIP] (6170) 無實際內文，跳過
  [SKIP] (1402) 無實際內文，跳過
  [SKIP] (8926) 無實際內文，跳過
  [SKIP] (1717) 無實際內文，跳過
  [SKIP] (3209) 無實際內文，跳過
  [SKIP] (2380) 無實際內文，跳過
  [SKIP] (2923) 無實際內文，跳過
  [SKIP] (2705) 無實際內文，跳過
  [SKIP] (2101) 無實際內文，跳過
  [SKIP] (6806) 無實際內文，跳過
  [SKIP] (3346) 無實際內文，跳過
  [SKIP] (5522) 無實際內文，跳過
  [SKIP] (5522) 無實際內文，跳過
  [SKIP] (4958) 無實際內文，跳過
  [SKIP] (2603) 無實際內文，跳過
  [SKIP] (2353) 無實際內文，跳過
  [SKIP] (2371) 無實際內文，跳過
  [SKIP] (2353) 無實際內文，跳過
  [SKIP] (2882) 無實際內文，跳過
  [SKIP] (2882) 無實際內文，跳過
  [SKIP] (8176) 無實際內文，跳過
  [SKIP] (6806) 無實際內文，跳過
  [SKIP] (6806) 無實際內文，跳過
  [SKIP] (6806) 無實際內文，跳過
  [SKIP] (6804) 無實際內文，跳過
  [SKIP] (6806) 無實際內文，跳過
  [SKIP] (3703) 無實際內文，跳過
  [SKIP] (3293) 無實際內文，跳過
  [SKIP] (7786) 無實際內文，跳過
  [SKIP] (3293) 無實際內文，跳過
  [SKIP] (6698) 無實際內文，跳過
  [SKIP] (1110) 無實際內文，跳過
  [OK] (6415) 更新成功 (154 字)
  [SKIP] (6217) 無實際內文，跳過
  [SKIP] (1110) 無實際內文，跳過
  [SKIP] (1417) 無實際內文，跳過
  [SKIP] (3499) 無實際內文，跳過
  [SKIP] (8442) 無實際內文，跳過
  [OK] (6223) 更新成功 (78 字)
  [SKIP] (6185) 無實際內文，跳過
  [SKIP] (6415) 無實際內文，跳過
  [OK] (6693) 更新成功 (94 字)
  [SKIP] (2364) 無實際內文，跳過
  [SKIP] (2882) 無實際內文，跳過
  [SKIP] (2882) 無實際內文，跳過
  [SKIP] (4416) 無實際內文，跳過
  [SKIP] (2364) 無實際內文，跳過
  [SKIP] (2364) 無實際內文，跳過
  [SKIP] (2364) 無實際內文，跳過
  [SKIP] (4416) 無實際內文，跳過
  [SKIP] (6674) 無實際內文，跳過
  [OK] (2618) 更新成功 (93 字)
  [SKIP] (2327) 無實際內文，跳過
  [SKIP] (6223) 無實際內文，跳過
  [SKIP] (6674) 無實際內文，跳過
  [SKIP] (4147) 無實際內文，跳過
  [SKIP] (2424) 無實際內文，跳過
  [OK] (2455) 更新成功 (349 字)
  [OK] (6488) 更新成功 (349 字)
  [OK] (3532) 更新成功 (349 字)
  [SKIP] (6693) 無實際內文，跳過
  [OK] (1229) 更新成功 (218 字)
  [OK] (3211) 更新成功 (42 字)
  [SKIP] (2618) 無實際內文，跳過
  [SKIP] (2243) 無實際內文，跳過
  [SKIP] (1717) 無實際內文，跳過
  [SKIP] (5471) 無實際內文，跳過
  [SKIP] (3294) 無實際內文，跳過
  [SKIP] (1231) 無實際內文，跳過
  [OK] (8299) 更新成功 (646 字)
  [SKIP] (3211) 無實際內文，跳過
  [SKIP] (1231) 無實際內文，跳過
  [SKIP] (3211) 無實際內文，跳過
  [SKIP] (3211) 無實際內文，跳過
  [SKIP] (3211) 無實際內文，跳過
  [OK] (6166) 更新成功 (77 字)
  [SKIP] (3346) 無實際內文，跳過
  [SKIP] (6294) 無實際內文，跳過
  [OK] (6770) 更新成功 (243 字)
  [SKIP] (1229) 無實際內文，跳過
  [SKIP] (3349) 無實際內文，跳過
  [SKIP] (1541) 無實際內文，跳過
  [SKIP] (3346) 無實際內文，跳過
  [SKIP] (8426) 無實際內文，跳過
  [SKIP] (2431) 無實際內文，跳過
  [SKIP] (1541) 無實際內文，跳過
  [SKIP] (1541) 無實際內文，跳過
  [SKIP] (1295) 無實際內文，跳過
  [SKIP] (4741) 無實際內文，跳過
  [SKIP] (6166) 無實際內文，跳過
  [SKIP] (2607) 無實際內文，跳過
  [SKIP] (2883) 無實際內文，跳過
  [SKIP] (2883) 無實際內文，跳過
  [SKIP] (2883) 無實際內文，跳過
  [SKIP] (8097) 無實際內文，跳過
  [SKIP] (4976) 無實際內文，跳過
  [OK] (2492) 更新成功 (782 字)
  [OK] (8215) 更新成功 (602 字)
  [SKIP] (1460) 無實際內文，跳過
  [SKIP] (3296) 無實際內文，跳過
  [SKIP] (3346) 無實際內文，跳過
  [SKIP] (3346) 無實際內文，跳過
  [SKIP] (2885) 無實際內文，跳過
  [SKIP] (3577) 無實際內文，跳過
  [SKIP] (3062) 無實際內文，跳過
  [SKIP] (6840) 無實際內文，跳過
  [OK] (2426) 更新成功 (91 字)
  [OK] (4958) 更新成功 (160 字)
  [OK] (6116) 更新成功 (101 字)
  [SKIP] (2496) 無實際內文，跳過
  [SKIP] (2892) 無實際內文，跳過
  [SKIP] (8284) 無實際內文，跳過
  [SKIP] (6840) 無實際內文，跳過
  [SKIP] (6596) 無實際內文，跳過
  [SKIP] (2892) 無實際內文，跳過
  [SKIP] (8072) 無實際內文，跳過
  [SKIP] (5519) 無實際內文，跳過
  [SKIP] (6292) 無實際內文，跳過
  [SKIP] (3588) 無實際內文，跳過
  [SKIP] (3014) 無實際內文，跳過
  [SKIP] (2474) 無實際內文，跳過
  [SKIP] (2405) 無實際內文，跳過
  [SKIP] (1402) 無實際內文，跳過
  [SKIP] (2474) 無實際內文，跳過
  [SKIP] (1464) 無實際內文，跳過
  [SKIP] (4989) 無實際內文，跳過
  [SKIP] (1589) 無實際內文，跳過
  [SKIP] (2342) 無實際內文，跳過
  [SKIP] (4958) 無實際內文，跳過
  [SKIP] (3034) 無實際內文，跳過
  [OK] (2383) 更新成功 (83 字)
  [SKIP] (4510) 無實際內文，跳過
  [SKIP] (2426) 無實際內文，跳過
  [SKIP] (4510) 無實際內文，跳過
  [SKIP] (6895) 無實際內文，跳過
  [SKIP] (6155) 無實際內文，跳過
  [SKIP] (1595) 無實際內文，跳過
  [OK] (3583) 更新成功 (106 字)
  [SKIP] (8284) 無實際內文，跳過
  [SKIP] (6116) 無實際內文，跳過
  [OK] (6207) 更新成功 (84 字)
  [SKIP] (8038) 無實際內文，跳過
  [OK] (1905) 更新成功 (172 字)
  [OK] (2801) 更新成功 (704 字)
  [SKIP] (1446) 無實際內文，跳過
  [SKIP] (6222) 無實際內文，跳過
  [OK] (3034) 更新成功 (95 字)
  [SKIP] (6257) 無實際內文，跳過
  [SKIP] (6527) 無實際內文，跳過
  [SKIP] (3092) 無實際內文，跳過
  [SKIP] (2383) 無實際內文，跳過
  [SKIP] (3583) 無實際內文，跳過
  [SKIP] (2890) 無實際內文，跳過
  [SKIP] (1240) 無實際內文，跳過
  [OK] (3533) 更新成功 (103 字)
  [SKIP] (1905) 無實際內文，跳過
  [SKIP] (6556) 無實際內文，跳過
  [OK] (6175) 更新成功 (87 字)
  [OK] (6182) 更新成功 (118 字)
  [SKIP] (9925) 無實際內文，跳過
  [OK] (8105) 更新成功 (1113 字)
  [OK] (3162) 更新成功 (211 字)
  [OK] (4960) 更新成功 (1113 字)
  [SKIP] (8937) 無實際內文，跳過
  [SKIP] (8937) 無實際內文，跳過
  [SKIP] (4989) 無實際內文，跳過
  [SKIP] (8021) 無實際內文，跳過
  [SKIP] (6207) 無實際內文，跳過
  [SKIP] (3306) 無實際內文，跳過
  [SKIP] (9935) 無實際內文，跳過
  [SKIP] (3034) 無實際內文，跳過
  [OK] (8155) 更新成功 (166 字)
  [SKIP] (6175) 無實際內文，跳過
  [OK] (3581) 更新成功 (82 字)
  [SKIP] (6465) 無實際內文，跳過
  [SKIP] (6924) 無實際內文，跳過
  [SKIP] (4804) 無實際內文，跳過
  [SKIP] (3162) 無實際內文，跳過
  [SKIP] (3533) 無實際內文，跳過
  [OK] (3006) 更新成功 (964 字)
  [OK] (2344) 更新成功 (964 字)
  [OK] (6770) 更新成功 (964 字)
  [OK] (1710) 更新成功 (66 字)
  [SKIP] (3594) 無實際內文，跳過
  [SKIP] (9940) 無實際內文，跳過
  [SKIP] (2022) 無實際內文，跳過
  [OK] (1504) 更新成功 (1028 字)
  [OK] (3014) 更新成功 (103 字)
  [OK] (3027) 更新成功 (1028 字)
  [SKIP] (6130) 無實際內文，跳過
  [SKIP] (8272) 無實際內文，跳過
  [SKIP] (3581) 無實際內文，跳過
  [SKIP] (4572) 無實際內文，跳過
  [SKIP] (8155) 無實際內文，跳過
  [OK] (3014) 更新成功 (79 字)
  [SKIP] (2941) 無實際內文，跳過
  [SKIP] (6130) 無實際內文，跳過
  [SKIP] (6130) 無實際內文，跳過
  [SKIP] (1710) 無實際內文，跳過
  [OK] (9914) 更新成功 (55 字)
  [OK] (6811) 更新成功 (693 字)
  [SKIP] (2906) 無實際內文，跳過
  [SKIP] (6130) 無實際內文，跳過
  [SKIP] (3014) 無實際內文，跳過
  [SKIP] (3014) 無實際內文，跳過
  [SKIP] (1809) 無實際內文，跳過
  [SKIP] (6121) 無實際內文，跳過
  [SKIP] (3492) 無實際內文，跳過
  [SKIP] (8923) 無實際內文，跳過
  [SKIP] (4772) 無實際內文，跳過
  [SKIP] (9914) 無實際內文，跳過
  [SKIP] (4702) 無實際內文，跳過
  [SKIP] (2947) 無實際內文，跳過
  [OK] (2637) 更新成功 (150 字)
  [SKIP] (5878) 無實際內文，跳過
  [SKIP] (3489) 無實際內文，跳過
  [SKIP] (3512) 無實際內文，跳過
  [SKIP] (3015) 無實際內文，跳過
  [SKIP] (3545) 無實際內文，跳過
  [SKIP] (3588) 無實際內文，跳過
  [SKIP] (1541) 無實際內文，跳過
  [SKIP] (5519) 無實際內文，跳過
  [SKIP] (3015) 無實際內文，跳過
  [SKIP] (5519) 無實際內文，跳過
  [SKIP] (3015) 無實際內文，跳過
  [SKIP] (8038) 無實際內文，跳過
  [SKIP] (1338) 無實際內文，跳過
  [SKIP] (2637) 無實際內文，跳過
  [OK] (5347) 更新成功 (617 字)
  [OK] (2882) 更新成功 (470 字)
  [OK] (8215) 更新成功 (927 字)
  [SKIP] (8215) 無實際內文，跳過
  [OK] (1314) 更新成功 (451 字)
  [OK] (1310) 更新成功 (451 字)
  [OK] (1301) 更新成功 (451 字)
  [OK] (1326) 更新成功 (451 字)
  [SKIP] (6233) 無實際內文，跳過
  [SKIP] (7716) 無實際內文，跳過
  [OK] (2015) 更新成功 (357 字)
  [SKIP] (5356) 無實際內文，跳過
  [SKIP] (3147) 無實際內文，跳過
  [SKIP] (3147) 無實際內文，跳過
  [OK] (1904) 更新成功 (624 字)
  [SKIP] (8926) 無實際內文，跳過
  [SKIP] (3147) 無實際內文，跳過
  [OK] (2409) 更新成功 (659 字)
  [SKIP] (6840) 無實際內文，跳過
  [OK] (6116) 更新成功 (659 字)
  [SKIP] (3702) 無實際內文，跳過
  [OK] (2498) 更新成功 (990 字)
  [SKIP] (4551) 無實際內文，跳過
  [SKIP] (2539) 無實際內文，跳過
  [OK] (2327) 更新成功 (756 字)
  [SKIP] (2059) 無實際內文，跳過
  [SKIP] (6146) 無實際內文，跳過
  [OK] (6834) 更新成功 (756 字)
  [OK] (3624) 更新成功 (756 字)
  [OK] (6217) 更新成功 (555 字)
  [OK] (1810) 更新成功 (649 字)
  [SKIP] (6425) 無實際內文，跳過
  [SKIP] (3105) 無實際內文，跳過
  [OK] (2356) 更新成功 (622 字)
  [SKIP] (2886) 無實際內文，跳過
  [SKIP] (1760) 無實際內文，跳過
  [OK] (2258) 更新成功 (1031 字)
  [OK] (8215) 更新成功 (186 字)
  [OK] (2352) 更新成功 (186 字)
  [SKIP] (3048) 無實際內文，跳過
  [SKIP] (3147) 無實際內文，跳過
  [SKIP] (1312) 無實際內文，跳過
  [OK] (6472) 更新成功 (1095 字)
  [SKIP] (2327) 無實際內文，跳過
  [SKIP] (2308) 無實際內文，跳過
  [SKIP] (2412) 無實際內文，跳過
  [OK] (8299) 更新成功 (223 字)
  [OK] (6173) 更新成功 (342 字)
  [OK] (2903) 更新成功 (606 字)
  [OK] (7734) 更新成功 (221 字)
  [OK] (7750) 更新成功 (213 字)
  [OK] (8042) 更新成功 (210 字)
  [OK] (7751) 更新成功 (209 字)
  [OK] (6725) 更新成功 (205 字)
  [OK] (3661) 更新成功 (223 字)
  [OK] (6155) 更新成功 (201 字)
  [OK] (2332) 更新成功 (200 字)
  [OK] (3081) 更新成功 (220 字)
  [OK] (3450) 更新成功 (317 字)
  [OK] (2834) 更新成功 (679 字)
  [OK] (2379) 更新成功 (221 字)
  [OK] (3042) 更新成功 (213 字)
  [OK] (3163) 更新成功 (244 字)
  [OK] (2399) 更新成功 (205 字)
  [OK] (3362) 更新成功 (293 字)
  [OK] (3131) 更新成功 (220 字)
  [OK] (3491) 更新成功 (287 字)
  [OK] (3581) 更新成功 (199 字)
  [OK] (3167) 更新成功 (228 字)
  [OK] (3583) 更新成功 (197 字)
  [OK] (3529) 更新成功 (217 字)
  [OK] (6175) 更新成功 (212 字)
  [OK] (6209) 更新成功 (237 字)
  [OK] (4542) 更新成功 (196 字)
  [OK] (2327) 更新成功 (325 字)
  [OK] (4976) 更新成功 (232 字)
  [OK] (2539) 更新成功 (712 字)
  [OK] (6909) 更新成功 (712 字)
  [OK] (6776) 更新成功 (712 字)
  [OK] (4958) 更新成功 (330 字)
  [OK] (6873) 更新成功 (712 字)
  [SKIP] (4168) 無實際內文，跳過
  [SKIP] (6541) 無實際內文，跳過
  [OK] (2890) 更新成功 (612 字)
  [OK] (1714) 更新成功 (221 字)
  [OK] (2474) 更新成功 (28 字)
  [OK] (6720) 更新成功 (599 字)
  [OK] (2383) 更新成功 (770 字)
  [OK] (2313) 更新成功 (587 字)
  [OK] (8046) 更新成功 (612 字)
  [OK] (2409) 更新成功 (665 字)
  [OK] (6274) 更新成功 (770 字)
  [SKIP] (1402) 無實際內文，跳過
  [OK] (2379) 更新成功 (810 字)
  [SKIP] (1504) 無實際內文，跳過
  [OK] (2301) 更新成功 (31 字)
  [SKIP] (2834) 無實際內文，跳過
  [OK] (2308) 更新成功 (62 字)
  [OK] (2337) 更新成功 (48 字)
  [SKIP] (2401) 無實際內文，跳過
  [SKIP] (3035) 無實際內文，跳過
  [SKIP] (3231) 無實際內文，跳過
  [OK] (2903) 更新成功 (31 字)
  [SKIP] (6472) 無實際內文，跳過
  [SKIP] (2308) 無實際內文，跳過
  [SKIP] (2061) 無實際內文，跳過
  [SKIP] (2337) 無實際內文，跳過
  [SKIP] (2885) 無實際內文，跳過
  [SKIP] (3545) 無實際內文，跳過
  [SKIP] (5388) 無實際內文，跳過
  [OK] (6670) 更新成功 (262 字)
  [OK] (1402) 更新成功 (264 字)
  [OK] (1210) 更新成功 (259 字)
  [OK] (8926) 更新成功 (265 字)
  [OK] (2006) 更新成功 (260 字)
  [OK] (2207) 更新成功 (264 字)
  [OK] (2903) 更新成功 (262 字)
  [OK] (3131) 更新成功 (262 字)
  [OK] (2881) 更新成功 (286 字)
  [OK] (8299) 更新成功 (754 字)
  [OK] (2206) 更新成功 (262 字)
  [OK] (2337) 更新成功 (754 字)
  [OK] (4915) 更新成功 (256 字)
  [OK] (6789) 更新成功 (754 字)
  [OK] (2388) 更新成功 (754 字)
  [OK] (3008) 更新成功 (264 字)
  [OK] (2409) 更新成功 (758 字)
  [OK] (2540) 更新成功 (758 字)
  [OK] (3231) 更新成功 (758 字)
  [OK] (6274) 更新成功 (275 字)
  [SKIP] (6922) 無實際內文，跳過
  [SKIP] (4417) 無實際內文，跳過
  [SKIP] (3071) 無實際內文，跳過
  [SKIP] (6620) 無實際內文，跳過
  [OK] (6435) 更新成功 (762 字)
  [OK] (1513) 更新成功 (259 字)
  [OK] (8255) 更新成功 (762 字)
  [OK] (8358) 更新成功 (751 字)
  [OK] (6138) 更新成功 (762 字)
  [OK] (6693) 更新成功 (751 字)
  [OK] (6274) 更新成功 (751 字)
  [OK] (8255) 更新成功 (751 字)
  [OK] (3017) 更新成功 (1044 字)
  [SKIP] (5388) 無實際內文，跳過
  [OK] (2383) 更新成功 (1044 字)
  [OK] (2368) 更新成功 (1044 字)
  [DEL] (2345|熱門股) 太舊: 4 天
  [SKIP] (5202) 無實際內文，跳過
  [DEL] (3432|熱門股) 太舊: 4 天

============================================================
[OK] 內文補抓完成!
============================================================
處理新聞: 1446 筆
耗時: 1182.8 秒
============================================================

[週三 2026/06/24  0:53:34.78] Running yahoo fetch_content... 
d:\StockPulse\stocks_news\yahoo\fetch_content.py:266: DeprecationWarning: 'asyncio.WindowsSelectorEventLoopPolicy' is deprecated and slated for removal in Python 3.16
  asyncio.set_event_loop_policy(asyncio.WindowsSelectorEventLoopPolicy())
d:\StockPulse\stocks_news\yahoo\fetch_content.py:266: DeprecationWarning: 'asyncio.set_event_loop_policy' is deprecated and slated for removal in Python 3.16
  asyncio.set_event_loop_policy(asyncio.WindowsSelectorEventLoopPolicy())
[START] Fetching news content...
Found 4945 news items without content
\n[START] Processing 4945 tasks (max concurrency: 5)...\n
[OK] (3702) Updated content (4331 chars)
[OK] (3702) Updated content (3852 chars)
[OK] (3702) Updated content (3390 chars)
[OK] (3702) Updated content (3844 chars)
[OK] (3702) Updated content (3933 chars)
[DELETE] (7750|hot) Too old: 14 days (limit: 3)
[DELETE] (7750|hot) Too old: 14 days (limit: 3)
[DELETE] (7750|hot) Too old: 8 days (limit: 3)
[DELETE] (7750|hot) Too old: 12 days (limit: 3)
[DELETE] (7750|hot) Too old: 6 days (limit: 3)
[DELETE] (8110|hot) Too old: 57 days (limit: 3)
[DELETE] (8110|hot) Too old: 57 days (limit: 3)
[DELETE] (8110|hot) Too old: 14 days (limit: 3)
[DELETE] (8110|hot) Too old: 47 days (limit: 3)
[DELETE] (8110|hot) Too old: 7 days (limit: 3)
[DELETE] (1560|hot) Too old: 6 days (limit: 3)
[DELETE] (1560|hot) Too old: 6 days (limit: 3)
[OK] (1560) Updated content (3760 chars)
[OK] (1560) Updated content (4640 chars)
[DELETE] (5381|hot) Too old: 42 days (limit: 3)
[OK] (1560) Updated content (3820 chars)
[DELETE] (5381|hot) Too old: 41 days (limit: 3)
[DELETE] (5381|hot) Too old: 14 days (limit: 3)
[DELETE] (5381|hot) Too old: 41 days (limit: 3)
[DELETE] (5381|hot) Too old: 6 days (limit: 3)
[DELETE] (2727|hot) Too old: 7 days (limit: 3)
[DELETE] (2727|hot) Too old: 7 days (limit: 3)
[DELETE] (2727|hot) Too old: 7 days (limit: 3)
[DELETE] (2727|hot) Too old: 7 days (limit: 3)
[DELETE] (2332|hot) Too old: 8 days (limit: 3)
[DELETE] (2727|hot) Too old: 7 days (limit: 3)
[DELETE] (2332|hot) Too old: 7 days (limit: 3)
[DELETE] (2332|hot) Too old: 6 days (limit: 3)
[DELETE] (4931|hot) Too old: 28 days (limit: 3)
[DELETE] (2332|hot) Too old: 7 days (limit: 3)
[DELETE] (2332|hot) Too old: 6 days (limit: 3)
[DELETE] (4931|hot) Too old: 28 days (limit: 3)
[DELETE] (4931|hot) Too old: 16 days (limit: 3)
[DELETE] (4931|hot) Too old: 19 days (limit: 3)
[DELETE] (4931|hot) Too old: 15 days (limit: 3)
[DELETE] (3591|hot) Too old: 44 days (limit: 3)
[DELETE] (3591|hot) Too old: 27 days (limit: 3)
[DELETE] (3591|hot) Too old: 27 days (limit: 3)
[DELETE] (3591|hot) Too old: 27 days (limit: 3)
[DELETE] (3591|hot) Too old: 22 days (limit: 3)
[DELETE] (3044|hot) Too old: 22 days (limit: 3)
[DELETE] (3044|hot) Too old: 21 days (limit: 3)
[DELETE] (3044|hot) Too old: 15 days (limit: 3)
[DELETE] (3044|hot) Too old: 15 days (limit: 3)
[DELETE] (3044|hot) Too old: 14 days (limit: 3)
[DELETE] (1904|hot) Too old: 20 days (limit: 3)
[DELETE] (1904|hot) Too old: 20 days (limit: 3)
[DELETE] (1904|hot) Too old: 15 days (limit: 3)
[DELETE] (1904|hot) Too old: 19 days (limit: 3)
[DELETE] (1904|hot) Too old: 12 days (limit: 3)
[DELETE] (1101|hot) Too old: 33 days (limit: 3)
[DELETE] (1101|hot) Too old: 33 days (limit: 3)
[DELETE] (1101|hot) Too old: 22 days (limit: 3)
[DELETE] (1101|hot) Too old: 14 days (limit: 3)
[DELETE] (6257|hot) Too old: 13 days (limit: 3)
[DELETE] (6257|hot) Too old: 20 days (limit: 3)
[DELETE] (1101|hot) Too old: 8 days (limit: 3)
[OK] (6257) Updated content (4244 chars)
[DELETE] (6257|hot) Too old: 9 days (limit: 3)
[OK] (6257) Updated content (3195 chars)
[OK] (2002) Updated content (3225 chars)
[OK] (2002) Updated content (3221 chars)
[OK] (2002) Updated content (3544 chars)
[OK] (2002) Updated content (3251 chars)
[OK] (2002) Updated content (3330 chars)
[DELETE] (7717|hot) Too old: 30 days (limit: 3)
[DELETE] (7717|hot) Too old: 30 days (limit: 3)
[DELETE] (7717|hot) Too old: 30 days (limit: 3)
[DELETE] (7717|hot) Too old: 15 days (limit: 3)
[DELETE] (1304|hot) Too old: 26 days (limit: 3)
[DELETE] (7717|hot) Too old: 14 days (limit: 3)
[DELETE] (1304|hot) Too old: 22 days (limit: 3)
[DELETE] (1304|hot) Too old: 22 days (limit: 3)
[DELETE] (1304|hot) Too old: 19 days (limit: 3)
[DELETE] (6202|hot) Too old: 71 days (limit: 3)
[DELETE] (1304|hot) Too old: 4 days (limit: 3)
[DELETE] (6202|hot) Too old: 56 days (limit: 3)
[DELETE] (6202|hot) Too old: 16 days (limit: 3)
[DELETE] (6202|hot) Too old: 47 days (limit: 3)
[OK] (6202) Updated content (3988 chars)
[DELETE] (5258|hot) Too old: 85 days (limit: 3)
[DELETE] (5258|hot) Too old: 44 days (limit: 3)
[DELETE] (5258|hot) Too old: 75 days (limit: 3)
[DELETE] (5258|hot) Too old: 43 days (limit: 3)
[DELETE] (6869|hot) Too old: 36 days (limit: 3)
[DELETE] (5258|hot) Too old: 14 days (limit: 3)
[DELETE] (6869|hot) Too old: 30 days (limit: 3)
[DELETE] (6869|hot) Too old: 14 days (limit: 3)
[DELETE] (6869|hot) Too old: 35 days (limit: 3)
[DELETE] (6869|hot) Too old: 14 days (limit: 3)
[DELETE] (8240|hot) Too old: 44 days (limit: 3)
[DELETE] (8240|hot) Too old: 47 days (limit: 3)
[DELETE] (8240|hot) Too old: 30 days (limit: 3)
[DELETE] (8240|hot) Too old: 19 days (limit: 3)
[DELETE] (8240|hot) Too old: 30 days (limit: 3)
[DELETE] (2359|hot) Too old: 22 days (limit: 3)
[DELETE] (2359|hot) Too old: 8 days (limit: 3)
[DELETE] (2359|hot) Too old: 16 days (limit: 3)
[DELETE] (2359|hot) Too old: 8 days (limit: 3)
[DELETE] (2359|hot) Too old: 8 days (limit: 3)
[DELETE] (4147|hot) Too old: 48 days (limit: 3)
[DELETE] (4147|hot) Too old: 23 days (limit: 3)
[OK] (4147) Updated content (3227 chars)
[DELETE] (4147|hot) Too old: 30 days (limit: 3)
[DELETE] (4147|hot) Too old: 19 days (limit: 3)
[DELETE] (2615|hot) Too old: 14 days (limit: 3)
[DELETE] (2615|hot) Too old: 13 days (limit: 3)
[DELETE] (2615|hot) Too old: 13 days (limit: 3)
[DELETE] (2615|hot) Too old: 13 days (limit: 3)
[DELETE] (6166|hot) Too old: 16 days (limit: 3)
[DELETE] (2615|hot) Too old: 13 days (limit: 3)
[DELETE] (6166|hot) Too old: 14 days (limit: 3)
[DELETE] (6166|hot) Too old: 6 days (limit: 3)
[DELETE] (6166|hot) Too old: 6 days (limit: 3)
[DELETE] (6664|hot) Too old: 49 days (limit: 3)
[OK] (6166) Updated content (4528 chars)
[DELETE] (6664|hot) Too old: 41 days (limit: 3)
[DELETE] (6664|hot) Too old: 47 days (limit: 3)
[DELETE] (6664|hot) Too old: 29 days (limit: 3)
[DELETE] (3645|hot) Too old: 69 days (limit: 3)
[DELETE] (3645|hot) Too old: 47 days (limit: 3)
[DELETE] (6664|hot) Too old: 14 days (limit: 3)
[DELETE] (3645|hot) Too old: 44 days (limit: 3)
[DELETE] (3645|hot) Too old: 44 days (limit: 3)
[DELETE] (3645|hot) Too old: 14 days (limit: 3)
[DELETE] (6576|hot) Too old: 48 days (limit: 3)
[DELETE] (6576|hot) Too old: 47 days (limit: 3)
[DELETE] (6576|hot) Too old: 34 days (limit: 3)
[DELETE] (6576|hot) Too old: 24 days (limit: 3)
[DELETE] (3019|hot) Too old: 20 days (limit: 3)
[DELETE] (6576|hot) Too old: 15 days (limit: 3)
[DELETE] (3019|hot) Too old: 12 days (limit: 3)
[DELETE] (3019|hot) Too old: 14 days (limit: 3)
[DELETE] (3019|hot) Too old: 13 days (limit: 3)
[DELETE] (3019|hot) Too old: 8 days (limit: 3)
[DELETE] (4991|hot) Too old: 21 days (limit: 3)
[DELETE] (4991|hot) Too old: 21 days (limit: 3)
[DELETE] (4991|hot) Too old: 15 days (limit: 3)
[DELETE] (4991|hot) Too old: 21 days (limit: 3)
[DELETE] (4991|hot) Too old: 12 days (limit: 3)
[DELETE] (4720|hot) Too old: 63 days (limit: 3)
[DELETE] (4720|hot) Too old: 50 days (limit: 3)
[DELETE] (4720|hot) Too old: 42 days (limit: 3)
[DELETE] (4720|hot) Too old: 16 days (limit: 3)
[DELETE] (4720|hot) Too old: 47 days (limit: 3)
[DELETE] (1909|hot) Too old: 28 days (limit: 3)
[DELETE] (1909|hot) Too old: 27 days (limit: 3)
[DELETE] (1909|hot) Too old: 19 days (limit: 3)
[DELETE] (6151|hot) Too old: 12 days (limit: 3)
[DELETE] (1909|hot) Too old: 27 days (limit: 3)
[DELETE] (1909|hot) Too old: 19 days (limit: 3)
[DELETE] (6151|hot) Too old: 12 days (limit: 3)
[DELETE] (6151|hot) Too old: 12 days (limit: 3)
[DELETE] (6151|hot) Too old: 12 days (limit: 3)
[DELETE] (5306|hot) Too old: 26 days (limit: 3)
[DELETE] (6151|hot) Too old: 12 days (limit: 3)
[DELETE] (5306|hot) Too old: 26 days (limit: 3)
[DELETE] (5306|hot) Too old: 26 days (limit: 3)
[DELETE] (3706|hot) Too old: 16 days (limit: 3)
[DELETE] (5306|hot) Too old: 26 days (limit: 3)
[DELETE] (5306|hot) Too old: 14 days (limit: 3)
[DELETE] (3706|hot) Too old: 15 days (limit: 3)
[DELETE] (3706|hot) Too old: 16 days (limit: 3)
[DELETE] (3706|hot) Too old: 15 days (limit: 3)
[DELETE] (5521|hot) Too old: 42 days (limit: 3)
[DELETE] (3706|hot) Too old: 6 days (limit: 3)
[DELETE] (5521|hot) Too old: 42 days (limit: 3)
[DELETE] (5521|hot) Too old: 33 days (limit: 3)
[DELETE] (8016|hot) Too old: 110 days (limit: 3)
[DELETE] (5521|hot) Too old: 16 days (limit: 3)
[DELETE] (5521|hot) Too old: 14 days (limit: 3)
[DELETE] (8016|hot) Too old: 78 days (limit: 3)
[DELETE] (8016|hot) Too old: 49 days (limit: 3)
[DELETE] (8016|hot) Too old: 16 days (limit: 3)
[DELETE] (8016|hot) Too old: 29 days (limit: 3)
[OK] (2492) Updated content (4207 chars)
[OK] (2492) Updated content (2861 chars)
[OK] (2492) Updated content (3165 chars)
[OK] (2492) Updated content (2756 chars)
[OK] (2492) Updated content (3538 chars)
[DELETE] (2498|hot) Too old: 9 days (limit: 3)
[DELETE] (2498|hot) Too old: 8 days (limit: 3)
[DELETE] (2498|hot) Too old: 9 days (limit: 3)
[DELETE] (2498|hot) Too old: 6 days (limit: 3)
[DELETE] (6605|hot) Too old: 14 days (limit: 3)
[DELETE] (2498|hot) Too old: 6 days (limit: 3)
[DELETE] (6605|hot) Too old: 8 days (limit: 3)
[DELETE] (6605|hot) Too old: 8 days (limit: 3)
[DELETE] (6605|hot) Too old: 8 days (limit: 3)
[OK] (6605) Updated content (2930 chars)
[DELETE] (2472|hot) Too old: 12 days (limit: 3)
[DELETE] (2472|hot) Too old: 9 days (limit: 3)
[DELETE] (2472|hot) Too old: 7 days (limit: 3)
[DELETE] (2472|hot) Too old: 6 days (limit: 3)
[DELETE] (2867|hot) Too old: 41 days (limit: 3)
[DELETE] (2472|hot) Too old: 6 days (limit: 3)
[DELETE] (2867|hot) Too old: 34 days (limit: 3)
[DELETE] (2867|hot) Too old: 41 days (limit: 3)
[DELETE] (2342|hot) Too old: 35 days (limit: 3)
[DELETE] (2342|hot) Too old: 35 days (limit: 3)
[DELETE] (2867|hot) Too old: 23 days (limit: 3)
[DELETE] (2867|hot) Too old: 13 days (limit: 3)
[DELETE] (2342|hot) Too old: 20 days (limit: 3)
[DELETE] (2342|hot) Too old: 14 days (limit: 3)
[OK] (2342) Updated content (4131 chars)
[DELETE] (2338|hot) Too old: 6 days (limit: 3)
[DELETE] (2338|hot) Too old: 6 days (limit: 3)
[DELETE] (2338|hot) Too old: 6 days (limit: 3)
[DELETE] (2338|hot) Too old: 6 days (limit: 3)
[DELETE] (2338|hot) Too old: 6 days (limit: 3)
[DELETE] (8069|hot) Too old: 9 days (limit: 3)
[DELETE] (8069|hot) Too old: 15 days (limit: 3)
[DELETE] (8069|hot) Too old: 9 days (limit: 3)
[DELETE] (8069|hot) Too old: 6 days (limit: 3)
[DELETE] (8069|hot) Too old: 7 days (limit: 3)
[DELETE] (6234|hot) Too old: 55 days (limit: 3)
[DELETE] (6234|hot) Too old: 44 days (limit: 3)
[DELETE] (6234|hot) Too old: 47 days (limit: 3)
[DELETE] (6234|hot) Too old: 44 days (limit: 3)
[DELETE] (6234|hot) Too old: 15 days (limit: 3)
[DELETE] (2211|hot) Too old: 27 days (limit: 3)
[DELETE] (2211|hot) Too old: 21 days (limit: 3)
[DELETE] (2211|hot) Too old: 27 days (limit: 3)
[DELETE] (2211|hot) Too old: 14 days (limit: 3)
[DELETE] (2211|hot) Too old: 14 days (limit: 3)
[DELETE] (2360|hot) Too old: 8 days (limit: 3)
[DELETE] (2360|hot) Too old: 7 days (limit: 3)
[DELETE] (2360|hot) Too old: 7 days (limit: 3)
[DELETE] (2360|hot) Too old: 7 days (limit: 3)
[DELETE] (2360|hot) Too old: 6 days (limit: 3)
[DELETE] (1312|hot) Too old: 14 days (limit: 3)
[DELETE] (1312|hot) Too old: 20 days (limit: 3)
[DELETE] (1312|hot) Too old: 20 days (limit: 3)
[DELETE] (1312|hot) Too old: 6 days (limit: 3)
[DELETE] (6895|hot) Too old: 114 days (limit: 3)
[DELETE] (6895|hot) Too old: 107 days (limit: 3)
[OK] (1312) Updated content (2888 chars)
[DELETE] (6895|hot) Too old: 76 days (limit: 3)
[DELETE] (6895|hot) Too old: 47 days (limit: 3)
[DELETE] (6895|hot) Too old: 14 days (limit: 3)
[DELETE] (6781|hot) Too old: 27 days (limit: 3)
[DELETE] (6781|hot) Too old: 27 days (limit: 3)
[DELETE] (6781|hot) Too old: 26 days (limit: 3)
[DELETE] (6781|hot) Too old: 26 days (limit: 3)
[DELETE] (6781|hot) Too old: 19 days (limit: 3)
[DELETE] (6209|hot) Too old: 48 days (limit: 3)
[DELETE] (6209|hot) Too old: 33 days (limit: 3)
[DELETE] (6209|hot) Too old: 48 days (limit: 3)
[DELETE] (6209|hot) Too old: 33 days (limit: 3)
[DELETE] (6209|hot) Too old: 17 days (limit: 3)
[DELETE] (2105|hot) Too old: 16 days (limit: 3)
[DELETE] (2105|hot) Too old: 29 days (limit: 3)
[DELETE] (2105|hot) Too old: 29 days (limit: 3)
[DELETE] (2105|hot) Too old: 29 days (limit: 3)
[DELETE] (2105|hot) Too old: 8 days (limit: 3)
[DELETE] (6585|hot) Too old: 19 days (limit: 3)
[OK] (2889) Updated content (3215 chars)
[OK] (2889) Updated content (3616 chars)
[DELETE] (6585|hot) Too old: 19 days (limit: 3)
[DELETE] (6585|hot) Too old: 15 days (limit: 3)
[DELETE] (6585|hot) Too old: 14 days (limit: 3)
[OK] (2889) Updated content (3725 chars)
[OK] (2889) Updated content (3090 chars)
[DELETE] (6585|hot) Too old: 12 days (limit: 3)
[OK] (2889) Updated content (3284 chars)
[DELETE] (1522|hot) Too old: 44 days (limit: 3)
[DELETE] (1522|hot) Too old: 56 days (limit: 3)
[DELETE] (1522|hot) Too old: 48 days (limit: 3)
[DELETE] (1522|hot) Too old: 14 days (limit: 3)
[DELETE] (1522|hot) Too old: 7 days (limit: 3)
[DELETE] (3062|hot) Too old: 41 days (limit: 3)
[DELETE] (3062|hot) Too old: 41 days (limit: 3)
[DELETE] (3062|hot) Too old: 7 days (limit: 3)
[DELETE] (3062|hot) Too old: 14 days (limit: 3)
[OK] (3062) Updated content (3272 chars)
[DELETE] (6669|hot) Too old: 27 days (limit: 3)
[DELETE] (6669|hot) Too old: 27 days (limit: 3)
[DELETE] (6669|hot) Too old: 27 days (limit: 3)
[DELETE] (6669|hot) Too old: 26 days (limit: 3)
[DELETE] (6669|hot) Too old: 16 days (limit: 3)
[DELETE] (2385|hot) Too old: 16 days (limit: 3)
[DELETE] (2385|hot) Too old: 16 days (limit: 3)
[DELETE] (2385|hot) Too old: 7 days (limit: 3)
[OK] (2385) Updated content (6085 chars)
[DELETE] (2385|hot) Too old: 7 days (limit: 3)
[DELETE] (6903|hot) Too old: 47 days (limit: 3)
[DELETE] (6903|hot) Too old: 41 days (limit: 3)
[DELETE] (6903|hot) Too old: 26 days (limit: 3)
[DELETE] (6903|hot) Too old: 14 days (limit: 3)
[DELETE] (6903|hot) Too old: 19 days (limit: 3)
[DELETE] (3010|hot) Too old: 16 days (limit: 3)
[DELETE] (3010|hot) Too old: 16 days (limit: 3)
[DELETE] (3010|hot) Too old: 9 days (limit: 3)
[DELETE] (3010|hot) Too old: 9 days (limit: 3)
[DELETE] (3010|hot) Too old: 16 days (limit: 3)
[DELETE] (2231|hot) Too old: 44 days (limit: 3)
[DELETE] (2231|hot) Too old: 49 days (limit: 3)
[DELETE] (2231|hot) Too old: 29 days (limit: 3)
[DELETE] (1310|hot) Too old: 13 days (limit: 3)
[DELETE] (1310|hot) Too old: 14 days (limit: 3)
[DELETE] (2231|hot) Too old: 18 days (limit: 3)
[DELETE] (2231|hot) Too old: 8 days (limit: 3)
[DELETE] (1310|hot) Too old: 13 days (limit: 3)
[DELETE] (1310|hot) Too old: 6 days (limit: 3)
[DELETE] (1310|hot) Too old: 13 days (limit: 3)
[DELETE] (3694|hot) Too old: 47 days (limit: 3)
[DELETE] (3694|hot) Too old: 43 days (limit: 3)
[DELETE] (3694|hot) Too old: 33 days (limit: 3)
[DELETE] (3694|hot) Too old: 14 days (limit: 3)
[DELETE] (3694|hot) Too old: 8 days (limit: 3)
[DELETE] (6188|hot) Too old: 75 days (limit: 3)
[DELETE] (6188|hot) Too old: 70 days (limit: 3)
[DELETE] (6188|hot) Too old: 56 days (limit: 3)
[DELETE] (6188|hot) Too old: 19 days (limit: 3)
[DELETE] (6188|hot) Too old: 50 days (limit: 3)
[DELETE] (7711|hot) Too old: 9 days (limit: 3)
[DELETE] (7711|hot) Too old: 14 days (limit: 3)
[DELETE] (7711|hot) Too old: 13 days (limit: 3)
[DELETE] (7711|hot) Too old: 9 days (limit: 3)
[OK] (7711) Updated content (3089 chars)
[DELETE] (3479|hot) Too old: 15 days (limit: 3)
[DELETE] (3479|hot) Too old: 8 days (limit: 3)
[DELETE] (3479|hot) Too old: 15 days (limit: 3)
[DELETE] (3479|hot) Too old: 15 days (limit: 3)
[DELETE] (3479|hot) Too old: 15 days (limit: 3)
[DELETE] (2442|hot) Too old: 26 days (limit: 3)
[DELETE] (2442|hot) Too old: 43 days (limit: 3)
[DELETE] (2442|hot) Too old: 26 days (limit: 3)
[DELETE] (2442|hot) Too old: 14 days (limit: 3)
[DELETE] (2442|hot) Too old: 26 days (limit: 3)
[DELETE] (3189|hot) Too old: 8 days (limit: 3)
[OK] (3189) Updated content (4788 chars)
[OK] (3189) Updated content (3709 chars)
[DELETE] (3189|hot) Too old: 19 days (limit: 3)
[DELETE] (3189|hot) Too old: 8 days (limit: 3)
[OK] (2881) Updated content (3585 chars)
[OK] (2881) Updated content (3859 chars)
[OK] (2881) Updated content (4922 chars)
[OK] (2881) Updated content (5247 chars)
[OK] (2881) Updated content (2549 chars)
[DELETE] (3483|hot) Too old: 47 days (limit: 3)
[DELETE] (3483|hot) Too old: 42 days (limit: 3)
[DELETE] (3483|hot) Too old: 50 days (limit: 3)
[DELETE] (3483|hot) Too old: 30 days (limit: 3)
[DELETE] (3483|hot) Too old: 15 days (limit: 3)
[DELETE] (5880|hot) Too old: 6 days (limit: 3)
[DELETE] (5880|hot) Too old: 6 days (limit: 3)
[DELETE] (5880|hot) Too old: 6 days (limit: 3)
[DELETE] (5880|hot) Too old: 6 days (limit: 3)
[DELETE] (5880|hot) Too old: 6 days (limit: 3)
[DELETE] (5347|hot) Too old: 26 days (limit: 3)
[DELETE] (5347|hot) Too old: 20 days (limit: 3)
[DELETE] (5347|hot) Too old: 16 days (limit: 3)
[DELETE] (5347|hot) Too old: 16 days (limit: 3)
[DELETE] (5347|hot) Too old: 16 days (limit: 3)
[DELETE] (2542|hot) Too old: 7 days (limit: 3)
[DELETE] (2542|hot) Too old: 7 days (limit: 3)
[DELETE] (2542|hot) Too old: 7 days (limit: 3)
[DELETE] (2542|hot) Too old: 7 days (limit: 3)
[DELETE] (2542|hot) Too old: 7 days (limit: 3)
[DELETE] (2376|hot) Too old: 7 days (limit: 3)
[DELETE] (2376|hot) Too old: 6 days (limit: 3)
[DELETE] (2376|hot) Too old: 4 days (limit: 3)
[OK] (2376) Updated content (3329 chars)
[OK] (2376) Updated content (3414 chars)
[DELETE] (8085|hot) Too old: 37 days (limit: 3)
[DELETE] (8085|hot) Too old: 40 days (limit: 3)
[DELETE] (8085|hot) Too old: 23 days (limit: 3)
[DELETE] (8085|hot) Too old: 16 days (limit: 3)
[DELETE] (8261|hot) Too old: 49 days (limit: 3)
[DELETE] (3167|hot) Too old: 29 days (limit: 3)
[DELETE] (8085|hot) Too old: 7 days (limit: 3)
[DELETE] (3167|hot) Too old: 27 days (limit: 3)
[DELETE] (3167|hot) Too old: 27 days (limit: 3)
[DELETE] (8261|hot) Too old: 28 days (limit: 3)
[DELETE] (3167|hot) Too old: 19 days (limit: 3)
[DELETE] (8261|hot) Too old: 28 days (limit: 3)
[DELETE] (8261|hot) Too old: 28 days (limit: 3)
[DELETE] (8261|hot) Too old: 19 days (limit: 3)
[OK] (3167) Updated content (3425 chars)
[DELETE] (6854|hot) Too old: 47 days (limit: 3)
[DELETE] (6854|hot) Too old: 55 days (limit: 3)
[DELETE] (6854|hot) Too old: 26 days (limit: 3)
[DELETE] (6854|hot) Too old: 16 days (limit: 3)
[DELETE] (6854|hot) Too old: 6 days (limit: 3)
[DELETE] (1436|hot) Too old: 14 days (limit: 3)
[DELETE] (1436|hot) Too old: 14 days (limit: 3)
[DELETE] (1436|hot) Too old: 14 days (limit: 3)
[DELETE] (1436|hot) Too old: 7 days (limit: 3)
[OK] (1436) Updated content (4621 chars)
[DELETE] (6720|hot) Too old: 43 days (limit: 3)
[DELETE] (1723|hot) Too old: 33 days (limit: 3)
[DELETE] (1723|hot) Too old: 35 days (limit: 3)
[DELETE] (6720|hot) Too old: 34 days (limit: 3)
[DELETE] (6720|hot) Too old: 22 days (limit: 3)
[DELETE] (1723|hot) Too old: 29 days (limit: 3)
[DELETE] (6720|hot) Too old: 16 days (limit: 3)
[DELETE] (1723|hot) Too old: 27 days (limit: 3)
[DELETE] (1723|hot) Too old: 16 days (limit: 3)
[DELETE] (6720|hot) Too old: 12 days (limit: 3)
[DELETE] (6918|hot) Too old: 76 days (limit: 3)
[DELETE] (6918|hot) Too old: 106 days (limit: 3)
[DELETE] (6918|hot) Too old: 47 days (limit: 3)
[DELETE] (6918|hot) Too old: 41 days (limit: 3)
[DELETE] (3551|hot) Too old: 48 days (limit: 3)
[DELETE] (6918|hot) Too old: 16 days (limit: 3)
[DELETE] (3551|hot) Too old: 63 days (limit: 3)
[DELETE] (3551|hot) Too old: 44 days (limit: 3)
[DELETE] (3551|hot) Too old: 13 days (limit: 3)
[DELETE] (3551|hot) Too old: 13 days (limit: 3)
[DELETE] (1717|hot) Too old: 28 days (limit: 3)
[DELETE] (1717|hot) Too old: 15 days (limit: 3)
[DELETE] (1717|hot) Too old: 20 days (limit: 3)
[DELETE] (1717|hot) Too old: 15 days (limit: 3)
[OK] (1717) Updated content (5287 chars)
[DELETE] (4123|hot) Too old: 37 days (limit: 3)
[DELETE] (4123|hot) Too old: 30 days (limit: 3)
[DELETE] (4123|hot) Too old: 16 days (limit: 3)
[DELETE] (4123|hot) Too old: 12 days (limit: 3)
[OK] (4123) Updated content (8331 chars)
[DELETE] (3128|hot) Too old: 42 days (limit: 3)
[DELETE] (3128|hot) Too old: 42 days (limit: 3)
[DELETE] (3128|hot) Too old: 42 days (limit: 3)
[DELETE] (3128|hot) Too old: 14 days (limit: 3)
[DELETE] (3128|hot) Too old: 42 days (limit: 3)
[DELETE] (6770|hot) Too old: 14 days (limit: 3)
[DELETE] (6770|hot) Too old: 14 days (limit: 3)
[DELETE] (6770|hot) Too old: 8 days (limit: 3)
[DELETE] (6770|hot) Too old: 6 days (limit: 3)
[DELETE] (6770|hot) Too old: 6 days (limit: 3)
[DELETE] (3390|hot) Too old: 14 days (limit: 3)
[DELETE] (3390|hot) Too old: 40 days (limit: 3)
[DELETE] (3390|hot) Too old: 8 days (limit: 3)
[DELETE] (3390|hot) Too old: 8 days (limit: 3)
[OK] (2610) Updated content (4738 chars)
[DELETE] (3390|hot) Too old: 8 days (limit: 3)
[OK] (2610) Updated content (3564 chars)
[OK] (2610) Updated content (3807 chars)
[OK] (2610) Updated content (4329 chars)
[OK] (2610) Updated content (3198 chars)
[DELETE] (6953|hot) Too old: 48 days (limit: 3)
[DELETE] (6953|hot) Too old: 43 days (limit: 3)
[DELETE] (2305|hot) Too old: 29 days (limit: 3)
[DELETE] (6953|hot) Too old: 29 days (limit: 3)
[DELETE] (6953|hot) Too old: 20 days (limit: 3)
[DELETE] (2305|hot) Too old: 29 days (limit: 3)
[DELETE] (2305|hot) Too old: 29 days (limit: 3)
[DELETE] (6953|hot) Too old: 15 days (limit: 3)
[DELETE] (2305|hot) Too old: 27 days (limit: 3)
[DELETE] (2305|hot) Too old: 15 days (limit: 3)
[DELETE] (4563|hot) Too old: 91 days (limit: 3)
[DELETE] (4563|hot) Too old: 75 days (limit: 3)
[DELETE] (4563|hot) Too old: 48 days (limit: 3)
[DELETE] (4563|hot) Too old: 47 days (limit: 3)
[DELETE] (3003|hot) Too old: 40 days (limit: 3)
[DELETE] (4563|hot) Too old: 14 days (limit: 3)
[DELETE] (3003|hot) Too old: 19 days (limit: 3)
[DELETE] (3003|hot) Too old: 13 days (limit: 3)
[DELETE] (8088|hot) Too old: 15 days (limit: 3)
[DELETE] (3003|hot) Too old: 14 days (limit: 3)
[DELETE] (3003|hot) Too old: 9 days (limit: 3)
[DELETE] (8088|hot) Too old: 12 days (limit: 3)
[DELETE] (8088|hot) Too old: 12 days (limit: 3)
[DELETE] (8088|hot) Too old: 12 days (limit: 3)
[DELETE] (8088|hot) Too old: 9 days (limit: 3)
[DELETE] (4142|hot) Too old: 49 days (limit: 3)
[DELETE] (4142|hot) Too old: 50 days (limit: 3)
[DELETE] (4142|hot) Too old: 48 days (limit: 3)
[DELETE] (4142|hot) Too old: 15 days (limit: 3)
[DELETE] (4142|hot) Too old: 15 days (limit: 3)
[OK] (3231) Updated content (3165 chars)
[DELETE] (3231|hot) Too old: 4 days (limit: 3)
[OK] (3231) Updated content (3361 chars)
[OK] (3231) Updated content (3222 chars)
[OK] (3231) Updated content (3320 chars)
[DELETE] (6150|hot) Too old: 14 days (limit: 3)
[DELETE] (6739|hot) Too old: 50 days (limit: 3)
[DELETE] (6739|hot) Too old: 44 days (limit: 3)
[DELETE] (6739|hot) Too old: 44 days (limit: 3)
[DELETE] (6150|hot) Too old: 9 days (limit: 3)
[DELETE] (6150|hot) Too old: 9 days (limit: 3)
[DELETE] (6739|hot) Too old: 29 days (limit: 3)
[DELETE] (6739|hot) Too old: 19 days (limit: 3)
[DELETE] (6150|hot) Too old: 9 days (limit: 3)
[DELETE] (3581|hot) Too old: 43 days (limit: 3)
[DELETE] (6150|hot) Too old: 8 days (limit: 3)
[DELETE] (3581|hot) Too old: 27 days (limit: 3)
[DELETE] (3581|hot) Too old: 14 days (limit: 3)
[DELETE] (3581|hot) Too old: 12 days (limit: 3)
[OK] (3581) Updated content (4151 chars)
[DELETE] (6591|hot) Too old: 76 days (limit: 3)
[DELETE] (6591|hot) Too old: 47 days (limit: 3)
[DELETE] (6591|hot) Too old: 15 days (limit: 3)
[DELETE] (6591|hot) Too old: 44 days (limit: 3)
[DELETE] (6706|hot) Too old: 55 days (limit: 3)
[DELETE] (6591|hot) Too old: 44 days (limit: 3)
[DELETE] (6706|hot) Too old: 14 days (limit: 3)
[DELETE] (6706|hot) Too old: 47 days (limit: 3)
[DELETE] (6706|hot) Too old: 44 days (limit: 3)
[DELETE] (4541|hot) Too old: 16 days (limit: 3)
[DELETE] (6706|hot) Too old: 12 days (limit: 3)
[DELETE] (4541|hot) Too old: 13 days (limit: 3)
[DELETE] (4541|hot) Too old: 13 days (limit: 3)
[DELETE] (4541|hot) Too old: 12 days (limit: 3)
[DELETE] (4541|hot) Too old: 13 days (limit: 3)
[DELETE] (6994|hot) Too old: 47 days (limit: 3)
[DELETE] (6994|hot) Too old: 33 days (limit: 3)
[DELETE] (6994|hot) Too old: 7 days (limit: 3)
[DELETE] (6994|hot) Too old: 14 days (limit: 3)
[DELETE] (2392|hot) Too old: 40 days (limit: 3)
[DELETE] (6994|hot) Too old: 7 days (limit: 3)
[DELETE] (2392|hot) Too old: 40 days (limit: 3)
[DELETE] (2497|hot) Too old: 105 days (limit: 3)
[DELETE] (2392|hot) Too old: 40 days (limit: 3)
[OK] (2392) Updated content (5253 chars)
[DELETE] (2392|hot) Too old: 14 days (limit: 3)
[DELETE] (2497|hot) Too old: 78 days (limit: 3)
[DELETE] (2497|hot) Too old: 86 days (limit: 3)
[DELETE] (1514|hot) Too old: 28 days (limit: 3)
[DELETE] (2497|hot) Too old: 49 days (limit: 3)
[DELETE] (2497|hot) Too old: 19 days (limit: 3)
[DELETE] (1514|hot) Too old: 14 days (limit: 3)
[DELETE] (1514|hot) Too old: 14 days (limit: 3)
[DELETE] (1618|hot) Too old: 107 days (limit: 3)
[DELETE] (1514|hot) Too old: 13 days (limit: 3)
[DELETE] (1514|hot) Too old: 13 days (limit: 3)
[DELETE] (1618|hot) Too old: 76 days (limit: 3)
[DELETE] (8163|hot) Too old: 28 days (limit: 3)
[DELETE] (1618|hot) Too old: 16 days (limit: 3)
[DELETE] (1618|hot) Too old: 58 days (limit: 3)
[DELETE] (1618|hot) Too old: 47 days (limit: 3)
[DELETE] (2640|hot) Too old: 14 days (limit: 3)
[DELETE] (8163|hot) Too old: 27 days (limit: 3)
[DELETE] (8163|hot) Too old: 27 days (limit: 3)
[DELETE] (8163|hot) Too old: 20 days (limit: 3)
[DELETE] (8163|hot) Too old: 8 days (limit: 3)
[DELETE] (2640|hot) Too old: 12 days (limit: 3)
[DELETE] (2640|hot) Too old: 12 days (limit: 3)
[DELETE] (2640|hot) Too old: 12 days (limit: 3)
[DELETE] (3583|hot) Too old: 37 days (limit: 3)
[DELETE] (2640|hot) Too old: 12 days (limit: 3)
[DELETE] (3583|hot) Too old: 37 days (limit: 3)
[DELETE] (3583|hot) Too old: 19 days (limit: 3)
[DELETE] (3583|hot) Too old: 15 days (limit: 3)
[DELETE] (3576|hot) Too old: 11 days (limit: 3)
[OK] (3583) Updated content (4231 chars)
[DELETE] (3576|hot) Too old: 7 days (limit: 3)
[DELETE] (3576|hot) Too old: 7 days (limit: 3)
[DELETE] (3576|hot) Too old: 7 days (limit: 3)
[DELETE] (3576|hot) Too old: 7 days (limit: 3)
[DELETE] (1708|hot) Too old: 44 days (limit: 3)
[DELETE] (1708|hot) Too old: 35 days (limit: 3)
[DELETE] (1708|hot) Too old: 44 days (limit: 3)
[DELETE] (1708|hot) Too old: 19 days (limit: 3)
[DELETE] (8104|hot) Too old: 47 days (limit: 3)
[DELETE] (1708|hot) Too old: 19 days (limit: 3)
[DELETE] (8104|hot) Too old: 43 days (limit: 3)
[DELETE] (8104|hot) Too old: 20 days (limit: 3)
[DELETE] (8104|hot) Too old: 16 days (limit: 3)
[DELETE] (8104|hot) Too old: 7 days (limit: 3)
[DELETE] (2362|hot) Too old: 47 days (limit: 3)
[DELETE] (2362|hot) Too old: 26 days (limit: 3)
[DELETE] (8121|hot) Too old: 42 days (limit: 3)
[DELETE] (8121|hot) Too old: 29 days (limit: 3)
[DELETE] (2362|hot) Too old: 26 days (limit: 3)
[DELETE] (8121|hot) Too old: 22 days (limit: 3)
[DELETE] (2362|hot) Too old: 19 days (limit: 3)
[DELETE] (8121|hot) Too old: 29 days (limit: 3)
[DELETE] (2362|hot) Too old: 9 days (limit: 3)
[DELETE] (8121|hot) Too old: 17 days (limit: 3)
[DELETE] (3592|hot) Too old: 62 days (limit: 3)
[DELETE] (3592|hot) Too old: 47 days (limit: 3)
[DELETE] (3592|hot) Too old: 77 days (limit: 3)
[DELETE] (3592|hot) Too old: 8 days (limit: 3)
[DELETE] (3592|hot) Too old: 16 days (limit: 3)
[DELETE] (6834|hot) Too old: 29 days (limit: 3)
[DELETE] (6834|hot) Too old: 29 days (limit: 3)
[DELETE] (6834|hot) Too old: 29 days (limit: 3)
[DELETE] (3587|hot) Too old: 16 days (limit: 3)
[DELETE] (6834|hot) Too old: 8 days (limit: 3)
[DELETE] (3587|hot) Too old: 6 days (limit: 3)
[DELETE] (6834|hot) Too old: 16 days (limit: 3)
[DELETE] (3587|hot) Too old: 6 days (limit: 3)
[DELETE] (6155|hot) Too old: 106 days (limit: 3)
[DELETE] (3587|hot) Too old: 6 days (limit: 3)
[DELETE] (6155|hot) Too old: 77 days (limit: 3)
[DELETE] (3587|hot) Too old: 6 days (limit: 3)
[DELETE] (6155|hot) Too old: 47 days (limit: 3)
[OK] (6155) Updated content (4465 chars)
[DELETE] (6155|hot) Too old: 14 days (limit: 3)
[DELETE] (2539|hot) Too old: 14 days (limit: 3)
[DELETE] (2539|hot) Too old: 8 days (limit: 3)
[DELETE] (2539|hot) Too old: 43 days (limit: 3)
[DELETE] (2539|hot) Too old: 8 days (limit: 3)
[DELETE] (6944|hot) Too old: 47 days (limit: 3)
[DELETE] (6944|hot) Too old: 75 days (limit: 3)
[DELETE] (2539|hot) Too old: 8 days (limit: 3)
[DELETE] (6944|hot) Too old: 35 days (limit: 3)
[DELETE] (6944|hot) Too old: 8 days (limit: 3)
[DELETE] (6944|hot) Too old: 14 days (limit: 3)
[DELETE] (3685|hot) Too old: 45 days (limit: 3)
[DELETE] (3685|hot) Too old: 51 days (limit: 3)
[DELETE] (3685|hot) Too old: 43 days (limit: 3)
[DELETE] (3685|hot) Too old: 26 days (limit: 3)
[DELETE] (8936|hot) Too old: 47 days (limit: 3)
[DELETE] (3685|hot) Too old: 14 days (limit: 3)
[DELETE] (8936|hot) Too old: 51 days (limit: 3)
[DELETE] (8936|hot) Too old: 43 days (limit: 3)
[DELETE] (8936|hot) Too old: 15 days (limit: 3)
[DELETE] (8936|hot) Too old: 43 days (limit: 3)
[DELETE] (4543|hot) Too old: 50 days (limit: 3)
[DELETE] (4543|hot) Too old: 47 days (limit: 3)
[DELETE] (4543|hot) Too old: 47 days (limit: 3)
[DELETE] (4543|hot) Too old: 30 days (limit: 3)
[DELETE] (4543|hot) Too old: 16 days (limit: 3)
[DELETE] (1342|hot) Too old: 41 days (limit: 3)
[DELETE] (1342|hot) Too old: 19 days (limit: 3)
[DELETE] (1342|hot) Too old: 8 days (limit: 3)
[DELETE] (1342|hot) Too old: 8 days (limit: 3)
[OK] (1342) Updated content (4512 chars)
[DELETE] (1539|hot) Too old: 8 days (limit: 3)
[DELETE] (1539|hot) Too old: 19 days (limit: 3)
[DELETE] (1539|hot) Too old: 8 days (limit: 3)
[DELETE] (1539|hot) Too old: 8 days (limit: 3)
[DELETE] (1539|hot) Too old: 8 days (limit: 3)
[DELETE] (8011|hot) Too old: 29 days (limit: 3)
[DELETE] (8011|hot) Too old: 23 days (limit: 3)
[DELETE] (8011|hot) Too old: 30 days (limit: 3)
[DELETE] (8011|hot) Too old: 23 days (limit: 3)
[DELETE] (8011|hot) Too old: 16 days (limit: 3)
[DELETE] (2617|hot) Too old: 13 days (limit: 3)
[DELETE] (2617|hot) Too old: 13 days (limit: 3)
[DELETE] (2617|hot) Too old: 12 days (limit: 3)
[DELETE] (2617|hot) Too old: 12 days (limit: 3)
[DELETE] (2617|hot) Too old: 12 days (limit: 3)
[DELETE] (6152|hot) Too old: 13 days (limit: 3)
[DELETE] (6152|hot) Too old: 13 days (limit: 3)
[DELETE] (6152|hot) Too old: 13 days (limit: 3)
[DELETE] (6152|hot) Too old: 7 days (limit: 3)
[DELETE] (6152|hot) Too old: 6 days (limit: 3)
[OK] (3481) Updated content (3061 chars)
[OK] (3481) Updated content (3021 chars)
[OK] (3481) Updated content (2756 chars)
[OK] (3481) Updated content (3372 chars)
[OK] (3481) Updated content (3051 chars)
[DELETE] (6244|hot) Too old: 56 days (limit: 3)
[DELETE] (6244|hot) Too old: 48 days (limit: 3)
[DELETE] (6244|hot) Too old: 16 days (limit: 3)
[DELETE] (6244|hot) Too old: 11 days (limit: 3)
[OK] (2303) Updated content (4154 chars)
[DELETE] (6244|hot) Too old: 7 days (limit: 3)
[OK] (2303) Updated content (5880 chars)
[OK] (2303) Updated content (4482 chars)
[OK] (2303) Updated content (3651 chars)
[OK] (2303) Updated content (3317 chars)
[DELETE] (4977|hot) Too old: 16 days (limit: 3)
[DELETE] (4977|hot) Too old: 14 days (limit: 3)
[DELETE] (4977|hot) Too old: 7 days (limit: 3)
[DELETE] (4977|hot) Too old: 16 days (limit: 3)
[DELETE] (3558|hot) Too old: 27 days (limit: 3)
[DELETE] (4977|hot) Too old: 7 days (limit: 3)
[DELETE] (3558|hot) Too old: 49 days (limit: 3)
[DELETE] (3558|hot) Too old: 16 days (limit: 3)
[DELETE] (3558|hot) Too old: 7 days (limit: 3)
[DELETE] (6526|hot) Too old: 26 days (limit: 3)
[DELETE] (6526|hot) Too old: 27 days (limit: 3)
[DELETE] (3558|hot) Too old: 7 days (limit: 3)
[DELETE] (6526|hot) Too old: 26 days (limit: 3)
[DELETE] (6526|hot) Too old: 14 days (limit: 3)
[DELETE] (6526|hot) Too old: 14 days (limit: 3)
[DELETE] (7788|hot) Too old: 15 days (limit: 3)
[DELETE] (7788|hot) Too old: 16 days (limit: 3)
[DELETE] (7788|hot) Too old: 16 days (limit: 3)
[DELETE] (7788|hot) Too old: 7 days (limit: 3)
[DELETE] (6642|hot) Too old: 55 days (limit: 3)
[DELETE] (6642|hot) Too old: 48 days (limit: 3)
[DELETE] (7788|hot) Too old: 15 days (limit: 3)
[DELETE] (6642|hot) Too old: 63 days (limit: 3)
[DELETE] (6642|hot) Too old: 19 days (limit: 3)
[DELETE] (6642|hot) Too old: 33 days (limit: 3)
[DELETE] (8109|hot) Too old: 30 days (limit: 3)
[DELETE] (8109|hot) Too old: 47 days (limit: 3)
[DELETE] (8109|hot) Too old: 27 days (limit: 3)
[DELETE] (8109|hot) Too old: 22 days (limit: 3)
[DELETE] (8109|hot) Too old: 22 days (limit: 3)
[DELETE] (3653|hot) Too old: 43 days (limit: 3)
[DELETE] (3653|hot) Too old: 43 days (limit: 3)
[DELETE] (3653|hot) Too old: 19 days (limit: 3)
[DELETE] (3653|hot) Too old: 26 days (limit: 3)
[DELETE] (3653|hot) Too old: 20 days (limit: 3)
[DELETE] (6290|hot) Too old: 30 days (limit: 3)
[DELETE] (6290|hot) Too old: 30 days (limit: 3)
[DELETE] (6290|hot) Too old: 47 days (limit: 3)
[DELETE] (6290|hot) Too old: 26 days (limit: 3)
[DELETE] (6290|hot) Too old: 14 days (limit: 3)
[DELETE] (2614|hot) Too old: 7 days (limit: 3)
[DELETE] (2614|hot) Too old: 7 days (limit: 3)
[DELETE] (2614|hot) Too old: 14 days (limit: 3)
[DELETE] (2614|hot) Too old: 7 days (limit: 3)
[DELETE] (2614|hot) Too old: 7 days (limit: 3)
[DELETE] (6146|hot) Too old: 22 days (limit: 3)
[DELETE] (6146|hot) Too old: 30 days (limit: 3)
[DELETE] (6146|hot) Too old: 21 days (limit: 3)
[OK] (6146) Updated content (2628 chars)
[OK] (6146) Updated content (3025 chars)
[DELETE] (3530|hot) Too old: 50 days (limit: 3)
[DELETE] (3530|hot) Too old: 49 days (limit: 3)
[DELETE] (3530|hot) Too old: 30 days (limit: 3)
[DELETE] (3530|hot) Too old: 30 days (limit: 3)
[DELETE] (3260|hot) Too old: 16 days (limit: 3)
[DELETE] (3530|hot) Too old: 22 days (limit: 3)
[DELETE] (3260|hot) Too old: 14 days (limit: 3)
[DELETE] (3260|hot) Too old: 9 days (limit: 3)
[DELETE] (3260|hot) Too old: 9 days (limit: 3)
[DELETE] (6735|hot) Too old: 27 days (limit: 3)
[OK] (3260) Updated content (2779 chars)
[DELETE] (6735|hot) Too old: 27 days (limit: 3)
[DELETE] (6735|hot) Too old: 26 days (limit: 3)
[DELETE] (5904|hot) Too old: 36 days (limit: 3)
[DELETE] (6735|hot) Too old: 16 days (limit: 3)
[DELETE] (6735|hot) Too old: 16 days (limit: 3)
[DELETE] (5904|hot) Too old: 22 days (limit: 3)
[DELETE] (5904|hot) Too old: 16 days (limit: 3)
[DELETE] (5904|hot) Too old: 16 days (limit: 3)
[DELETE] (5904|hot) Too old: 13 days (limit: 3)
[DELETE] (3312|hot) Too old: 44 days (limit: 3)
[DELETE] (3312|hot) Too old: 44 days (limit: 3)
[DELETE] (3312|hot) Too old: 19 days (limit: 3)
[DELETE] (3312|hot) Too old: 19 days (limit: 3)
[DELETE] (3312|hot) Too old: 7 days (limit: 3)
[DELETE] (1736|hot) Too old: 47 days (limit: 3)
[DELETE] (1736|hot) Too old: 43 days (limit: 3)
[DELETE] (1736|hot) Too old: 43 days (limit: 3)
[DELETE] (1736|hot) Too old: 42 days (limit: 3)
[DELETE] (5443|hot) Too old: 35 days (limit: 3)
[DELETE] (1736|hot) Too old: 16 days (limit: 3)
[DELETE] (5443|hot) Too old: 35 days (limit: 3)
[DELETE] (5443|hot) Too old: 35 days (limit: 3)
[DELETE] (5443|hot) Too old: 16 days (limit: 3)
[DELETE] (6204|hot) Too old: 35 days (limit: 3)
[DELETE] (5443|hot) Too old: 13 days (limit: 3)
[DELETE] (6204|hot) Too old: 29 days (limit: 3)
[DELETE] (6204|hot) Too old: 29 days (limit: 3)
[DELETE] (7805|hot) Too old: 55 days (limit: 3)
[DELETE] (6204|hot) Too old: 21 days (limit: 3)
[DELETE] (6204|hot) Too old: 19 days (limit: 3)
[DELETE] (7805|hot) Too old: 47 days (limit: 3)
[DELETE] (7805|hot) Too old: 47 days (limit: 3)
[DELETE] (7805|hot) Too old: 15 days (limit: 3)
[DELETE] (2441|hot) Too old: 47 days (limit: 3)
[DELETE] (7805|hot) Too old: 9 days (limit: 3)
[DELETE] (2441|hot) Too old: 29 days (limit: 3)
[DELETE] (2441|hot) Too old: 26 days (limit: 3)
[DELETE] (2441|hot) Too old: 19 days (limit: 3)
[DELETE] (6870|hot) Too old: 48 days (limit: 3)
[DELETE] (2441|hot) Too old: 26 days (limit: 3)
[DELETE] (6870|hot) Too old: 27 days (limit: 3)
[DELETE] (6870|hot) Too old: 42 days (limit: 3)
[DELETE] (6870|hot) Too old: 15 days (limit: 3)
[OK] (6870) Updated content (4955 chars)
[DELETE] (5388|hot) Too old: 27 days (limit: 3)
[DELETE] (5388|hot) Too old: 20 days (limit: 3)
[DELETE] (9914|hot) Too old: 42 days (limit: 3)
[DELETE] (5388|hot) Too old: 13 days (limit: 3)
[OK] (5388) Updated content (4190 chars)
[DELETE] (9914|hot) Too old: 36 days (limit: 3)
[DELETE] (9914|hot) Too old: 26 days (limit: 3)
[OK] (9914) Updated content (2668 chars)
[DELETE] (9914|hot) Too old: 14 days (limit: 3)
[OK] (5388) Updated content (3441 chars)
[OK] (2408) Updated content (5205 chars)
[OK] (2408) Updated content (4962 chars)
[OK] (2408) Updated content (4683 chars)
[OK] (2408) Updated content (3868 chars)
[OK] (2408) Updated content (4961 chars)
[DELETE] (5371|hot) Too old: 12 days (limit: 3)
[DELETE] (5371|hot) Too old: 12 days (limit: 3)
[DELETE] (5371|hot) Too old: 12 days (limit: 3)
[DELETE] (8255|hot) Too old: 30 days (limit: 3)
[DELETE] (5371|hot) Too old: 12 days (limit: 3)
[DELETE] (5371|hot) Too old: 12 days (limit: 3)
[DELETE] (8255|hot) Too old: 29 days (limit: 3)
[DELETE] (8255|hot) Too old: 27 days (limit: 3)
[DELETE] (8255|hot) Too old: 16 days (limit: 3)
[DELETE] (8255|hot) Too old: 9 days (limit: 3)
[DELETE] (1907|hot) Too old: 15 days (limit: 3)
[DELETE] (1907|hot) Too old: 12 days (limit: 3)
[DELETE] (1907|hot) Too old: 14 days (limit: 3)
[DELETE] (1907|hot) Too old: 12 days (limit: 3)
[DELETE] (2812|hot) Too old: 16 days (limit: 3)
[DELETE] (1907|hot) Too old: 12 days (limit: 3)
[DELETE] (2812|hot) Too old: 16 days (limit: 3)
[DELETE] (2812|hot) Too old: 16 days (limit: 3)
[DELETE] (2812|hot) Too old: 16 days (limit: 3)
[DELETE] (3138|hot) Too old: 47 days (limit: 3)
[DELETE] (3138|hot) Too old: 43 days (limit: 3)
[DELETE] (3138|hot) Too old: 43 days (limit: 3)
[DELETE] (2812|hot) Too old: 8 days (limit: 3)
[DELETE] (3138|hot) Too old: 43 days (limit: 3)
[DELETE] (8039|hot) Too old: 28 days (limit: 3)
[DELETE] (8039|hot) Too old: 19 days (limit: 3)
[DELETE] (3138|hot) Too old: 14 days (limit: 3)
[DELETE] (8039|hot) Too old: 28 days (limit: 3)
[DELETE] (8039|hot) Too old: 12 days (limit: 3)
[DELETE] (3526|hot) Too old: 50 days (limit: 3)
[DELETE] (8039|hot) Too old: 12 days (limit: 3)
[DELETE] (3526|hot) Too old: 47 days (limit: 3)
[DELETE] (3526|hot) Too old: 16 days (limit: 3)
[DELETE] (3526|hot) Too old: 7 days (limit: 3)
[DELETE] (3526|hot) Too old: 7 days (limit: 3)
[DELETE] (8932|hot) Too old: 43 days (limit: 3)
[DELETE] (8932|hot) Too old: 42 days (limit: 3)
[DELETE] (8932|hot) Too old: 43 days (limit: 3)
[DELETE] (8932|hot) Too old: 12 days (limit: 3)
[DELETE] (8932|hot) Too old: 14 days (limit: 3)
[DELETE] (6530|hot) Too old: 47 days (limit: 3)
[DELETE] (6530|hot) Too old: 20 days (limit: 3)
[DELETE] (6530|hot) Too old: 20 days (limit: 3)
[DELETE] (3663|hot) Too old: 76 days (limit: 3)
[DELETE] (6530|hot) Too old: 20 days (limit: 3)
[DELETE] (6530|hot) Too old: 19 days (limit: 3)
[DELETE] (3663|hot) Too old: 15 days (limit: 3)
[DELETE] (3663|hot) Too old: 47 days (limit: 3)
[OK] (3663) Updated content (2801 chars)
[DELETE] (3663|hot) Too old: 6 days (limit: 3)
[DELETE] (2104|hot) Too old: 44 days (limit: 3)
[DELETE] (2104|hot) Too old: 29 days (limit: 3)
[DELETE] (2104|hot) Too old: 14 days (limit: 3)
[DELETE] (2104|hot) Too old: 43 days (limit: 3)
[OK] (2382) Updated content (7071 chars)
[DELETE] (2104|hot) Too old: 29 days (limit: 3)
[OK] (2382) Updated content (3387 chars)
[OK] (2382) Updated content (5821 chars)
[OK] (2382) Updated content (3317 chars)
[OK] (2382) Updated content (3421 chars)
[DELETE] (4772|hot) Too old: 86 days (limit: 3)
[DELETE] (4772|hot) Too old: 27 days (limit: 3)
[DELETE] (4772|hot) Too old: 47 days (limit: 3)
[DELETE] (4772|hot) Too old: 76 days (limit: 3)
[DELETE] (3665|hot) Too old: 14 days (limit: 3)
[DELETE] (4772|hot) Too old: 19 days (limit: 3)
[DELETE] (3665|hot) Too old: 13 days (limit: 3)
[DELETE] (3665|hot) Too old: 14 days (limit: 3)
[DELETE] (3665|hot) Too old: 13 days (limit: 3)
[DELETE] (3665|hot) Too old: 6 days (limit: 3)
[DELETE] (2478|hot) Too old: 12 days (limit: 3)
[DELETE] (2478|hot) Too old: 12 days (limit: 3)
[DELETE] (2478|hot) Too old: 12 days (limit: 3)
[DELETE] (2478|hot) Too old: 12 days (limit: 3)
[OK] (2478) Updated content (4734 chars)
[DELETE] (6438|hot) Too old: 51 days (limit: 3)
[DELETE] (6438|hot) Too old: 48 days (limit: 3)
[DELETE] (6438|hot) Too old: 26 days (limit: 3)
[DELETE] (3141|hot) Too old: 78 days (limit: 3)
[DELETE] (6438|hot) Too old: 23 days (limit: 3)
[DELETE] (6438|hot) Too old: 23 days (limit: 3)
[DELETE] (3141|hot) Too old: 55 days (limit: 3)
[OK] (2891) Updated content (3028 chars)
[OK] (2891) Updated content (3607 chars)
[OK] (2891) Updated content (5137 chars)
[DELETE] (3141|hot) Too old: 63 days (limit: 3)
[DELETE] (8299|hot) Too old: 14 days (limit: 3)
[OK] (2891) Updated content (4872 chars)
[DELETE] (3141|hot) Too old: 49 days (limit: 3)
[DELETE] (3141|hot) Too old: 21 days (limit: 3)
[OK] (2891) Updated content (3552 chars)
[DELETE] (8299|hot) Too old: 14 days (limit: 3)
[DELETE] (8299|hot) Too old: 12 days (limit: 3)
[OK] (8299) Updated content (3250 chars)
[DELETE] (1301|hot) Too old: 5 days (limit: 3)
[OK] (8299) Updated content (3124 chars)
[OK] (1301) Updated content (4242 chars)
[OK] (1301) Updated content (3293 chars)
[OK] (1301) Updated content (3036 chars)
[OK] (1301) Updated content (3742 chars)
[DELETE] (3362|hot) Too old: 15 days (limit: 3)
[DELETE] (3362|hot) Too old: 23 days (limit: 3)
[DELETE] (3362|hot) Too old: 13 days (limit: 3)
[DELETE] (3362|hot) Too old: 13 days (limit: 3)
[DELETE] (3362|hot) Too old: 6 days (limit: 3)
[DELETE] (1506|hot) Too old: 51 days (limit: 3)
[DELETE] (1506|hot) Too old: 48 days (limit: 3)
[DELETE] (1506|hot) Too old: 43 days (limit: 3)
[OK] (3105) Updated content (3735 chars)
[DELETE] (1506|hot) Too old: 28 days (limit: 3)
[OK] (3105) Updated content (3664 chars)
[OK] (3105) Updated content (3707 chars)
[DELETE] (1506|hot) Too old: 16 days (limit: 3)
[OK] (3105) Updated content (3584 chars)
[DELETE] (6206|hot) Too old: 55 days (limit: 3)
[DELETE] (6206|hot) Too old: 47 days (limit: 3)
[OK] (3105) Updated content (4592 chars)
[DELETE] (6206|hot) Too old: 47 days (limit: 3)
[DELETE] (6206|hot) Too old: 16 days (limit: 3)
[DELETE] (6206|hot) Too old: 27 days (limit: 3)
[DELETE] (2597|hot) Too old: 44 days (limit: 3)
[DELETE] (2597|hot) Too old: 44 days (limit: 3)
[DELETE] (2597|hot) Too old: 44 days (limit: 3)
[DELETE] (2597|hot) Too old: 21 days (limit: 3)
[DELETE] (2597|hot) Too old: 14 days (limit: 3)
[DELETE] (6189|hot) Too old: 47 days (limit: 3)
[DELETE] (6189|hot) Too old: 47 days (limit: 3)
[DELETE] (6189|hot) Too old: 43 days (limit: 3)
[DELETE] (6189|hot) Too old: 19 days (limit: 3)
[DELETE] (1519|hot) Too old: 12 days (limit: 3)
[DELETE] (6189|hot) Too old: 15 days (limit: 3)
[DELETE] (1519|hot) Too old: 12 days (limit: 3)
[DELETE] (1519|hot) Too old: 12 days (limit: 3)
[DELETE] (1519|hot) Too old: 12 days (limit: 3)
[DELETE] (1519|hot) Too old: 12 days (limit: 3)
[DELETE] (4536|hot) Too old: 47 days (limit: 3)
[DELETE] (4536|hot) Too old: 43 days (limit: 3)
[DELETE] (4536|hot) Too old: 43 days (limit: 3)
[DELETE] (4536|hot) Too old: 15 days (limit: 3)
[DELETE] (4536|hot) Too old: 14 days (limit: 3)
[DELETE] (1229|hot) Too old: 26 days (limit: 3)
[DELETE] (1229|hot) Too old: 8 days (limit: 3)
[DELETE] (1229|hot) Too old: 14 days (limit: 3)
[DELETE] (6712|hot) Too old: 44 days (limit: 3)
[DELETE] (1229|hot) Too old: 8 days (limit: 3)
[DELETE] (6712|hot) Too old: 40 days (limit: 3)
[OK] (1229) Updated content (4086 chars)
[DELETE] (6712|hot) Too old: 36 days (limit: 3)
[DELETE] (6712|hot) Too old: 36 days (limit: 3)
[OK] (2883) Updated content (3940 chars)
[OK] (2883) Updated content (3859 chars)
[DELETE] (6712|hot) Too old: 23 days (limit: 3)
[OK] (2883) Updated content (4078 chars)
[OK] (2883) Updated content (4773 chars)
[DELETE] (3131|hot) Too old: 7 days (limit: 3)
[OK] (2883) Updated content (3141 chars)
[DELETE] (3131|hot) Too old: 7 days (limit: 3)
[DELETE] (3131|hot) Too old: 6 days (limit: 3)
[OK] (3131) Updated content (3255 chars)
[DELETE] (3131|hot) Too old: 6 days (limit: 3)
[DELETE] (3675|hot) Too old: 50 days (limit: 3)
[DELETE] (2493|hot) Too old: 13 days (limit: 3)
[DELETE] (3675|hot) Too old: 30 days (limit: 3)
[DELETE] (3675|hot) Too old: 43 days (limit: 3)
[DELETE] (2493|hot) Too old: 8 days (limit: 3)
[DELETE] (2493|hot) Too old: 8 days (limit: 3)
[DELETE] (3675|hot) Too old: 29 days (limit: 3)
[DELETE] (2493|hot) Too old: 8 days (limit: 3)
[DELETE] (3675|hot) Too old: 22 days (limit: 3)
[DELETE] (2425|hot) Too old: 14 days (limit: 3)
[DELETE] (2493|hot) Too old: 7 days (limit: 3)
[DELETE] (2425|hot) Too old: 12 days (limit: 3)
[DELETE] (2425|hot) Too old: 44 days (limit: 3)
[OK] (2412) Updated content (3326 chars)
[DELETE] (2425|hot) Too old: 8 days (limit: 3)
[DELETE] (2425|hot) Too old: 8 days (limit: 3)
[OK] (2412) Updated content (3313 chars)
[OK] (2412) Updated content (3092 chars)
[OK] (2412) Updated content (2930 chars)
[OK] (2412) Updated content (5106 chars)
[DELETE] (6550|hot) Too old: 30 days (limit: 3)
[DELETE] (6550|hot) Too old: 30 days (limit: 3)
[DELETE] (6550|hot) Too old: 30 days (limit: 3)
[DELETE] (6550|hot) Too old: 30 days (limit: 3)
[DELETE] (6284|hot) Too old: 34 days (limit: 3)
[DELETE] (6550|hot) Too old: 14 days (limit: 3)
[DELETE] (6284|hot) Too old: 16 days (limit: 3)
[DELETE] (6284|hot) Too old: 12 days (limit: 3)
[DELETE] (6284|hot) Too old: 12 days (limit: 3)
[DELETE] (6284|hot) Too old: 7 days (limit: 3)
[DELETE] (1587|hot) Too old: 55 days (limit: 3)
[DELETE] (1587|hot) Too old: 47 days (limit: 3)
[DELETE] (1587|hot) Too old: 47 days (limit: 3)
[DELETE] (1587|hot) Too old: 16 days (limit: 3)
[DELETE] (1587|hot) Too old: 20 days (limit: 3)
[DELETE] (3338|hot) Too old: 29 days (limit: 3)
[DELETE] (3338|hot) Too old: 29 days (limit: 3)
[DELETE] (3338|hot) Too old: 16 days (limit: 3)
[DELETE] (3338|hot) Too old: 14 days (limit: 3)
[DELETE] (3338|hot) Too old: 7 days (limit: 3)
[DELETE] (6405|hot) Too old: 76 days (limit: 3)
[DELETE] (6405|hot) Too old: 55 days (limit: 3)
[DELETE] (6405|hot) Too old: 47 days (limit: 3)
[DELETE] (6405|hot) Too old: 15 days (limit: 3)
[DELETE] (6405|hot) Too old: 27 days (limit: 3)
[DELETE] (2313|hot) Too old: 19 days (limit: 3)
[DELETE] (2313|hot) Too old: 20 days (limit: 3)
[DELETE] (2313|hot) Too old: 21 days (limit: 3)
[DELETE] (2838|hot) Too old: 51 days (limit: 3)
[DELETE] (2313|hot) Too old: 12 days (limit: 3)
[DELETE] (2313|hot) Too old: 8 days (limit: 3)
[DELETE] (2838|hot) Too old: 49 days (limit: 3)
[DELETE] (2838|hot) Too old: 47 days (limit: 3)
[DELETE] (2838|hot) Too old: 15 days (limit: 3)
[DELETE] (2838|hot) Too old: 44 days (limit: 3)
[DELETE] (6613|hot) Too old: 19 days (limit: 3)
[DELETE] (6613|hot) Too old: 21 days (limit: 3)
[DELETE] (6613|hot) Too old: 15 days (limit: 3)
[DELETE] (6613|hot) Too old: 14 days (limit: 3)
[DELETE] (6613|hot) Too old: 6 days (limit: 3)
[DELETE] (4909|hot) Too old: 48 days (limit: 3)
[DELETE] (4909|hot) Too old: 20 days (limit: 3)
[OK] (4909) Updated content (4349 chars)
[OK] (4909) Updated content (3409 chars)
[OK] (4909) Updated content (4450 chars)
[DELETE] (1795|hot) Too old: 44 days (limit: 3)
[DELETE] (1795|hot) Too old: 14 days (limit: 3)
[DELETE] (1795|hot) Too old: 34 days (limit: 3)
[DELETE] (1795|hot) Too old: 8 days (limit: 3)
[DELETE] (1795|hot) Too old: 13 days (limit: 3)
[DELETE] (4755|hot) Too old: 49 days (limit: 3)
[DELETE] (4755|hot) Too old: 21 days (limit: 3)
[DELETE] (4755|hot) Too old: 12 days (limit: 3)
[DELETE] (4755|hot) Too old: 12 days (limit: 3)
[DELETE] (4168|hot) Too old: 14 days (limit: 3)
[DELETE] (4755|hot) Too old: 12 days (limit: 3)
[DELETE] (4168|hot) Too old: 13 days (limit: 3)
[DELETE] (6830|hot) Too old: 13 days (limit: 3)
[DELETE] (4168|hot) Too old: 13 days (limit: 3)
[DELETE] (6830|hot) Too old: 13 days (limit: 3)
[DELETE] (4168|hot) Too old: 13 days (limit: 3)
[DELETE] (6830|hot) Too old: 13 days (limit: 3)
[OK] (4168) Updated content (3039 chars)
[DELETE] (6830|hot) Too old: 9 days (limit: 3)
[DELETE] (6830|hot) Too old: 7 days (limit: 3)
[DELETE] (1713|hot) Too old: 83 days (limit: 3)
[DELETE] (1713|hot) Too old: 57 days (limit: 3)
[DELETE] (1713|hot) Too old: 48 days (limit: 3)
[DELETE] (1713|hot) Too old: 48 days (limit: 3)
[DELETE] (1713|hot) Too old: 20 days (limit: 3)
[DELETE] (9904|hot) Too old: 13 days (limit: 3)
[DELETE] (9904|hot) Too old: 7 days (limit: 3)
[DELETE] (9904|hot) Too old: 13 days (limit: 3)
[DELETE] (9904|hot) Too old: 13 days (limit: 3)
[DELETE] (9904|hot) Too old: 13 days (limit: 3)
[OK] (1532) Updated content (3104 chars)
[OK] (1532) Updated content (3159 chars)
[OK] (1532) Updated content (3489 chars)
[OK] (1532) Updated content (3265 chars)
[OK] (1532) Updated content (4195 chars)
[DELETE] (7780|hot) Too old: 20 days (limit: 3)
[DELETE] (7780|hot) Too old: 20 days (limit: 3)
[DELETE] (7780|hot) Too old: 16 days (limit: 3)
[DELETE] (7780|hot) Too old: 20 days (limit: 3)
[DELETE] (7780|hot) Too old: 14 days (limit: 3)
[DELETE] (1102|hot) Too old: 6 days (limit: 3)
[OK] (1102) Updated content (3342 chars)
[OK] (1102) Updated content (4254 chars)
[OK] (1102) Updated content (4371 chars)
[DELETE] (2377|hot) Too old: 13 days (limit: 3)
[DELETE] (2377|hot) Too old: 13 days (limit: 3)
[DELETE] (2377|hot) Too old: 10 days (limit: 3)
[DELETE] (2377|hot) Too old: 9 days (limit: 3)
[DELETE] (2377|hot) Too old: 9 days (limit: 3)
[DELETE] (2851|hot) Too old: 30 days (limit: 3)
[OK] (1102) Updated content (3458 chars)
[DELETE] (2851|hot) Too old: 30 days (limit: 3)
[DELETE] (2851|hot) Too old: 13 days (limit: 3)
[DELETE] (2851|hot) Too old: 9 days (limit: 3)
[DELETE] (2851|hot) Too old: 27 days (limit: 3)
[DELETE] (6913|hot) Too old: 43 days (limit: 3)
[DELETE] (6913|hot) Too old: 43 days (limit: 3)
[DELETE] (6913|hot) Too old: 42 days (limit: 3)
[DELETE] (6913|hot) Too old: 19 days (limit: 3)
[DELETE] (3529|hot) Too old: 44 days (limit: 3)
[DELETE] (6913|hot) Too old: 34 days (limit: 3)
[DELETE] (3529|hot) Too old: 30 days (limit: 3)
[DELETE] (3529|hot) Too old: 44 days (limit: 3)
[DELETE] (6425|hot) Too old: 7 days (limit: 3)
[DELETE] (3529|hot) Too old: 30 days (limit: 3)
[DELETE] (3529|hot) Too old: 19 days (limit: 3)
[DELETE] (6425|hot) Too old: 7 days (limit: 3)
[DELETE] (6425|hot) Too old: 7 days (limit: 3)
[DELETE] (4967|hot) Too old: 57 days (limit: 3)
[OK] (6425) Updated content (2776 chars)
[OK] (6425) Updated content (2838 chars)
[DELETE] (4967|hot) Too old: 47 days (limit: 3)
[DELETE] (4967|hot) Too old: 26 days (limit: 3)
[DELETE] (4967|hot) Too old: 7 days (limit: 3)
[DELETE] (4967|hot) Too old: 14 days (limit: 3)
[DELETE] (3048|hot) Too old: 42 days (limit: 3)
[DELETE] (3048|hot) Too old: 47 days (limit: 3)
[DELETE] (3048|hot) Too old: 6 days (limit: 3)
[DELETE] (3048|hot) Too old: 19 days (limit: 3)
[DELETE] (6561|hot) Too old: 49 days (limit: 3)
[DELETE] (6561|hot) Too old: 50 days (limit: 3)
[DELETE] (3048|hot) Too old: 33 days (limit: 3)
[DELETE] (2103|hot) Too old: 7 days (limit: 3)
[DELETE] (2103|hot) Too old: 7 days (limit: 3)
[DELETE] (6561|hot) Too old: 30 days (limit: 3)
[DELETE] (6561|hot) Too old: 16 days (limit: 3)
[DELETE] (6561|hot) Too old: 44 days (limit: 3)
[OK] (2327) Updated content (4223 chars)
[DELETE] (2103|hot) Too old: 7 days (limit: 3)
[DELETE] (2103|hot) Too old: 7 days (limit: 3)
[OK] (2327) Updated content (4552 chars)
[DELETE] (2103|hot) Too old: 7 days (limit: 3)
[OK] (2327) Updated content (4371 chars)
[DELETE] (3588|hot) Too old: 13 days (limit: 3)
[OK] (2327) Updated content (3299 chars)
[OK] (2327) Updated content (3531 chars)
[DELETE] (3588|hot) Too old: 16 days (limit: 3)
[DELETE] (3014|hot) Too old: 77 days (limit: 3)
[DELETE] (3014|hot) Too old: 47 days (limit: 3)
[DELETE] (3588|hot) Too old: 13 days (limit: 3)
[DELETE] (3588|hot) Too old: 13 days (limit: 3)
[OK] (3588) Updated content (3143 chars)
[DELETE] (3014|hot) Too old: 16 days (limit: 3)
[DELETE] (3014|hot) Too old: 44 days (limit: 3)
[DELETE] (1586|hot) Too old: 33 days (limit: 3)
[DELETE] (3014|hot) Too old: 19 days (limit: 3)
[DELETE] (1586|hot) Too old: 33 days (limit: 3)
[DELETE] (1586|hot) Too old: 7 days (limit: 3)
[DELETE] (1586|hot) Too old: 15 days (limit: 3)
[DELETE] (1586|hot) Too old: 13 days (limit: 3)
[DELETE] (6499|hot) Too old: 44 days (limit: 3)
[DELETE] (6499|hot) Too old: 44 days (limit: 3)
[DELETE] (6499|hot) Too old: 26 days (limit: 3)
[DELETE] (6414|hot) Too old: 22 days (limit: 3)
[DELETE] (6499|hot) Too old: 26 days (limit: 3)
[DELETE] (6499|hot) Too old: 14 days (limit: 3)
[DELETE] (6414|hot) Too old: 21 days (limit: 3)
[DELETE] (6414|hot) Too old: 21 days (limit: 3)
[DELETE] (6414|hot) Too old: 21 days (limit: 3)
[DELETE] (3693|hot) Too old: 50 days (limit: 3)
[DELETE] (6414|hot) Too old: 19 days (limit: 3)
[DELETE] (3693|hot) Too old: 42 days (limit: 3)
[DELETE] (3693|hot) Too old: 48 days (limit: 3)
[DELETE] (3693|hot) Too old: 26 days (limit: 3)
[DELETE] (9802|hot) Too old: 63 days (limit: 3)
[DELETE] (9802|hot) Too old: 48 days (limit: 3)
[DELETE] (3693|hot) Too old: 16 days (limit: 3)
[DELETE] (9802|hot) Too old: 47 days (limit: 3)
[DELETE] (9802|hot) Too old: 16 days (limit: 3)
[DELETE] (9802|hot) Too old: 16 days (limit: 3)
[DELETE] (5289|hot) Too old: 35 days (limit: 3)
[DELETE] (5289|hot) Too old: 28 days (limit: 3)
[DELETE] (5289|hot) Too old: 21 days (limit: 3)
[DELETE] (5289|hot) Too old: 19 days (limit: 3)
[DELETE] (5289|hot) Too old: 19 days (limit: 3)
[DELETE] (3322|hot) Too old: 75 days (limit: 3)
[DELETE] (3322|hot) Too old: 68 days (limit: 3)
[DELETE] (3322|hot) Too old: 44 days (limit: 3)
[DELETE] (3322|hot) Too old: 12 days (limit: 3)
[DELETE] (3322|hot) Too old: 14 days (limit: 3)
[DELETE] (2453|hot) Too old: 48 days (limit: 3)
[DELETE] (2453|hot) Too old: 43 days (limit: 3)
[DELETE] (2453|hot) Too old: 13 days (limit: 3)
[DELETE] (2453|hot) Too old: 13 days (limit: 3)
[DELETE] (6442|hot) Too old: 23 days (limit: 3)
[DELETE] (2453|hot) Too old: 19 days (limit: 3)
[DELETE] (6442|hot) Too old: 21 days (limit: 3)
[DELETE] (6442|hot) Too old: 14 days (limit: 3)
[DELETE] (6442|hot) Too old: 16 days (limit: 3)
[DELETE] (3016|hot) Too old: 16 days (limit: 3)
[DELETE] (3016|hot) Too old: 15 days (limit: 3)
[DELETE] (6442|hot) Too old: 14 days (limit: 3)
[DELETE] (3016|hot) Too old: 12 days (limit: 3)
[DELETE] (3016|hot) Too old: 12 days (limit: 3)
[OK] (3016) Updated content (3774 chars)
[DELETE] (3050|hot) Too old: 44 days (limit: 3)
[DELETE] (3050|hot) Too old: 44 days (limit: 3)
[DELETE] (3050|hot) Too old: 44 days (limit: 3)
[DELETE] (3050|hot) Too old: 44 days (limit: 3)
[DELETE] (3050|hot) Too old: 14 days (limit: 3)
[DELETE] (6789|hot) Too old: 47 days (limit: 3)
[DELETE] (6789|hot) Too old: 21 days (limit: 3)
[DELETE] (6789|hot) Too old: 48 days (limit: 3)
[DELETE] (6789|hot) Too old: 28 days (limit: 3)
[DELETE] (6789|hot) Too old: 14 days (limit: 3)
[OK] (6182) Updated content (4010 chars)
[OK] (6182) Updated content (4217 chars)
[OK] (6182) Updated content (3150 chars)
[DELETE] (6182|hot) Too old: 6 days (limit: 3)
[OK] (6182) Updated content (2778 chars)
[DELETE] (7769|hot) Too old: 9 days (limit: 3)
[DELETE] (7769|hot) Too old: 9 days (limit: 3)
[DELETE] (7769|hot) Too old: 9 days (limit: 3)
[DELETE] (7769|hot) Too old: 9 days (limit: 3)
[DELETE] (7769|hot) Too old: 9 days (limit: 3)
[DELETE] (2070|hot) Too old: 55 days (limit: 3)
[DELETE] (2070|hot) Too old: 49 days (limit: 3)
[DELETE] (2070|hot) Too old: 64 days (limit: 3)
[DELETE] (2070|hot) Too old: 44 days (limit: 3)
[OK] (6116) Updated content (2885 chars)
[DELETE] (2070|hot) Too old: 22 days (limit: 3)
[OK] (6116) Updated content (4990 chars)
[OK] (6116) Updated content (2765 chars)
[OK] (6116) Updated content (2763 chars)
[OK] (6116) Updated content (3036 chars)
[DELETE] (6558|hot) Too old: 106 days (limit: 3)
[DELETE] (6558|hot) Too old: 75 days (limit: 3)
[DELETE] (6558|hot) Too old: 14 days (limit: 3)
[DELETE] (6558|hot) Too old: 44 days (limit: 3)
[DELETE] (6558|hot) Too old: 41 days (limit: 3)
[DELETE] (5222|hot) Too old: 83 days (limit: 3)
[DELETE] (5222|hot) Too old: 69 days (limit: 3)
[DELETE] (5222|hot) Too old: 49 days (limit: 3)
[DELETE] (5222|hot) Too old: 72 days (limit: 3)
[DELETE] (7795|hot) Too old: 49 days (limit: 3)
[DELETE] (5222|hot) Too old: 19 days (limit: 3)
[DELETE] (7795|hot) Too old: 47 days (limit: 3)
[DELETE] (7795|hot) Too old: 49 days (limit: 3)
[DELETE] (7795|hot) Too old: 15 days (limit: 3)
[OK] (7795) Updated content (4108 chars)
[OK] (6505) Updated content (2432 chars)
[OK] (6505) Updated content (2910 chars)
[OK] (6505) Updated content (3132 chars)
[OK] (6505) Updated content (3293 chars)
[OK] (6505) Updated content (5764 chars)
[DELETE] (2520|hot) Too old: 47 days (limit: 3)
[DELETE] (2520|hot) Too old: 41 days (limit: 3)
[DELETE] (2520|hot) Too old: 28 days (limit: 3)
[DELETE] (2520|hot) Too old: 47 days (limit: 3)
[DELETE] (2520|hot) Too old: 14 days (limit: 3)
[DELETE] (2351|hot) Too old: 34 days (limit: 3)
[DELETE] (2351|hot) Too old: 27 days (limit: 3)
[DELETE] (2351|hot) Too old: 23 days (limit: 3)
[DELETE] (2351|hot) Too old: 34 days (limit: 3)
[DELETE] (2351|hot) Too old: 15 days (limit: 3)
[DELETE] (6274|hot) Too old: 27 days (limit: 3)
[DELETE] (6274|hot) Too old: 27 days (limit: 3)
[DELETE] (6274|hot) Too old: 27 days (limit: 3)
[DELETE] (6274|hot) Too old: 7 days (limit: 3)
[DELETE] (6274|hot) Too old: 20 days (limit: 3)
[DELETE] (3038|hot) Too old: 47 days (limit: 3)
[DELETE] (3038|hot) Too old: 35 days (limit: 3)
[DELETE] (3038|hot) Too old: 50 days (limit: 3)
[DELETE] (3038|hot) Too old: 14 days (limit: 3)
[DELETE] (3038|hot) Too old: 28 days (limit: 3)
[DELETE] (3630|hot) Too old: 7 days (limit: 3)
[DELETE] (3630|hot) Too old: 42 days (limit: 3)
[DELETE] (3630|hot) Too old: 21 days (limit: 3)
[DELETE] (3630|hot) Too old: 7 days (limit: 3)
[DELETE] (3323|hot) Too old: 26 days (limit: 3)
[DELETE] (3630|hot) Too old: 7 days (limit: 3)
[DELETE] (3323|hot) Too old: 26 days (limit: 3)
[DELETE] (3323|hot) Too old: 19 days (limit: 3)
[DELETE] (3323|hot) Too old: 13 days (limit: 3)
[DELETE] (3323|hot) Too old: 13 days (limit: 3)
[DELETE] (6488|hot) Too old: 28 days (limit: 3)
[DELETE] (6488|hot) Too old: 27 days (limit: 3)
[DELETE] (6488|hot) Too old: 19 days (limit: 3)
[DELETE] (6488|hot) Too old: 19 days (limit: 3)
[DELETE] (6488|hot) Too old: 6 days (limit: 3)
[DELETE] (6996|hot) Too old: 49 days (limit: 3)
[DELETE] (6996|hot) Too old: 77 days (limit: 3)
[DELETE] (6996|hot) Too old: 35 days (limit: 3)
[DELETE] (6996|hot) Too old: 35 days (limit: 3)
[DELETE] (6996|hot) Too old: 16 days (limit: 3)
[DELETE] (1526|hot) Too old: 57 days (limit: 3)
[DELETE] (1526|hot) Too old: 47 days (limit: 3)
[DELETE] (1526|hot) Too old: 47 days (limit: 3)
[DELETE] (1526|hot) Too old: 14 days (limit: 3)
[DELETE] (8091|hot) Too old: 8 days (limit: 3)
[DELETE] (8091|hot) Too old: 8 days (limit: 3)
[OK] (1526) Updated content (4574 chars)
[DELETE] (8091|hot) Too old: 8 days (limit: 3)
[DELETE] (8091|hot) Too old: 8 days (limit: 3)
[DELETE] (8091|hot) Too old: 8 days (limit: 3)
[DELETE] (6127|hot) Too old: 42 days (limit: 3)
[DELETE] (6127|hot) Too old: 21 days (limit: 3)
[DELETE] (6127|hot) Too old: 42 days (limit: 3)
[DELETE] (6127|hot) Too old: 40 days (limit: 3)
[DELETE] (8034|hot) Too old: 20 days (limit: 3)
[DELETE] (6127|hot) Too old: 19 days (limit: 3)
[DELETE] (8034|hot) Too old: 48 days (limit: 3)
[DELETE] (8034|hot) Too old: 48 days (limit: 3)
[DELETE] (8034|hot) Too old: 13 days (limit: 3)
[DELETE] (8034|hot) Too old: 13 days (limit: 3)
[DELETE] (2850|hot) Too old: 33 days (limit: 3)
[DELETE] (2850|hot) Too old: 33 days (limit: 3)
[DELETE] (2850|hot) Too old: 33 days (limit: 3)
[DELETE] (2850|hot) Too old: 9 days (limit: 3)
[DELETE] (4585|hot) Too old: 78 days (limit: 3)
[DELETE] (2850|hot) Too old: 26 days (limit: 3)
[DELETE] (4585|hot) Too old: 49 days (limit: 3)
[DELETE] (4585|hot) Too old: 22 days (limit: 3)
[DELETE] (4585|hot) Too old: 22 days (limit: 3)
[DELETE] (2383|hot) Too old: 19 days (limit: 3)
[DELETE] (4585|hot) Too old: 19 days (limit: 3)
[DELETE] (2383|hot) Too old: 21 days (limit: 3)
[DELETE] (2383|hot) Too old: 15 days (limit: 3)
[DELETE] (2383|hot) Too old: 7 days (limit: 3)
[OK] (2383) Updated content (2941 chars)
[DELETE] (6841|hot) Too old: 51 days (limit: 3)
[DELETE] (6841|hot) Too old: 47 days (limit: 3)
[DELETE] (6841|hot) Too old: 43 days (limit: 3)
[DELETE] (6841|hot) Too old: 35 days (limit: 3)
[DELETE] (6285|hot) Too old: 16 days (limit: 3)
[DELETE] (6285|hot) Too old: 16 days (limit: 3)
[DELETE] (6841|hot) Too old: 20 days (limit: 3)
[DELETE] (6285|hot) Too old: 16 days (limit: 3)
[DELETE] (6285|hot) Too old: 16 days (limit: 3)
[DELETE] (6285|hot) Too old: 15 days (limit: 3)
[DELETE] (1326|hot) Too old: 16 days (limit: 3)
[DELETE] (1326|hot) Too old: 14 days (limit: 3)
[OK] (1326) Updated content (3350 chars)
[DELETE] (1326|hot) Too old: 12 days (limit: 3)
[DELETE] (1326|hot) Too old: 13 days (limit: 3)
[DELETE] (5225|hot) Too old: 83 days (limit: 3)
[DELETE] (5225|hot) Too old: 112 days (limit: 3)
[DELETE] (5225|hot) Too old: 22 days (limit: 3)
[DELETE] (5225|hot) Too old: 48 days (limit: 3)
[DELETE] (3227|hot) Too old: 22 days (limit: 3)
[DELETE] (5225|hot) Too old: 69 days (limit: 3)
[DELETE] (3227|hot) Too old: 22 days (limit: 3)
[DELETE] (3227|hot) Too old: 19 days (limit: 3)
[DELETE] (3227|hot) Too old: 19 days (limit: 3)
[DELETE] (3227|hot) Too old: 12 days (limit: 3)
[DELETE] (4968|hot) Too old: 27 days (limit: 3)
[DELETE] (4968|hot) Too old: 27 days (limit: 3)
[DELETE] (4968|hot) Too old: 21 days (limit: 3)
[DELETE] (4968|hot) Too old: 21 days (limit: 3)
[DELETE] (4968|hot) Too old: 13 days (limit: 3)
[DELETE] (6190|hot) Too old: 16 days (limit: 3)
[DELETE] (6190|hot) Too old: 26 days (limit: 3)
[DELETE] (6190|hot) Too old: 14 days (limit: 3)
[DELETE] (6190|hot) Too old: 7 days (limit: 3)
[DELETE] (6190|hot) Too old: 8 days (limit: 3)
[DELETE] (3374|hot) Too old: 106 days (limit: 3)
[DELETE] (3374|hot) Too old: 75 days (limit: 3)
[DELETE] (3374|hot) Too old: 61 days (limit: 3)
[DELETE] (3374|hot) Too old: 14 days (limit: 3)
[DELETE] (3374|hot) Too old: 47 days (limit: 3)
[DELETE] (7740|hot) Too old: 106 days (limit: 3)
[DELETE] (7740|hot) Too old: 75 days (limit: 3)
[DELETE] (7740|hot) Too old: 75 days (limit: 3)
[DELETE] (7740|hot) Too old: 44 days (limit: 3)
[DELETE] (7610|hot) Too old: 8 days (limit: 3)
[DELETE] (7740|hot) Too old: 14 days (limit: 3)
[DELETE] (7610|hot) Too old: 15 days (limit: 3)
[DELETE] (8054|hot) Too old: 47 days (limit: 3)
[DELETE] (7610|hot) Too old: 7 days (limit: 3)
[DELETE] (7610|hot) Too old: 6 days (limit: 3)
[DELETE] (7610|hot) Too old: 7 days (limit: 3)
[DELETE] (8054|hot) Too old: 47 days (limit: 3)
[DELETE] (8054|hot) Too old: 47 days (limit: 3)
[DELETE] (6838|hot) Too old: 23 days (limit: 3)
[DELETE] (8054|hot) Too old: 16 days (limit: 3)
[DELETE] (6838|hot) Too old: 30 days (limit: 3)
[OK] (8054) Updated content (3076 chars)
[DELETE] (6763|hot) Too old: 91 days (limit: 3)
[DELETE] (6838|hot) Too old: 7 days (limit: 3)
[DELETE] (6838|hot) Too old: 21 days (limit: 3)
[DELETE] (6838|hot) Too old: 13 days (limit: 3)
[DELETE] (6763|hot) Too old: 76 days (limit: 3)
[DELETE] (1612|hot) Too old: 76 days (limit: 3)
[DELETE] (6763|hot) Too old: 16 days (limit: 3)
[DELETE] (6763|hot) Too old: 76 days (limit: 3)
[DELETE] (6763|hot) Too old: 47 days (limit: 3)
[DELETE] (1612|hot) Too old: 48 days (limit: 3)
[DELETE] (1612|hot) Too old: 35 days (limit: 3)
[DELETE] (1612|hot) Too old: 14 days (limit: 3)
[DELETE] (3537|hot) Too old: 30 days (limit: 3)
[DELETE] (3537|hot) Too old: 20 days (limit: 3)
[DELETE] (1612|hot) Too old: 19 days (limit: 3)
[DELETE] (3537|hot) Too old: 19 days (limit: 3)
[DELETE] (1434|hot) Too old: 47 days (limit: 3)
[OK] (3537) Updated content (3929 chars)
[DELETE] (1434|hot) Too old: 47 days (limit: 3)
[DELETE] (1434|hot) Too old: 44 days (limit: 3)
[DELETE] (3537|hot) Too old: 16 days (limit: 3)
[DELETE] (1434|hot) Too old: 27 days (limit: 3)
[DELETE] (5522|hot) Too old: 9 days (limit: 3)
[DELETE] (5522|hot) Too old: 26 days (limit: 3)
[DELETE] (1434|hot) Too old: 16 days (limit: 3)
[DELETE] (5522|hot) Too old: 14 days (limit: 3)
[OK] (5522) Updated content (3900 chars)
[DELETE] (2031|hot) Too old: 30 days (limit: 3)
[OK] (5522) Updated content (3404 chars)
[DELETE] (2031|hot) Too old: 35 days (limit: 3)
[DELETE] (2031|hot) Too old: 30 days (limit: 3)
[DELETE] (2031|hot) Too old: 26 days (limit: 3)
[DELETE] (2031|hot) Too old: 15 days (limit: 3)
[OK] (2474) Updated content (3560 chars)
[OK] (2474) Updated content (3377 chars)
[DELETE] (2474|hot) Too old: 6 days (limit: 3)
[OK] (2474) Updated content (2759 chars)
[DELETE] (8105|hot) Too old: 103 days (limit: 3)
[DELETE] (8105|hot) Too old: 76 days (limit: 3)
[OK] (2474) Updated content (3259 chars)
[DELETE] (8105|hot) Too old: 47 days (limit: 3)
[DELETE] (8105|hot) Too old: 44 days (limit: 3)
[DELETE] (8105|hot) Too old: 15 days (limit: 3)
[DELETE] (3708|hot) Too old: 11 days (limit: 3)
[DELETE] (3708|hot) Too old: 9 days (limit: 3)
[DELETE] (3708|hot) Too old: 9 days (limit: 3)
[DELETE] (2606|hot) Too old: 34 days (limit: 3)
[DELETE] (3708|hot) Too old: 4 days (limit: 3)
[DELETE] (3708|hot) Too old: 9 days (limit: 3)
[DELETE] (2606|hot) Too old: 15 days (limit: 3)
[DELETE] (2606|hot) Too old: 22 days (limit: 3)
[OK] (2606) Updated content (5316 chars)
[OK] (2606) Updated content (2947 chars)
[DELETE] (6203|hot) Too old: 42 days (limit: 3)
[DELETE] (6203|hot) Too old: 41 days (limit: 3)
[DELETE] (6203|hot) Too old: 34 days (limit: 3)
[DELETE] (6203|hot) Too old: 15 days (limit: 3)
[DELETE] (6203|hot) Too old: 9 days (limit: 3)
[DELETE] (1227|hot) Too old: 104 days (limit: 3)
[DELETE] (1227|hot) Too old: 75 days (limit: 3)
[DELETE] (1227|hot) Too old: 15 days (limit: 3)
[DELETE] (1227|hot) Too old: 44 days (limit: 3)
[DELETE] (1227|hot) Too old: 14 days (limit: 3)
[DELETE] (5426|hot) Too old: 47 days (limit: 3)
[DELETE] (5426|hot) Too old: 47 days (limit: 3)
[DELETE] (5426|hot) Too old: 37 days (limit: 3)
[DELETE] (5426|hot) Too old: 16 days (limit: 3)
[DELETE] (5426|hot) Too old: 16 days (limit: 3)
[DELETE] (3402|hot) Too old: 48 days (limit: 3)
[DELETE] (3402|hot) Too old: 14 days (limit: 3)
[DELETE] (3402|hot) Too old: 47 days (limit: 3)
[DELETE] (3402|hot) Too old: 8 days (limit: 3)
[DELETE] (3402|hot) Too old: 6 days (limit: 3)
[DELETE] (8942|hot) Too old: 33 days (limit: 3)
[DELETE] (8942|hot) Too old: 21 days (limit: 3)
[DELETE] (8942|hot) Too old: 9 days (limit: 3)
[DELETE] (8942|hot) Too old: 6 days (limit: 3)
[DELETE] (8942|hot) Too old: 6 days (limit: 3)
[DELETE] (2348|hot) Too old: 58 days (limit: 3)
[DELETE] (2348|hot) Too old: 30 days (limit: 3)
[DELETE] (2348|hot) Too old: 58 days (limit: 3)
[DELETE] (2348|hot) Too old: 19 days (limit: 3)
[DELETE] (2348|hot) Too old: 50 days (limit: 3)
[DELETE] (6026|hot) Too old: 15 days (limit: 3)
[DELETE] (6026|hot) Too old: 47 days (limit: 3)
[DELETE] (6026|hot) Too old: 47 days (limit: 3)
[DELETE] (6026|hot) Too old: 13 days (limit: 3)
[DELETE] (6026|hot) Too old: 55 days (limit: 3)
[DELETE] (2006|hot) Too old: 33 days (limit: 3)
[DELETE] (2006|hot) Too old: 33 days (limit: 3)
[DELETE] (2006|hot) Too old: 33 days (limit: 3)
[DELETE] (2006|hot) Too old: 20 days (limit: 3)
[DELETE] (2006|hot) Too old: 19 days (limit: 3)
[DELETE] (1810|hot) Too old: 44 days (limit: 3)
[DELETE] (3030|hot) Too old: 28 days (limit: 3)
[DELETE] (3030|hot) Too old: 28 days (limit: 3)
[DELETE] (1810|hot) Too old: 50 days (limit: 3)
[DELETE] (1810|hot) Too old: 28 days (limit: 3)
[DELETE] (3030|hot) Too old: 23 days (limit: 3)
[DELETE] (1810|hot) Too old: 16 days (limit: 3)
[DELETE] (3030|hot) Too old: 28 days (limit: 3)
[DELETE] (1810|hot) Too old: 14 days (limit: 3)
[DELETE] (3030|hot) Too old: 19 days (limit: 3)
[DELETE] (2641|hot) Too old: 16 days (limit: 3)
[DELETE] (2641|hot) Too old: 16 days (limit: 3)
[DELETE] (2641|hot) Too old: 28 days (limit: 3)
[DELETE] (2641|hot) Too old: 29 days (limit: 3)
[DELETE] (2641|hot) Too old: 15 days (limit: 3)
[DELETE] (2462|hot) Too old: 106 days (limit: 3)
[DELETE] (2462|hot) Too old: 77 days (limit: 3)
[DELETE] (2462|hot) Too old: 47 days (limit: 3)
[DELETE] (2462|hot) Too old: 107 days (limit: 3)
[DELETE] (5351|hot) Too old: 43 days (limit: 3)
[DELETE] (5351|hot) Too old: 34 days (limit: 3)
[DELETE] (2462|hot) Too old: 14 days (limit: 3)
[DELETE] (5351|hot) Too old: 20 days (limit: 3)
[DELETE] (5351|hot) Too old: 19 days (limit: 3)
[DELETE] (6776|hot) Too old: 89 days (limit: 3)
[DELETE] (6776|hot) Too old: 106 days (limit: 3)
[DELETE] (6776|hot) Too old: 77 days (limit: 3)
[DELETE] (5351|hot) Too old: 7 days (limit: 3)
[OK] (8499) Updated content (4905 chars)
[DELETE] (6776|hot) Too old: 48 days (limit: 3)
[DELETE] (8499|hot) Too old: 6 days (limit: 3)
[DELETE] (6776|hot) Too old: 20 days (limit: 3)
[DELETE] (8499|hot) Too old: 9 days (limit: 3)
[OK] (8499) Updated content (4282 chars)
[OK] (8499) Updated content (4977 chars)
[DELETE] (9910|hot) Too old: 27 days (limit: 3)
[DELETE] (9910|hot) Too old: 27 days (limit: 3)
[DELETE] (9910|hot) Too old: 27 days (limit: 3)
[DELETE] (9910|hot) Too old: 14 days (limit: 3)
[DELETE] (9910|hot) Too old: 22 days (limit: 3)
[DELETE] (6227|hot) Too old: 47 days (limit: 3)
[DELETE] (6227|hot) Too old: 29 days (limit: 3)
[DELETE] (6227|hot) Too old: 29 days (limit: 3)
[DELETE] (6227|hot) Too old: 29 days (limit: 3)
[DELETE] (6227|hot) Too old: 14 days (limit: 3)
[DELETE] (2633|hot) Too old: 7 days (limit: 3)
[OK] (2633) Updated content (3524 chars)
[OK] (2633) Updated content (2512 chars)
[DELETE] (2633|hot) Too old: 7 days (limit: 3)
[OK] (2633) Updated content (2502 chars)
[DELETE] (6768|hot) Too old: 15 days (limit: 3)
[DELETE] (6768|hot) Too old: 26 days (limit: 3)
[DELETE] (6768|hot) Too old: 15 days (limit: 3)
[DELETE] (6768|hot) Too old: 15 days (limit: 3)
[DELETE] (6768|hot) Too old: 23 days (limit: 3)
[DELETE] (1314|hot) Too old: 7 days (limit: 3)
[DELETE] (1314|hot) Too old: 9 days (limit: 3)
[DELETE] (1314|hot) Too old: 6 days (limit: 3)
[DELETE] (1314|hot) Too old: 14 days (limit: 3)
[DELETE] (1314|hot) Too old: 6 days (limit: 3)
[DELETE] (3701|hot) Too old: 20 days (limit: 3)
[DELETE] (4566|hot) Too old: 104 days (limit: 3)
[DELETE] (3701|hot) Too old: 19 days (limit: 3)
[DELETE] (3701|hot) Too old: 19 days (limit: 3)
[DELETE] (4566|hot) Too old: 76 days (limit: 3)
[DELETE] (3701|hot) Too old: 14 days (limit: 3)
[DELETE] (4566|hot) Too old: 76 days (limit: 3)
[DELETE] (4566|hot) Too old: 47 days (limit: 3)
[DELETE] (3701|hot) Too old: 9 days (limit: 3)
[DELETE] (4510|hot) Too old: 26 days (limit: 3)
[DELETE] (4566|hot) Too old: 15 days (limit: 3)
[DELETE] (4510|hot) Too old: 14 days (limit: 3)
[DELETE] (4510|hot) Too old: 14 days (limit: 3)
[OK] (4510) Updated content (3420 chars)
[DELETE] (2903|hot) Too old: 21 days (limit: 3)
[OK] (4510) Updated content (3686 chars)
[DELETE] (2903|hot) Too old: 14 days (limit: 3)
[DELETE] (2903|hot) Too old: 20 days (limit: 3)
[OK] (2903) Updated content (3219 chars)
[DELETE] (2903|hot) Too old: 12 days (limit: 3)
[DELETE] (6695|hot) Too old: 47 days (limit: 3)
[DELETE] (6695|hot) Too old: 43 days (limit: 3)
[DELETE] (6695|hot) Too old: 29 days (limit: 3)
[DELETE] (6443|hot) Too old: 47 days (limit: 3)
[DELETE] (6695|hot) Too old: 14 days (limit: 3)
[OK] (6695) Updated content (5035 chars)
[DELETE] (6443|hot) Too old: 47 days (limit: 3)
[DELETE] (6443|hot) Too old: 19 days (limit: 3)
[DELETE] (6443|hot) Too old: 33 days (limit: 3)
[DELETE] (6282|hot) Too old: 105 days (limit: 3)
[OK] (6443) Updated content (3023 chars)
[DELETE] (6282|hot) Too old: 75 days (limit: 3)
[DELETE] (6282|hot) Too old: 16 days (limit: 3)
[DELETE] (6282|hot) Too old: 47 days (limit: 3)
[DELETE] (5434|hot) Too old: 29 days (limit: 3)
[DELETE] (6282|hot) Too old: 14 days (limit: 3)
[DELETE] (5434|hot) Too old: 29 days (limit: 3)
[DELETE] (5434|hot) Too old: 16 days (limit: 3)
[DELETE] (5434|hot) Too old: 29 days (limit: 3)
[DELETE] (3450|hot) Too old: 36 days (limit: 3)
[DELETE] (5434|hot) Too old: 29 days (limit: 3)
[DELETE] (3450|hot) Too old: 28 days (limit: 3)
[DELETE] (3450|hot) Too old: 26 days (limit: 3)
[DELETE] (6548|hot) Too old: 51 days (limit: 3)
[DELETE] (3450|hot) Too old: 16 days (limit: 3)
[DELETE] (3450|hot) Too old: 22 days (limit: 3)
[DELETE] (6548|hot) Too old: 48 days (limit: 3)
[DELETE] (6548|hot) Too old: 48 days (limit: 3)
[DELETE] (6548|hot) Too old: 21 days (limit: 3)
[DELETE] (6548|hot) Too old: 20 days (limit: 3)
[DELETE] (3661|hot) Too old: 40 days (limit: 3)
[DELETE] (3661|hot) Too old: 29 days (limit: 3)
[DELETE] (3661|hot) Too old: 20 days (limit: 3)
[DELETE] (3661|hot) Too old: 29 days (limit: 3)
[DELETE] (3661|hot) Too old: 14 days (limit: 3)
[DELETE] (6589|hot) Too old: 51 days (limit: 3)
[DELETE] (6589|hot) Too old: 44 days (limit: 3)
[DELETE] (6589|hot) Too old: 15 days (limit: 3)
[DELETE] (6589|hot) Too old: 8 days (limit: 3)
[DELETE] (6589|hot) Too old: 41 days (limit: 3)
[DELETE] (3049|hot) Too old: 26 days (limit: 3)
[DELETE] (3049|hot) Too old: 26 days (limit: 3)
[DELETE] (3049|hot) Too old: 19 days (limit: 3)
[DELETE] (3049|hot) Too old: 14 days (limit: 3)
[DELETE] (3049|hot) Too old: 12 days (limit: 3)
[DELETE] (3691|hot) Too old: 51 days (limit: 3)
[DELETE] (3691|hot) Too old: 44 days (limit: 3)
[DELETE] (3691|hot) Too old: 41 days (limit: 3)
[DELETE] (3691|hot) Too old: 14 days (limit: 3)
[DELETE] (3162|hot) Too old: 19 days (limit: 3)
[DELETE] (3691|hot) Too old: 12 days (limit: 3)
[OK] (3162) Updated content (4910 chars)
[DELETE] (3162|hot) Too old: 13 days (limit: 3)
[DELETE] (3162|hot) Too old: 16 days (limit: 3)
[OK] (3162) Updated content (4516 chars)
[DELETE] (8422|hot) Too old: 78 days (limit: 3)
[DELETE] (8422|hot) Too old: 78 days (limit: 3)
[DELETE] (8422|hot) Too old: 49 days (limit: 3)
[DELETE] (8422|hot) Too old: 49 days (limit: 3)
[DELETE] (2630|hot) Too old: 48 days (limit: 3)
[DELETE] (2630|hot) Too old: 48 days (limit: 3)
[DELETE] (8422|hot) Too old: 16 days (limit: 3)
[DELETE] (2630|hot) Too old: 47 days (limit: 3)
[DELETE] (2630|hot) Too old: 16 days (limit: 3)
[DELETE] (2630|hot) Too old: 7 days (limit: 3)
[DELETE] (8083|hot) Too old: 62 days (limit: 3)
[DELETE] (8083|hot) Too old: 50 days (limit: 3)
[DELETE] (8083|hot) Too old: 30 days (limit: 3)
[DELETE] (8083|hot) Too old: 19 days (limit: 3)
[DELETE] (8083|hot) Too old: 26 days (limit: 3)
[DELETE] (3563|hot) Too old: 30 days (limit: 3)
[DELETE] (3563|hot) Too old: 51 days (limit: 3)
[DELETE] (3563|hot) Too old: 30 days (limit: 3)
[DELETE] (6173|hot) Too old: 13 days (limit: 3)
[DELETE] (6173|hot) Too old: 13 days (limit: 3)
[DELETE] (3563|hot) Too old: 21 days (limit: 3)
[DELETE] (3501|hot) Too old: 44 days (limit: 3)
[DELETE] (3563|hot) Too old: 6 days (limit: 3)
[DELETE] (3501|hot) Too old: 44 days (limit: 3)
[DELETE] (6173|hot) Too old: 13 days (limit: 3)
[OK] (3501) Updated content (3926 chars)
[DELETE] (6173|hot) Too old: 8 days (limit: 3)
[DELETE] (3501|hot) Too old: 14 days (limit: 3)
[OK] (3501) Updated content (3867 chars)
[DELETE] (6173|hot) Too old: 7 days (limit: 3)
[DELETE] (3321|hot) Too old: 111 days (limit: 3)
[DELETE] (3321|hot) Too old: 50 days (limit: 3)
[DELETE] (3321|hot) Too old: 78 days (limit: 3)
[DELETE] (3321|hot) Too old: 27 days (limit: 3)
[DELETE] (6477|hot) Too old: 29 days (limit: 3)
[DELETE] (3321|hot) Too old: 19 days (limit: 3)
[DELETE] (6477|hot) Too old: 29 days (limit: 3)
[DELETE] (6477|hot) Too old: 29 days (limit: 3)
[DELETE] (6477|hot) Too old: 16 days (limit: 3)
[DELETE] (6477|hot) Too old: 9 days (limit: 3)
[DELETE] (4938|hot) Too old: 9 days (limit: 3)
[DELETE] (4938|hot) Too old: 6 days (limit: 3)
[DELETE] (4938|hot) Too old: 9 days (limit: 3)
[OK] (4938) Updated content (3289 chars)
[OK] (4938) Updated content (3317 chars)
[DELETE] (2421|hot) Too old: 30 days (limit: 3)
[DELETE] (2421|hot) Too old: 35 days (limit: 3)
[DELETE] (2421|hot) Too old: 30 days (limit: 3)
[DELETE] (2421|hot) Too old: 28 days (limit: 3)
[DELETE] (8028|hot) Too old: 30 days (limit: 3)
[DELETE] (2421|hot) Too old: 16 days (limit: 3)
[DELETE] (8028|hot) Too old: 30 days (limit: 3)
[DELETE] (8028|hot) Too old: 30 days (limit: 3)
[DELETE] (5871|hot) Too old: 7 days (limit: 3)
[DELETE] (8028|hot) Too old: 19 days (limit: 3)
[DELETE] (5871|hot) Too old: 7 days (limit: 3)
[DELETE] (8028|hot) Too old: 13 days (limit: 3)
[DELETE] (5871|hot) Too old: 7 days (limit: 3)
[DELETE] (5871|hot) Too old: 6 days (limit: 3)
[DELETE] (3628|hot) Too old: 44 days (limit: 3)
[OK] (5871) Updated content (3359 chars)
[DELETE] (3628|hot) Too old: 28 days (limit: 3)
[DELETE] (3628|hot) Too old: 28 days (limit: 3)
[DELETE] (5245|hot) Too old: 47 days (limit: 3)
[DELETE] (5245|hot) Too old: 42 days (limit: 3)
[DELETE] (3628|hot) Too old: 14 days (limit: 3)
[DELETE] (3628|hot) Too old: 28 days (limit: 3)
[DELETE] (5245|hot) Too old: 42 days (limit: 3)
[OK] (2233) Updated content (5175 chars)
[DELETE] (5245|hot) Too old: 42 days (limit: 3)
[DELETE] (5245|hot) Too old: 14 days (limit: 3)
[OK] (2233) Updated content (4005 chars)
[OK] (2233) Updated content (4835 chars)
[OK] (2233) Updated content (4530 chars)
[OK] (2233) Updated content (3991 chars)
[OK] (2357) Updated content (3363 chars)
[OK] (2357) Updated content (3256 chars)
[OK] (2357) Updated content (3291 chars)
[OK] (2357) Updated content (3054 chars)
[OK] (2357) Updated content (3155 chars)
[DELETE] (3092|hot) Too old: 28 days (limit: 3)
[DELETE] (3092|hot) Too old: 28 days (limit: 3)
[DELETE] (3092|hot) Too old: 15 days (limit: 3)
[OK] (3092) Updated content (4131 chars)
[DELETE] (3092|hot) Too old: 8 days (limit: 3)
[DELETE] (2027|hot) Too old: 8 days (limit: 3)
[DELETE] (2027|hot) Too old: 8 days (limit: 3)
[DELETE] (2027|hot) Too old: 8 days (limit: 3)
[DELETE] (2027|hot) Too old: 8 days (limit: 3)
[DELETE] (2027|hot) Too old: 6 days (limit: 3)
[DELETE] (2365|hot) Too old: 19 days (limit: 3)
[DELETE] (2365|hot) Too old: 15 days (limit: 3)
[DELETE] (2365|hot) Too old: 15 days (limit: 3)
[DELETE] (2365|hot) Too old: 7 days (limit: 3)
[DELETE] (4904|hot) Too old: 13 days (limit: 3)
[DELETE] (4904|hot) Too old: 13 days (limit: 3)
[DELETE] (2365|hot) Too old: 8 days (limit: 3)
[DELETE] (4904|hot) Too old: 8 days (limit: 3)
[DELETE] (4904|hot) Too old: 12 days (limit: 3)
[DELETE] (6449|hot) Too old: 26 days (limit: 3)
[DELETE] (4904|hot) Too old: 6 days (limit: 3)
[DELETE] (6449|hot) Too old: 26 days (limit: 3)
[DELETE] (6449|hot) Too old: 19 days (limit: 3)
[DELETE] (2504|hot) Too old: 43 days (limit: 3)
[DELETE] (6449|hot) Too old: 18 days (limit: 3)
[DELETE] (6449|hot) Too old: 19 days (limit: 3)
[DELETE] (2504|hot) Too old: 27 days (limit: 3)
[DELETE] (2504|hot) Too old: 16 days (limit: 3)
[DELETE] (2504|hot) Too old: 26 days (limit: 3)
[DELETE] (4939|hot) Too old: 35 days (limit: 3)
[DELETE] (2504|hot) Too old: 9 days (limit: 3)
[DELETE] (4939|hot) Too old: 35 days (limit: 3)
[DELETE] (4939|hot) Too old: 21 days (limit: 3)
[DELETE] (4939|hot) Too old: 19 days (limit: 3)
[DELETE] (4939|hot) Too old: 12 days (limit: 3)
[DELETE] (2834|hot) Too old: 6 days (limit: 3)
[DELETE] (2834|hot) Too old: 6 days (limit: 3)
[OK] (2834) Updated content (3022 chars)
[DELETE] (2834|hot) Too old: 6 days (limit: 3)
[OK] (2834) Updated content (3358 chars)
[DELETE] (2897|hot) Too old: 14 days (limit: 3)
[DELETE] (2897|hot) Too old: 11 days (limit: 3)
[DELETE] (2897|hot) Too old: 11 days (limit: 3)
[DELETE] (2897|hot) Too old: 11 days (limit: 3)
[DELETE] (2897|hot) Too old: 11 days (limit: 3)
[DELETE] (2387|hot) Too old: 55 days (limit: 3)
[DELETE] (2387|hot) Too old: 47 days (limit: 3)
[DELETE] (2387|hot) Too old: 44 days (limit: 3)
[DELETE] (2387|hot) Too old: 15 days (limit: 3)
[DELETE] (2387|hot) Too old: 26 days (limit: 3)
[DELETE] (2609|hot) Too old: 14 days (limit: 3)
[DELETE] (2609|hot) Too old: 14 days (limit: 3)
[DELETE] (2609|hot) Too old: 8 days (limit: 3)
[DELETE] (2609|hot) Too old: 6 days (limit: 3)
[DELETE] (2609|hot) Too old: 7 days (limit: 3)
[DELETE] (2465|hot) Too old: 41 days (limit: 3)
[DELETE] (2465|hot) Too old: 44 days (limit: 3)
[DELETE] (2465|hot) Too old: 21 days (limit: 3)
[DELETE] (2465|hot) Too old: 16 days (limit: 3)
[DELETE] (3605|hot) Too old: 47 days (limit: 3)
[DELETE] (2465|hot) Too old: 21 days (limit: 3)
[DELETE] (3605|hot) Too old: 47 days (limit: 3)
[DELETE] (3605|hot) Too old: 47 days (limit: 3)
[DELETE] (3605|hot) Too old: 19 days (limit: 3)
[DELETE] (2466|hot) Too old: 42 days (limit: 3)
[DELETE] (3605|hot) Too old: 19 days (limit: 3)
[DELETE] (2466|hot) Too old: 34 days (limit: 3)
[DELETE] (2466|hot) Too old: 14 days (limit: 3)
[DELETE] (2466|hot) Too old: 19 days (limit: 3)
[OK] (2466) Updated content (4301 chars)
[DELETE] (7786|hot) Too old: 26 days (limit: 3)
[DELETE] (7786|hot) Too old: 14 days (limit: 3)
[DELETE] (7786|hot) Too old: 40 days (limit: 3)
[DELETE] (7786|hot) Too old: 14 days (limit: 3)
[OK] (7786) Updated content (3715 chars)
[DELETE] (2543|hot) Too old: 7 days (limit: 3)
[DELETE] (2543|hot) Too old: 7 days (limit: 3)
[DELETE] (2543|hot) Too old: 6 days (limit: 3)
[DELETE] (2543|hot) Too old: 7 days (limit: 3)
[OK] (2543) Updated content (2763 chars)
[OK] (2454) Updated content (3418 chars)
[OK] (2454) Updated content (3459 chars)
[OK] (2454) Updated content (3615 chars)
[OK] (2454) Updated content (3238 chars)
[OK] (2454) Updated content (3637 chars)
[DELETE] (3028|hot) Too old: 77 days (limit: 3)
[DELETE] (3028|hot) Too old: 47 days (limit: 3)
[DELETE] (3028|hot) Too old: 23 days (limit: 3)
[DELETE] (3028|hot) Too old: 47 days (limit: 3)
[DELETE] (3028|hot) Too old: 16 days (limit: 3)
[DELETE] (6761|hot) Too old: 49 days (limit: 3)
[DELETE] (6761|hot) Too old: 47 days (limit: 3)
[DELETE] (6761|hot) Too old: 29 days (limit: 3)
[DELETE] (6761|hot) Too old: 16 days (limit: 3)
[DELETE] (6535|hot) Too old: 44 days (limit: 3)
[DELETE] (6535|hot) Too old: 29 days (limit: 3)
[DELETE] (6761|hot) Too old: 14 days (limit: 3)
[DELETE] (6535|hot) Too old: 27 days (limit: 3)
[DELETE] (6535|hot) Too old: 16 days (limit: 3)
[DELETE] (6535|hot) Too old: 26 days (limit: 3)
[DELETE] (2603|hot) Too old: 15 days (limit: 3)
[OK] (2603) Updated content (5800 chars)
[OK] (2603) Updated content (5606 chars)
[OK] (2603) Updated content (5804 chars)
[OK] (2603) Updated content (5297 chars)
[DELETE] (3034|hot) Too old: 26 days (limit: 3)
[DELETE] (3034|hot) Too old: 26 days (limit: 3)
[DELETE] (3034|hot) Too old: 22 days (limit: 3)
[DELETE] (3034|hot) Too old: 19 days (limit: 3)
[OK] (3034) Updated content (3971 chars)
[DELETE] (2201|hot) Too old: 28 days (limit: 3)
[DELETE] (2201|hot) Too old: 28 days (limit: 3)
[DELETE] (2201|hot) Too old: 12 days (limit: 3)
[DELETE] (2201|hot) Too old: 12 days (limit: 3)
[DELETE] (2201|hot) Too old: 14 days (limit: 3)
[DELETE] (3379|hot) Too old: 106 days (limit: 3)
[DELETE] (3379|hot) Too old: 75 days (limit: 3)
[DELETE] (3379|hot) Too old: 51 days (limit: 3)
[DELETE] (3379|hot) Too old: 44 days (limit: 3)
[DELETE] (3379|hot) Too old: 14 days (limit: 3)
[DELETE] (6782|hot) Too old: 48 days (limit: 3)
[DELETE] (6782|hot) Too old: 104 days (limit: 3)
[DELETE] (6782|hot) Too old: 77 days (limit: 3)
[DELETE] (6782|hot) Too old: 47 days (limit: 3)
[DELETE] (9938|hot) Too old: 15 days (limit: 3)
[DELETE] (6782|hot) Too old: 16 days (limit: 3)
[DELETE] (9938|hot) Too old: 15 days (limit: 3)
[DELETE] (9938|hot) Too old: 12 days (limit: 3)
[DELETE] (9938|hot) Too old: 6 days (limit: 3)
[DELETE] (9938|hot) Too old: 6 days (limit: 3)
[DELETE] (6732|hot) Too old: 50 days (limit: 3)
[DELETE] (6732|hot) Too old: 29 days (limit: 3)
[DELETE] (3689|hot) Too old: 28 days (limit: 3)
[DELETE] (6732|hot) Too old: 49 days (limit: 3)
[DELETE] (6732|hot) Too old: 27 days (limit: 3)
[DELETE] (6732|hot) Too old: 16 days (limit: 3)
[DELETE] (3689|hot) Too old: 28 days (limit: 3)
[DELETE] (3689|hot) Too old: 28 days (limit: 3)
[DELETE] (3689|hot) Too old: 28 days (limit: 3)
[DELETE] (3689|hot) Too old: 19 days (limit: 3)
[DELETE] (8464|hot) Too old: 23 days (limit: 3)
[DELETE] (8464|hot) Too old: 7 days (limit: 3)
[DELETE] (8464|hot) Too old: 14 days (limit: 3)
[DELETE] (6175|hot) Too old: 78 days (limit: 3)
[DELETE] (8464|hot) Too old: 7 days (limit: 3)
[DELETE] (8464|hot) Too old: 7 days (limit: 3)
[DELETE] (6175|hot) Too old: 48 days (limit: 3)
[DELETE] (2393|hot) Too old: 30 days (limit: 3)
[DELETE] (6175|hot) Too old: 16 days (limit: 3)
[DELETE] (6175|hot) Too old: 47 days (limit: 3)
[OK] (6175) Updated content (4243 chars)
[DELETE] (2393|hot) Too old: 20 days (limit: 3)
[DELETE] (2393|hot) Too old: 8 days (limit: 3)
[DELETE] (2393|hot) Too old: 15 days (limit: 3)
[DELETE] (6239|hot) Too old: 19 days (limit: 3)
[DELETE] (2393|hot) Too old: 11 days (limit: 3)
[DELETE] (6239|hot) Too old: 6 days (limit: 3)
[DELETE] (6239|hot) Too old: 14 days (limit: 3)
[DELETE] (6239|hot) Too old: 9 days (limit: 3)
[OK] (6239) Updated content (3074 chars)
[DELETE] (3372|hot) Too old: 65 days (limit: 3)
[DELETE] (3372|hot) Too old: 12 days (limit: 3)
[DELETE] (3372|hot) Too old: 16 days (limit: 3)
[OK] (3372) Updated content (3900 chars)
[DELETE] (3372|hot) Too old: 49 days (limit: 3)
[DELETE] (2537|hot) Too old: 106 days (limit: 3)
[DELETE] (2537|hot) Too old: 105 days (limit: 3)
[DELETE] (2537|hot) Too old: 75 days (limit: 3)
[DELETE] (2537|hot) Too old: 16 days (limit: 3)
[DELETE] (2537|hot) Too old: 47 days (limit: 3)
[DELETE] (8150|hot) Too old: 27 days (limit: 3)
[DELETE] (8150|hot) Too old: 6 days (limit: 3)
[DELETE] (8150|hot) Too old: 23 days (limit: 3)
[DELETE] (8150|hot) Too old: 9 days (limit: 3)
[OK] (8150) Updated content (5015 chars)
[DELETE] (3006|hot) Too old: 22 days (limit: 3)
[DELETE] (3006|hot) Too old: 33 days (limit: 3)
[DELETE] (3006|hot) Too old: 33 days (limit: 3)
[DELETE] (3006|hot) Too old: 33 days (limit: 3)
[DELETE] (3006|hot) Too old: 7 days (limit: 3)
[DELETE] (6510|hot) Too old: 16 days (limit: 3)
[DELETE] (6510|hot) Too old: 28 days (limit: 3)
[DELETE] (6510|hot) Too old: 16 days (limit: 3)
[DELETE] (6510|hot) Too old: 21 days (limit: 3)
[OK] (6510) Updated content (3715 chars)
[DELETE] (3406|hot) Too old: 15 days (limit: 3)
[DELETE] (3406|hot) Too old: 14 days (limit: 3)
[DELETE] (3406|hot) Too old: 13 days (limit: 3)
[DELETE] (3406|hot) Too old: 13 days (limit: 3)
[DELETE] (3406|hot) Too old: 13 days (limit: 3)
[DELETE] (8249|hot) Too old: 44 days (limit: 3)
[DELETE] (8249|hot) Too old: 21 days (limit: 3)
[DELETE] (8249|hot) Too old: 14 days (limit: 3)
[DELETE] (8249|hot) Too old: 30 days (limit: 3)
[DELETE] (5425|hot) Too old: 44 days (limit: 3)
[OK] (8249) Updated content (2594 chars)
[DELETE] (5425|hot) Too old: 14 days (limit: 3)
[DELETE] (5425|hot) Too old: 7 days (limit: 3)
[DELETE] (5425|hot) Too old: 7 days (limit: 3)
[DELETE] (5425|hot) Too old: 7 days (limit: 3)
[DELETE] (4739|hot) Too old: 30 days (limit: 3)
[DELETE] (4739|hot) Too old: 21 days (limit: 3)
[DELETE] (4739|hot) Too old: 30 days (limit: 3)
[DELETE] (4739|hot) Too old: 30 days (limit: 3)
[DELETE] (4739|hot) Too old: 16 days (limit: 3)
[DELETE] (9955|hot) Too old: 26 days (limit: 3)
[DELETE] (9955|hot) Too old: 23 days (limit: 3)
[DELETE] (9955|hot) Too old: 19 days (limit: 3)
[DELETE] (9955|hot) Too old: 15 days (limit: 3)
[DELETE] (9955|hot) Too old: 6 days (limit: 3)
[DELETE] (7722|hot) Too old: 29 days (limit: 3)
[DELETE] (7722|hot) Too old: 14 days (limit: 3)
[DELETE] (7722|hot) Too old: 14 days (limit: 3)
[DELETE] (7722|hot) Too old: 29 days (limit: 3)
[DELETE] (7722|hot) Too old: 13 days (limit: 3)
[DELETE] (6275|hot) Too old: 47 days (limit: 3)
[DELETE] (6275|hot) Too old: 43 days (limit: 3)
[DELETE] (6275|hot) Too old: 27 days (limit: 3)
[DELETE] (6275|hot) Too old: 27 days (limit: 3)
[DELETE] (6275|hot) Too old: 16 days (limit: 3)
[DELETE] (4540|hot) Too old: 48 days (limit: 3)
[DELETE] (4540|hot) Too old: 40 days (limit: 3)
[DELETE] (4540|hot) Too old: 48 days (limit: 3)
[DELETE] (4540|hot) Too old: 13 days (limit: 3)
[DELETE] (4540|hot) Too old: 14 days (limit: 3)
[DELETE] (6531|hot) Too old: 27 days (limit: 3)
[DELETE] (6531|hot) Too old: 47 days (limit: 3)
[DELETE] (6531|hot) Too old: 19 days (limit: 3)
[DELETE] (6531|hot) Too old: 20 days (limit: 3)
[DELETE] (6531|hot) Too old: 23 days (limit: 3)
[DELETE] (1597|hot) Too old: 47 days (limit: 3)
[DELETE] (1597|hot) Too old: 58 days (limit: 3)
[DELETE] (1597|hot) Too old: 28 days (limit: 3)
[DELETE] (6919|hot) Too old: 27 days (limit: 3)
[DELETE] (1597|hot) Too old: 28 days (limit: 3)
[DELETE] (1597|hot) Too old: 14 days (limit: 3)
[DELETE] (6919|hot) Too old: 33 days (limit: 3)
[DELETE] (6919|hot) Too old: 15 days (limit: 3)
[DELETE] (6919|hot) Too old: 21 days (limit: 3)
[DELETE] (4979|hot) Too old: 35 days (limit: 3)
[DELETE] (6919|hot) Too old: 6 days (limit: 3)
[DELETE] (4979|hot) Too old: 15 days (limit: 3)
[DELETE] (4979|hot) Too old: 13 days (limit: 3)
[DELETE] (4979|hot) Too old: 7 days (limit: 3)
[DELETE] (4979|hot) Too old: 8 days (limit: 3)
[DELETE] (6547|hot) Too old: 56 days (limit: 3)
[DELETE] (6547|hot) Too old: 47 days (limit: 3)
[DELETE] (6547|hot) Too old: 47 days (limit: 3)
[DELETE] (6547|hot) Too old: 55 days (limit: 3)
[DELETE] (6547|hot) Too old: 14 days (limit: 3)
[DELETE] (3617|hot) Too old: 43 days (limit: 3)
[DELETE] (3617|hot) Too old: 29 days (limit: 3)
[DELETE] (3617|hot) Too old: 29 days (limit: 3)
[DELETE] (3617|hot) Too old: 29 days (limit: 3)
[DELETE] (3617|hot) Too old: 14 days (limit: 3)
[DELETE] (4766|hot) Too old: 26 days (limit: 3)
[DELETE] (4766|hot) Too old: 23 days (limit: 3)
[DELETE] (4766|hot) Too old: 19 days (limit: 3)
[DELETE] (4766|hot) Too old: 15 days (limit: 3)
[DELETE] (4766|hot) Too old: 15 days (limit: 3)
[DELETE] (2014|hot) Too old: 33 days (limit: 3)
[DELETE] (2014|hot) Too old: 56 days (limit: 3)
[DELETE] (2014|hot) Too old: 47 days (limit: 3)
[DELETE] (2014|hot) Too old: 16 days (limit: 3)
[OK] (2014) Updated content (4668 chars)
[DELETE] (6126|hot) Too old: 9 days (limit: 3)
[DELETE] (6126|hot) Too old: 9 days (limit: 3)
[DELETE] (6126|hot) Too old: 9 days (limit: 3)
[OK] (6126) Updated content (4707 chars)
[DELETE] (6126|hot) Too old: 9 days (limit: 3)
[DELETE] (8271|hot) Too old: 48 days (limit: 3)
[DELETE] (8271|hot) Too old: 51 days (limit: 3)
[DELETE] (8271|hot) Too old: 40 days (limit: 3)
[DELETE] (8271|hot) Too old: 20 days (limit: 3)
[DELETE] (8271|hot) Too old: 27 days (limit: 3)
[DELETE] (6909|hot) Too old: 42 days (limit: 3)
[DELETE] (6909|hot) Too old: 40 days (limit: 3)
[DELETE] (6909|hot) Too old: 40 days (limit: 3)
[DELETE] (6909|hot) Too old: 29 days (limit: 3)
[DELETE] (3090|hot) Too old: 33 days (limit: 3)
[DELETE] (6909|hot) Too old: 14 days (limit: 3)
[DELETE] (3090|hot) Too old: 33 days (limit: 3)
[DELETE] (3090|hot) Too old: 33 days (limit: 3)
[DELETE] (3090|hot) Too old: 20 days (limit: 3)
[DELETE] (3090|hot) Too old: 8 days (limit: 3)
[DELETE] (1611|hot) Too old: 19 days (limit: 3)
[DELETE] (1611|hot) Too old: 20 days (limit: 3)
[DELETE] (1611|hot) Too old: 19 days (limit: 3)
[DELETE] (1611|hot) Too old: 8 days (limit: 3)
[DELETE] (3218|hot) Too old: 29 days (limit: 3)
[DELETE] (1611|hot) Too old: 19 days (limit: 3)
[DELETE] (3218|hot) Too old: 29 days (limit: 3)
[DELETE] (6894|hot) Too old: 40 days (limit: 3)
[DELETE] (3218|hot) Too old: 16 days (limit: 3)
[DELETE] (3218|hot) Too old: 6 days (limit: 3)
[DELETE] (3218|hot) Too old: 14 days (limit: 3)
[DELETE] (6894|hot) Too old: 34 days (limit: 3)
[DELETE] (6894|hot) Too old: 30 days (limit: 3)
[DELETE] (6894|hot) Too old: 30 days (limit: 3)
[DELETE] (6691|hot) Too old: 50 days (limit: 3)
[DELETE] (6894|hot) Too old: 19 days (limit: 3)
[DELETE] (6691|hot) Too old: 44 days (limit: 3)
[DELETE] (6691|hot) Too old: 30 days (limit: 3)
[DELETE] (3265|hot) Too old: 41 days (limit: 3)
[DELETE] (6691|hot) Too old: 16 days (limit: 3)
[DELETE] (6691|hot) Too old: 15 days (limit: 3)
[DELETE] (3265|hot) Too old: 23 days (limit: 3)
[DELETE] (3265|hot) Too old: 41 days (limit: 3)
[DELETE] (4974|hot) Too old: 55 days (limit: 3)
[DELETE] (3265|hot) Too old: 20 days (limit: 3)
[DELETE] (4974|hot) Too old: 50 days (limit: 3)
[DELETE] (3265|hot) Too old: 12 days (limit: 3)
[DELETE] (4974|hot) Too old: 26 days (limit: 3)
[DELETE] (4974|hot) Too old: 26 days (limit: 3)
[DELETE] (2636|hot) Too old: 19 days (limit: 3)
[DELETE] (4974|hot) Too old: 21 days (limit: 3)
[DELETE] (2636|hot) Too old: 14 days (limit: 3)
[DELETE] (2636|hot) Too old: 14 days (limit: 3)
[DELETE] (2636|hot) Too old: 8 days (limit: 3)
[DELETE] (2204|hot) Too old: 21 days (limit: 3)
[DELETE] (2636|hot) Too old: 14 days (limit: 3)
[DELETE] (2204|hot) Too old: 21 days (limit: 3)
[DELETE] (2204|hot) Too old: 14 days (limit: 3)
[DELETE] (2204|hot) Too old: 20 days (limit: 3)
[DELETE] (2204|hot) Too old: 12 days (limit: 3)
[DELETE] (6278|hot) Too old: 50 days (limit: 3)
[DELETE] (6278|hot) Too old: 50 days (limit: 3)
[DELETE] (6278|hot) Too old: 19 days (limit: 3)
[DELETE] (6278|hot) Too old: 47 days (limit: 3)
[OK] (6278) Updated content (3704 chars)
[DELETE] (8155|hot) Too old: 14 days (limit: 3)
[DELETE] (8155|hot) Too old: 30 days (limit: 3)
[DELETE] (8155|hot) Too old: 30 days (limit: 3)
[DELETE] (8155|hot) Too old: 14 days (limit: 3)
[OK] (8155) Updated content (3677 chars)
[OK] (3515) Updated content (3217 chars)
[OK] (3515) Updated content (2978 chars)
[OK] (3515) Updated content (3278 chars)
[OK] (3515) Updated content (3150 chars)
[OK] (3515) Updated content (3031 chars)
[DELETE] (5706|hot) Too old: 14 days (limit: 3)
[DELETE] (5706|hot) Too old: 20 days (limit: 3)
[DELETE] (5706|hot) Too old: 14 days (limit: 3)
[DELETE] (5706|hot) Too old: 14 days (limit: 3)
[DELETE] (5706|hot) Too old: 14 days (limit: 3)
[DELETE] (6272|hot) Too old: 14 days (limit: 3)
[DELETE] (6272|hot) Too old: 26 days (limit: 3)
[DELETE] (6272|hot) Too old: 26 days (limit: 3)
[DELETE] (6272|hot) Too old: 6 days (limit: 3)
[DELETE] (6272|hot) Too old: 14 days (limit: 3)
[DELETE] (2645|hot) Too old: 47 days (limit: 3)
[DELETE] (2645|hot) Too old: 75 days (limit: 3)
[DELETE] (2645|hot) Too old: 44 days (limit: 3)
[DELETE] (2836|hot) Too old: 47 days (limit: 3)
[DELETE] (2645|hot) Too old: 14 days (limit: 3)
[DELETE] (2645|hot) Too old: 37 days (limit: 3)
[DELETE] (2836|hot) Too old: 40 days (limit: 3)
[DELETE] (2836|hot) Too old: 15 days (limit: 3)
[DELETE] (6451|hot) Too old: 47 days (limit: 3)
[DELETE] (2836|hot) Too old: 13 days (limit: 3)
[DELETE] (2836|hot) Too old: 14 days (limit: 3)
[DELETE] (6451|hot) Too old: 42 days (limit: 3)
[DELETE] (6451|hot) Too old: 16 days (limit: 3)
[DELETE] (3430|hot) Too old: 75 days (limit: 3)
[DELETE] (6451|hot) Too old: 14 days (limit: 3)
[DELETE] (6451|hot) Too old: 12 days (limit: 3)
[DELETE] (3430|hot) Too old: 58 days (limit: 3)
[DELETE] (3430|hot) Too old: 42 days (limit: 3)
[DELETE] (3430|hot) Too old: 44 days (limit: 3)
[DELETE] (3430|hot) Too old: 14 days (limit: 3)
[DELETE] (8096|hot) Too old: 41 days (limit: 3)
[DELETE] (8096|hot) Too old: 20 days (limit: 3)
[DELETE] (8096|hot) Too old: 8 days (limit: 3)
[DELETE] (8096|hot) Too old: 16 days (limit: 3)
[DELETE] (8096|hot) Too old: 6 days (limit: 3)
[DELETE] (3152|hot) Too old: 50 days (limit: 3)
[DELETE] (3152|hot) Too old: 37 days (limit: 3)
[DELETE] (3152|hot) Too old: 23 days (limit: 3)
[DELETE] (3152|hot) Too old: 23 days (limit: 3)
[DELETE] (2890|hot) Too old: 7 days (limit: 3)
[DELETE] (2890|hot) Too old: 7 days (limit: 3)
[DELETE] (3152|hot) Too old: 19 days (limit: 3)
[DELETE] (2890|hot) Too old: 7 days (limit: 3)
[OK] (2890) Updated content (5705 chars)
[OK] (2890) Updated content (5890 chars)
[DELETE] (6829|hot) Too old: 48 days (limit: 3)
[DELETE] (6829|hot) Too old: 37 days (limit: 3)
[DELETE] (6829|hot) Too old: 27 days (limit: 3)
[DELETE] (6829|hot) Too old: 6 days (limit: 3)
[DELETE] (6829|hot) Too old: 16 days (limit: 3)
[DELETE] (2367|hot) Too old: 58 days (limit: 3)
[DELETE] (2367|hot) Too old: 47 days (limit: 3)
[DELETE] (2367|hot) Too old: 50 days (limit: 3)
[DELETE] (2367|hot) Too old: 8 days (limit: 3)
[DELETE] (2367|hot) Too old: 15 days (limit: 3)
[DELETE] (1710|hot) Too old: 75 days (limit: 3)
[DELETE] (1710|hot) Too old: 106 days (limit: 3)
[DELETE] (1710|hot) Too old: 47 days (limit: 3)
[DELETE] (1710|hot) Too old: 36 days (limit: 3)
[DELETE] (1710|hot) Too old: 14 days (limit: 3)
[DELETE] (8068|hot) Too old: 75 days (limit: 3)
[DELETE] (8068|hot) Too old: 44 days (limit: 3)
[DELETE] (8068|hot) Too old: 42 days (limit: 3)
[DELETE] (8068|hot) Too old: 103 days (limit: 3)
[DELETE] (8068|hot) Too old: 14 days (limit: 3)
[DELETE] (6143|hot) Too old: 78 days (limit: 3)
[DELETE] (6143|hot) Too old: 68 days (limit: 3)
[DELETE] (6143|hot) Too old: 48 days (limit: 3)
[DELETE] (6143|hot) Too old: 55 days (limit: 3)
[DELETE] (6143|hot) Too old: 16 days (limit: 3)
[DELETE] (4764|hot) Too old: 43 days (limit: 3)
[DELETE] (4764|hot) Too old: 33 days (limit: 3)
[DELETE] (4764|hot) Too old: 14 days (limit: 3)
[OK] (4764) Updated content (3815 chars)
[DELETE] (4764|hot) Too old: 19 days (limit: 3)
[DELETE] (1609|hot) Too old: 23 days (limit: 3)
[DELETE] (1609|hot) Too old: 30 days (limit: 3)
[DELETE] (1609|hot) Too old: 14 days (limit: 3)
[DELETE] (1609|hot) Too old: 23 days (limit: 3)
[DELETE] (1609|hot) Too old: 19 days (limit: 3)
[DELETE] (2731|hot) Too old: 47 days (limit: 3)
[DELETE] (2731|hot) Too old: 30 days (limit: 3)
[DELETE] (2731|hot) Too old: 30 days (limit: 3)
[DELETE] (2731|hot) Too old: 16 days (limit: 3)
[OK] (2882) Updated content (2552 chars)
[DELETE] (2731|hot) Too old: 22 days (limit: 3)
[OK] (2882) Updated content (2715 chars)
[OK] (2882) Updated content (3852 chars)
[OK] (2882) Updated content (3609 chars)
[OK] (2882) Updated content (3153 chars)
[DELETE] (3211|hot) Too old: 13 days (limit: 3)
[DELETE] (3211|hot) Too old: 13 days (limit: 3)
[OK] (3211) Updated content (4345 chars)
[DELETE] (3211|hot) Too old: 8 days (limit: 3)
[DELETE] (4303|hot) Too old: 34 days (limit: 3)
[DELETE] (3211|hot) Too old: 6 days (limit: 3)
[DELETE] (4303|hot) Too old: 33 days (limit: 3)
[DELETE] (4303|hot) Too old: 14 days (limit: 3)
[DELETE] (4303|hot) Too old: 33 days (limit: 3)
[DELETE] (3042|hot) Too old: 71 days (limit: 3)
[DELETE] (4303|hot) Too old: 13 days (limit: 3)
[DELETE] (3042|hot) Too old: 50 days (limit: 3)
[DELETE] (3042|hot) Too old: 19 days (limit: 3)
[DELETE] (3042|hot) Too old: 26 days (limit: 3)
[DELETE] (4523|hot) Too old: 14 days (limit: 3)
[DELETE] (3042|hot) Too old: 19 days (limit: 3)
[DELETE] (4523|hot) Too old: 12 days (limit: 3)
[DELETE] (4523|hot) Too old: 12 days (limit: 3)
[DELETE] (4523|hot) Too old: 9 days (limit: 3)
[DELETE] (2429|hot) Too old: 47 days (limit: 3)
[DELETE] (4523|hot) Too old: 12 days (limit: 3)
[DELETE] (2429|hot) Too old: 41 days (limit: 3)
[DELETE] (2429|hot) Too old: 37 days (limit: 3)
[DELETE] (2429|hot) Too old: 14 days (limit: 3)
[DELETE] (2429|hot) Too old: 8 days (limit: 3)
[DELETE] (3264|hot) Too old: 27 days (limit: 3)
[DELETE] (3264|hot) Too old: 27 days (limit: 3)
[DELETE] (3264|hot) Too old: 20 days (limit: 3)
[DELETE] (3264|hot) Too old: 6 days (limit: 3)
[DELETE] (3264|hot) Too old: 13 days (limit: 3)
[DELETE] (1503|hot) Too old: 14 days (limit: 3)
[DELETE] (1503|hot) Too old: 7 days (limit: 3)
[DELETE] (1503|hot) Too old: 42 days (limit: 3)
[DELETE] (1503|hot) Too old: 7 days (limit: 3)
[DELETE] (1503|hot) Too old: 7 days (limit: 3)
[DELETE] (6609|hot) Too old: 47 days (limit: 3)
[DELETE] (6609|hot) Too old: 14 days (limit: 3)
[DELETE] (6609|hot) Too old: 6 days (limit: 3)
[DELETE] (6609|hot) Too old: 47 days (limit: 3)
[DELETE] (2059|hot) Too old: 35 days (limit: 3)
[DELETE] (2059|hot) Too old: 35 days (limit: 3)
[DELETE] (2059|hot) Too old: 19 days (limit: 3)
[DELETE] (2059|hot) Too old: 35 days (limit: 3)
[DELETE] (6609|hot) Too old: 6 days (limit: 3)
[DELETE] (6672|hot) Too old: 49 days (limit: 3)
[DELETE] (2059|hot) Too old: 16 days (limit: 3)
[DELETE] (6672|hot) Too old: 47 days (limit: 3)
[DELETE] (6672|hot) Too old: 47 days (limit: 3)
[DELETE] (6672|hot) Too old: 36 days (limit: 3)
[DELETE] (6672|hot) Too old: 21 days (limit: 3)
[DELETE] (6515|hot) Too old: 7 days (limit: 3)
[DELETE] (6515|hot) Too old: 14 days (limit: 3)
[DELETE] (6515|hot) Too old: 7 days (limit: 3)
[DELETE] (6515|hot) Too old: 7 days (limit: 3)
[OK] (6515) Updated content (4136 chars)
[DELETE] (2049|hot) Too old: 19 days (limit: 3)
[DELETE] (2049|hot) Too old: 13 days (limit: 3)
[DELETE] (2049|hot) Too old: 9 days (limit: 3)
[DELETE] (6199|hot) Too old: 15 days (limit: 3)
[DELETE] (2049|hot) Too old: 6 days (limit: 3)
[DELETE] (2049|hot) Too old: 6 days (limit: 3)
[DELETE] (6199|hot) Too old: 15 days (limit: 3)
[DELETE] (6199|hot) Too old: 15 days (limit: 3)
[DELETE] (6199|hot) Too old: 12 days (limit: 3)
[DELETE] (6199|hot) Too old: 9 days (limit: 3)
[DELETE] (8927|hot) Too old: 47 days (limit: 3)
[DELETE] (8927|hot) Too old: 47 days (limit: 3)
[DELETE] (8927|hot) Too old: 47 days (limit: 3)
[DELETE] (8927|hot) Too old: 47 days (limit: 3)
[DELETE] (8927|hot) Too old: 14 days (limit: 3)
[DELETE] (7736|hot) Too old: 50 days (limit: 3)
[DELETE] (7736|hot) Too old: 42 days (limit: 3)
[DELETE] (7736|hot) Too old: 47 days (limit: 3)
[DELETE] (7736|hot) Too old: 16 days (limit: 3)
[DELETE] (4973|hot) Too old: 22 days (limit: 3)
[OK] (7736) Updated content (4202 chars)
[DELETE] (4973|hot) Too old: 16 days (limit: 3)
[DELETE] (4973|hot) Too old: 6 days (limit: 3)
[DELETE] (4973|hot) Too old: 6 days (limit: 3)
[DELETE] (3714|hot) Too old: 20 days (limit: 3)
[DELETE] (4973|hot) Too old: 6 days (limit: 3)
[DELETE] (3714|hot) Too old: 20 days (limit: 3)
[DELETE] (3714|hot) Too old: 19 days (limit: 3)
[DELETE] (3714|hot) Too old: 20 days (limit: 3)
[DELETE] (3714|hot) Too old: 14 days (limit: 3)
[DELETE] (2404|hot) Too old: 44 days (limit: 3)
[DELETE] (2404|hot) Too old: 43 days (limit: 3)
[DELETE] (2404|hot) Too old: 23 days (limit: 3)
[DELETE] (2404|hot) Too old: 14 days (limit: 3)
[DELETE] (2404|hot) Too old: 13 days (limit: 3)
[DELETE] (7714|hot) Too old: 55 days (limit: 3)
[DELETE] (7714|hot) Too old: 47 days (limit: 3)
[DELETE] (7714|hot) Too old: 37 days (limit: 3)
[DELETE] (7714|hot) Too old: 47 days (limit: 3)
[DELETE] (4912|hot) Too old: 16 days (limit: 3)
[DELETE] (7714|hot) Too old: 14 days (limit: 3)
[DELETE] (4912|hot) Too old: 40 days (limit: 3)
[DELETE] (4912|hot) Too old: 16 days (limit: 3)
[DELETE] (4912|hot) Too old: 16 days (limit: 3)
[DELETE] (4912|hot) Too old: 16 days (limit: 3)
[DELETE] (4561|hot) Too old: 47 days (limit: 3)
[DELETE] (4561|hot) Too old: 49 days (limit: 3)
[DELETE] (4561|hot) Too old: 43 days (limit: 3)
[DELETE] (4561|hot) Too old: 21 days (limit: 3)
[OK] (4561) Updated content (4201 chars)
[DELETE] (8289|hot) Too old: 26 days (limit: 3)
[DELETE] (8289|hot) Too old: 26 days (limit: 3)
[DELETE] (8289|hot) Too old: 26 days (limit: 3)
[DELETE] (8289|hot) Too old: 26 days (limit: 3)
[DELETE] (8289|hot) Too old: 16 days (limit: 3)
[DELETE] (8112|hot) Too old: 16 days (limit: 3)
[DELETE] (8112|hot) Too old: 16 days (limit: 3)
[DELETE] (8112|hot) Too old: 16 days (limit: 3)
[DELETE] (5478|hot) Too old: 35 days (limit: 3)
[DELETE] (8112|hot) Too old: 14 days (limit: 3)
[DELETE] (8112|hot) Too old: 16 days (limit: 3)
[DELETE] (5478|hot) Too old: 27 days (limit: 3)
[DELETE] (5478|hot) Too old: 27 days (limit: 3)
[DELETE] (5478|hot) Too old: 9 days (limit: 3)
[DELETE] (5478|hot) Too old: 9 days (limit: 3)
[OK] (3711) Updated content (5120 chars)
[OK] (3711) Updated content (4973 chars)
[OK] (3711) Updated content (4707 chars)
[OK] (3711) Updated content (4989 chars)
[DELETE] (6134|hot) Too old: 43 days (limit: 3)
[OK] (3711) Updated content (3578 chars)
[DELETE] (6134|hot) Too old: 34 days (limit: 3)
[DELETE] (6134|hot) Too old: 19 days (limit: 3)
[DELETE] (6134|hot) Too old: 43 days (limit: 3)
[DELETE] (6134|hot) Too old: 29 days (limit: 3)
[DELETE] (1402|hot) Too old: 7 days (limit: 3)
[OK] (1402) Updated content (4334 chars)
[OK] (1402) Updated content (5540 chars)
[DELETE] (1402|hot) Too old: 6 days (limit: 3)
[OK] (1402) Updated content (4201 chars)
[DELETE] (6015|hot) Too old: 19 days (limit: 3)
[OK] (6015) Updated content (3053 chars)
[DELETE] (6015|hot) Too old: 7 days (limit: 3)
[DELETE] (6015|hot) Too old: 7 days (limit: 3)
[DELETE] (2402|hot) Too old: 23 days (limit: 3)
[DELETE] (6015|hot) Too old: 7 days (limit: 3)
[DELETE] (2402|hot) Too old: 8 days (limit: 3)
[DELETE] (2402|hot) Too old: 8 days (limit: 3)
[DELETE] (2402|hot) Too old: 8 days (limit: 3)
[DELETE] (8234|hot) Too old: 42 days (limit: 3)
[DELETE] (2402|hot) Too old: 8 days (limit: 3)
[DELETE] (8234|hot) Too old: 40 days (limit: 3)
[DELETE] (8234|hot) Too old: 42 days (limit: 3)
[DELETE] (8234|hot) Too old: 42 days (limit: 3)
[DELETE] (8234|hot) Too old: 16 days (limit: 3)
[DELETE] (6890|hot) Too old: 44 days (limit: 3)
[DELETE] (6890|hot) Too old: 14 days (limit: 3)
[DELETE] (6890|hot) Too old: 19 days (limit: 3)
[DELETE] (6890|hot) Too old: 8 days (limit: 3)
[DELETE] (6890|hot) Too old: 8 days (limit: 3)
[DELETE] (1605|hot) Too old: 30 days (limit: 3)
[DELETE] (1605|hot) Too old: 33 days (limit: 3)
[DELETE] (1605|hot) Too old: 21 days (limit: 3)
[DELETE] (1605|hot) Too old: 19 days (limit: 3)
[DELETE] (1605|hot) Too old: 6 days (limit: 3)
[DELETE] (6179|hot) Too old: 44 days (limit: 3)
[DELETE] (6179|hot) Too old: 44 days (limit: 3)
[DELETE] (6179|hot) Too old: 40 days (limit: 3)
[DELETE] (6179|hot) Too old: 26 days (limit: 3)
[DELETE] (6179|hot) Too old: 15 days (limit: 3)
[DELETE] (3036|hot) Too old: 15 days (limit: 3)
[DELETE] (3036|hot) Too old: 15 days (limit: 3)
[DELETE] (3036|hot) Too old: 15 days (limit: 3)
[DELETE] (3036|hot) Too old: 15 days (limit: 3)
[DELETE] (3036|hot) Too old: 14 days (limit: 3)
[DELETE] (7402|hot) Too old: 22 days (limit: 3)
[DELETE] (7402|hot) Too old: 19 days (limit: 3)
[DELETE] (7402|hot) Too old: 12 days (limit: 3)
[DELETE] (7402|hot) Too old: 9 days (limit: 3)
[DELETE] (7402|hot) Too old: 12 days (limit: 3)
[OK] (5263) Updated content (3362 chars)
[OK] (5263) Updated content (3426 chars)
[OK] (5263) Updated content (3487 chars)
[OK] (5263) Updated content (3437 chars)
[OK] (5263) Updated content (3349 chars)
[DELETE] (8227|hot) Too old: 34 days (limit: 3)
[DELETE] (8227|hot) Too old: 34 days (limit: 3)
[DELETE] (8227|hot) Too old: 29 days (limit: 3)
[DELETE] (8227|hot) Too old: 21 days (limit: 3)
[DELETE] (6757|hot) Too old: 7 days (limit: 3)
[DELETE] (8227|hot) Too old: 16 days (limit: 3)
[DELETE] (6757|hot) Too old: 7 days (limit: 3)
[DELETE] (6757|hot) Too old: 6 days (limit: 3)
[OK] (6757) Updated content (5123 chars)
[DELETE] (6757|hot) Too old: 6 days (limit: 3)
[DELETE] (2115|hot) Too old: 47 days (limit: 3)
[DELETE] (2115|hot) Too old: 28 days (limit: 3)
[DELETE] (2115|hot) Too old: 19 days (limit: 3)
[DELETE] (2115|hot) Too old: 22 days (limit: 3)
[DELETE] (2115|hot) Too old: 22 days (limit: 3)
[DELETE] (2439|hot) Too old: 19 days (limit: 3)
[DELETE] (2439|hot) Too old: 19 days (limit: 3)
[DELETE] (2439|hot) Too old: 19 days (limit: 3)
[DELETE] (2439|hot) Too old: 19 days (limit: 3)
[DELETE] (2439|hot) Too old: 7 days (limit: 3)
[OK] (2337) Updated content (3273 chars)
[OK] (2337) Updated content (3315 chars)
[OK] (2337) Updated content (3083 chars)
[OK] (2337) Updated content (3061 chars)
[OK] (2337) Updated content (3124 chars)
[DELETE] (6230|hot) Too old: 47 days (limit: 3)
[DELETE] (6230|hot) Too old: 19 days (limit: 3)
[DELETE] (6230|hot) Too old: 13 days (limit: 3)
[DELETE] (6230|hot) Too old: 47 days (limit: 3)
[DELETE] (3027|hot) Too old: 47 days (limit: 3)
[DELETE] (3027|hot) Too old: 34 days (limit: 3)
[OK] (6230) Updated content (2977 chars)
[DELETE] (3027|hot) Too old: 19 days (limit: 3)
[DELETE] (3027|hot) Too old: 16 days (limit: 3)
[DELETE] (3027|hot) Too old: 13 days (limit: 3)
[DELETE] (8033|hot) Too old: 23 days (limit: 3)
[DELETE] (8033|hot) Too old: 19 days (limit: 3)
[DELETE] (8033|hot) Too old: 22 days (limit: 3)
[DELETE] (8033|hot) Too old: 19 days (limit: 3)
[DELETE] (8033|hot) Too old: 15 days (limit: 3)
[DELETE] (4583|hot) Too old: 61 days (limit: 3)
[DELETE] (4583|hot) Too old: 19 days (limit: 3)
[DELETE] (4583|hot) Too old: 48 days (limit: 3)
[DELETE] (4583|hot) Too old: 14 days (limit: 3)
[DELETE] (4583|hot) Too old: 14 days (limit: 3)
[DELETE] (2106|hot) Too old: 44 days (limit: 3)
[DELETE] (2106|hot) Too old: 33 days (limit: 3)
[DELETE] (3580|hot) Too old: 75 days (limit: 3)
[DELETE] (2106|hot) Too old: 21 days (limit: 3)
[DELETE] (2106|hot) Too old: 14 days (limit: 3)
[DELETE] (2106|hot) Too old: 8 days (limit: 3)
[DELETE] (3580|hot) Too old: 47 days (limit: 3)
[DELETE] (3580|hot) Too old: 42 days (limit: 3)
[DELETE] (3580|hot) Too old: 19 days (limit: 3)
[DELETE] (2302|hot) Too old: 33 days (limit: 3)
[DELETE] (3580|hot) Too old: 14 days (limit: 3)
[DELETE] (2302|hot) Too old: 14 days (limit: 3)
[DELETE] (8131|hot) Too old: 57 days (limit: 3)
[DELETE] (2302|hot) Too old: 26 days (limit: 3)
[DELETE] (2302|hot) Too old: 26 days (limit: 3)
[DELETE] (2302|hot) Too old: 9 days (limit: 3)
[DELETE] (8131|hot) Too old: 16 days (limit: 3)
[DELETE] (8131|hot) Too old: 49 days (limit: 3)
[DELETE] (8131|hot) Too old: 20 days (limit: 3)
[DELETE] (8131|hot) Too old: 49 days (limit: 3)
[DELETE] (1905|hot) Too old: 8 days (limit: 3)
[DELETE] (1905|hot) Too old: 8 days (limit: 3)
[DELETE] (1905|hot) Too old: 8 days (limit: 3)
[OK] (1905) Updated content (3867 chars)
[DELETE] (1905|hot) Too old: 7 days (limit: 3)
[DELETE] (5284|hot) Too old: 47 days (limit: 3)
[DELETE] (5284|hot) Too old: 33 days (limit: 3)
[DELETE] (5284|hot) Too old: 34 days (limit: 3)
[DELETE] (5284|hot) Too old: 20 days (limit: 3)
[DELETE] (5284|hot) Too old: 34 days (limit: 3)
[DELETE] (2354|hot) Too old: 16 days (limit: 3)
[DELETE] (2354|hot) Too old: 15 days (limit: 3)
[DELETE] (2354|hot) Too old: 14 days (limit: 3)
[DELETE] (2354|hot) Too old: 9 days (limit: 3)
[DELETE] (2354|hot) Too old: 9 days (limit: 3)
[DELETE] (6021|hot) Too old: 15 days (limit: 3)
[DELETE] (6021|hot) Too old: 7 days (limit: 3)
[DELETE] (6021|hot) Too old: 7 days (limit: 3)
[DELETE] (6021|hot) Too old: 15 days (limit: 3)
[DELETE] (6021|hot) Too old: 7 days (limit: 3)
[DELETE] (4960|hot) Too old: 48 days (limit: 3)
[DELETE] (4770|hot) Too old: 107 days (limit: 3)
[DELETE] (4770|hot) Too old: 107 days (limit: 3)
[DELETE] (4960|hot) Too old: 48 days (limit: 3)
[DELETE] (4770|hot) Too old: 76 days (limit: 3)
[DELETE] (4960|hot) Too old: 48 days (limit: 3)
[DELETE] (4770|hot) Too old: 47 days (limit: 3)
[DELETE] (4960|hot) Too old: 14 days (limit: 3)
[DELETE] (4960|hot) Too old: 47 days (limit: 3)
[DELETE] (4770|hot) Too old: 16 days (limit: 3)
[DELETE] (6485|hot) Too old: 78 days (limit: 3)
[DELETE] (6485|hot) Too old: 105 days (limit: 3)
[DELETE] (6485|hot) Too old: 48 days (limit: 3)
[DELETE] (6485|hot) Too old: 19 days (limit: 3)
[DELETE] (6485|hot) Too old: 47 days (limit: 3)
[DELETE] (9921|hot) Too old: 14 days (limit: 3)
[DELETE] (9921|hot) Too old: 14 days (limit: 3)
[OK] (9921) Updated content (5560 chars)
[DELETE] (9921|hot) Too old: 6 days (limit: 3)
[DELETE] (9921|hot) Too old: 6 days (limit: 3)
[DELETE] (4164|hot) Too old: 20 days (limit: 3)
[DELETE] (4164|hot) Too old: 20 days (limit: 3)
[DELETE] (4164|hot) Too old: 19 days (limit: 3)
[DELETE] (4164|hot) Too old: 14 days (limit: 3)
[DELETE] (4164|hot) Too old: 14 days (limit: 3)
[DELETE] (8074|hot) Too old: 35 days (limit: 3)
[DELETE] (8074|hot) Too old: 35 days (limit: 3)
[OK] (8074) Updated content (3617 chars)
[DELETE] (8074|hot) Too old: 16 days (limit: 3)
[DELETE] (9942|hot) Too old: 49 days (limit: 3)
[DELETE] (9942|hot) Too old: 43 days (limit: 3)
[OK] (8074) Updated content (3255 chars)
[DELETE] (9942|hot) Too old: 16 days (limit: 3)
[DELETE] (9942|hot) Too old: 34 days (limit: 3)
[DELETE] (9942|hot) Too old: 6 days (limit: 3)
[DELETE] (2458|hot) Too old: 15 days (limit: 3)
[DELETE] (2458|hot) Too old: 15 days (limit: 3)
[DELETE] (2458|hot) Too old: 16 days (limit: 3)
[DELETE] (2458|hot) Too old: 15 days (limit: 3)
[DELETE] (2458|hot) Too old: 8 days (limit: 3)
[DELETE] (8107|hot) Too old: 6 days (limit: 3)
[DELETE] (8107|hot) Too old: 6 days (limit: 3)
[DELETE] (8107|hot) Too old: 6 days (limit: 3)
[DELETE] (8107|hot) Too old: 6 days (limit: 3)
[DELETE] (5009|hot) Too old: 55 days (limit: 3)
[DELETE] (5009|hot) Too old: 51 days (limit: 3)
[DELETE] (8107|hot) Too old: 6 days (limit: 3)
[DELETE] (5009|hot) Too old: 44 days (limit: 3)
[DELETE] (5009|hot) Too old: 14 days (limit: 3)
[DELETE] (2880|hot) Too old: 6 days (limit: 3)
[DELETE] (5009|hot) Too old: 27 days (limit: 3)
[OK] (2880) Updated content (3375 chars)
[DELETE] (1540|hot) Too old: 75 days (limit: 3)
[DELETE] (1540|hot) Too old: 61 days (limit: 3)
[OK] (2880) Updated content (3097 chars)
[OK] (2880) Updated content (4901 chars)
[DELETE] (1540|hot) Too old: 47 days (limit: 3)
[OK] (2880) Updated content (4215 chars)
[DELETE] (1540|hot) Too old: 47 days (limit: 3)
[DELETE] (1540|hot) Too old: 14 days (limit: 3)
[DELETE] (6698|hot) Too old: 51 days (limit: 3)
[DELETE] (6698|hot) Too old: 47 days (limit: 3)
[DELETE] (6698|hot) Too old: 15 days (limit: 3)
[DELETE] (6698|hot) Too old: 7 days (limit: 3)
[OK] (6698) Updated content (3506 chars)
[DELETE] (3047|hot) Too old: 15 days (limit: 3)
[DELETE] (3047|hot) Too old: 47 days (limit: 3)
[DELETE] (3047|hot) Too old: 8 days (limit: 3)
[DELETE] (3047|hot) Too old: 8 days (limit: 3)
[DELETE] (4966|hot) Too old: 26 days (limit: 3)
[DELETE] (3047|hot) Too old: 8 days (limit: 3)
[DELETE] (4966|hot) Too old: 23 days (limit: 3)
[DELETE] (4966|hot) Too old: 20 days (limit: 3)
[DELETE] (4966|hot) Too old: 23 days (limit: 3)
[DELETE] (4966|hot) Too old: 7 days (limit: 3)
[DELETE] (5483|hot) Too old: 7 days (limit: 3)
[OK] (5483) Updated content (3392 chars)
[OK] (5483) Updated content (4055 chars)
[OK] (5483) Updated content (2793 chars)
[OK] (5483) Updated content (5025 chars)
[DELETE] (6235|hot) Too old: 43 days (limit: 3)
[DELETE] (6235|hot) Too old: 43 days (limit: 3)
[DELETE] (6235|hot) Too old: 33 days (limit: 3)
[DELETE] (6235|hot) Too old: 22 days (limit: 3)
[DELETE] (6235|hot) Too old: 22 days (limit: 3)
[DELETE] (6113|hot) Too old: 14 days (limit: 3)
[DELETE] (6113|hot) Too old: 7 days (limit: 3)
[DELETE] (6113|hot) Too old: 21 days (limit: 3)
[DELETE] (6113|hot) Too old: 7 days (limit: 3)
[DELETE] (6113|hot) Too old: 7 days (limit: 3)
[DELETE] (2352|hot) Too old: 19 days (limit: 3)
[DELETE] (2352|hot) Too old: 19 days (limit: 3)
[DELETE] (2352|hot) Too old: 19 days (limit: 3)
[DELETE] (2352|hot) Too old: 19 days (limit: 3)
[DELETE] (4919|hot) Too old: 29 days (limit: 3)
[DELETE] (4919|hot) Too old: 27 days (limit: 3)
[DELETE] (4919|hot) Too old: 19 days (limit: 3)
[OK] (2352) Updated content (3590 chars)
[DELETE] (4919|hot) Too old: 23 days (limit: 3)
[DELETE] (2368|hot) Too old: 16 days (limit: 3)
[OK] (4919) Updated content (3134 chars)
[DELETE] (2368|hot) Too old: 20 days (limit: 3)
[DELETE] (2368|hot) Too old: 19 days (limit: 3)
[DELETE] (2368|hot) Too old: 19 days (limit: 3)
[DELETE] (2368|hot) Too old: 8 days (limit: 3)
[DELETE] (6261|hot) Too old: 63 days (limit: 3)
[DELETE] (6261|hot) Too old: 58 days (limit: 3)
[DELETE] (6261|hot) Too old: 50 days (limit: 3)
[DELETE] (6261|hot) Too old: 48 days (limit: 3)
[DELETE] (4104|hot) Too old: 55 days (limit: 3)
[DELETE] (6261|hot) Too old: 16 days (limit: 3)
[DELETE] (4104|hot) Too old: 47 days (limit: 3)
[DELETE] (4104|hot) Too old: 29 days (limit: 3)
[DELETE] (4104|hot) Too old: 47 days (limit: 3)
[DELETE] (8027|hot) Too old: 12 days (limit: 3)
[DELETE] (4104|hot) Too old: 14 days (limit: 3)
[DELETE] (8027|hot) Too old: 6 days (limit: 3)
[DELETE] (8027|hot) Too old: 6 days (limit: 3)
[DELETE] (8027|hot) Too old: 6 days (limit: 3)
[DELETE] (8027|hot) Too old: 6 days (limit: 3)
[DELETE] (3060|hot) Too old: 105 days (limit: 3)
[DELETE] (3060|hot) Too old: 47 days (limit: 3)
[DELETE] (3060|hot) Too old: 77 days (limit: 3)
[DELETE] (3060|hot) Too old: 16 days (limit: 3)
[OK] (3060) Updated content (4671 chars)
[DELETE] (8431|hot) Too old: 41 days (limit: 3)
[DELETE] (8431|hot) Too old: 14 days (limit: 3)
[DELETE] (8431|hot) Too old: 41 days (limit: 3)
[DELETE] (8431|hot) Too old: 9 days (limit: 3)
[DELETE] (8431|hot) Too old: 9 days (limit: 3)
[DELETE] (3023|hot) Too old: 28 days (limit: 3)
[DELETE] (3023|hot) Too old: 27 days (limit: 3)
[DELETE] (3023|hot) Too old: 27 days (limit: 3)
[DELETE] (3023|hot) Too old: 22 days (limit: 3)
[DELETE] (3023|hot) Too old: 22 days (limit: 3)
[DELETE] (3543|hot) Too old: 75 days (limit: 3)
[DELETE] (3543|hot) Too old: 48 days (limit: 3)
[DELETE] (3543|hot) Too old: 14 days (limit: 3)
[DELETE] (3543|hot) Too old: 48 days (limit: 3)
[DELETE] (3543|hot) Too old: 47 days (limit: 3)
[DELETE] (1440|hot) Too old: 44 days (limit: 3)
[DELETE] (1440|hot) Too old: 29 days (limit: 3)
[DELETE] (1440|hot) Too old: 29 days (limit: 3)
[DELETE] (1440|hot) Too old: 20 days (limit: 3)
[DELETE] (1440|hot) Too old: 16 days (limit: 3)
[DELETE] (2912|hot) Too old: 14 days (limit: 3)
[OK] (2912) Updated content (5161 chars)
[OK] (2912) Updated content (5056 chars)
[DELETE] (2912|hot) Too old: 14 days (limit: 3)
[OK] (2912) Updated content (5408 chars)
[DELETE] (3324|hot) Too old: 26 days (limit: 3)
[DELETE] (3324|hot) Too old: 23 days (limit: 3)
[DELETE] (3324|hot) Too old: 16 days (limit: 3)
[DELETE] (3324|hot) Too old: 22 days (limit: 3)
[DELETE] (3324|hot) Too old: 6 days (limit: 3)
[DELETE] (3236|hot) Too old: 15 days (limit: 3)
[DELETE] (3236|hot) Too old: 15 days (limit: 3)
[DELETE] (2723|hot) Too old: 68 days (limit: 3)
[DELETE] (2723|hot) Too old: 44 days (limit: 3)
[DELETE] (3236|hot) Too old: 15 days (limit: 3)
[DELETE] (2723|hot) Too old: 34 days (limit: 3)
[DELETE] (2723|hot) Too old: 29 days (limit: 3)
[DELETE] (3236|hot) Too old: 15 days (limit: 3)
[DELETE] (3236|hot) Too old: 15 days (limit: 3)
[DELETE] (2723|hot) Too old: 14 days (limit: 3)
[DELETE] (6163|hot) Too old: 42 days (limit: 3)
[DELETE] (6163|hot) Too old: 43 days (limit: 3)
[DELETE] (6163|hot) Too old: 41 days (limit: 3)
[DELETE] (6163|hot) Too old: 28 days (limit: 3)
[DELETE] (2801|hot) Too old: 6 days (limit: 3)
[DELETE] (6163|hot) Too old: 14 days (limit: 3)
[DELETE] (2801|hot) Too old: 6 days (limit: 3)
[DELETE] (2801|hot) Too old: 6 days (limit: 3)
[DELETE] (2801|hot) Too old: 6 days (limit: 3)
[OK] (2801) Updated content (3296 chars)
[DELETE] (8043|hot) Too old: 13 days (limit: 3)
[DELETE] (8043|hot) Too old: 13 days (limit: 3)
[DELETE] (8043|hot) Too old: 13 days (limit: 3)
[DELETE] (8043|hot) Too old: 13 days (limit: 3)
[DELETE] (1325|hot) Too old: 56 days (limit: 3)
[DELETE] (8043|hot) Too old: 6 days (limit: 3)
[DELETE] (1325|hot) Too old: 75 days (limit: 3)
[DELETE] (1325|hot) Too old: 47 days (limit: 3)
[DELETE] (1325|hot) Too old: 47 days (limit: 3)
[DELETE] (3056|hot) Too old: 43 days (limit: 3)
[DELETE] (3056|hot) Too old: 33 days (limit: 3)
[DELETE] (1325|hot) Too old: 14 days (limit: 3)
[DELETE] (3056|hot) Too old: 30 days (limit: 3)
[DELETE] (3056|hot) Too old: 16 days (limit: 3)
[DELETE] (3035|hot) Too old: 27 days (limit: 3)
[DELETE] (3035|hot) Too old: 27 days (limit: 3)
[DELETE] (3035|hot) Too old: 19 days (limit: 3)
[OK] (3056) Updated content (3195 chars)
[OK] (3035) Updated content (3180 chars)
[DELETE] (4526|hot) Too old: 14 days (limit: 3)
[OK] (3035) Updated content (3012 chars)
[DELETE] (9958|hot) Too old: 64 days (limit: 3)
[DELETE] (4526|hot) Too old: 7 days (limit: 3)
[DELETE] (9958|hot) Too old: 51 days (limit: 3)
[DELETE] (4526|hot) Too old: 7 days (limit: 3)
[DELETE] (4526|hot) Too old: 7 days (limit: 3)
[DELETE] (9958|hot) Too old: 42 days (limit: 3)
[DELETE] (9958|hot) Too old: 49 days (limit: 3)
[DELETE] (4526|hot) Too old: 7 days (limit: 3)
[DELETE] (6803|hot) Too old: 44 days (limit: 3)
[DELETE] (6803|hot) Too old: 47 days (limit: 3)
[DELETE] (6803|hot) Too old: 42 days (limit: 3)
[DELETE] (9958|hot) Too old: 19 days (limit: 3)
[DELETE] (6803|hot) Too old: 16 days (limit: 3)
[DELETE] (6803|hot) Too old: 6 days (limit: 3)
[DELETE] (3015|hot) Too old: 13 days (limit: 3)
[DELETE] (3015|hot) Too old: 13 days (limit: 3)
[DELETE] (3015|hot) Too old: 13 days (limit: 3)
[DELETE] (3015|hot) Too old: 13 days (limit: 3)
[OK] (3015) Updated content (3860 chars)
[DELETE] (3257|hot) Too old: 56 days (limit: 3)
[DELETE] (3257|hot) Too old: 49 days (limit: 3)
[DELETE] (3257|hot) Too old: 64 days (limit: 3)
[DELETE] (3257|hot) Too old: 49 days (limit: 3)
[DELETE] (4961|hot) Too old: 26 days (limit: 3)
[DELETE] (4961|hot) Too old: 22 days (limit: 3)
[DELETE] (4961|hot) Too old: 21 days (limit: 3)
[DELETE] (4961|hot) Too old: 20 days (limit: 3)
[DELETE] (3257|hot) Too old: 16 days (limit: 3)
[DELETE] (4961|hot) Too old: 20 days (limit: 3)
[DELETE] (5228|hot) Too old: 56 days (limit: 3)
[DELETE] (5228|hot) Too old: 48 days (limit: 3)
[DELETE] (5228|hot) Too old: 47 days (limit: 3)
[DELETE] (5228|hot) Too old: 19 days (limit: 3)
[DELETE] (5228|hot) Too old: 6 days (limit: 3)
[DELETE] (3715|hot) Too old: 29 days (limit: 3)
[DELETE] (3715|hot) Too old: 21 days (limit: 3)
[DELETE] (3715|hot) Too old: 16 days (limit: 3)
[DELETE] (3715|hot) Too old: 20 days (limit: 3)
[DELETE] (3715|hot) Too old: 15 days (limit: 3)
[DELETE] (8938|hot) Too old: 41 days (limit: 3)
[DELETE] (8938|hot) Too old: 16 days (limit: 3)
[DELETE] (8938|hot) Too old: 26 days (limit: 3)
[DELETE] (8938|hot) Too old: 41 days (limit: 3)
[DELETE] (8476|hot) Too old: 34 days (limit: 3)
[DELETE] (8938|hot) Too old: 33 days (limit: 3)
[DELETE] (8476|hot) Too old: 19 days (limit: 3)
[DELETE] (8476|hot) Too old: 14 days (limit: 3)
[DELETE] (8476|hot) Too old: 6 days (limit: 3)
[DELETE] (8476|hot) Too old: 6 days (limit: 3)
[DELETE] (6213|hot) Too old: 27 days (limit: 3)
[DELETE] (6213|hot) Too old: 27 days (limit: 3)
[DELETE] (6213|hot) Too old: 19 days (limit: 3)
[DELETE] (6213|hot) Too old: 27 days (limit: 3)
[DELETE] (3704|hot) Too old: 26 days (limit: 3)
[OK] (6213) Updated content (4314 chars)
[DELETE] (3704|hot) Too old: 14 days (limit: 3)
[DELETE] (3704|hot) Too old: 9 days (limit: 3)
[DELETE] (3704|hot) Too old: 9 days (limit: 3)
[DELETE] (6785|hot) Too old: 48 days (limit: 3)
[DELETE] (3704|hot) Too old: 9 days (limit: 3)
[DELETE] (6785|hot) Too old: 37 days (limit: 3)
[DELETE] (6785|hot) Too old: 23 days (limit: 3)
[DELETE] (6785|hot) Too old: 35 days (limit: 3)
[DELETE] (4577|hot) Too old: 70 days (limit: 3)
[DELETE] (6785|hot) Too old: 30 days (limit: 3)
[DELETE] (4577|hot) Too old: 48 days (limit: 3)
[DELETE] (4577|hot) Too old: 45 days (limit: 3)
[DELETE] (4577|hot) Too old: 30 days (limit: 3)
[DELETE] (4577|hot) Too old: 14 days (limit: 3)
[DELETE] (5309|hot) Too old: 50 days (limit: 3)
[DELETE] (5309|hot) Too old: 48 days (limit: 3)
[DELETE] (5309|hot) Too old: 36 days (limit: 3)
[DELETE] (5309|hot) Too old: 44 days (limit: 3)
[DELETE] (6620|hot) Too old: 14 days (limit: 3)
[DELETE] (5309|hot) Too old: 16 days (limit: 3)
[DELETE] (6620|hot) Too old: 14 days (limit: 3)
[DELETE] (6620|hot) Too old: 8 days (limit: 3)
[DELETE] (5608|hot) Too old: 47 days (limit: 3)
[DELETE] (5608|hot) Too old: 27 days (limit: 3)
[DELETE] (6620|hot) Too old: 7 days (limit: 3)
[DELETE] (6620|hot) Too old: 6 days (limit: 3)
[DELETE] (5608|hot) Too old: 19 days (limit: 3)
[DELETE] (5608|hot) Too old: 27 days (limit: 3)
[DELETE] (1590|hot) Too old: 22 days (limit: 3)
[DELETE] (5608|hot) Too old: 15 days (limit: 3)
[DELETE] (1590|hot) Too old: 22 days (limit: 3)
[DELETE] (1590|hot) Too old: 22 days (limit: 3)
[DELETE] (1590|hot) Too old: 22 days (limit: 3)
[DELETE] (5432|hot) Too old: 49 days (limit: 3)
[DELETE] (1590|hot) Too old: 22 days (limit: 3)
[DELETE] (5432|hot) Too old: 21 days (limit: 3)
[DELETE] (5432|hot) Too old: 48 days (limit: 3)
[DELETE] (5432|hot) Too old: 36 days (limit: 3)
[DELETE] (1773|hot) Too old: 107 days (limit: 3)
[DELETE] (5432|hot) Too old: 12 days (limit: 3)
[DELETE] (1773|hot) Too old: 77 days (limit: 3)
[DELETE] (1773|hot) Too old: 28 days (limit: 3)
[DELETE] (1773|hot) Too old: 19 days (limit: 3)
[DELETE] (1773|hot) Too old: 47 days (limit: 3)
[DELETE] (3339|hot) Too old: 70 days (limit: 3)
[DELETE] (3339|hot) Too old: 48 days (limit: 3)
[DELETE] (3339|hot) Too old: 43 days (limit: 3)
[DELETE] (3339|hot) Too old: 8 days (limit: 3)
[DELETE] (4722|hot) Too old: 21 days (limit: 3)
[DELETE] (3339|hot) Too old: 47 days (limit: 3)
[DELETE] (4722|hot) Too old: 21 days (limit: 3)
[DELETE] (4722|hot) Too old: 13 days (limit: 3)
[DELETE] (4722|hot) Too old: 12 days (limit: 3)
[DELETE] (4722|hot) Too old: 19 days (limit: 3)
[DELETE] (4746|hot) Too old: 51 days (limit: 3)
[DELETE] (4746|hot) Too old: 50 days (limit: 3)
[DELETE] (4746|hot) Too old: 43 days (limit: 3)
[DELETE] (4746|hot) Too old: 19 days (limit: 3)
[DELETE] (4746|hot) Too old: 35 days (limit: 3)
[DELETE] (6215|hot) Too old: 26 days (limit: 3)
[DELETE] (6215|hot) Too old: 26 days (limit: 3)
[DELETE] (6215|hot) Too old: 15 days (limit: 3)
[DELETE] (6215|hot) Too old: 26 days (limit: 3)
[DELETE] (6215|hot) Too old: 16 days (limit: 3)
[DELETE] (6461|hot) Too old: 37 days (limit: 3)
[DELETE] (6461|hot) Too old: 28 days (limit: 3)
[DELETE] (6461|hot) Too old: 28 days (limit: 3)
[DELETE] (6461|hot) Too old: 28 days (limit: 3)
[DELETE] (6461|hot) Too old: 14 days (limit: 3)
[DELETE] (3041|hot) Too old: 41 days (limit: 3)
[DELETE] (3041|hot) Too old: 41 days (limit: 3)
[DELETE] (3041|hot) Too old: 36 days (limit: 3)
[DELETE] (3041|hot) Too old: 41 days (limit: 3)
[DELETE] (1313|hot) Too old: 47 days (limit: 3)
[DELETE] (3041|hot) Too old: 14 days (limit: 3)
[DELETE] (1313|hot) Too old: 35 days (limit: 3)
[DELETE] (1313|hot) Too old: 29 days (limit: 3)
[DELETE] (1313|hot) Too old: 29 days (limit: 3)
[DELETE] (1313|hot) Too old: 16 days (limit: 3)
[DELETE] (1785|hot) Too old: 30 days (limit: 3)
[DELETE] (1785|hot) Too old: 30 days (limit: 3)
[DELETE] (1785|hot) Too old: 30 days (limit: 3)
[DELETE] (1785|hot) Too old: 30 days (limit: 3)
[DELETE] (1785|hot) Too old: 30 days (limit: 3)
[DELETE] (6170|hot) Too old: 13 days (limit: 3)
[DELETE] (6170|hot) Too old: 13 days (limit: 3)
[DELETE] (6170|hot) Too old: 13 days (limit: 3)
[OK] (6170) Updated content (4065 chars)
[DELETE] (6170|hot) Too old: 9 days (limit: 3)
[DELETE] (3051|hot) Too old: 56 days (limit: 3)
[DELETE] (3051|hot) Too old: 22 days (limit: 3)
[DELETE] (3051|hot) Too old: 51 days (limit: 3)
[DELETE] (3051|hot) Too old: 48 days (limit: 3)
[OK] (1303) Updated content (3745 chars)
[OK] (3051) Updated content (3921 chars)
[OK] (1303) Updated content (3060 chars)
[OK] (1303) Updated content (4566 chars)
[OK] (1303) Updated content (3893 chars)
[DELETE] (2331|hot) Too old: 26 days (limit: 3)
[DELETE] (2331|hot) Too old: 28 days (limit: 3)
[DELETE] (2331|hot) Too old: 16 days (limit: 3)
[OK] (1303) Updated content (5850 chars)
[DELETE] (2331|hot) Too old: 22 days (limit: 3)
[DELETE] (6005|hot) Too old: 34 days (limit: 3)
[DELETE] (2331|hot) Too old: 14 days (limit: 3)
[DELETE] (6005|hot) Too old: 16 days (limit: 3)
[DELETE] (6005|hot) Too old: 28 days (limit: 3)
[DELETE] (6005|hot) Too old: 34 days (limit: 3)
[DELETE] (6005|hot) Too old: 14 days (limit: 3)
[DELETE] (6753|hot) Too old: 47 days (limit: 3)
[DELETE] (6753|hot) Too old: 44 days (limit: 3)
[DELETE] (6753|hot) Too old: 47 days (limit: 3)
[DELETE] (6753|hot) Too old: 14 days (limit: 3)
[DELETE] (6753|hot) Too old: 13 days (limit: 3)
[DELETE] (3004|hot) Too old: 53 days (limit: 3)
[DELETE] (3004|hot) Too old: 43 days (limit: 3)
[DELETE] (3004|hot) Too old: 53 days (limit: 3)
[DELETE] (3004|hot) Too old: 22 days (limit: 3)
[DELETE] (3004|hot) Too old: 22 days (limit: 3)
[DELETE] (6412|hot) Too old: 50 days (limit: 3)
[DELETE] (6412|hot) Too old: 50 days (limit: 3)
[DELETE] (6412|hot) Too old: 26 days (limit: 3)
[DELETE] (6412|hot) Too old: 50 days (limit: 3)
[DELETE] (6412|hot) Too old: 20 days (limit: 3)
[DELETE] (1608|hot) Too old: 36 days (limit: 3)
[DELETE] (1608|hot) Too old: 15 days (limit: 3)
[DELETE] (1608|hot) Too old: 7 days (limit: 3)
[DELETE] (1608|hot) Too old: 7 days (limit: 3)
[DELETE] (6186|hot) Too old: 48 days (limit: 3)
[DELETE] (1608|hot) Too old: 7 days (limit: 3)
[DELETE] (6186|hot) Too old: 44 days (limit: 3)
[DELETE] (6186|hot) Too old: 44 days (limit: 3)
[DELETE] (6186|hot) Too old: 30 days (limit: 3)
[DELETE] (6186|hot) Too old: 19 days (limit: 3)
[DELETE] (2324|hot) Too old: 9 days (limit: 3)
[DELETE] (2324|hot) Too old: 9 days (limit: 3)
[DELETE] (2324|hot) Too old: 9 days (limit: 3)
[DELETE] (2324|hot) Too old: 8 days (limit: 3)
[OK] (2324) Updated content (3376 chars)
[DELETE] (4768|hot) Too old: 27 days (limit: 3)
[DELETE] (4768|hot) Too old: 30 days (limit: 3)
[DELETE] (4768|hot) Too old: 26 days (limit: 3)
[DELETE] (4768|hot) Too old: 14 days (limit: 3)
[DELETE] (4768|hot) Too old: 25 days (limit: 3)
[DELETE] (4532|hot) Too old: 58 days (limit: 3)
[DELETE] (3234|hot) Too old: 26 days (limit: 3)
[DELETE] (3234|hot) Too old: 26 days (limit: 3)
[DELETE] (4532|hot) Too old: 48 days (limit: 3)
[DELETE] (4532|hot) Too old: 16 days (limit: 3)
[DELETE] (4532|hot) Too old: 12 days (limit: 3)
[DELETE] (3234|hot) Too old: 26 days (limit: 3)
[DELETE] (3234|hot) Too old: 20 days (limit: 3)
[OK] (4532) Updated content (2853 chars)
[DELETE] (8284|hot) Too old: 47 days (limit: 3)
[DELETE] (8284|hot) Too old: 14 days (limit: 3)
[DELETE] (3234|hot) Too old: 16 days (limit: 3)
[DELETE] (8284|hot) Too old: 6 days (limit: 3)
[DELETE] (8284|hot) Too old: 6 days (limit: 3)
[DELETE] (6176|hot) Too old: 19 days (limit: 3)
[OK] (8284) Updated content (4541 chars)
[DELETE] (6176|hot) Too old: 19 days (limit: 3)
[DELETE] (6176|hot) Too old: 19 days (limit: 3)
[DELETE] (6176|hot) Too old: 16 days (limit: 3)
[DELETE] (6176|hot) Too old: 8 days (limit: 3)
[DELETE] (3356|hot) Too old: 76 days (limit: 3)
[DELETE] (3356|hot) Too old: 75 days (limit: 3)
[DELETE] (3356|hot) Too old: 47 days (limit: 3)
[DELETE] (3356|hot) Too old: 55 days (limit: 3)
[DELETE] (3356|hot) Too old: 15 days (limit: 3)
[DELETE] (7703|hot) Too old: 35 days (limit: 3)
[DELETE] (3346|hot) Too old: 21 days (limit: 3)
[DELETE] (7703|hot) Too old: 35 days (limit: 3)
[DELETE] (3346|hot) Too old: 14 days (limit: 3)
[DELETE] (7703|hot) Too old: 35 days (limit: 3)
[OK] (3346) Updated content (4934 chars)
[DELETE] (7703|hot) Too old: 16 days (limit: 3)
[OK] (3346) Updated content (5727 chars)
[DELETE] (7703|hot) Too old: 14 days (limit: 3)
[DELETE] (3219|hot) Too old: 47 days (limit: 3)
[OK] (3346) Updated content (4584 chars)
[DELETE] (3219|hot) Too old: 6 days (limit: 3)
[DELETE] (3219|hot) Too old: 33 days (limit: 3)
[DELETE] (3219|hot) Too old: 6 days (limit: 3)
[DELETE] (3219|hot) Too old: 16 days (limit: 3)
[DELETE] (8042|hot) Too old: 16 days (limit: 3)
[DELETE] (8042|hot) Too old: 16 days (limit: 3)
[DELETE] (8042|hot) Too old: 7 days (limit: 3)
[DELETE] (2207|hot) Too old: 6 days (limit: 3)
[DELETE] (8042|hot) Too old: 16 days (limit: 3)
[DELETE] (8042|hot) Too old: 16 days (limit: 3)
[DELETE] (2207|hot) Too old: 6 days (limit: 3)
[OK] (2207) Updated content (3645 chars)
[DELETE] (2207|hot) Too old: 6 days (limit: 3)
[DELETE] (2207|hot) Too old: 6 days (limit: 3)
[DELETE] (2426|hot) Too old: 51 days (limit: 3)
[DELETE] (2426|hot) Too old: 47 days (limit: 3)
[DELETE] (3037|hot) Too old: 6 days (limit: 3)
[OK] (3037) Updated content (3457 chars)
[DELETE] (2426|hot) Too old: 33 days (limit: 3)
[OK] (3037) Updated content (4312 chars)
[OK] (2426) Updated content (5452 chars)
[OK] (3037) Updated content (2997 chars)
[OK] (3037) Updated content (3303 chars)
[DELETE] (2426|hot) Too old: 16 days (limit: 3)
[DELETE] (8926|hot) Too old: 35 days (limit: 3)
[DELETE] (8926|hot) Too old: 26 days (limit: 3)
[DELETE] (8926|hot) Too old: 26 days (limit: 3)
[DELETE] (8926|hot) Too old: 16 days (limit: 3)
[DELETE] (3532|hot) Too old: 27 days (limit: 3)
[DELETE] (8926|hot) Too old: 8 days (limit: 3)
[DELETE] (3532|hot) Too old: 13 days (limit: 3)
[DELETE] (3532|hot) Too old: 16 days (limit: 3)
[DELETE] (3532|hot) Too old: 13 days (limit: 3)
[DELETE] (2457|hot) Too old: 47 days (limit: 3)
[DELETE] (3532|hot) Too old: 7 days (limit: 3)
[DELETE] (2457|hot) Too old: 20 days (limit: 3)
[DELETE] (2457|hot) Too old: 19 days (limit: 3)
[DELETE] (2457|hot) Too old: 15 days (limit: 3)
[DELETE] (2457|hot) Too old: 15 days (limit: 3)
[DELETE] (6177|hot) Too old: 47 days (limit: 3)
[DELETE] (6177|hot) Too old: 43 days (limit: 3)
[DELETE] (6177|hot) Too old: 8 days (limit: 3)
[DELETE] (6177|hot) Too old: 8 days (limit: 3)
[DELETE] (6177|hot) Too old: 14 days (limit: 3)
[DELETE] (3086|hot) Too old: 47 days (limit: 3)
[DELETE] (3086|hot) Too old: 43 days (limit: 3)
[DELETE] (3086|hot) Too old: 19 days (limit: 3)
[DELETE] (3086|hot) Too old: 14 days (limit: 3)
[DELETE] (3086|hot) Too old: 7 days (limit: 3)
[DELETE] (3008|hot) Too old: 6 days (limit: 3)
[DELETE] (3008|hot) Too old: 6 days (limit: 3)
[DELETE] (3008|hot) Too old: 6 days (limit: 3)
[DELETE] (2388|hot) Too old: 6 days (limit: 3)
[DELETE] (3008|hot) Too old: 6 days (limit: 3)
[OK] (3008) Updated content (3224 chars)
[DELETE] (2388|hot) Too old: 6 days (limit: 3)
[DELETE] (2388|hot) Too old: 6 days (limit: 3)
[DELETE] (2388|hot) Too old: 6 days (limit: 3)
[OK] (2388) Updated content (3917 chars)
[DELETE] (2646|hot) Too old: 9 days (limit: 3)
[DELETE] (2646|hot) Too old: 7 days (limit: 3)
[DELETE] (2646|hot) Too old: 7 days (limit: 3)
[DELETE] (2646|hot) Too old: 7 days (limit: 3)
[OK] (2646) Updated content (5262 chars)
[DELETE] (7810|hot) Too old: 41 days (limit: 3)
[DELETE] (7810|hot) Too old: 47 days (limit: 3)
[DELETE] (7810|hot) Too old: 35 days (limit: 3)
[DELETE] (7810|hot) Too old: 37 days (limit: 3)
[DELETE] (6727|hot) Too old: 44 days (limit: 3)
[DELETE] (7810|hot) Too old: 14 days (limit: 3)
[DELETE] (6727|hot) Too old: 50 days (limit: 3)
[DELETE] (6727|hot) Too old: 42 days (limit: 3)
[DELETE] (6727|hot) Too old: 42 days (limit: 3)
[DELETE] (6117|hot) Too old: 48 days (limit: 3)
[DELETE] (6117|hot) Too old: 48 days (limit: 3)
[DELETE] (6727|hot) Too old: 14 days (limit: 3)
[DELETE] (6117|hot) Too old: 30 days (limit: 3)
[OK] (6117) Updated content (4138 chars)
[DELETE] (6117|hot) Too old: 14 days (limit: 3)
[DELETE] (6416|hot) Too old: 85 days (limit: 3)
[DELETE] (6416|hot) Too old: 111 days (limit: 3)
[DELETE] (6416|hot) Too old: 47 days (limit: 3)
[DELETE] (6416|hot) Too old: 77 days (limit: 3)
[DELETE] (6416|hot) Too old: 19 days (limit: 3)
[DELETE] (3029|hot) Too old: 28 days (limit: 3)
[DELETE] (3029|hot) Too old: 16 days (limit: 3)
[DELETE] (3029|hot) Too old: 21 days (limit: 3)
[DELETE] (3029|hot) Too old: 28 days (limit: 3)
[DELETE] (3029|hot) Too old: 26 days (limit: 3)
[DELETE] (6719|hot) Too old: 51 days (limit: 3)
[DELETE] (6719|hot) Too old: 19 days (limit: 3)
[DELETE] (6719|hot) Too old: 35 days (limit: 3)
[DELETE] (6719|hot) Too old: 7 days (limit: 3)
[DELETE] (6719|hot) Too old: 48 days (limit: 3)
[DELETE] (6233|hot) Too old: 16 days (limit: 3)
[DELETE] (6233|hot) Too old: 78 days (limit: 3)
[DELETE] (6233|hot) Too old: 8 days (limit: 3)
[DELETE] (6233|hot) Too old: 8 days (limit: 3)
[DELETE] (6233|hot) Too old: 48 days (limit: 3)
[DELETE] (6862|hot) Too old: 15 days (limit: 3)
[DELETE] (6862|hot) Too old: 15 days (limit: 3)
[DELETE] (6862|hot) Too old: 15 days (limit: 3)
[DELETE] (6862|hot) Too old: 14 days (limit: 3)
[DELETE] (6862|hot) Too old: 6 days (limit: 3)
[DELETE] (6670|hot) Too old: 28 days (limit: 3)
[DELETE] (6469|hot) Too old: 26 days (limit: 3)
[DELETE] (6469|hot) Too old: 26 days (limit: 3)
[DELETE] (6670|hot) Too old: 28 days (limit: 3)
[DELETE] (6670|hot) Too old: 28 days (limit: 3)
[DELETE] (6469|hot) Too old: 26 days (limit: 3)
[DELETE] (6670|hot) Too old: 16 days (limit: 3)
[DELETE] (6469|hot) Too old: 26 days (limit: 3)
[DELETE] (6670|hot) Too old: 28 days (limit: 3)
[DELETE] (6469|hot) Too old: 14 days (limit: 3)
[DELETE] (2451|hot) Too old: 37 days (limit: 3)
[DELETE] (2451|hot) Too old: 40 days (limit: 3)
[DELETE] (2451|hot) Too old: 22 days (limit: 3)
[DELETE] (2451|hot) Too old: 36 days (limit: 3)
[DELETE] (2451|hot) Too old: 21 days (limit: 3)
[DELETE] (6153|hot) Too old: 19 days (limit: 3)
[DELETE] (6153|hot) Too old: 28 days (limit: 3)
[DELETE] (6153|hot) Too old: 14 days (limit: 3)
[DELETE] (6153|hot) Too old: 14 days (limit: 3)
[DELETE] (6153|hot) Too old: 14 days (limit: 3)
[DELETE] (5534|hot) Too old: 42 days (limit: 3)
[DELETE] (5534|hot) Too old: 20 days (limit: 3)
[DELETE] (5534|hot) Too old: 14 days (limit: 3)
[DELETE] (5534|hot) Too old: 20 days (limit: 3)
[DELETE] (5534|hot) Too old: 20 days (limit: 3)
[DELETE] (1711|hot) Too old: 61 days (limit: 3)
[DELETE] (1711|hot) Too old: 41 days (limit: 3)
[DELETE] (1711|hot) Too old: 27 days (limit: 3)
[DELETE] (1711|hot) Too old: 48 days (limit: 3)
[DELETE] (1711|hot) Too old: 19 days (limit: 3)
[DELETE] (8478|hot) Too old: 43 days (limit: 3)
[DELETE] (8478|hot) Too old: 26 days (limit: 3)
[DELETE] (8478|hot) Too old: 16 days (limit: 3)
[DELETE] (8478|hot) Too old: 12 days (limit: 3)
[DELETE] (8478|hot) Too old: 14 days (limit: 3)
[DELETE] (4763|hot) Too old: 49 days (limit: 3)
[DELETE] (4763|hot) Too old: 78 days (limit: 3)
[DELETE] (4763|hot) Too old: 50 days (limit: 3)
[DELETE] (4763|hot) Too old: 42 days (limit: 3)
[DELETE] (4763|hot) Too old: 16 days (limit: 3)
[DELETE] (5469|hot) Too old: 6 days (limit: 3)
[DELETE] (5469|hot) Too old: 6 days (limit: 3)
[DELETE] (5469|hot) Too old: 6 days (limit: 3)
[DELETE] (5469|hot) Too old: 6 days (limit: 3)
[DELETE] (5469|hot) Too old: 6 days (limit: 3)
[DELETE] (6472|hot) Too old: 6 days (limit: 3)
[DELETE] (6472|hot) Too old: 6 days (limit: 3)
[DELETE] (6472|hot) Too old: 6 days (limit: 3)
[DELETE] (6472|hot) Too old: 5 days (limit: 3)
[OK] (6472) Updated content (3134 chars)
[DELETE] (3466|hot) Too old: 27 days (limit: 3)
[DELETE] (3466|hot) Too old: 27 days (limit: 3)
[DELETE] (3466|hot) Too old: 14 days (limit: 3)
[DELETE] (3466|hot) Too old: 8 days (limit: 3)
[DELETE] (3466|hot) Too old: 8 days (limit: 3)
[DELETE] (8374|hot) Too old: 50 days (limit: 3)
[DELETE] (8374|hot) Too old: 36 days (limit: 3)
[DELETE] (8374|hot) Too old: 34 days (limit: 3)
[DELETE] (8374|hot) Too old: 12 days (limit: 3)
[DELETE] (8374|hot) Too old: 22 days (limit: 3)
[DELETE] (3380|hot) Too old: 20 days (limit: 3)
[DELETE] (3380|hot) Too old: 20 days (limit: 3)
[DELETE] (3380|hot) Too old: 20 days (limit: 3)
[DELETE] (3380|hot) Too old: 20 days (limit: 3)
[DELETE] (6435|hot) Too old: 61 days (limit: 3)
[DELETE] (6435|hot) Too old: 69 days (limit: 3)
[DELETE] (3380|hot) Too old: 20 days (limit: 3)
[DELETE] (6435|hot) Too old: 69 days (limit: 3)
[DELETE] (1231|hot) Too old: 47 days (limit: 3)
[DELETE] (1231|hot) Too old: 44 days (limit: 3)
[DELETE] (6435|hot) Too old: 49 days (limit: 3)
[DELETE] (6435|hot) Too old: 19 days (limit: 3)
[DELETE] (1231|hot) Too old: 43 days (limit: 3)
[DELETE] (1231|hot) Too old: 15 days (limit: 3)
[DELETE] (1477|hot) Too old: 29 days (limit: 3)
[DELETE] (1477|hot) Too old: 29 days (limit: 3)
[OK] (1231) Updated content (4114 chars)
[DELETE] (1477|hot) Too old: 27 days (limit: 3)
[DELETE] (1477|hot) Too old: 22 days (limit: 3)
[DELETE] (1477|hot) Too old: 22 days (limit: 3)
[DELETE] (2101|hot) Too old: 36 days (limit: 3)
[DELETE] (2101|hot) Too old: 42 days (limit: 3)
[DELETE] (2101|hot) Too old: 29 days (limit: 3)
[DELETE] (2101|hot) Too old: 19 days (limit: 3)
[DELETE] (2101|hot) Too old: 21 days (limit: 3)
[DELETE] (3491|hot) Too old: 27 days (limit: 3)
[DELETE] (3491|hot) Too old: 26 days (limit: 3)
[DELETE] (3491|hot) Too old: 19 days (limit: 3)
[DELETE] (3491|hot) Too old: 19 days (limit: 3)
[DELETE] (1584|hot) Too old: 23 days (limit: 3)
[DELETE] (1584|hot) Too old: 27 days (limit: 3)
[DELETE] (1584|hot) Too old: 19 days (limit: 3)
[DELETE] (3491|hot) Too old: 15 days (limit: 3)
[DELETE] (1584|hot) Too old: 19 days (limit: 3)
[DELETE] (2467|hot) Too old: 27 days (limit: 3)
[DELETE] (1584|hot) Too old: 16 days (limit: 3)
[DELETE] (2467|hot) Too old: 23 days (limit: 3)
[DELETE] (2467|hot) Too old: 13 days (limit: 3)
[DELETE] (2467|hot) Too old: 16 days (limit: 3)
[OK] (2467) Updated content (5070 chars)
[DELETE] (3149|hot) Too old: 34 days (limit: 3)
[DELETE] (3149|hot) Too old: 34 days (limit: 3)
[DELETE] (3149|hot) Too old: 28 days (limit: 3)
[DELETE] (3149|hot) Too old: 22 days (limit: 3)
[DELETE] (3149|hot) Too old: 16 days (limit: 3)
[DELETE] (6138|hot) Too old: 49 days (limit: 3)
[DELETE] (6138|hot) Too old: 61 days (limit: 3)
[DELETE] (6138|hot) Too old: 48 days (limit: 3)
[DELETE] (6138|hot) Too old: 61 days (limit: 3)
[DELETE] (5475|hot) Too old: 45 days (limit: 3)
[DELETE] (6138|hot) Too old: 19 days (limit: 3)
[DELETE] (5475|hot) Too old: 23 days (limit: 3)
[DELETE] (5475|hot) Too old: 40 days (limit: 3)
[DELETE] (5475|hot) Too old: 21 days (limit: 3)
[DELETE] (2486|hot) Too old: 30 days (limit: 3)
[DELETE] (5475|hot) Too old: 14 days (limit: 3)
[DELETE] (2486|hot) Too old: 30 days (limit: 3)
[DELETE] (2486|hot) Too old: 22 days (limit: 3)
[DELETE] (2486|hot) Too old: 19 days (limit: 3)
[DELETE] (3017|hot) Too old: 22 days (limit: 3)
[DELETE] (3017|hot) Too old: 16 days (limit: 3)
[OK] (2486) Updated content (4709 chars)
[DELETE] (3017|hot) Too old: 30 days (limit: 3)
[DELETE] (3017|hot) Too old: 13 days (limit: 3)
[DELETE] (4542|hot) Too old: 27 days (limit: 3)
[DELETE] (4542|hot) Too old: 14 days (limit: 3)
[DELETE] (4542|hot) Too old: 19 days (limit: 3)
[DELETE] (3017|hot) Too old: 9 days (limit: 3)
[DELETE] (4542|hot) Too old: 29 days (limit: 3)
[DELETE] (2753|hot) Too old: 13 days (limit: 3)
[DELETE] (4542|hot) Too old: 14 days (limit: 3)
[DELETE] (2753|hot) Too old: 7 days (limit: 3)
[DELETE] (2753|hot) Too old: 13 days (limit: 3)
[DELETE] (2753|hot) Too old: 4 days (limit: 3)
[OK] (2753) Updated content (3504 chars)
[DELETE] (3293|hot) Too old: 16 days (limit: 3)
[OK] (3293) Updated content (2908 chars)
[DELETE] (3293|hot) Too old: 20 days (limit: 3)
[OK] (3293) Updated content (4518 chars)
[OK] (3293) Updated content (4152 chars)
[DELETE] (3032|hot) Too old: 6 days (limit: 3)
[DELETE] (3032|hot) Too old: 6 days (limit: 3)
[DELETE] (3032|hot) Too old: 6 days (limit: 3)
[DELETE] (3032|hot) Too old: 6 days (limit: 3)
[DELETE] (3032|hot) Too old: 6 days (limit: 3)
[DELETE] (2527|hot) Too old: 47 days (limit: 3)
[DELETE] (2527|hot) Too old: 47 days (limit: 3)
[DELETE] (2527|hot) Too old: 47 days (limit: 3)
[DELETE] (2527|hot) Too old: 47 days (limit: 3)
[DELETE] (2527|hot) Too old: 14 days (limit: 3)
[DELETE] (1809|hot) Too old: 19 days (limit: 3)
[DELETE] (1809|hot) Too old: 15 days (limit: 3)
[OK] (1809) Updated content (3653 chars)
[OK] (1809) Updated content (3234 chars)
[OK] (1809) Updated content (3247 chars)
[DELETE] (3013|hot) Too old: 12 days (limit: 3)
[DELETE] (3013|hot) Too old: 16 days (limit: 3)
[DELETE] (3013|hot) Too old: 12 days (limit: 3)
[DELETE] (3013|hot) Too old: 9 days (limit: 3)
[DELETE] (3013|hot) Too old: 12 days (limit: 3)
[DELETE] (6588|hot) Too old: 77 days (limit: 3)
[DELETE] (6180|hot) Too old: 49 days (limit: 3)
[DELETE] (6588|hot) Too old: 71 days (limit: 3)
[DELETE] (6180|hot) Too old: 43 days (limit: 3)
[DELETE] (6180|hot) Too old: 47 days (limit: 3)
[DELETE] (6588|hot) Too old: 47 days (limit: 3)
[DELETE] (6180|hot) Too old: 16 days (limit: 3)
[DELETE] (6588|hot) Too old: 35 days (limit: 3)
[DELETE] (6180|hot) Too old: 15 days (limit: 3)
[DELETE] (6588|hot) Too old: 16 days (limit: 3)
[DELETE] (5227|hot) Too old: 15 days (limit: 3)
[DELETE] (5227|hot) Too old: 6 days (limit: 3)
[DELETE] (5227|hot) Too old: 13 days (limit: 3)
[DELETE] (5227|hot) Too old: 14 days (limit: 3)
[DELETE] (5227|hot) Too old: 6 days (limit: 3)
[DELETE] (2030|hot) Too old: 28 days (limit: 3)
[DELETE] (2030|hot) Too old: 35 days (limit: 3)
[DELETE] (2030|hot) Too old: 16 days (limit: 3)
[DELETE] (2030|hot) Too old: 44 days (limit: 3)
[DELETE] (2030|hot) Too old: 28 days (limit: 3)
[DELETE] (6683|hot) Too old: 19 days (limit: 3)
[DELETE] (6683|hot) Too old: 35 days (limit: 3)
[DELETE] (6683|hot) Too old: 16 days (limit: 3)
[DELETE] (6683|hot) Too old: 50 days (limit: 3)
[DELETE] (6683|hot) Too old: 16 days (limit: 3)
[DELETE] (2034|hot) Too old: 47 days (limit: 3)
[DELETE] (3011|hot) Too old: 75 days (limit: 3)
[DELETE] (3011|hot) Too old: 34 days (limit: 3)
[DELETE] (2034|hot) Too old: 47 days (limit: 3)
[DELETE] (3011|hot) Too old: 47 days (limit: 3)
[DELETE] (2034|hot) Too old: 16 days (limit: 3)
[DELETE] (2034|hot) Too old: 8 days (limit: 3)
[DELETE] (3011|hot) Too old: 20 days (limit: 3)
[DELETE] (3011|hot) Too old: 14 days (limit: 3)
[DELETE] (2034|hot) Too old: 8 days (limit: 3)
[DELETE] (5536|hot) Too old: 27 days (limit: 3)
[DELETE] (5536|hot) Too old: 27 days (limit: 3)
[DELETE] (5536|hot) Too old: 20 days (limit: 3)
[DELETE] (5536|hot) Too old: 14 days (limit: 3)
[DELETE] (1714|hot) Too old: 47 days (limit: 3)
[DELETE] (1714|hot) Too old: 28 days (limit: 3)
[DELETE] (1714|hot) Too old: 28 days (limit: 3)
[DELETE] (1714|hot) Too old: 19 days (limit: 3)
[DELETE] (1316|hot) Too old: 57 days (limit: 3)
[DELETE] (1316|hot) Too old: 48 days (limit: 3)
[DELETE] (1527|hot) Too old: 61 days (limit: 3)
[DELETE] (1316|hot) Too old: 44 days (limit: 3)
[DELETE] (8454|hot) Too old: 22 days (limit: 3)
[DELETE] (1527|hot) Too old: 51 days (limit: 3)
[DELETE] (1316|hot) Too old: 41 days (limit: 3)
[DELETE] (1527|hot) Too old: 47 days (limit: 3)
[DELETE] (8454|hot) Too old: 14 days (limit: 3)
[DELETE] (1527|hot) Too old: 14 days (limit: 3)
[DELETE] (5536|hot) Too old: 7 days (limit: 3)
[DELETE] (8454|hot) Too old: 14 days (limit: 3)
[DELETE] (1714|hot) Too old: 19 days (limit: 3)
[DELETE] (8454|hot) Too old: 13 days (limit: 3)
[DELETE] (1316|hot) Too old: 14 days (limit: 3)
[DELETE] (1527|hot) Too old: 9 days (limit: 3)
[DELETE] (8454|hot) Too old: 8 days (limit: 3)
[DELETE] (3416|hot) Too old: 35 days (limit: 3)
[DELETE] (3416|hot) Too old: 23 days (limit: 3)
[DELETE] (3416|hot) Too old: 12 days (limit: 3)
[DELETE] (3416|hot) Too old: 16 days (limit: 3)
[DELETE] (3416|hot) Too old: 12 days (limit: 3)
[DELETE] (2885|hot) Too old: 6 days (limit: 3)
[DELETE] (2885|hot) Too old: 5 days (limit: 3)
[OK] (2885) Updated content (3163 chars)
[OK] (2885) Updated content (3048 chars)
[OK] (2885) Updated content (4908 chars)
[DELETE] (1476|hot) Too old: 36 days (limit: 3)
[DELETE] (1476|hot) Too old: 26 days (limit: 3)
[DELETE] (1476|hot) Too old: 26 days (limit: 3)
[DELETE] (1476|hot) Too old: 19 days (limit: 3)
[DELETE] (1476|hot) Too old: 26 days (limit: 3)
[DELETE] (1712|hot) Too old: 15 days (limit: 3)
[DELETE] (1712|hot) Too old: 15 days (limit: 3)
[DELETE] (1712|hot) Too old: 14 days (limit: 3)
[DELETE] (6217|hot) Too old: 43 days (limit: 3)
[DELETE] (1712|hot) Too old: 15 days (limit: 3)
[DELETE] (1712|hot) Too old: 12 days (limit: 3)
[DELETE] (6217|hot) Too old: 36 days (limit: 3)
[DELETE] (6217|hot) Too old: 43 days (limit: 3)
[DELETE] (6217|hot) Too old: 19 days (limit: 3)
[DELETE] (3712|hot) Too old: 14 days (limit: 3)
[OK] (6217) Updated content (4037 chars)
[DELETE] (3712|hot) Too old: 6 days (limit: 3)
[DELETE] (3712|hot) Too old: 6 days (limit: 3)
[DELETE] (3712|hot) Too old: 13 days (limit: 3)
[OK] (3712) Updated content (3648 chars)
[DELETE] (6486|hot) Too old: 34 days (limit: 3)
[DELETE] (6486|hot) Too old: 34 days (limit: 3)
[DELETE] (6486|hot) Too old: 34 days (limit: 3)
[DELETE] (6486|hot) Too old: 34 days (limit: 3)
[DELETE] (6486|hot) Too old: 22 days (limit: 3)
[DELETE] (3228|hot) Too old: 51 days (limit: 3)
[DELETE] (3228|hot) Too old: 23 days (limit: 3)
[DELETE] (3228|hot) Too old: 49 days (limit: 3)
[DELETE] (3228|hot) Too old: 29 days (limit: 3)
[DELETE] (2206|hot) Too old: 15 days (limit: 3)
[DELETE] (3228|hot) Too old: 13 days (limit: 3)
[DELETE] (2206|hot) Too old: 8 days (limit: 3)
[DELETE] (2206|hot) Too old: 14 days (limit: 3)
[DELETE] (2206|hot) Too old: 8 days (limit: 3)
[DELETE] (2206|hot) Too old: 6 days (limit: 3)
[DELETE] (5474|hot) Too old: 47 days (limit: 3)
[DELETE] (5474|hot) Too old: 15 days (limit: 3)
[DELETE] (5474|hot) Too old: 50 days (limit: 3)
[DELETE] (5474|hot) Too old: 14 days (limit: 3)
[DELETE] (5474|hot) Too old: 12 days (limit: 3)
[DELETE] (6823|hot) Too old: 75 days (limit: 3)
[DELETE] (6823|hot) Too old: 44 days (limit: 3)
[DELETE] (6823|hot) Too old: 56 days (limit: 3)
[DELETE] (6823|hot) Too old: 48 days (limit: 3)
[DELETE] (9939|hot) Too old: 26 days (limit: 3)
[DELETE] (6823|hot) Too old: 14 days (limit: 3)
[DELETE] (9939|hot) Too old: 20 days (limit: 3)
[DELETE] (9939|hot) Too old: 26 days (limit: 3)
[DELETE] (9939|hot) Too old: 14 days (limit: 3)
[DELETE] (9939|hot) Too old: 8 days (limit: 3)
[DELETE] (2228|hot) Too old: 44 days (limit: 3)
[DELETE] (2228|hot) Too old: 26 days (limit: 3)
[DELETE] (2228|hot) Too old: 15 days (limit: 3)
[DELETE] (2228|hot) Too old: 40 days (limit: 3)
[DELETE] (2228|hot) Too old: 14 days (limit: 3)
[DELETE] (2208|hot) Too old: 57 days (limit: 3)
[DELETE] (2208|hot) Too old: 48 days (limit: 3)
[DELETE] (2208|hot) Too old: 44 days (limit: 3)
[DELETE] (2208|hot) Too old: 44 days (limit: 3)
[DELETE] (6205|hot) Too old: 27 days (limit: 3)
[DELETE] (2208|hot) Too old: 14 days (limit: 3)
[DELETE] (6205|hot) Too old: 27 days (limit: 3)
[DELETE] (6205|hot) Too old: 27 days (limit: 3)
[DELETE] (6205|hot) Too old: 19 days (limit: 3)
[DELETE] (6205|hot) Too old: 15 days (limit: 3)
[DELETE] (1903|hot) Too old: 106 days (limit: 3)
[DELETE] (1903|hot) Too old: 107 days (limit: 3)
[DELETE] (1903|hot) Too old: 75 days (limit: 3)
[DELETE] (1903|hot) Too old: 47 days (limit: 3)
[DELETE] (1903|hot) Too old: 16 days (limit: 3)
[DELETE] (2379|hot) Too old: 40 days (limit: 3)
[DELETE] (2379|hot) Too old: 40 days (limit: 3)
[DELETE] (2379|hot) Too old: 26 days (limit: 3)
[DELETE] (2379|hot) Too old: 19 days (limit: 3)
[DELETE] (2379|hot) Too old: 26 days (limit: 3)
[DELETE] (4129|hot) Too old: 8 days (limit: 3)
[DELETE] (4129|hot) Too old: 16 days (limit: 3)
[DELETE] (4129|hot) Too old: 8 days (limit: 3)
[DELETE] (4129|hot) Too old: 8 days (limit: 3)
[DELETE] (7749|hot) Too old: 78 days (limit: 3)
[DELETE] (4129|hot) Too old: 8 days (limit: 3)
[DELETE] (7749|hot) Too old: 58 days (limit: 3)
[DELETE] (7749|hot) Too old: 48 days (limit: 3)
[DELETE] (6270|hot) Too old: 110 days (limit: 3)
[DELETE] (7749|hot) Too old: 26 days (limit: 3)
[DELETE] (7749|hot) Too old: 19 days (limit: 3)
[DELETE] (6270|hot) Too old: 77 days (limit: 3)
[DELETE] (6270|hot) Too old: 50 days (limit: 3)
[DELETE] (6270|hot) Too old: 16 days (limit: 3)
[DELETE] (6270|hot) Too old: 47 days (limit: 3)
[DELETE] (4989|hot) Too old: 14 days (limit: 3)
[DELETE] (4989|hot) Too old: 41 days (limit: 3)
[DELETE] (4989|hot) Too old: 13 days (limit: 3)
[DELETE] (4989|hot) Too old: 14 days (limit: 3)
[DELETE] (3413|hot) Too old: 49 days (limit: 3)
[OK] (4989) Updated content (4638 chars)
[DELETE] (3413|hot) Too old: 78 days (limit: 3)
[DELETE] (3413|hot) Too old: 28 days (limit: 3)
[DELETE] (3413|hot) Too old: 19 days (limit: 3)
[DELETE] (3413|hot) Too old: 12 days (limit: 3)
[DELETE] (5243|hot) Too old: 78 days (limit: 3)
[DELETE] (5243|hot) Too old: 100 days (limit: 3)
[DELETE] (5243|hot) Too old: 47 days (limit: 3)
[DELETE] (5243|hot) Too old: 76 days (limit: 3)
[DELETE] (9907|hot) Too old: 47 days (limit: 3)
[DELETE] (5243|hot) Too old: 19 days (limit: 3)
[DELETE] (9907|hot) Too old: 37 days (limit: 3)
[DELETE] (9907|hot) Too old: 14 days (limit: 3)
[DELETE] (1524|hot) Too old: 105 days (limit: 3)
[DELETE] (9907|hot) Too old: 26 days (limit: 3)
[DELETE] (1524|hot) Too old: 75 days (limit: 3)
[DELETE] (9907|hot) Too old: 26 days (limit: 3)
[DELETE] (1215|hot) Too old: 28 days (limit: 3)
[DELETE] (1524|hot) Too old: 57 days (limit: 3)
[DELETE] (1215|hot) Too old: 28 days (limit: 3)
[DELETE] (1524|hot) Too old: 48 days (limit: 3)
[DELETE] (1524|hot) Too old: 16 days (limit: 3)
[DELETE] (1215|hot) Too old: 12 days (limit: 3)
[DELETE] (1215|hot) Too old: 14 days (limit: 3)
[DELETE] (6811|hot) Too old: 27 days (limit: 3)
[DELETE] (1215|hot) Too old: 28 days (limit: 3)
[DELETE] (6811|hot) Too old: 27 days (limit: 3)
[DELETE] (6811|hot) Too old: 27 days (limit: 3)
[DELETE] (6811|hot) Too old: 14 days (limit: 3)
[DELETE] (6811|hot) Too old: 20 days (limit: 3)
[DELETE] (6139|hot) Too old: 40 days (limit: 3)
[DELETE] (6139|hot) Too old: 35 days (limit: 3)
[DELETE] (6139|hot) Too old: 33 days (limit: 3)
[DELETE] (6139|hot) Too old: 14 days (limit: 3)
[DELETE] (6139|hot) Too old: 33 days (limit: 3)
[DELETE] (6016|hot) Too old: 19 days (limit: 3)
[DELETE] (6016|hot) Too old: 19 days (limit: 3)
[DELETE] (6016|hot) Too old: 19 days (limit: 3)
[DELETE] (6016|hot) Too old: 19 days (limit: 3)
[DELETE] (6016|hot) Too old: 16 days (limit: 3)
[DELETE] (3540|hot) Too old: 44 days (limit: 3)
[DELETE] (3540|hot) Too old: 62 days (limit: 3)
[DELETE] (3540|hot) Too old: 41 days (limit: 3)
[DELETE] (3540|hot) Too old: 29 days (limit: 3)
[DELETE] (3540|hot) Too old: 14 days (limit: 3)
[DELETE] (3073|hot) Too old: 12 days (limit: 3)
[DELETE] (3073|hot) Too old: 15 days (limit: 3)
[OK] (3073) Updated content (3333 chars)
[OK] (3073) Updated content (3256 chars)
[OK] (3073) Updated content (3908 chars)
[DELETE] (1513|hot) Too old: 30 days (limit: 3)
[DELETE] (1513|hot) Too old: 30 days (limit: 3)
[DELETE] (1513|hot) Too old: 15 days (limit: 3)
[DELETE] (5386|hot) Too old: 49 days (limit: 3)
[DELETE] (1513|hot) Too old: 30 days (limit: 3)
[DELETE] (1513|hot) Too old: 30 days (limit: 3)
[DELETE] (5386|hot) Too old: 47 days (limit: 3)
[DELETE] (5386|hot) Too old: 20 days (limit: 3)
[DELETE] (5386|hot) Too old: 26 days (limit: 3)
[DELETE] (8222|hot) Too old: 107 days (limit: 3)
[DELETE] (5386|hot) Too old: 15 days (limit: 3)
[DELETE] (8222|hot) Too old: 107 days (limit: 3)
[DELETE] (8222|hot) Too old: 76 days (limit: 3)
[DELETE] (8222|hot) Too old: 47 days (limit: 3)
[DELETE] (8222|hot) Too old: 15 days (limit: 3)
[DELETE] (2230|hot) Too old: 46 days (limit: 3)
[DELETE] (2230|hot) Too old: 47 days (limit: 3)
[DELETE] (2230|hot) Too old: 19 days (limit: 3)
[DELETE] (2230|hot) Too old: 13 days (limit: 3)
[DELETE] (2230|hot) Too old: 9 days (limit: 3)
[DELETE] (2612|hot) Too old: 44 days (limit: 3)
[DELETE] (2612|hot) Too old: 27 days (limit: 3)
[DELETE] (2612|hot) Too old: 26 days (limit: 3)
[DELETE] (2612|hot) Too old: 19 days (limit: 3)
[DELETE] (2612|hot) Too old: 15 days (limit: 3)
[DELETE] (2247|hot) Too old: 55 days (limit: 3)
[DELETE] (2247|hot) Too old: 55 days (limit: 3)
[DELETE] (2247|hot) Too old: 47 days (limit: 3)
[DELETE] (2247|hot) Too old: 12 days (limit: 3)
[DELETE] (2247|hot) Too old: 14 days (limit: 3)
[DELETE] (8111|hot) Too old: 110 days (limit: 3)
[DELETE] (8111|hot) Too old: 76 days (limit: 3)
[DELETE] (8111|hot) Too old: 19 days (limit: 3)
[DELETE] (8111|hot) Too old: 54 days (limit: 3)
[DELETE] (8111|hot) Too old: 47 days (limit: 3)
[DELETE] (4903|hot) Too old: 49 days (limit: 3)
[DELETE] (4903|hot) Too old: 47 days (limit: 3)
[DELETE] (4903|hot) Too old: 42 days (limit: 3)
[DELETE] (4903|hot) Too old: 26 days (limit: 3)
[DELETE] (4903|hot) Too old: 16 days (limit: 3)
[DELETE] (3535|hot) Too old: 76 days (limit: 3)
[DELETE] (3535|hot) Too old: 72 days (limit: 3)
[DELETE] (3443|hot) Too old: 34 days (limit: 3)
[DELETE] (3535|hot) Too old: 47 days (limit: 3)
[DELETE] (3443|hot) Too old: 34 days (limit: 3)
[DELETE] (3443|hot) Too old: 34 days (limit: 3)
[DELETE] (3535|hot) Too old: 22 days (limit: 3)
[DELETE] (3443|hot) Too old: 13 days (limit: 3)
[DELETE] (3535|hot) Too old: 15 days (limit: 3)
[DELETE] (3026|hot) Too old: 30 days (limit: 3)
[DELETE] (3443|hot) Too old: 19 days (limit: 3)
[DELETE] (3026|hot) Too old: 30 days (limit: 3)
[DELETE] (3026|hot) Too old: 19 days (limit: 3)
[DELETE] (3026|hot) Too old: 30 days (limit: 3)
[DELETE] (3026|hot) Too old: 8 days (limit: 3)
[DELETE] (9917|hot) Too old: 49 days (limit: 3)
[DELETE] (9917|hot) Too old: 47 days (limit: 3)
[DELETE] (9917|hot) Too old: 33 days (limit: 3)
[DELETE] (9917|hot) Too old: 15 days (limit: 3)
[DELETE] (9917|hot) Too old: 9 days (limit: 3)
[DELETE] (2108|hot) Too old: 40 days (limit: 3)
[DELETE] (2108|hot) Too old: 40 days (limit: 3)
[DELETE] (2108|hot) Too old: 40 days (limit: 3)
[DELETE] (2108|hot) Too old: 20 days (limit: 3)
[DELETE] (2108|hot) Too old: 29 days (limit: 3)
[DELETE] (6214|hot) Too old: 27 days (limit: 3)
[DELETE] (6214|hot) Too old: 43 days (limit: 3)
[DELETE] (6214|hot) Too old: 47 days (limit: 3)
[DELETE] (6214|hot) Too old: 15 days (limit: 3)
[DELETE] (6214|hot) Too old: 19 days (limit: 3)
[DELETE] (5288|hot) Too old: 26 days (limit: 3)
[DELETE] (5288|hot) Too old: 14 days (limit: 3)
[DELETE] (5288|hot) Too old: 26 days (limit: 3)
[DELETE] (5288|hot) Too old: 26 days (limit: 3)
[DELETE] (5288|hot) Too old: 6 days (limit: 3)
[DELETE] (4949|hot) Too old: 30 days (limit: 3)
[DELETE] (4949|hot) Too old: 43 days (limit: 3)
[DELETE] (4949|hot) Too old: 43 days (limit: 3)
[DELETE] (4949|hot) Too old: 35 days (limit: 3)
[DELETE] (4949|hot) Too old: 14 days (limit: 3)
[OK] (9945) Updated content (4200 chars)
[OK] (9945) Updated content (2830 chars)
[OK] (9945) Updated content (3432 chars)
[OK] (9945) Updated content (2868 chars)
[OK] (9945) Updated content (3330 chars)
[DELETE] (6949|hot) Too old: 19 days (limit: 3)
[DELETE] (6949|hot) Too old: 6 days (limit: 3)
[DELETE] (6949|hot) Too old: 9 days (limit: 3)
[DELETE] (6949|hot) Too old: 6 days (limit: 3)
[DELETE] (6949|hot) Too old: 6 days (limit: 3)
[DELETE] (5508|hot) Too old: 58 days (limit: 3)
[DELETE] (5508|hot) Too old: 84 days (limit: 3)
[DELETE] (5508|hot) Too old: 51 days (limit: 3)
[DELETE] (5508|hot) Too old: 28 days (limit: 3)
[DELETE] (5508|hot) Too old: 23 days (limit: 3)
[DELETE] (4562|hot) Too old: 76 days (limit: 3)
[DELETE] (4562|hot) Too old: 55 days (limit: 3)
[DELETE] (4562|hot) Too old: 47 days (limit: 3)
[DELETE] (4562|hot) Too old: 44 days (limit: 3)
[DELETE] (4562|hot) Too old: 14 days (limit: 3)
[DELETE] (2420|hot) Too old: 14 days (limit: 3)
[DELETE] (2420|hot) Too old: 35 days (limit: 3)
[DELETE] (2420|hot) Too old: 48 days (limit: 3)
[DELETE] (2420|hot) Too old: 48 days (limit: 3)
[DELETE] (2420|hot) Too old: 47 days (limit: 3)
[DELETE] (1419|hot) Too old: 12 days (limit: 3)
[DELETE] (1419|hot) Too old: 12 days (limit: 3)
[DELETE] (1419|hot) Too old: 12 days (limit: 3)
[DELETE] (1419|hot) Too old: 12 days (limit: 3)
[DELETE] (1419|hot) Too old: 12 days (limit: 3)
[DELETE] (6640|hot) Too old: 36 days (limit: 3)
[DELETE] (6640|hot) Too old: 36 days (limit: 3)
[DELETE] (6640|hot) Too old: 36 days (limit: 3)
[DELETE] (6640|hot) Too old: 16 days (limit: 3)
[DELETE] (6640|hot) Too old: 13 days (limit: 3)
[DELETE] (8436|hot) Too old: 19 days (limit: 3)
[OK] (8436) Updated content (3674 chars)
[OK] (8436) Updated content (3716 chars)
[OK] (8436) Updated content (2689 chars)
[OK] (8436) Updated content (3706 chars)
[DELETE] (3354|hot) Too old: 106 days (limit: 3)
[DELETE] (3354|hot) Too old: 75 days (limit: 3)
[DELETE] (3354|hot) Too old: 118 days (limit: 3)
[DELETE] (3354|hot) Too old: 14 days (limit: 3)
[DELETE] (3354|hot) Too old: 47 days (limit: 3)
[DELETE] (4749|hot) Too old: 13 days (limit: 3)
[DELETE] (4749|hot) Too old: 13 days (limit: 3)
[DELETE] (4749|hot) Too old: 15 days (limit: 3)
[OK] (4749) Updated content (2674 chars)
[DELETE] (4749|hot) Too old: 13 days (limit: 3)
[DELETE] (4915|hot) Too old: 23 days (limit: 3)
[DELETE] (4915|hot) Too old: 20 days (limit: 3)
[DELETE] (4915|hot) Too old: 20 days (limit: 3)
[DELETE] (4915|hot) Too old: 19 days (limit: 3)
[DELETE] (4915|hot) Too old: 16 days (limit: 3)
[DELETE] (2605|hot) Too old: 14 days (limit: 3)
[DELETE] (2605|hot) Too old: 13 days (limit: 3)
[DELETE] (2605|hot) Too old: 13 days (limit: 3)
[DELETE] (2605|hot) Too old: 13 days (limit: 3)
[DELETE] (6722|hot) Too old: 51 days (limit: 3)
[DELETE] (2605|hot) Too old: 12 days (limit: 3)
[DELETE] (6722|hot) Too old: 75 days (limit: 3)
[DELETE] (6722|hot) Too old: 47 days (limit: 3)
[DELETE] (1563|hot) Too old: 35 days (limit: 3)
[DELETE] (6722|hot) Too old: 47 days (limit: 3)
[DELETE] (1563|hot) Too old: 35 days (limit: 3)
[DELETE] (6722|hot) Too old: 14 days (limit: 3)
[DELETE] (1563|hot) Too old: 26 days (limit: 3)
[DELETE] (1563|hot) Too old: 35 days (limit: 3)
[DELETE] (2476|hot) Too old: 12 days (limit: 3)
[DELETE] (1563|hot) Too old: 16 days (limit: 3)
[DELETE] (2476|hot) Too old: 12 days (limit: 3)
[DELETE] (2023|hot) Too old: 29 days (limit: 3)
[DELETE] (2476|hot) Too old: 12 days (limit: 3)
[DELETE] (2476|hot) Too old: 12 days (limit: 3)
[DELETE] (2476|hot) Too old: 12 days (limit: 3)
[DELETE] (2023|hot) Too old: 29 days (limit: 3)
[DELETE] (2023|hot) Too old: 21 days (limit: 3)
[DELETE] (2023|hot) Too old: 13 days (limit: 3)
[DELETE] (2023|hot) Too old: 15 days (limit: 3)
[DELETE] (6446|hot) Too old: 22 days (limit: 3)
[DELETE] (6446|hot) Too old: 19 days (limit: 3)
[DELETE] (6446|hot) Too old: 14 days (limit: 3)
[OK] (6446) Updated content (3369 chars)
[OK] (6446) Updated content (3919 chars)
[DELETE] (3444|hot) Too old: 75 days (limit: 3)
[DELETE] (3444|hot) Too old: 27 days (limit: 3)
[DELETE] (3444|hot) Too old: 48 days (limit: 3)
[DELETE] (3444|hot) Too old: 27 days (limit: 3)
[DELETE] (3444|hot) Too old: 14 days (limit: 3)
[DELETE] (2329|hot) Too old: 29 days (limit: 3)
[DELETE] (2329|hot) Too old: 26 days (limit: 3)
[DELETE] (2329|hot) Too old: 29 days (limit: 3)
[DELETE] (2329|hot) Too old: 20 days (limit: 3)
[DELETE] (2329|hot) Too old: 19 days (limit: 3)
[DELETE] (3045|hot) Too old: 8 days (limit: 3)
[DELETE] (3045|hot) Too old: 8 days (limit: 3)
[DELETE] (3045|hot) Too old: 7 days (limit: 3)
[DELETE] (3045|hot) Too old: 7 days (limit: 3)
[DELETE] (3045|hot) Too old: 8 days (limit: 3)
[DELETE] (6112|hot) Too old: 83 days (limit: 3)
[DELETE] (6112|hot) Too old: 22 days (limit: 3)
[DELETE] (6112|hot) Too old: 50 days (limit: 3)
[DELETE] (6112|hot) Too old: 29 days (limit: 3)
[DELETE] (6112|hot) Too old: 29 days (limit: 3)
[DELETE] (2427|hot) Too old: 15 days (limit: 3)
[DELETE] (2427|hot) Too old: 15 days (limit: 3)
[DELETE] (2427|hot) Too old: 44 days (limit: 3)
[DELETE] (2427|hot) Too old: 44 days (limit: 3)
[DELETE] (2427|hot) Too old: 15 days (limit: 3)
[DELETE] (2312|hot) Too old: 30 days (limit: 3)
[DELETE] (2312|hot) Too old: 28 days (limit: 3)
[DELETE] (2312|hot) Too old: 30 days (limit: 3)
[DELETE] (2312|hot) Too old: 15 days (limit: 3)
[DELETE] (2312|hot) Too old: 30 days (limit: 3)
[DELETE] (6603|hot) Too old: 47 days (limit: 3)
[DELETE] (6603|hot) Too old: 47 days (limit: 3)
[DELETE] (6603|hot) Too old: 6 days (limit: 3)
[DELETE] (6603|hot) Too old: 16 days (limit: 3)
[DELETE] (6603|hot) Too old: 47 days (limit: 3)
[DELETE] (3294|hot) Too old: 6 days (limit: 3)
[DELETE] (3294|hot) Too old: 16 days (limit: 3)
[DELETE] (3294|hot) Too old: 14 days (limit: 3)
[DELETE] (3294|hot) Too old: 8 days (limit: 3)
[DELETE] (3294|hot) Too old: 6 days (limit: 3)
[DELETE] (6196|hot) Too old: 16 days (limit: 3)
[DELETE] (6196|hot) Too old: 8 days (limit: 3)
[DELETE] (6196|hot) Too old: 7 days (limit: 3)
[DELETE] (6196|hot) Too old: 7 days (limit: 3)
[DELETE] (6196|hot) Too old: 8 days (limit: 3)
[DELETE] (1449|hot) Too old: 6 days (limit: 3)
[DELETE] (1449|hot) Too old: 6 days (limit: 3)
[OK] (1449) Updated content (3071 chars)
[DELETE] (1449|hot) Too old: 6 days (limit: 3)
[OK] (1449) Updated content (2817 chars)
[DELETE] (4571|hot) Too old: 47 days (limit: 3)
[DELETE] (4571|hot) Too old: 16 days (limit: 3)
[DELETE] (4571|hot) Too old: 43 days (limit: 3)
[DELETE] (4571|hot) Too old: 20 days (limit: 3)
[DELETE] (4571|hot) Too old: 34 days (limit: 3)
[DELETE] (2428|hot) Too old: 29 days (limit: 3)
[DELETE] (2428|hot) Too old: 16 days (limit: 3)
[DELETE] (2428|hot) Too old: 29 days (limit: 3)
[DELETE] (2428|hot) Too old: 28 days (limit: 3)
[DELETE] (2428|hot) Too old: 16 days (limit: 3)
[DELETE] (4923|hot) Too old: 48 days (limit: 3)
[DELETE] (4923|hot) Too old: 27 days (limit: 3)
[DELETE] (4923|hot) Too old: 16 days (limit: 3)
[DELETE] (4923|hot) Too old: 35 days (limit: 3)
[DELETE] (4923|hot) Too old: 21 days (limit: 3)
[DELETE] (2436|hot) Too old: 26 days (limit: 3)
[DELETE] (2436|hot) Too old: 22 days (limit: 3)
[DELETE] (2436|hot) Too old: 19 days (limit: 3)
[DELETE] (2436|hot) Too old: 12 days (limit: 3)
[DELETE] (2436|hot) Too old: 13 days (limit: 3)
[DELETE] (1802|hot) Too old: 44 days (limit: 3)
[DELETE] (1802|hot) Too old: 14 days (limit: 3)
[DELETE] (1802|hot) Too old: 26 days (limit: 3)
[OK] (2449) Updated content (4343 chars)
[DELETE] (1802|hot) Too old: 12 days (limit: 3)
[DELETE] (1802|hot) Too old: 12 days (limit: 3)
[OK] (2449) Updated content (3415 chars)
[OK] (2449) Updated content (2997 chars)
[OK] (2449) Updated content (3964 chars)
[OK] (2449) Updated content (4566 chars)
[DELETE] (3033|hot) Too old: 103 days (limit: 3)
[DELETE] (3033|hot) Too old: 47 days (limit: 3)
[DELETE] (3033|hot) Too old: 76 days (limit: 3)
[DELETE] (3033|hot) Too old: 30 days (limit: 3)
[DELETE] (3033|hot) Too old: 16 days (limit: 3)
[DELETE] (3707|hot) Too old: 75 days (limit: 3)
[DELETE] (3707|hot) Too old: 47 days (limit: 3)
[DELETE] (3707|hot) Too old: 13 days (limit: 3)
[DELETE] (3707|hot) Too old: 15 days (limit: 3)
[DELETE] (3707|hot) Too old: 13 days (limit: 3)
[OK] (2884) Updated content (3077 chars)
[OK] (2884) Updated content (3991 chars)
[OK] (2884) Updated content (3327 chars)
[OK] (2884) Updated content (3755 chars)
[OK] (2884) Updated content (5275 chars)
[OK] (8215) Updated content (3033 chars)
[OK] (8215) Updated content (3299 chars)
[OK] (8215) Updated content (3590 chars)
[OK] (8215) Updated content (3492 chars)
[OK] (8215) Updated content (3121 chars)
[DELETE] (3363|hot) Too old: 64 days (limit: 3)
[DELETE] (3363|hot) Too old: 29 days (limit: 3)
[DELETE] (3363|hot) Too old: 49 days (limit: 3)
[DELETE] (3363|hot) Too old: 27 days (limit: 3)
[DELETE] (3363|hot) Too old: 16 days (limit: 3)
[DELETE] (4927|hot) Too old: 56 days (limit: 3)
[DELETE] (4927|hot) Too old: 103 days (limit: 3)
[DELETE] (4927|hot) Too old: 77 days (limit: 3)
[DELETE] (4927|hot) Too old: 49 days (limit: 3)
[DELETE] (4927|hot) Too old: 19 days (limit: 3)
[DELETE] (6715|hot) Too old: 16 days (limit: 3)
[DELETE] (6715|hot) Too old: 13 days (limit: 3)
[DELETE] (6715|hot) Too old: 9 days (limit: 3)
[DELETE] (6715|hot) Too old: 16 days (limit: 3)
[DELETE] (6715|hot) Too old: 13 days (limit: 3)
[DELETE] (1789|hot) Too old: 47 days (limit: 3)
[DELETE] (1789|hot) Too old: 28 days (limit: 3)
[DELETE] (1789|hot) Too old: 15 days (limit: 3)
[DELETE] (1789|hot) Too old: 28 days (limit: 3)
[DELETE] (1789|hot) Too old: 26 days (limit: 3)
[DELETE] (3680|hot) Too old: 15 days (limit: 3)
[DELETE] (3680|hot) Too old: 26 days (limit: 3)
[DELETE] (3680|hot) Too old: 7 days (limit: 3)
[DELETE] (3680|hot) Too old: 37 days (limit: 3)
[DELETE] (3680|hot) Too old: 14 days (limit: 3)
[DELETE] (7751|hot) Too old: 48 days (limit: 3)
[DELETE] (7751|hot) Too old: 40 days (limit: 3)
[DELETE] (7751|hot) Too old: 44 days (limit: 3)
[DELETE] (7751|hot) Too old: 7 days (limit: 3)
[DELETE] (7751|hot) Too old: 15 days (limit: 3)
[DELETE] (2409|hot) Too old: 23 days (limit: 3)
[DELETE] (2409|hot) Too old: 15 days (limit: 3)
[DELETE] (2409|hot) Too old: 15 days (limit: 3)
[DELETE] (2409|hot) Too old: 7 days (limit: 3)
[DELETE] (2409|hot) Too old: 15 days (limit: 3)
[DELETE] (3548|hot) Too old: 48 days (limit: 3)
[DELETE] (3548|hot) Too old: 49 days (limit: 3)
[DELETE] (3548|hot) Too old: 8 days (limit: 3)
[DELETE] (3548|hot) Too old: 16 days (limit: 3)
[DELETE] (3548|hot) Too old: 26 days (limit: 3)
[DELETE] (2374|hot) Too old: 43 days (limit: 3)
[DELETE] (2374|hot) Too old: 16 days (limit: 3)
[DELETE] (2374|hot) Too old: 43 days (limit: 3)
[DELETE] (2374|hot) Too old: 27 days (limit: 3)
[DELETE] (2374|hot) Too old: 28 days (limit: 3)
[DELETE] (1536|hot) Too old: 26 days (limit: 3)
[DELETE] (1536|hot) Too old: 19 days (limit: 3)
[DELETE] (1536|hot) Too old: 26 days (limit: 3)
[DELETE] (1536|hot) Too old: 26 days (limit: 3)
[DELETE] (1536|hot) Too old: 14 days (limit: 3)
[DELETE] (7734|hot) Too old: 7 days (limit: 3)
[DELETE] (7734|hot) Too old: 7 days (limit: 3)
[DELETE] (7734|hot) Too old: 7 days (limit: 3)
[DELETE] (7734|hot) Too old: 7 days (limit: 3)
[DELETE] (7734|hot) Too old: 7 days (limit: 3)
[DELETE] (6411|hot) Too old: 106 days (limit: 3)
[DELETE] (6411|hot) Too old: 75 days (limit: 3)
[DELETE] (6411|hot) Too old: 44 days (limit: 3)
[DELETE] (6411|hot) Too old: 35 days (limit: 3)
[DELETE] (6533|hot) Too old: 21 days (limit: 3)
[DELETE] (6533|hot) Too old: 21 days (limit: 3)
[DELETE] (6411|hot) Too old: 14 days (limit: 3)
[DELETE] (6533|hot) Too old: 20 days (limit: 3)
[DELETE] (6533|hot) Too old: 14 days (limit: 3)
[DELETE] (6533|hot) Too old: 21 days (limit: 3)
[DELETE] (4916|hot) Too old: 40 days (limit: 3)
[DELETE] (4916|hot) Too old: 40 days (limit: 3)
[DELETE] (4916|hot) Too old: 26 days (limit: 3)
[DELETE] (4916|hot) Too old: 34 days (limit: 3)
[DELETE] (4916|hot) Too old: 14 days (limit: 3)
[DELETE] (6957|hot) Too old: 76 days (limit: 3)
[DELETE] (6957|hot) Too old: 49 days (limit: 3)
[DELETE] (6957|hot) Too old: 42 days (limit: 3)
[DELETE] (6957|hot) Too old: 45 days (limit: 3)
[DELETE] (6957|hot) Too old: 15 days (limit: 3)
[DELETE] (4588|hot) Too old: 48 days (limit: 3)
[DELETE] (4588|hot) Too old: 47 days (limit: 3)
[DELETE] (4588|hot) Too old: 6 days (limit: 3)
[DELETE] (4588|hot) Too old: 16 days (limit: 3)
[DELETE] (4588|hot) Too old: 6 days (limit: 3)
[DELETE] (6120|hot) Too old: 7 days (limit: 3)
[DELETE] (6120|hot) Too old: 7 days (limit: 3)
[DELETE] (6120|hot) Too old: 16 days (limit: 3)
[DELETE] (6120|hot) Too old: 7 days (limit: 3)
[DELETE] (6120|hot) Too old: 7 days (limit: 3)
[DELETE] (8438|hot) Too old: 78 days (limit: 3)
[DELETE] (8438|hot) Too old: 49 days (limit: 3)
[DELETE] (8438|hot) Too old: 41 days (limit: 3)
[DELETE] (8438|hot) Too old: 19 days (limit: 3)
[DELETE] (8438|hot) Too old: 6 days (limit: 3)
[DELETE] (6133|hot) Too old: 75 days (limit: 3)
[DELETE] (6133|hot) Too old: 45 days (limit: 3)
[DELETE] (6133|hot) Too old: 49 days (limit: 3)
[DELETE] (6133|hot) Too old: 41 days (limit: 3)
[DELETE] (6133|hot) Too old: 14 days (limit: 3)
[DELETE] (2417|hot) Too old: 13 days (limit: 3)
[DELETE] (2417|hot) Too old: 13 days (limit: 3)
[DELETE] (2417|hot) Too old: 13 days (limit: 3)
[DELETE] (2417|hot) Too old: 13 days (limit: 3)
[DELETE] (2417|hot) Too old: 13 days (limit: 3)
[DELETE] (8044|hot) Too old: 7 days (limit: 3)
[DELETE] (8044|hot) Too old: 7 days (limit: 3)
[DELETE] (8044|hot) Too old: 7 days (limit: 3)
[DELETE] (8044|hot) Too old: 7 days (limit: 3)
[DELETE] (8044|hot) Too old: 7 days (limit: 3)
[DELETE] (6517|hot) Too old: 50 days (limit: 3)
[DELETE] (6517|hot) Too old: 47 days (limit: 3)
[DELETE] (6517|hot) Too old: 42 days (limit: 3)
[DELETE] (6873|hot) Too old: 36 days (limit: 3)
[DELETE] (6873|hot) Too old: 19 days (limit: 3)
[DELETE] (6517|hot) Too old: 16 days (limit: 3)
[DELETE] (6517|hot) Too old: 12 days (limit: 3)
[DELETE] (6873|hot) Too old: 19 days (limit: 3)
[DELETE] (6147|hot) Too old: 28 days (limit: 3)
[DELETE] (6873|hot) Too old: 7 days (limit: 3)
[DELETE] (6873|hot) Too old: 14 days (limit: 3)
[DELETE] (6147|hot) Too old: 28 days (limit: 3)
[DELETE] (6147|hot) Too old: 22 days (limit: 3)
[OK] (6147) Updated content (2931 chars)
[DELETE] (6147|hot) Too old: 15 days (limit: 3)
[DELETE] (1216|hot) Too old: 7 days (limit: 3)
[OK] (1216) Updated content (3727 chars)
[OK] (1216) Updated content (3148 chars)
[OK] (1216) Updated content (4429 chars)
[OK] (1216) Updated content (4886 chars)
[DELETE] (6125|hot) Too old: 34 days (limit: 3)
[DELETE] (6125|hot) Too old: 34 days (limit: 3)
[DELETE] (6125|hot) Too old: 34 days (limit: 3)
[DELETE] (6125|hot) Too old: 14 days (limit: 3)
[DELETE] (6125|hot) Too old: 28 days (limit: 3)
[DELETE] (6725|hot) Too old: 43 days (limit: 3)
[DELETE] (6725|hot) Too old: 43 days (limit: 3)
[DELETE] (6725|hot) Too old: 42 days (limit: 3)
[DELETE] (6725|hot) Too old: 14 days (limit: 3)
[DELETE] (6725|hot) Too old: 26 days (limit: 3)
[DELETE] (6584|hot) Too old: 21 days (limit: 3)
[DELETE] (6584|hot) Too old: 13 days (limit: 3)
[DELETE] (6584|hot) Too old: 9 days (limit: 3)
[DELETE] (6584|hot) Too old: 9 days (limit: 3)
[OK] (6584) Updated content (3498 chars)
[DELETE] (3533|hot) Too old: 29 days (limit: 3)
[DELETE] (3533|hot) Too old: 29 days (limit: 3)
[DELETE] (3533|hot) Too old: 29 days (limit: 3)
[DELETE] (3533|hot) Too old: 16 days (limit: 3)
[DELETE] (3533|hot) Too old: 29 days (limit: 3)
[DELETE] (2010|hot) Too old: 104 days (limit: 3)
[DELETE] (2010|hot) Too old: 76 days (limit: 3)
[DELETE] (2010|hot) Too old: 33 days (limit: 3)
[DELETE] (2010|hot) Too old: 14 days (limit: 3)
[DELETE] (2010|hot) Too old: 44 days (limit: 3)
[DELETE] (6409|hot) Too old: 28 days (limit: 3)
[DELETE] (6409|hot) Too old: 27 days (limit: 3)
[DELETE] (6409|hot) Too old: 21 days (limit: 3)
[DELETE] (6409|hot) Too old: 19 days (limit: 3)
[DELETE] (6409|hot) Too old: 16 days (limit: 3)
[DELETE] (8341|hot) Too old: 27 days (limit: 3)
[DELETE] (8341|hot) Too old: 27 days (limit: 3)
[DELETE] (8341|hot) Too old: 19 days (limit: 3)
[DELETE] (8341|hot) Too old: 14 days (limit: 3)
[DELETE] (6122|hot) Too old: 89 days (limit: 3)
[DELETE] (8341|hot) Too old: 16 days (limit: 3)
[DELETE] (6122|hot) Too old: 14 days (limit: 3)
[DELETE] (6122|hot) Too old: 75 days (limit: 3)
[DELETE] (8070|hot) Too old: 22 days (limit: 3)
[DELETE] (6122|hot) Too old: 44 days (limit: 3)
[OK] (6122) Updated content (3598 chars)
[DELETE] (8070|hot) Too old: 22 days (limit: 3)
[DELETE] (8070|hot) Too old: 20 days (limit: 3)
[DELETE] (4533|hot) Too old: 27 days (limit: 3)
[DELETE] (8070|hot) Too old: 19 days (limit: 3)
[DELETE] (8070|hot) Too old: 12 days (limit: 3)
[DELETE] (4533|hot) Too old: 22 days (limit: 3)
[DELETE] (4533|hot) Too old: 16 days (limit: 3)
[DELETE] (4533|hot) Too old: 13 days (limit: 3)
[OK] (4533) Updated content (4085 chars)
[DELETE] (2236|hot) Too old: 33 days (limit: 3)
[DELETE] (2236|hot) Too old: 14 days (limit: 3)
[DELETE] (2236|hot) Too old: 13 days (limit: 3)
[DELETE] (2236|hot) Too old: 8 days (limit: 3)
[DELETE] (3059|hot) Too old: 47 days (limit: 3)
[DELETE] (3059|hot) Too old: 28 days (limit: 3)
[DELETE] (2236|hot) Too old: 8 days (limit: 3)
[DELETE] (3059|hot) Too old: 26 days (limit: 3)
[DELETE] (3059|hot) Too old: 14 days (limit: 3)
[OK] (3059) Updated content (2889 chars)
[DELETE] (6805|hot) Too old: 30 days (limit: 3)
[DELETE] (6805|hot) Too old: 30 days (limit: 3)
[DELETE] (6805|hot) Too old: 29 days (limit: 3)
[OK] (2371) Updated content (3807 chars)
[DELETE] (6805|hot) Too old: 16 days (limit: 3)
[DELETE] (6805|hot) Too old: 16 days (limit: 3)
[OK] (2371) Updated content (4471 chars)
[OK] (2371) Updated content (4748 chars)
[DELETE] (2489|hot) Too old: 91 days (limit: 3)
[OK] (2371) Updated content (4973 chars)
[OK] (2371) Updated content (4532 chars)
[DELETE] (2489|hot) Too old: 77 days (limit: 3)
[DELETE] (2489|hot) Too old: 49 days (limit: 3)
[DELETE] (2489|hot) Too old: 29 days (limit: 3)
[DELETE] (2489|hot) Too old: 14 days (limit: 3)
[DELETE] (2892|hot) Too old: 6 days (limit: 3)
[DELETE] (2892|hot) Too old: 6 days (limit: 3)
[OK] (2892) Updated content (3454 chars)
[OK] (2892) Updated content (3503 chars)
[DELETE] (1528|hot) Too old: 35 days (limit: 3)
[OK] (2892) Updated content (2910 chars)
[DELETE] (1528|hot) Too old: 33 days (limit: 3)
[DELETE] (1528|hot) Too old: 33 days (limit: 3)
[DELETE] (1528|hot) Too old: 33 days (limit: 3)
[DELETE] (6231|hot) Too old: 28 days (limit: 3)
[DELETE] (1528|hot) Too old: 14 days (limit: 3)
[DELETE] (6231|hot) Too old: 44 days (limit: 3)
[DELETE] (6231|hot) Too old: 19 days (limit: 3)
[DELETE] (6231|hot) Too old: 28 days (limit: 3)
[DELETE] (6231|hot) Too old: 16 days (limit: 3)
[DELETE] (6462|hot) Too old: 30 days (limit: 3)
[DELETE] (6462|hot) Too old: 35 days (limit: 3)
[DELETE] (6462|hot) Too old: 23 days (limit: 3)
[DELETE] (6462|hot) Too old: 28 days (limit: 3)
[DELETE] (6462|hot) Too old: 14 days (limit: 3)
[OK] (2886) Updated content (3463 chars)
[OK] (2886) Updated content (3189 chars)
[OK] (2886) Updated content (3059 chars)
[OK] (2886) Updated content (3380 chars)
[OK] (2886) Updated content (2569 chars)
[DELETE] (2515|hot) Too old: 34 days (limit: 3)
[DELETE] (2515|hot) Too old: 34 days (limit: 3)
[DELETE] (2515|hot) Too old: 34 days (limit: 3)
[DELETE] (2515|hot) Too old: 34 days (limit: 3)
[DELETE] (2515|hot) Too old: 15 days (limit: 3)
[DELETE] (6962|hot) Too old: 76 days (limit: 3)
[DELETE] (6962|hot) Too old: 50 days (limit: 3)
[DELETE] (6962|hot) Too old: 47 days (limit: 3)
[DELETE] (6962|hot) Too old: 19 days (limit: 3)
[DELETE] (4714|hot) Too old: 14 days (limit: 3)
[DELETE] (6962|hot) Too old: 26 days (limit: 3)
[DELETE] (4714|hot) Too old: 14 days (limit: 3)
[OK] (2344) Updated content (3611 chars)
[DELETE] (4714|hot) Too old: 14 days (limit: 3)
[DELETE] (4714|hot) Too old: 14 days (limit: 3)
[OK] (2344) Updated content (3430 chars)
[DELETE] (4714|hot) Too old: 14 days (limit: 3)
[OK] (2344) Updated content (3423 chars)
[OK] (2344) Updated content (3124 chars)
[OK] (2344) Updated content (3315 chars)
[DELETE] (6279|hot) Too old: 29 days (limit: 3)
[DELETE] (6279|hot) Too old: 29 days (limit: 3)
[DELETE] (6279|hot) Too old: 29 days (limit: 3)
[DELETE] (8080|hot) Too old: 47 days (limit: 3)
[DELETE] (6279|hot) Too old: 29 days (limit: 3)
[DELETE] (6279|hot) Too old: 20 days (limit: 3)
[DELETE] (8080|hot) Too old: 47 days (limit: 3)
[DELETE] (8080|hot) Too old: 14 days (limit: 3)
[DELETE] (8080|hot) Too old: 14 days (limit: 3)
[DELETE] (8080|hot) Too old: 7 days (limit: 3)
[DELETE] (5452|hot) Too old: 47 days (limit: 3)
[DELETE] (5452|hot) Too old: 26 days (limit: 3)
[DELETE] (5452|hot) Too old: 15 days (limit: 3)
[DELETE] (5452|hot) Too old: 9 days (limit: 3)
[DELETE] (5452|hot) Too old: 7 days (limit: 3)
[DELETE] (3567|hot) Too old: 63 days (limit: 3)
[DELETE] (3567|hot) Too old: 55 days (limit: 3)
[DELETE] (3567|hot) Too old: 47 days (limit: 3)
[DELETE] (3567|hot) Too old: 8 days (limit: 3)
[DELETE] (2369|hot) Too old: 49 days (limit: 3)
[DELETE] (3567|hot) Too old: 6 days (limit: 3)
[DELETE] (2369|hot) Too old: 47 days (limit: 3)
[DELETE] (2369|hot) Too old: 49 days (limit: 3)
[DELETE] (2241|hot) Too old: 57 days (limit: 3)
[DELETE] (2369|hot) Too old: 14 days (limit: 3)
[DELETE] (2369|hot) Too old: 27 days (limit: 3)
[DELETE] (2241|hot) Too old: 51 days (limit: 3)
[DELETE] (2241|hot) Too old: 49 days (limit: 3)
[DELETE] (2241|hot) Too old: 27 days (limit: 3)
[DELETE] (2241|hot) Too old: 21 days (limit: 3)
[DELETE] (3213|hot) Too old: 16 days (limit: 3)
[DELETE] (3213|hot) Too old: 14 days (limit: 3)
[DELETE] (3213|hot) Too old: 14 days (limit: 3)
[DELETE] (3213|hot) Too old: 14 days (limit: 3)
[DELETE] (3213|hot) Too old: 14 days (limit: 3)
[DELETE] (1319|hot) Too old: 49 days (limit: 3)
[DELETE] (1319|hot) Too old: 16 days (limit: 3)
[DELETE] (1319|hot) Too old: 27 days (limit: 3)
[DELETE] (1319|hot) Too old: 49 days (limit: 3)
[DELETE] (1319|hot) Too old: 7 days (limit: 3)
[DELETE] (9105|hot) Too old: 135 days (limit: 3)
[DELETE] (9105|hot) Too old: 106 days (limit: 3)
[DELETE] (9105|hot) Too old: 44 days (limit: 3)
[DELETE] (9105|hot) Too old: 76 days (limit: 3)
[DELETE] (9105|hot) Too old: 15 days (limit: 3)
[DELETE] (4958|hot) Too old: 8 days (limit: 3)
[DELETE] (4958|hot) Too old: 8 days (limit: 3)
[OK] (4958) Updated content (4455 chars)
[OK] (4958) Updated content (3904 chars)
[DELETE] (2340|hot) Too old: 48 days (limit: 3)
[OK] (4958) Updated content (5565 chars)
[DELETE] (2340|hot) Too old: 47 days (limit: 3)
[DELETE] (2340|hot) Too old: 21 days (limit: 3)
[DELETE] (2340|hot) Too old: 45 days (limit: 3)
[DELETE] (2340|hot) Too old: 6 days (limit: 3)
[DELETE] (8171|hot) Too old: 36 days (limit: 3)
[DELETE] (8171|hot) Too old: 33 days (limit: 3)
[DELETE] (8171|hot) Too old: 14 days (limit: 3)
[DELETE] (8171|hot) Too old: 26 days (limit: 3)
[DELETE] (8171|hot) Too old: 12 days (limit: 3)
[DELETE] (2634|hot) Too old: 20 days (limit: 3)
[DELETE] (2634|hot) Too old: 20 days (limit: 3)
[DELETE] (2634|hot) Too old: 16 days (limit: 3)
[DELETE] (2634|hot) Too old: 15 days (limit: 3)
[DELETE] (4114|hot) Too old: 42 days (limit: 3)
[DELETE] (2634|hot) Too old: 14 days (limit: 3)
[DELETE] (4114|hot) Too old: 41 days (limit: 3)
[DELETE] (4114|hot) Too old: 43 days (limit: 3)
[DELETE] (4114|hot) Too old: 23 days (limit: 3)
[DELETE] (6191|hot) Too old: 47 days (limit: 3)
[DELETE] (4114|hot) Too old: 14 days (limit: 3)
[DELETE] (6191|hot) Too old: 15 days (limit: 3)
[DELETE] (6191|hot) Too old: 6 days (limit: 3)
[DELETE] (6191|hot) Too old: 6 days (limit: 3)
[DELETE] (6191|hot) Too old: 6 days (limit: 3)
[DELETE] (4105|hot) Too old: 44 days (limit: 3)
[DELETE] (4105|hot) Too old: 27 days (limit: 3)
[DELETE] (4105|hot) Too old: 19 days (limit: 3)
[DELETE] (4105|hot) Too old: 35 days (limit: 3)
[DELETE] (4105|hot) Too old: 14 days (limit: 3)
[OK] (6667) Updated content (3798 chars)
[DELETE] (6667|hot) Too old: 14 days (limit: 3)
[OK] (6667) Updated content (4750 chars)
[OK] (6667) Updated content (3517 chars)
[OK] (2317) Updated content (3484 chars)
[OK] (6667) Updated content (4832 chars)
[OK] (2317) Updated content (3734 chars)
[OK] (2317) Updated content (3198 chars)
[OK] (2317) Updated content (3106 chars)
[OK] (2317) Updated content (3179 chars)
[DELETE] (2345|hot) Too old: 8 days (limit: 3)
[DELETE] (2345|hot) Too old: 8 days (limit: 3)
[DELETE] (2345|hot) Too old: 7 days (limit: 3)
[OK] (2345) Updated content (3857 chars)
[OK] (2345) Updated content (3385 chars)
[DELETE] (1307|hot) Too old: 76 days (limit: 3)
[DELETE] (1307|hot) Too old: 47 days (limit: 3)
[DELETE] (1307|hot) Too old: 16 days (limit: 3)
[DELETE] (1307|hot) Too old: 15 days (limit: 3)
[DELETE] (4162|hot) Too old: 76 days (limit: 3)
[DELETE] (1307|hot) Too old: 33 days (limit: 3)
[DELETE] (4162|hot) Too old: 63 days (limit: 3)
[DELETE] (4162|hot) Too old: 51 days (limit: 3)
[DELETE] (4162|hot) Too old: 47 days (limit: 3)
[DELETE] (4162|hot) Too old: 19 days (limit: 3)
[DELETE] (6923|hot) Too old: 23 days (limit: 3)
[DELETE] (6923|hot) Too old: 14 days (limit: 3)
[DELETE] (6923|hot) Too old: 22 days (limit: 3)
[DELETE] (6923|hot) Too old: 6 days (limit: 3)
[DELETE] (6923|hot) Too old: 8 days (limit: 3)
[DELETE] (1616|hot) Too old: 42 days (limit: 3)
[DELETE] (1616|hot) Too old: 9 days (limit: 3)
[DELETE] (1616|hot) Too old: 9 days (limit: 3)
[DELETE] (1616|hot) Too old: 19 days (limit: 3)
[OK] (1616) Updated content (4086 chars)
[DELETE] (6625|hot) Too old: 105 days (limit: 3)
[DELETE] (6625|hot) Too old: 75 days (limit: 3)
[DELETE] (6625|hot) Too old: 47 days (limit: 3)
[DELETE] (6625|hot) Too old: 14 days (limit: 3)
[DELETE] (6625|hot) Too old: 86 days (limit: 3)
[DELETE] (1410|hot) Too old: 51 days (limit: 3)
[DELETE] (1410|hot) Too old: 47 days (limit: 3)
[DELETE] (1410|hot) Too old: 14 days (limit: 3)
[DELETE] (1410|hot) Too old: 13 days (limit: 3)
[DELETE] (1410|hot) Too old: 13 days (limit: 3)
[DELETE] (1442|hot) Too old: 71 days (limit: 3)
[DELETE] (1442|hot) Too old: 55 days (limit: 3)
[DELETE] (1442|hot) Too old: 47 days (limit: 3)
[DELETE] (2540|hot) Too old: 41 days (limit: 3)
[DELETE] (1442|hot) Too old: 14 days (limit: 3)
[DELETE] (1442|hot) Too old: 47 days (limit: 3)
[DELETE] (2540|hot) Too old: 41 days (limit: 3)
[DELETE] (2540|hot) Too old: 41 days (limit: 3)
[DELETE] (6657|hot) Too old: 47 days (limit: 3)
[DELETE] (2540|hot) Too old: 19 days (limit: 3)
[DELETE] (2540|hot) Too old: 34 days (limit: 3)
[DELETE] (6657|hot) Too old: 33 days (limit: 3)
[DELETE] (6657|hot) Too old: 16 days (limit: 3)
[DELETE] (6657|hot) Too old: 33 days (limit: 3)
[DELETE] (6657|hot) Too old: 14 days (limit: 3)
[DELETE] (5876|hot) Too old: 47 days (limit: 3)
[DELETE] (5876|hot) Too old: 44 days (limit: 3)
[DELETE] (5876|hot) Too old: 16 days (limit: 3)
[DELETE] (5876|hot) Too old: 16 days (limit: 3)
[DELETE] (6187|hot) Too old: 47 days (limit: 3)
[DELETE] (6187|hot) Too old: 47 days (limit: 3)
[DELETE] (5876|hot) Too old: 16 days (limit: 3)
[DELETE] (6187|hot) Too old: 16 days (limit: 3)
[DELETE] (6187|hot) Too old: 14 days (limit: 3)
[DELETE] (6187|hot) Too old: 14 days (limit: 3)
[DELETE] (2887|hot) Too old: 7 days (limit: 3)
[OK] (2887) Updated content (4965 chars)
[OK] (2887) Updated content (5467 chars)
[OK] (2887) Updated content (4647 chars)
[DELETE] (5314|hot) Too old: 40 days (limit: 3)
[OK] (2887) Updated content (4248 chars)
[DELETE] (5314|hot) Too old: 35 days (limit: 3)
[DELETE] (5314|hot) Too old: 26 days (limit: 3)
[DELETE] (5314|hot) Too old: 14 days (limit: 3)
[DELETE] (5498|hot) Too old: 36 days (limit: 3)
[DELETE] (5314|hot) Too old: 21 days (limit: 3)
[DELETE] (5498|hot) Too old: 19 days (limit: 3)
[DELETE] (5498|hot) Too old: 19 days (limit: 3)
[DELETE] (4130|hot) Too old: 44 days (limit: 3)
[DELETE] (5498|hot) Too old: 7 days (limit: 3)
[DELETE] (5498|hot) Too old: 19 days (limit: 3)
[DELETE] (4130|hot) Too old: 43 days (limit: 3)
[DELETE] (4130|hot) Too old: 15 days (limit: 3)
[DELETE] (4130|hot) Too old: 30 days (limit: 3)
[DELETE] (4130|hot) Too old: 29 days (limit: 3)
[DELETE] (2501|hot) Too old: 68 days (limit: 3)
[DELETE] (2501|hot) Too old: 58 days (limit: 3)
[DELETE] (2501|hot) Too old: 58 days (limit: 3)
[DELETE] (2501|hot) Too old: 47 days (limit: 3)
[DELETE] (2501|hot) Too old: 14 days (limit: 3)
[DELETE] (1529|hot) Too old: 33 days (limit: 3)
[DELETE] (1529|hot) Too old: 33 days (limit: 3)
[DELETE] (1529|hot) Too old: 20 days (limit: 3)
[DELETE] (1529|hot) Too old: 14 days (limit: 3)
[DELETE] (1529|hot) Too old: 19 days (limit: 3)
[DELETE] (6643|hot) Too old: 33 days (limit: 3)
[DELETE] (6643|hot) Too old: 33 days (limit: 3)
[DELETE] (6643|hot) Too old: 27 days (limit: 3)
[DELETE] (6643|hot) Too old: 19 days (limit: 3)
[DELETE] (6643|hot) Too old: 27 days (limit: 3)
[DELETE] (4736|hot) Too old: 33 days (limit: 3)
[DELETE] (4736|hot) Too old: 22 days (limit: 3)
[DELETE] (4736|hot) Too old: 28 days (limit: 3)
[DELETE] (4736|hot) Too old: 16 days (limit: 3)
[DELETE] (4736|hot) Too old: 13 days (limit: 3)
[DELETE] (5274|hot) Too old: 23 days (limit: 3)
[DELETE] (5274|hot) Too old: 21 days (limit: 3)
[DELETE] (5274|hot) Too old: 19 days (limit: 3)
[DELETE] (5274|hot) Too old: 19 days (limit: 3)
[DELETE] (6525|hot) Too old: 49 days (limit: 3)
[DELETE] (5274|hot) Too old: 12 days (limit: 3)
[DELETE] (6525|hot) Too old: 51 days (limit: 3)
[DELETE] (6525|hot) Too old: 34 days (limit: 3)
[DELETE] (6525|hot) Too old: 20 days (limit: 3)
[DELETE] (6525|hot) Too old: 29 days (limit: 3)
[DELETE] (8415|hot) Too old: 27 days (limit: 3)
[DELETE] (8415|hot) Too old: 23 days (limit: 3)
[DELETE] (8415|hot) Too old: 27 days (limit: 3)
[DELETE] (8415|hot) Too old: 8 days (limit: 3)
[DELETE] (2405|hot) Too old: 47 days (limit: 3)
[DELETE] (8415|hot) Too old: 16 days (limit: 3)
[DELETE] (2405|hot) Too old: 43 days (limit: 3)
[DELETE] (2405|hot) Too old: 20 days (limit: 3)
[DELETE] (2405|hot) Too old: 19 days (limit: 3)
[DELETE] (2395|hot) Too old: 19 days (limit: 3)
[DELETE] (2405|hot) Too old: 14 days (limit: 3)
[DELETE] (2395|hot) Too old: 15 days (limit: 3)
[DELETE] (2395|hot) Too old: 19 days (limit: 3)
[DELETE] (2395|hot) Too old: 7 days (limit: 3)
[DELETE] (2395|hot) Too old: 9 days (limit: 3)
[DELETE] (8114|hot) Too old: 36 days (limit: 3)
[DELETE] (8114|hot) Too old: 36 days (limit: 3)
[DELETE] (8114|hot) Too old: 36 days (limit: 3)
[DELETE] (8114|hot) Too old: 22 days (limit: 3)
[DELETE] (8081|hot) Too old: 13 days (limit: 3)
[DELETE] (8114|hot) Too old: 19 days (limit: 3)
[DELETE] (8081|hot) Too old: 13 days (limit: 3)
[DELETE] (8081|hot) Too old: 13 days (limit: 3)
[DELETE] (8081|hot) Too old: 13 days (limit: 3)
[DELETE] (8081|hot) Too old: 12 days (limit: 3)
[DELETE] (5328|hot) Too old: 47 days (limit: 3)
[DELETE] (5328|hot) Too old: 44 days (limit: 3)
[DELETE] (5328|hot) Too old: 33 days (limit: 3)
[DELETE] (5328|hot) Too old: 9 days (limit: 3)
[DELETE] (5328|hot) Too old: 14 days (limit: 3)
[DELETE] (5302|hot) Too old: 48 days (limit: 3)
[DELETE] (5302|hot) Too old: 49 days (limit: 3)
[DELETE] (5302|hot) Too old: 19 days (limit: 3)
[DELETE] (5302|hot) Too old: 47 days (limit: 3)
[DELETE] (5302|hot) Too old: 40 days (limit: 3)
[DELETE] (4157|hot) Too old: 85 days (limit: 3)
[DELETE] (4157|hot) Too old: 75 days (limit: 3)
[DELETE] (4157|hot) Too old: 44 days (limit: 3)
[DELETE] (4157|hot) Too old: 21 days (limit: 3)
[DELETE] (4157|hot) Too old: 50 days (limit: 3)
[DELETE] (1210|hot) Too old: 29 days (limit: 3)
[DELETE] (1210|hot) Too old: 26 days (limit: 3)
[DELETE] (1210|hot) Too old: 26 days (limit: 3)
[DELETE] (1210|hot) Too old: 22 days (limit: 3)
[DELETE] (6104|hot) Too old: 51 days (limit: 3)
[DELETE] (6104|hot) Too old: 49 days (limit: 3)
[DELETE] (1210|hot) Too old: 15 days (limit: 3)
[DELETE] (6104|hot) Too old: 43 days (limit: 3)
[DELETE] (6104|hot) Too old: 19 days (limit: 3)
[DELETE] (1504|hot) Too old: 27 days (limit: 3)
[DELETE] (6104|hot) Too old: 15 days (limit: 3)
[DELETE] (1504|hot) Too old: 22 days (limit: 3)
[DELETE] (1504|hot) Too old: 19 days (limit: 3)
[DELETE] (1504|hot) Too old: 6 days (limit: 3)
[DELETE] (5392|hot) Too old: 41 days (limit: 3)
[OK] (1504) Updated content (3965 chars)
[DELETE] (5392|hot) Too old: 41 days (limit: 3)
[DELETE] (5392|hot) Too old: 41 days (limit: 3)
[DELETE] (5392|hot) Too old: 27 days (limit: 3)
[DELETE] (1409|hot) Too old: 27 days (limit: 3)
[DELETE] (1409|hot) Too old: 15 days (limit: 3)
[DELETE] (1409|hot) Too old: 22 days (limit: 3)
[DELETE] (5392|hot) Too old: 14 days (limit: 3)
[DELETE] (1409|hot) Too old: 13 days (limit: 3)
[DELETE] (5607|hot) Too old: 8 days (limit: 3)
[DELETE] (1409|hot) Too old: 9 days (limit: 3)
[DELETE] (5607|hot) Too old: 8 days (limit: 3)
[DELETE] (5607|hot) Too old: 14 days (limit: 3)
[DELETE] (5607|hot) Too old: 8 days (limit: 3)
[OK] (5607) Updated content (3948 chars)
[DELETE] (7777|hot) Too old: 16 days (limit: 3)
[DELETE] (7777|hot) Too old: 16 days (limit: 3)
[DELETE] (7777|hot) Too old: 23 days (limit: 3)
[DELETE] (7777|hot) Too old: 7 days (limit: 3)
[DELETE] (8462|hot) Too old: 21 days (limit: 3)
[DELETE] (7777|hot) Too old: 8 days (limit: 3)
[DELETE] (8462|hot) Too old: 21 days (limit: 3)
[DELETE] (8462|hot) Too old: 19 days (limit: 3)
[DELETE] (2607|hot) Too old: 29 days (limit: 3)
[DELETE] (8462|hot) Too old: 16 days (limit: 3)
[DELETE] (8462|hot) Too old: 14 days (limit: 3)
[DELETE] (2607|hot) Too old: 14 days (limit: 3)
[DELETE] (2607|hot) Too old: 19 days (limit: 3)
[DELETE] (2607|hot) Too old: 6 days (limit: 3)
[OK] (2607) Updated content (4223 chars)
[DELETE] (1603|hot) Too old: 49 days (limit: 3)
[DELETE] (1603|hot) Too old: 76 days (limit: 3)
[DELETE] (1603|hot) Too old: 47 days (limit: 3)
[DELETE] (1603|hot) Too old: 14 days (limit: 3)
[DELETE] (1603|hot) Too old: 41 days (limit: 3)
[DELETE] (6223|hot) Too old: 19 days (limit: 3)
[DELETE] (6223|hot) Too old: 16 days (limit: 3)
[DELETE] (6223|hot) Too old: 12 days (limit: 3)
[DELETE] (3709|hot) Too old: 27 days (limit: 3)
[DELETE] (6223|hot) Too old: 7 days (limit: 3)
[OK] (6223) Updated content (4369 chars)
[DELETE] (3709|hot) Too old: 27 days (limit: 3)
[DELETE] (3709|hot) Too old: 16 days (limit: 3)
[OK] (3709) Updated content (3139 chars)
[OK] (3709) Updated content (3599 chars)
[DELETE] (2419|hot) Too old: 33 days (limit: 3)
[DELETE] (2419|hot) Too old: 26 days (limit: 3)
[DELETE] (2419|hot) Too old: 26 days (limit: 3)
[DELETE] (2419|hot) Too old: 33 days (limit: 3)
[DELETE] (2419|hot) Too old: 22 days (limit: 3)
[DELETE] (6937|hot) Too old: 70 days (limit: 3)
[DELETE] (6937|hot) Too old: 47 days (limit: 3)
[DELETE] (6937|hot) Too old: 16 days (limit: 3)
[DELETE] (6937|hot) Too old: 29 days (limit: 3)
[DELETE] (6937|hot) Too old: 23 days (limit: 3)
[DELETE] (1815|hot) Too old: 51 days (limit: 3)
[OK] (1815) Updated content (3950 chars)
[DELETE] (1815|hot) Too old: 47 days (limit: 3)
[OK] (1815) Updated content (5386 chars)
[DELETE] (1815|hot) Too old: 51 days (limit: 3)
[DELETE] (2485|hot) Too old: 49 days (limit: 3)
[DELETE] (2485|hot) Too old: 47 days (limit: 3)
[DELETE] (2485|hot) Too old: 29 days (limit: 3)
[DELETE] (2485|hot) Too old: 15 days (limit: 3)
[DELETE] (2485|hot) Too old: 14 days (limit: 3)
[DELETE] (6415|hot) Too old: 22 days (limit: 3)
[DELETE] (6415|hot) Too old: 22 days (limit: 3)
[OK] (6415) Updated content (4701 chars)
[DELETE] (6415|hot) Too old: 14 days (limit: 3)
[DELETE] (6415|hot) Too old: 13 days (limit: 3)
[DELETE] (6799|hot) Too old: 40 days (limit: 3)
[DELETE] (6799|hot) Too old: 33 days (limit: 3)
[DELETE] (6799|hot) Too old: 33 days (limit: 3)
[DELETE] (6799|hot) Too old: 33 days (limit: 3)
[DELETE] (6799|hot) Too old: 16 days (limit: 3)
[DELETE] (2258|hot) Too old: 33 days (limit: 3)
[DELETE] (2258|hot) Too old: 26 days (limit: 3)
[DELETE] (2258|hot) Too old: 19 days (limit: 3)
[DELETE] (2258|hot) Too old: 33 days (limit: 3)
[DELETE] (2258|hot) Too old: 6 days (limit: 3)
[DELETE] (5315|hot) Too old: 33 days (limit: 3)
[DELETE] (5315|hot) Too old: 19 days (limit: 3)
[DELETE] (5315|hot) Too old: 33 days (limit: 3)
[DELETE] (5315|hot) Too old: 26 days (limit: 3)
[DELETE] (5315|hot) Too old: 23 days (limit: 3)
[DELETE] (3081|hot) Too old: 7 days (limit: 3)
[DELETE] (3081|hot) Too old: 7 days (limit: 3)
[DELETE] (3081|hot) Too old: 7 days (limit: 3)
[DELETE] (3081|hot) Too old: 7 days (limit: 3)
[DELETE] (3081|hot) Too old: 7 days (limit: 3)
[DELETE] (3545|hot) Too old: 61 days (limit: 3)
[DELETE] (3545|hot) Too old: 29 days (limit: 3)
[DELETE] (3545|hot) Too old: 55 days (limit: 3)
[DELETE] (3545|hot) Too old: 47 days (limit: 3)
[DELETE] (3545|hot) Too old: 15 days (limit: 3)
[DELETE] (1786|hot) Too old: 41 days (limit: 3)
[DELETE] (1786|hot) Too old: 41 days (limit: 3)
[DELETE] (1786|hot) Too old: 41 days (limit: 3)
[DELETE] (1786|hot) Too old: 14 days (limit: 3)
[DELETE] (1786|hot) Too old: 14 days (limit: 3)
[DELETE] (3025|hot) Too old: 57 days (limit: 3)
[DELETE] (3025|hot) Too old: 19 days (limit: 3)
[DELETE] (3025|hot) Too old: 49 days (limit: 3)
[DELETE] (3025|hot) Too old: 29 days (limit: 3)
[DELETE] (3025|hot) Too old: 43 days (limit: 3)
[DELETE] (3376|hot) Too old: 14 days (limit: 3)
[DELETE] (3376|hot) Too old: 15 days (limit: 3)
[DELETE] (3376|hot) Too old: 14 days (limit: 3)
[DELETE] (3376|hot) Too old: 12 days (limit: 3)
[DELETE] (3376|hot) Too old: 12 days (limit: 3)
[DELETE] (7712|hot) Too old: 15 days (limit: 3)
[DELETE] (7712|hot) Too old: 47 days (limit: 3)
[DELETE] (7712|hot) Too old: 8 days (limit: 3)
[DELETE] (7712|hot) Too old: 8 days (limit: 3)
[DELETE] (7712|hot) Too old: 8 days (limit: 3)
[DELETE] (1568|hot) Too old: 47 days (limit: 3)
[DELETE] (1568|hot) Too old: 19 days (limit: 3)
[DELETE] (1568|hot) Too old: 29 days (limit: 3)
[DELETE] (1568|hot) Too old: 27 days (limit: 3)
[DELETE] (1568|hot) Too old: 14 days (limit: 3)
[DELETE] (2484|hot) Too old: 30 days (limit: 3)
[DELETE] (2484|hot) Too old: 16 days (limit: 3)
[OK] (2484) Updated content (3505 chars)
[OK] (2484) Updated content (3852 chars)
[OK] (2484) Updated content (3765 chars)
[DELETE] (6568|hot) Too old: 107 days (limit: 3)
[DELETE] (6568|hot) Too old: 78 days (limit: 3)
[DELETE] (6568|hot) Too old: 47 days (limit: 3)
[DELETE] (6568|hot) Too old: 22 days (limit: 3)
[DELETE] (6568|hot) Too old: 19 days (limit: 3)
[DELETE] (5340|hot) Too old: 76 days (limit: 3)
[DELETE] (5340|hot) Too old: 70 days (limit: 3)
[DELETE] (5340|hot) Too old: 51 days (limit: 3)
[DELETE] (5340|hot) Too old: 47 days (limit: 3)
[DELETE] (5340|hot) Too old: 16 days (limit: 3)
[DELETE] (2618|hot) Too old: 14 days (limit: 3)
[DELETE] (2618|hot) Too old: 14 days (limit: 3)
[DELETE] (2618|hot) Too old: 6 days (limit: 3)
[DELETE] (2618|hot) Too old: 12 days (limit: 3)
[OK] (2618) Updated content (4029 chars)
[DELETE] (1517|hot) Too old: 51 days (limit: 3)
[DELETE] (1517|hot) Too old: 44 days (limit: 3)
[DELETE] (1517|hot) Too old: 75 days (limit: 3)
[DELETE] (1517|hot) Too old: 14 days (limit: 3)
[DELETE] (1517|hot) Too old: 43 days (limit: 3)
[DELETE] (2353|hot) Too old: 6 days (limit: 3)
[OK] (2353) Updated content (4637 chars)
[DELETE] (2353|hot) Too old: 6 days (limit: 3)
[OK] (2353) Updated content (5811 chars)
[OK] (2353) Updated content (3512 chars)
[DELETE] (3498|hot) Too old: 37 days (limit: 3)
[DELETE] (3498|hot) Too old: 36 days (limit: 3)
[DELETE] (3498|hot) Too old: 14 days (limit: 3)
[DELETE] (3498|hot) Too old: 12 days (limit: 3)
[DELETE] (3498|hot) Too old: 12 days (limit: 3)
[DELETE] (1808|hot) Too old: 27 days (limit: 3)
[DELETE] (1808|hot) Too old: 15 days (limit: 3)
[DELETE] (1808|hot) Too old: 15 days (limit: 3)
[DELETE] (1808|hot) Too old: 27 days (limit: 3)
[DELETE] (1305|hot) Too old: 36 days (limit: 3)
[DELETE] (1808|hot) Too old: 14 days (limit: 3)
[DELETE] (1305|hot) Too old: 29 days (limit: 3)
[DELETE] (1305|hot) Too old: 36 days (limit: 3)
[DELETE] (1305|hot) Too old: 19 days (limit: 3)
[DELETE] (1305|hot) Too old: 7 days (limit: 3)
[DELETE] (6596|hot) Too old: 47 days (limit: 3)
[DELETE] (6596|hot) Too old: 43 days (limit: 3)
[DELETE] (6596|hot) Too old: 29 days (limit: 3)
[DELETE] (6596|hot) Too old: 15 days (limit: 3)
[OK] (6596) Updated content (4302 chars)
[DELETE] (4576|hot) Too old: 61 days (limit: 3)
[DELETE] (4576|hot) Too old: 55 days (limit: 3)
[DELETE] (3217|hot) Too old: 13 days (limit: 3)
[DELETE] (3217|hot) Too old: 13 days (limit: 3)
[DELETE] (4576|hot) Too old: 49 days (limit: 3)
[DELETE] (3217|hot) Too old: 13 days (limit: 3)
[DELETE] (3217|hot) Too old: 13 days (limit: 3)
[DELETE] (4576|hot) Too old: 29 days (limit: 3)
[DELETE] (4576|hot) Too old: 20 days (limit: 3)
[DELETE] (3217|hot) Too old: 13 days (limit: 3)
[DELETE] (6925|hot) Too old: 55 days (limit: 3)
[DELETE] (6925|hot) Too old: 47 days (limit: 3)
[DELETE] (6925|hot) Too old: 47 days (limit: 3)
[DELETE] (6925|hot) Too old: 28 days (limit: 3)
[DELETE] (3609|hot) Too old: 49 days (limit: 3)
[DELETE] (6925|hot) Too old: 28 days (limit: 3)
[DELETE] (3609|hot) Too old: 7 days (limit: 3)
[DELETE] (3609|hot) Too old: 45 days (limit: 3)
[DELETE] (3609|hot) Too old: 7 days (limit: 3)
[DELETE] (3609|hot) Too old: 14 days (limit: 3)
[DELETE] (1308|hot) Too old: 36 days (limit: 3)
[DELETE] (1308|hot) Too old: 27 days (limit: 3)
[OK] (1308) Updated content (3346 chars)
[DELETE] (1308|hot) Too old: 7 days (limit: 3)
[DELETE] (1308|hot) Too old: 19 days (limit: 3)
[DELETE] (4976|hot) Too old: 42 days (limit: 3)
[DELETE] (4976|hot) Too old: 51 days (limit: 3)
[DELETE] (4976|hot) Too old: 16 days (limit: 3)
[DELETE] (4976|hot) Too old: 47 days (limit: 3)
[OK] (4976) Updated content (4685 chars)
[DELETE] (2349|hot) Too old: 40 days (limit: 3)
[DELETE] (2349|hot) Too old: 42 days (limit: 3)
[DELETE] (2349|hot) Too old: 8 days (limit: 3)
[DELETE] (2349|hot) Too old: 14 days (limit: 3)
[DELETE] (2349|hot) Too old: 21 days (limit: 3)
[DELETE] (4167|hot) Too old: 48 days (limit: 3)
[DELETE] (4167|hot) Too old: 48 days (limit: 3)
[DELETE] (4167|hot) Too old: 16 days (limit: 3)
[DELETE] (4167|hot) Too old: 48 days (limit: 3)
[DELETE] (4167|hot) Too old: 48 days (limit: 3)
[DELETE] (3078|hot) Too old: 76 days (limit: 3)
[DELETE] (3078|hot) Too old: 47 days (limit: 3)
[DELETE] (3078|hot) Too old: 42 days (limit: 3)
[DELETE] (3078|hot) Too old: 50 days (limit: 3)
[DELETE] (3078|hot) Too old: 14 days (limit: 3)
[DELETE] (3289|hot) Too old: 42 days (limit: 3)
[DELETE] (3289|hot) Too old: 48 days (limit: 3)
[DELETE] (3289|hot) Too old: 43 days (limit: 3)
[DELETE] (3289|hot) Too old: 14 days (limit: 3)
[DELETE] (3289|hot) Too old: 47 days (limit: 3)
[DELETE] (5291|hot) Too old: 19 days (limit: 3)
[DELETE] (5291|hot) Too old: 8 days (limit: 3)
[DELETE] (5291|hot) Too old: 8 days (limit: 3)
[DELETE] (5291|hot) Too old: 14 days (limit: 3)
[OK] (5291) Updated content (3552 chars)
[DELETE] (2455|hot) Too old: 16 days (limit: 3)
[DELETE] (2455|hot) Too old: 13 days (limit: 3)
[DELETE] (2455|hot) Too old: 13 days (limit: 3)
[DELETE] (2455|hot) Too old: 15 days (limit: 3)
[DELETE] (2455|hot) Too old: 8 days (limit: 3)
[DELETE] (4128|hot) Too old: 44 days (limit: 3)
[DELETE] (4128|hot) Too old: 50 days (limit: 3)
[DELETE] (4128|hot) Too old: 55 days (limit: 3)
[DELETE] (4128|hot) Too old: 22 days (limit: 3)
[DELETE] (4128|hot) Too old: 33 days (limit: 3)
[DELETE] (3622|hot) Too old: 30 days (limit: 3)
[DELETE] (3622|hot) Too old: 30 days (limit: 3)
[DELETE] (3622|hot) Too old: 30 days (limit: 3)
[DELETE] (3622|hot) Too old: 16 days (limit: 3)
[DELETE] (3622|hot) Too old: 23 days (limit: 3)
[DELETE] (1617|hot) Too old: 28 days (limit: 3)
[DELETE] (1617|hot) Too old: 28 days (limit: 3)
[DELETE] (1617|hot) Too old: 28 days (limit: 3)
[DELETE] (1617|hot) Too old: 8 days (limit: 3)
[DELETE] (1617|hot) Too old: 14 days (limit: 3)
[DELETE] (2855|hot) Too old: 35 days (limit: 3)
[DELETE] (2855|hot) Too old: 27 days (limit: 3)
[DELETE] (2855|hot) Too old: 28 days (limit: 3)
[DELETE] (2855|hot) Too old: 14 days (limit: 3)
[DELETE] (2855|hot) Too old: 20 days (limit: 3)
[OK] (2323) Updated content (4641 chars)
[OK] (2323) Updated content (4238 chars)
[OK] (2323) Updated content (4221 chars)
[OK] (2323) Updated content (4533 chars)
[OK] (2323) Updated content (4130 chars)
[DELETE] (3022|hot) Too old: 30 days (limit: 3)
[DELETE] (3022|hot) Too old: 8 days (limit: 3)
[DELETE] (3022|hot) Too old: 30 days (limit: 3)
[DELETE] (3022|hot) Too old: 30 days (limit: 3)
[DELETE] (3022|hot) Too old: 19 days (limit: 3)
[DELETE] (6197|hot) Too old: 57 days (limit: 3)
[DELETE] (6197|hot) Too old: 49 days (limit: 3)
[DELETE] (6197|hot) Too old: 20 days (limit: 3)
[DELETE] (6197|hot) Too old: 50 days (limit: 3)
[DELETE] (6197|hot) Too old: 15 days (limit: 3)
[DELETE] (4551|hot) Too old: 16 days (limit: 3)
[DELETE] (4551|hot) Too old: 26 days (limit: 3)
[DELETE] (4551|hot) Too old: 6 days (limit: 3)
[DELETE] (4551|hot) Too old: 22 days (limit: 3)
[DELETE] (4551|hot) Too old: 13 days (limit: 3)
[DELETE] (1569|hot) Too old: 51 days (limit: 3)
[DELETE] (1569|hot) Too old: 43 days (limit: 3)
[DELETE] (1569|hot) Too old: 15 days (limit: 3)
[DELETE] (1569|hot) Too old: 44 days (limit: 3)
[DELETE] (1569|hot) Too old: 43 days (limit: 3)
[DELETE] (2915|hot) Too old: 14 days (limit: 3)
[DELETE] (2915|hot) Too old: 41 days (limit: 3)
[DELETE] (2915|hot) Too old: 29 days (limit: 3)
[DELETE] (2915|hot) Too old: 44 days (limit: 3)
[DELETE] (2915|hot) Too old: 13 days (limit: 3)
[DELETE] (9941|hot) Too old: 15 days (limit: 3)
[DELETE] (9941|hot) Too old: 14 days (limit: 3)
[DELETE] (9941|hot) Too old: 14 days (limit: 3)
[DELETE] (9941|hot) Too old: 12 days (limit: 3)
[DELETE] (3088|hot) Too old: 6 days (limit: 3)
[DELETE] (9941|hot) Too old: 7 days (limit: 3)
[DELETE] (3088|hot) Too old: 6 days (limit: 3)
[DELETE] (3088|hot) Too old: 6 days (limit: 3)
[DELETE] (3088|hot) Too old: 6 days (limit: 3)
[DELETE] (3088|hot) Too old: 6 days (limit: 3)
[DELETE] (2356|hot) Too old: 15 days (limit: 3)
[DELETE] (2356|hot) Too old: 14 days (limit: 3)
[DELETE] (2356|hot) Too old: 6 days (limit: 3)
[DELETE] (2356|hot) Too old: 14 days (limit: 3)
[OK] (2356) Updated content (3429 chars)
[DELETE] (3135|hot) Too old: 42 days (limit: 3)
[DELETE] (3135|hot) Too old: 27 days (limit: 3)
[DELETE] (3135|hot) Too old: 42 days (limit: 3)
[DELETE] (3135|hot) Too old: 14 days (limit: 3)
[DELETE] (3135|hot) Too old: 14 days (limit: 3)
[DELETE] (3624|hot) Too old: 48 days (limit: 3)
[DELETE] (3624|hot) Too old: 48 days (limit: 3)
[DELETE] (6788|hot) Too old: 29 days (limit: 3)
[DELETE] (3624|hot) Too old: 35 days (limit: 3)
[DELETE] (6788|hot) Too old: 29 days (limit: 3)
[DELETE] (3624|hot) Too old: 16 days (limit: 3)
[DELETE] (3624|hot) Too old: 6 days (limit: 3)
[DELETE] (6788|hot) Too old: 29 days (limit: 3)
[DELETE] (6788|hot) Too old: 29 days (limit: 3)
[DELETE] (3717|hot) Too old: 12 days (limit: 3)
[DELETE] (6788|hot) Too old: 15 days (limit: 3)
[DELETE] (3717|hot) Too old: 12 days (limit: 3)
[DELETE] (3717|hot) Too old: 8 days (limit: 3)
[DELETE] (3717|hot) Too old: 13 days (limit: 3)
[DELETE] (3717|hot) Too old: 8 days (limit: 3)
[DELETE] (1727|hot) Too old: 26 days (limit: 3)
[DELETE] (1727|hot) Too old: 58 days (limit: 3)
[DELETE] (1727|hot) Too old: 48 days (limit: 3)
[DELETE] (1727|hot) Too old: 29 days (limit: 3)
[DELETE] (1727|hot) Too old: 14 days (limit: 3)
[DELETE] (2464|hot) Too old: 8 days (limit: 3)
[DELETE] (2464|hot) Too old: 8 days (limit: 3)
[DELETE] (2464|hot) Too old: 8 days (limit: 3)
[DELETE] (2464|hot) Too old: 8 days (limit: 3)
[DELETE] (2464|hot) Too old: 8 days (limit: 3)
[DELETE] (2301|hot) Too old: 7 days (limit: 3)
[DELETE] (2301|hot) Too old: 7 days (limit: 3)
[DELETE] (2301|hot) Too old: 7 days (limit: 3)
[DELETE] (5864|hot) Too old: 19 days (limit: 3)
[OK] (2301) Updated content (2890 chars)
[DELETE] (5864|hot) Too old: 19 days (limit: 3)
[DELETE] (2301|hot) Too old: 7 days (limit: 3)
[DELETE] (1784|hot) Too old: 47 days (limit: 3)
[DELETE] (5864|hot) Too old: 16 days (limit: 3)
[DELETE] (5864|hot) Too old: 16 days (limit: 3)
[DELETE] (5864|hot) Too old: 9 days (limit: 3)
[DELETE] (1784|hot) Too old: 36 days (limit: 3)
[DELETE] (1784|hot) Too old: 12 days (limit: 3)
[DELETE] (1784|hot) Too old: 14 days (limit: 3)
[DELETE] (1784|hot) Too old: 8 days (limit: 3)
[DELETE] (2316|hot) Too old: 12 days (limit: 3)
[DELETE] (2316|hot) Too old: 12 days (limit: 3)
[DELETE] (2316|hot) Too old: 6 days (limit: 3)
[DELETE] (2316|hot) Too old: 8 days (limit: 3)
[DELETE] (6831|hot) Too old: 43 days (limit: 3)
[OK] (2316) Updated content (4373 chars)
[DELETE] (6831|hot) Too old: 43 days (limit: 3)
[DELETE] (6831|hot) Too old: 43 days (limit: 3)
[DELETE] (6831|hot) Too old: 28 days (limit: 3)
[DELETE] (6831|hot) Too old: 19 days (limit: 3)
[DELETE] (1220|hot) Too old: 35 days (limit: 3)
[DELETE] (1220|hot) Too old: 34 days (limit: 3)
[DELETE] (1220|hot) Too old: 35 days (limit: 3)
[DELETE] (1220|hot) Too old: 29 days (limit: 3)
[DELETE] (1220|hot) Too old: 15 days (limit: 3)
[DELETE] (3317|hot) Too old: 110 days (limit: 3)
[DELETE] (3317|hot) Too old: 103 days (limit: 3)
[DELETE] (3317|hot) Too old: 16 days (limit: 3)
[DELETE] (3317|hot) Too old: 77 days (limit: 3)
[DELETE] (3317|hot) Too old: 47 days (limit: 3)
[DELETE] (3686|hot) Too old: 196 days (limit: 3)
[DELETE] (3686|hot) Too old: 47 days (limit: 3)
[DELETE] (3686|hot) Too old: 166 days (limit: 3)
[DELETE] (2535|hot) Too old: 24 days (limit: 3)
[DELETE] (3686|hot) Too old: 75 days (limit: 3)
[DELETE] (3686|hot) Too old: 14 days (limit: 3)
[DELETE] (2535|hot) Too old: 15 days (limit: 3)
[DELETE] (2535|hot) Too old: 15 days (limit: 3)
[DELETE] (2845|hot) Too old: 27 days (limit: 3)
[DELETE] (2535|hot) Too old: 15 days (limit: 3)
[DELETE] (2535|hot) Too old: 14 days (limit: 3)
[DELETE] (2845|hot) Too old: 16 days (limit: 3)
[DELETE] (2845|hot) Too old: 9 days (limit: 3)
[DELETE] (2845|hot) Too old: 16 days (limit: 3)
[DELETE] (2480|hot) Too old: 50 days (limit: 3)
[OK] (2845) Updated content (4491 chars)
[DELETE] (2480|hot) Too old: 47 days (limit: 3)
[DELETE] (2480|hot) Too old: 26 days (limit: 3)
[DELETE] (2480|hot) Too old: 14 days (limit: 3)
[DELETE] (2480|hot) Too old: 26 days (limit: 3)
[DELETE] (6491|hot) Too old: 35 days (limit: 3)
[DELETE] (6491|hot) Too old: 35 days (limit: 3)
[DELETE] (6491|hot) Too old: 27 days (limit: 3)
[DELETE] (6491|hot) Too old: 22 days (limit: 3)
[DELETE] (6491|hot) Too old: 12 days (limit: 3)
[DELETE] (4953|hot) Too old: 22 days (limit: 3)
[DELETE] (4953|hot) Too old: 19 days (limit: 3)
[DELETE] (4953|hot) Too old: 18 days (limit: 3)
[DELETE] (2399|hot) Too old: 50 days (limit: 3)
[DELETE] (4953|hot) Too old: 4 days (limit: 3)
[DELETE] (4953|hot) Too old: 11 days (limit: 3)
[DELETE] (2399|hot) Too old: 44 days (limit: 3)
[DELETE] (2399|hot) Too old: 42 days (limit: 3)
[DELETE] (2399|hot) Too old: 14 days (limit: 3)
[DELETE] (2399|hot) Too old: 7 days (limit: 3)
[DELETE] (6245|hot) Too old: 48 days (limit: 3)
[DELETE] (6245|hot) Too old: 75 days (limit: 3)
[DELETE] (6245|hot) Too old: 44 days (limit: 3)
[DELETE] (6245|hot) Too old: 40 days (limit: 3)
[DELETE] (6245|hot) Too old: 14 days (limit: 3)
[DELETE] (9933|hot) Too old: 48 days (limit: 3)
[DELETE] (9933|hot) Too old: 42 days (limit: 3)
[DELETE] (9933|hot) Too old: 41 days (limit: 3)
[DELETE] (9933|hot) Too old: 9 days (limit: 3)
[DELETE] (9933|hot) Too old: 16 days (limit: 3)
[DELETE] (9934|hot) Too old: 44 days (limit: 3)
[DELETE] (9934|hot) Too old: 47 days (limit: 3)
[DELETE] (9934|hot) Too old: 26 days (limit: 3)
[DELETE] (9934|hot) Too old: 26 days (limit: 3)
[DELETE] (1589|hot) Too old: 69 days (limit: 3)
[DELETE] (1589|hot) Too old: 47 days (limit: 3)
[DELETE] (9934|hot) Too old: 15 days (limit: 3)
[DELETE] (1589|hot) Too old: 37 days (limit: 3)
[DELETE] (1589|hot) Too old: 35 days (limit: 3)
[DELETE] (3455|hot) Too old: 71 days (limit: 3)
[DELETE] (3455|hot) Too old: 47 days (limit: 3)
[DELETE] (1589|hot) Too old: 23 days (limit: 3)
[DELETE] (3455|hot) Too old: 50 days (limit: 3)
[DELETE] (3455|hot) Too old: 47 days (limit: 3)
[DELETE] (3546|hot) Too old: 12 days (limit: 3)
[DELETE] (3546|hot) Too old: 15 days (limit: 3)
[DELETE] (3455|hot) Too old: 14 days (limit: 3)
[DELETE] (3546|hot) Too old: 12 days (limit: 3)
[DELETE] (3546|hot) Too old: 6 days (limit: 3)
[DELETE] (3546|hot) Too old: 6 days (limit: 3)
[DELETE] (4906|hot) Too old: 30 days (limit: 3)
[DELETE] (4906|hot) Too old: 20 days (limit: 3)
[DELETE] (4906|hot) Too old: 30 days (limit: 3)
[DELETE] (4906|hot) Too old: 15 days (limit: 3)
[DELETE] (4906|hot) Too old: 15 days (limit: 3)
[DELETE] (4721|hot) Too old: 12 days (limit: 3)
[DELETE] (4721|hot) Too old: 12 days (limit: 3)
[DELETE] (4721|hot) Too old: 12 days (limit: 3)
[DELETE] (4721|hot) Too old: 9 days (limit: 3)
[DELETE] (4721|hot) Too old: 9 days (limit: 3)
[DELETE] (5439|hot) Too old: 7 days (limit: 3)
[DELETE] (5439|hot) Too old: 7 days (limit: 3)
[DELETE] (5439|hot) Too old: 14 days (limit: 3)
[DELETE] (5439|hot) Too old: 7 days (limit: 3)
[DELETE] (5439|hot) Too old: 7 days (limit: 3)
[DELETE] (6546|hot) Too old: 14 days (limit: 3)
[DELETE] (6546|hot) Too old: 33 days (limit: 3)
[DELETE] (6546|hot) Too old: 22 days (limit: 3)
[DELETE] (6546|hot) Too old: 16 days (limit: 3)
[DELETE] (6546|hot) Too old: 14 days (limit: 3)
[DELETE] (6840|hot) Too old: 48 days (limit: 3)
[DELETE] (6840|hot) Too old: 16 days (limit: 3)
[DELETE] (6840|hot) Too old: 15 days (limit: 3)
[OK] (6840) Updated content (4364 chars)
[DELETE] (6456|hot) Too old: 19 days (limit: 3)
[DELETE] (6456|hot) Too old: 9 days (limit: 3)
[OK] (6840) Updated content (3579 chars)
[DELETE] (6456|hot) Too old: 23 days (limit: 3)
[DELETE] (6456|hot) Too old: 9 days (limit: 3)
[DELETE] (2406|hot) Too old: 49 days (limit: 3)
[DELETE] (6456|hot) Too old: 9 days (limit: 3)
[DELETE] (2406|hot) Too old: 41 days (limit: 3)
[DELETE] (2406|hot) Too old: 44 days (limit: 3)
[DELETE] (2406|hot) Too old: 41 days (limit: 3)
[DELETE] (2406|hot) Too old: 14 days (limit: 3)
[DELETE] (7744|hot) Too old: 19 days (limit: 3)
[DELETE] (7744|hot) Too old: 7 days (limit: 3)
[DELETE] (7744|hot) Too old: 41 days (limit: 3)
[DELETE] (7744|hot) Too old: 7 days (limit: 3)
[DELETE] (8210|hot) Too old: 16 days (limit: 3)
[DELETE] (8210|hot) Too old: 6 days (limit: 3)
[DELETE] (8210|hot) Too old: 8 days (limit: 3)
[DELETE] (7744|hot) Too old: 7 days (limit: 3)
[DELETE] (8210|hot) Too old: 6 days (limit: 3)
[DELETE] (8210|hot) Too old: 6 days (limit: 3)
[DELETE] (6192|hot) Too old: 47 days (limit: 3)
[DELETE] (6192|hot) Too old: 51 days (limit: 3)
[DELETE] (6192|hot) Too old: 42 days (limit: 3)
[DELETE] (6192|hot) Too old: 22 days (limit: 3)
[DELETE] (8086|hot) Too old: 15 days (limit: 3)
[DELETE] (6192|hot) Too old: 14 days (limit: 3)
[DELETE] (8086|hot) Too old: 14 days (limit: 3)
[DELETE] (8086|hot) Too old: 13 days (limit: 3)
[DELETE] (8086|hot) Too old: 9 days (limit: 3)
[DELETE] (3005|hot) Too old: 30 days (limit: 3)
[DELETE] (3005|hot) Too old: 15 days (limit: 3)
[DELETE] (8086|hot) Too old: 9 days (limit: 3)
[DELETE] (3005|hot) Too old: 6 days (limit: 3)
[DELETE] (3005|hot) Too old: 15 days (limit: 3)
[DELETE] (3005|hot) Too old: 6 days (limit: 3)
[DELETE] (2062|hot) Too old: 47 days (limit: 3)
[DELETE] (2062|hot) Too old: 44 days (limit: 3)
[DELETE] (2062|hot) Too old: 20 days (limit: 3)
[DELETE] (2062|hot) Too old: 19 days (limit: 3)
[DELETE] (1515|hot) Too old: 35 days (limit: 3)
[DELETE] (2062|hot) Too old: 20 days (limit: 3)
[DELETE] (1515|hot) Too old: 35 days (limit: 3)
[DELETE] (1515|hot) Too old: 33 days (limit: 3)
[DELETE] (1515|hot) Too old: 35 days (limit: 3)
[DELETE] (1515|hot) Too old: 14 days (limit: 3)
[DELETE] (2637|hot) Too old: 21 days (limit: 3)
[DELETE] (2637|hot) Too old: 30 days (limit: 3)
[DELETE] (2637|hot) Too old: 21 days (limit: 3)
[DELETE] (2637|hot) Too old: 16 days (limit: 3)
[DELETE] (3207|hot) Too old: 42 days (limit: 3)
[OK] (2637) Updated content (2800 chars)
[DELETE] (3207|hot) Too old: 40 days (limit: 3)
[DELETE] (3207|hot) Too old: 37 days (limit: 3)
[DELETE] (6861|hot) Too old: 26 days (limit: 3)
[DELETE] (6861|hot) Too old: 33 days (limit: 3)
[DELETE] (3207|hot) Too old: 14 days (limit: 3)
[DELETE] (3207|hot) Too old: 35 days (limit: 3)
[DELETE] (6861|hot) Too old: 26 days (limit: 3)
[DELETE] (6861|hot) Too old: 19 days (limit: 3)
[DELETE] (2375|hot) Too old: 47 days (limit: 3)
[DELETE] (6861|hot) Too old: 15 days (limit: 3)
[DELETE] (2375|hot) Too old: 30 days (limit: 3)
[DELETE] (2375|hot) Too old: 30 days (limit: 3)
[DELETE] (4743|hot) Too old: 44 days (limit: 3)
[DELETE] (2375|hot) Too old: 16 days (limit: 3)
[OK] (2375) Updated content (4332 chars)
[DELETE] (4743|hot) Too old: 35 days (limit: 3)
[DELETE] (4743|hot) Too old: 33 days (limit: 3)
[DELETE] (4743|hot) Too old: 22 days (limit: 3)
[DELETE] (4743|hot) Too old: 17 days (limit: 3)
[DELETE] (3305|hot) Too old: 16 days (limit: 3)
[DELETE] (3305|hot) Too old: 13 days (limit: 3)
[DELETE] (3305|hot) Too old: 6 days (limit: 3)
[DELETE] (7715|hot) Too old: 85 days (limit: 3)
[DELETE] (3305|hot) Too old: 7 days (limit: 3)
[DELETE] (3305|hot) Too old: 13 days (limit: 3)
[DELETE] (7715|hot) Too old: 77 days (limit: 3)
[DELETE] (7715|hot) Too old: 47 days (limit: 3)
[DELETE] (7715|hot) Too old: 16 days (limit: 3)
[DELETE] (7715|hot) Too old: 6 days (limit: 3)
[DELETE] (1722|hot) Too old: 28 days (limit: 3)
[DELETE] (1722|hot) Too old: 16 days (limit: 3)
[DELETE] (1722|hot) Too old: 8 days (limit: 3)
[OK] (1722) Updated content (2771 chars)
[DELETE] (6269|hot) Too old: 55 days (limit: 3)
[DELETE] (1722|hot) Too old: 8 days (limit: 3)
[DELETE] (6269|hot) Too old: 27 days (limit: 3)
[DELETE] (6269|hot) Too old: 47 days (limit: 3)
[DELETE] (6269|hot) Too old: 19 days (limit: 3)
[DELETE] (6269|hot) Too old: 16 days (limit: 3)
[DELETE] (7799|hot) Too old: 28 days (limit: 3)
[DELETE] (7799|hot) Too old: 28 days (limit: 3)
[DELETE] (7799|hot) Too old: 9 days (limit: 3)
[DELETE] (6226|hot) Too old: 106 days (limit: 3)
[DELETE] (7799|hot) Too old: 23 days (limit: 3)
[DELETE] (7799|hot) Too old: 15 days (limit: 3)
[DELETE] (6226|hot) Too old: 98 days (limit: 3)
[DELETE] (6226|hot) Too old: 76 days (limit: 3)
[DELETE] (6226|hot) Too old: 44 days (limit: 3)
[DELETE] (2548|hot) Too old: 26 days (limit: 3)
[DELETE] (6226|hot) Too old: 14 days (limit: 3)
[DELETE] (2548|hot) Too old: 22 days (limit: 3)
[DELETE] (2548|hot) Too old: 19 days (limit: 3)
[DELETE] (2548|hot) Too old: 13 days (limit: 3)
[OK] (2548) Updated content (3126 chars)
[DELETE] (2328|hot) Too old: 33 days (limit: 3)
[DELETE] (2328|hot) Too old: 28 days (limit: 3)
[DELETE] (2328|hot) Too old: 33 days (limit: 3)
[DELETE] (2328|hot) Too old: 16 days (limit: 3)
[DELETE] (2328|hot) Too old: 28 days (limit: 3)
[DELETE] (6426|hot) Too old: 51 days (limit: 3)
[DELETE] (6426|hot) Too old: 61 days (limit: 3)
[DELETE] (6426|hot) Too old: 47 days (limit: 3)
[DELETE] (6426|hot) Too old: 42 days (limit: 3)
[DELETE] (2413|hot) Too old: 61 days (limit: 3)
[DELETE] (2413|hot) Too old: 76 days (limit: 3)
[DELETE] (6426|hot) Too old: 15 days (limit: 3)
[DELETE] (2413|hot) Too old: 51 days (limit: 3)
[DELETE] (2413|hot) Too old: 47 days (limit: 3)
[DELETE] (2413|hot) Too old: 14 days (limit: 3)
[DELETE] (1721|hot) Too old: 63 days (limit: 3)
[DELETE] (1721|hot) Too old: 76 days (limit: 3)
[DELETE] (1721|hot) Too old: 61 days (limit: 3)
[DELETE] (1721|hot) Too old: 16 days (limit: 3)
[DELETE] (1721|hot) Too old: 49 days (limit: 3)
[DELETE] (3490|hot) Too old: 29 days (limit: 3)
[DELETE] (3490|hot) Too old: 28 days (limit: 3)
[DELETE] (3490|hot) Too old: 26 days (limit: 3)
[DELETE] (8038|hot) Too old: 41 days (limit: 3)
[DELETE] (3490|hot) Too old: 14 days (limit: 3)
[DELETE] (8038|hot) Too old: 47 days (limit: 3)
[DELETE] (3490|hot) Too old: 15 days (limit: 3)
[DELETE] (8038|hot) Too old: 14 days (limit: 3)
[DELETE] (8038|hot) Too old: 6 days (limit: 3)
[OK] (8038) Updated content (3448 chars)
[DELETE] (6541|hot) Too old: 63 days (limit: 3)
[DELETE] (6541|hot) Too old: 63 days (limit: 3)
[DELETE] (6541|hot) Too old: 51 days (limit: 3)
[DELETE] (6541|hot) Too old: 15 days (limit: 3)
[DELETE] (6541|hot) Too old: 47 days (limit: 3)
[DELETE] (4760|hot) Too old: 28 days (limit: 3)
[DELETE] (4760|hot) Too old: 23 days (limit: 3)
[DELETE] (4760|hot) Too old: 23 days (limit: 3)
[DELETE] (4760|hot) Too old: 20 days (limit: 3)
[DELETE] (6928|hot) Too old: 48 days (limit: 3)
[DELETE] (6928|hot) Too old: 75 days (limit: 3)
[DELETE] (6928|hot) Too old: 23 days (limit: 3)
[DELETE] (4760|hot) Too old: 19 days (limit: 3)
[DELETE] (6928|hot) Too old: 44 days (limit: 3)
[DELETE] (6928|hot) Too old: 14 days (limit: 3)
[DELETE] (3596|hot) Too old: 49 days (limit: 3)
[DELETE] (3596|hot) Too old: 71 days (limit: 3)
[DELETE] (3596|hot) Too old: 78 days (limit: 3)
[DELETE] (3596|hot) Too old: 20 days (limit: 3)
[DELETE] (6265|hot) Too old: 47 days (limit: 3)
[DELETE] (3596|hot) Too old: 13 days (limit: 3)
[DELETE] (6265|hot) Too old: 97 days (limit: 3)
[DELETE] (6265|hot) Too old: 55 days (limit: 3)
[DELETE] (6265|hot) Too old: 47 days (limit: 3)
[DELETE] (6265|hot) Too old: 47 days (limit: 3)
[DELETE] (3055|hot) Too old: 47 days (limit: 3)
[DELETE] (3055|hot) Too old: 49 days (limit: 3)
[DELETE] (3055|hot) Too old: 20 days (limit: 3)
[DELETE] (3055|hot) Too old: 43 days (limit: 3)
[DELETE] (3055|hot) Too old: 16 days (limit: 3)
[DELETE] (8467|hot) Too old: 47 days (limit: 3)
[DELETE] (8467|hot) Too old: 35 days (limit: 3)
[DELETE] (8467|hot) Too old: 14 days (limit: 3)
[DELETE] (8467|hot) Too old: 35 days (limit: 3)
[DELETE] (8467|hot) Too old: 27 days (limit: 3)
[DELETE] (6592|hot) Too old: 27 days (limit: 3)
[DELETE] (6592|hot) Too old: 27 days (limit: 3)
[DELETE] (6592|hot) Too old: 13 days (limit: 3)
[DELETE] (6592|hot) Too old: 16 days (limit: 3)
[DELETE] (6592|hot) Too old: 13 days (limit: 3)
[DELETE] (3221|hot) Too old: 29 days (limit: 3)
[DELETE] (3221|hot) Too old: 28 days (limit: 3)
[DELETE] (3221|hot) Too old: 16 days (limit: 3)
[OK] (3221) Updated content (3746 chars)
[DELETE] (3221|hot) Too old: 29 days (limit: 3)
[DELETE] (1718|hot) Too old: 44 days (limit: 3)
[DELETE] (1718|hot) Too old: 20 days (limit: 3)
[DELETE] (1718|hot) Too old: 13 days (limit: 3)
[DELETE] (1718|hot) Too old: 15 days (limit: 3)
[DELETE] (8064|hot) Too old: 27 days (limit: 3)
[DELETE] (1718|hot) Too old: 14 days (limit: 3)
[DELETE] (8064|hot) Too old: 27 days (limit: 3)
[DELETE] (4534|hot) Too old: 104 days (limit: 3)
[DELETE] (8064|hot) Too old: 9 days (limit: 3)
[OK] (8064) Updated content (3860 chars)
[DELETE] (8064|hot) Too old: 14 days (limit: 3)
[DELETE] (4534|hot) Too old: 104 days (limit: 3)
[DELETE] (4534|hot) Too old: 15 days (limit: 3)
[DELETE] (4534|hot) Too old: 75 days (limit: 3)
[DELETE] (2009|hot) Too old: 51 days (limit: 3)
[DELETE] (4534|hot) Too old: 47 days (limit: 3)
[DELETE] (2009|hot) Too old: 47 days (limit: 3)
[DELETE] (2009|hot) Too old: 29 days (limit: 3)
[DELETE] (2009|hot) Too old: 15 days (limit: 3)
[DELETE] (2009|hot) Too old: 7 days (limit: 3)
[DELETE] (8358|hot) Too old: 47 days (limit: 3)
[DELETE] (8358|hot) Too old: 14 days (limit: 3)
[DELETE] (8358|hot) Too old: 23 days (limit: 3)
[DELETE] (8358|hot) Too old: 16 days (limit: 3)
[DELETE] (8046|hot) Too old: 41 days (limit: 3)
[DELETE] (8358|hot) Too old: 12 days (limit: 3)
[DELETE] (8046|hot) Too old: 41 days (limit: 3)
[DELETE] (8046|hot) Too old: 21 days (limit: 3)
[DELETE] (8046|hot) Too old: 21 days (limit: 3)
[DELETE] (8046|hot) Too old: 13 days (limit: 3)
[DELETE] (6207|hot) Too old: 14 days (limit: 3)
[DELETE] (6207|hot) Too old: 20 days (limit: 3)
[DELETE] (6207|hot) Too old: 19 days (limit: 3)
[DELETE] (6207|hot) Too old: 6 days (limit: 3)
[OK] (6207) Updated content (4475 chars)
[DELETE] (2481|hot) Too old: 7 days (limit: 3)
[DELETE] (2481|hot) Too old: 14 days (limit: 3)
[DELETE] (2481|hot) Too old: 6 days (limit: 3)
[DELETE] (2481|hot) Too old: 6 days (limit: 3)
[DELETE] (2481|hot) Too old: 6 days (limit: 3)
[DELETE] (6875|hot) Too old: 77 days (limit: 3)
[DELETE] (6875|hot) Too old: 106 days (limit: 3)
[DELETE] (6875|hot) Too old: 105 days (limit: 3)
[DELETE] (6875|hot) Too old: 48 days (limit: 3)
[DELETE] (6875|hot) Too old: 14 days (limit: 3)
[DELETE] (2355|hot) Too old: 43 days (limit: 3)
[DELETE] (2355|hot) Too old: 43 days (limit: 3)
[DELETE] (2355|hot) Too old: 29 days (limit: 3)
[DELETE] (2355|hot) Too old: 33 days (limit: 3)
[DELETE] (2355|hot) Too old: 14 days (limit: 3)
[DELETE] (2495|hot) Too old: 27 days (limit: 3)
[DELETE] (2495|hot) Too old: 48 days (limit: 3)
[DELETE] (2495|hot) Too old: 14 days (limit: 3)
[DELETE] (2495|hot) Too old: 12 days (limit: 3)
[DELETE] (2495|hot) Too old: 47 days (limit: 3)
[DELETE] (2444|hot) Too old: 47 days (limit: 3)
[DELETE] (2444|hot) Too old: 14 days (limit: 3)
[DELETE] (2444|hot) Too old: 55 days (limit: 3)
[DELETE] (2444|hot) Too old: 35 days (limit: 3)
[DELETE] (2444|hot) Too old: 35 days (limit: 3)
[DELETE] (2528|hot) Too old: 75 days (limit: 3)
[DELETE] (2528|hot) Too old: 48 days (limit: 3)
[DELETE] (2528|hot) Too old: 42 days (limit: 3)
[DELETE] (2528|hot) Too old: 27 days (limit: 3)
[DELETE] (6271|hot) Too old: 30 days (limit: 3)
[DELETE] (2528|hot) Too old: 14 days (limit: 3)
[DELETE] (6271|hot) Too old: 15 days (limit: 3)
[DELETE] (6271|hot) Too old: 30 days (limit: 3)
[DELETE] (6271|hot) Too old: 15 days (limit: 3)
[DELETE] (8473|hot) Too old: 44 days (limit: 3)
[DELETE] (6271|hot) Too old: 9 days (limit: 3)
[DELETE] (8473|hot) Too old: 14 days (limit: 3)
[DELETE] (8473|hot) Too old: 22 days (limit: 3)
[DELETE] (8473|hot) Too old: 22 days (limit: 3)
[DELETE] (8473|hot) Too old: 9 days (limit: 3)
[DELETE] (2347|hot) Too old: 21 days (limit: 3)
[DELETE] (2347|hot) Too old: 16 days (limit: 3)
[DELETE] (2347|hot) Too old: 16 days (limit: 3)
[DELETE] (5292|hot) Too old: 43 days (limit: 3)
[DELETE] (2347|hot) Too old: 9 days (limit: 3)
[DELETE] (2347|hot) Too old: 9 days (limit: 3)
[DELETE] (5292|hot) Too old: 35 days (limit: 3)
[DELETE] (5292|hot) Too old: 35 days (limit: 3)
[DELETE] (5292|hot) Too old: 15 days (limit: 3)
[DELETE] (4441|hot) Too old: 44 days (limit: 3)
[DELETE] (4441|hot) Too old: 44 days (limit: 3)
[DELETE] (4441|hot) Too old: 21 days (limit: 3)
[DELETE] (5292|hot) Too old: 14 days (limit: 3)
[DELETE] (4441|hot) Too old: 15 days (limit: 3)
[DELETE] (4441|hot) Too old: 20 days (limit: 3)
[DELETE] (3163|hot) Too old: 16 days (limit: 3)
[DELETE] (3163|hot) Too old: 8 days (limit: 3)
[DELETE] (3163|hot) Too old: 8 days (limit: 3)
[DELETE] (3163|hot) Too old: 8 days (limit: 3)
[DELETE] (3163|hot) Too old: 8 days (limit: 3)
[DELETE] (8390|hot) Too old: 47 days (limit: 3)
[DELETE] (8390|hot) Too old: 47 days (limit: 3)
[DELETE] (8390|hot) Too old: 14 days (limit: 3)
[DELETE] (8390|hot) Too old: 35 days (limit: 3)
[DELETE] (8390|hot) Too old: 12 days (limit: 3)
[DELETE] (8103|hot) Too old: 29 days (limit: 3)
[DELETE] (8103|hot) Too old: 14 days (limit: 3)
[DELETE] (8103|hot) Too old: 7 days (limit: 3)
[DELETE] (8103|hot) Too old: 7 days (limit: 3)
[DELETE] (8103|hot) Too old: 7 days (limit: 3)
[OK] (2330) Updated content (4651 chars)
[OK] (2330) Updated content (3895 chars)
[OK] (2330) Updated content (3916 chars)
[OK] (2330) Updated content (5361 chars)
[DELETE] (3357|hot) Too old: 26 days (limit: 3)
[OK] (2330) Updated content (2960 chars)
[DELETE] (3357|hot) Too old: 16 days (limit: 3)
[DELETE] (3357|hot) Too old: 15 days (limit: 3)
[DELETE] (8996|hot) Too old: 43 days (limit: 3)
[DELETE] (3357|hot) Too old: 13 days (limit: 3)
[DELETE] (3357|hot) Too old: 13 days (limit: 3)
[DELETE] (8996|hot) Too old: 28 days (limit: 3)
[DELETE] (8996|hot) Too old: 19 days (limit: 3)
[DELETE] (8996|hot) Too old: 6 days (limit: 3)
[DELETE] (8996|hot) Too old: 12 days (limit: 3)
[DELETE] (6693|hot) Too old: 110 days (limit: 3)
[DELETE] (6693|hot) Too old: 83 days (limit: 3)
[DELETE] (6693|hot) Too old: 49 days (limit: 3)
[OK] (6693) Updated content (3518 chars)
[DELETE] (6693|hot) Too old: 19 days (limit: 3)
[OK] (2308) Updated content (3692 chars)
[OK] (2308) Updated content (3387 chars)
[OK] (2308) Updated content (3341 chars)
[OK] (2308) Updated content (3308 chars)
[OK] (2308) Updated content (3484 chars)
[DELETE] (4971|hot) Too old: 49 days (limit: 3)
[OK] (4971) Updated content (3910 chars)
[DELETE] (4971|hot) Too old: 19 days (limit: 3)
[DELETE] (4971|hot) Too old: 14 days (limit: 3)
[DELETE] (4971|hot) Too old: 47 days (limit: 3)
[DELETE] (4513|hot) Too old: 44 days (limit: 3)
[DELETE] (4513|hot) Too old: 44 days (limit: 3)
[DELETE] (4513|hot) Too old: 44 days (limit: 3)
[DELETE] (4513|hot) Too old: 44 days (limit: 3)
[DELETE] (4513|hot) Too old: 30 days (limit: 3)
[DELETE] (1582|hot) Too old: 23 days (limit: 3)
[DELETE] (1582|hot) Too old: 13 days (limit: 3)
[DELETE] (1582|hot) Too old: 16 days (limit: 3)
[DELETE] (1582|hot) Too old: 13 days (limit: 3)
[DELETE] (1582|hot) Too old: 13 days (limit: 3)
[DELETE] (6121|hot) Too old: 19 days (limit: 3)
[DELETE] (2015|hot) Too old: 28 days (limit: 3)
[DELETE] (2015|hot) Too old: 28 days (limit: 3)
[DELETE] (2015|hot) Too old: 23 days (limit: 3)
[DELETE] (6121|hot) Too old: 14 days (limit: 3)
[DELETE] (2015|hot) Too old: 19 days (limit: 3)
[DELETE] (2015|hot) Too old: 20 days (limit: 3)
[DELETE] (6121|hot) Too old: 9 days (limit: 3)
[DELETE] (6121|hot) Too old: 9 days (limit: 3)
[OK] (6121) Updated content (3597 chars)
[DELETE] (3504|hot) Too old: 75 days (limit: 3)
[DELETE] (3504|hot) Too old: 65 days (limit: 3)
[DELETE] (3504|hot) Too old: 61 days (limit: 3)
[DELETE] (3504|hot) Too old: 47 days (limit: 3)
[DELETE] (3504|hot) Too old: 14 days (limit: 3)
[DELETE] (5234|hot) Too old: 33 days (limit: 3)
[DELETE] (5234|hot) Too old: 33 days (limit: 3)
[DELETE] (5234|hot) Too old: 33 days (limit: 3)
[DELETE] (5234|hot) Too old: 33 days (limit: 3)
[DELETE] (5269|hot) Too old: 14 days (limit: 3)
[DELETE] (5234|hot) Too old: 19 days (limit: 3)
[DELETE] (5269|hot) Too old: 7 days (limit: 3)
[DELETE] (5269|hot) Too old: 13 days (limit: 3)
[DELETE] (5269|hot) Too old: 7 days (limit: 3)
[DELETE] (8021|hot) Too old: 29 days (limit: 3)
[DELETE] (5269|hot) Too old: 7 days (limit: 3)
[DELETE] (8021|hot) Too old: 16 days (limit: 3)
[DELETE] (8021|hot) Too old: 19 days (limit: 3)
[DELETE] (8021|hot) Too old: 8 days (limit: 3)
[DELETE] (6291|hot) Too old: 19 days (limit: 3)
[OK] (8021) Updated content (4326 chars)
[DELETE] (6291|hot) Too old: 19 days (limit: 3)
[DELETE] (6291|hot) Too old: 19 days (limit: 3)
[DELETE] (6291|hot) Too old: 19 days (limit: 3)
[DELETE] (6417|hot) Too old: 119 days (limit: 3)
[DELETE] (6291|hot) Too old: 16 days (limit: 3)
[DELETE] (6417|hot) Too old: 76 days (limit: 3)
[DELETE] (6417|hot) Too old: 107 days (limit: 3)
[DELETE] (6417|hot) Too old: 48 days (limit: 3)
[DELETE] (2530|hot) Too old: 41 days (limit: 3)
[DELETE] (6417|hot) Too old: 14 days (limit: 3)
[DELETE] (2530|hot) Too old: 35 days (limit: 3)
[DELETE] (2530|hot) Too old: 26 days (limit: 3)
[DELETE] (2530|hot) Too old: 26 days (limit: 3)
[DELETE] (2530|hot) Too old: 14 days (limit: 3)
[DELETE] (3673|hot) Too old: 15 days (limit: 3)
[DELETE] (3673|hot) Too old: 12 days (limit: 3)
[DELETE] (3673|hot) Too old: 12 days (limit: 3)
[DELETE] (3673|hot) Too old: 12 days (limit: 3)
[DELETE] (3673|hot) Too old: 6 days (limit: 3)
[DELETE] (4174|hot) Too old: 23 days (limit: 3)
[DELETE] (4174|hot) Too old: 33 days (limit: 3)
[DELETE] (4174|hot) Too old: 30 days (limit: 3)
[DELETE] (4174|hot) Too old: 15 days (limit: 3)
[DELETE] (4174|hot) Too old: 15 days (limit: 3)
[DELETE] (2401|hot) Too old: 9 days (limit: 3)
[DELETE] (2401|hot) Too old: 9 days (limit: 3)
[DELETE] (2363|hot) Too old: 23 days (limit: 3)
[DELETE] (2401|hot) Too old: 8 days (limit: 3)
[DELETE] (2401|hot) Too old: 8 days (limit: 3)
[DELETE] (2363|hot) Too old: 22 days (limit: 3)
[DELETE] (5530|hot) Too old: 57 days (limit: 3)
[DELETE] (5530|hot) Too old: 49 days (limit: 3)
[DELETE] (5530|hot) Too old: 44 days (limit: 3)
[DELETE] (2363|hot) Too old: 14 days (limit: 3)
[OK] (2401) Updated content (3219 chars)
[DELETE] (5530|hot) Too old: 44 days (limit: 3)
[DELETE] (2363|hot) Too old: 13 days (limit: 3)
[DELETE] (5530|hot) Too old: 26 days (limit: 3)
[OK] (2363) Updated content (3160 chars)
[OK] (5276) Updated content (5199 chars)
[DELETE] (2910|rare) Too old: 40 days (limit: 30)
[OK] (9944) Updated content (5669 chars)
[DELETE] (6171|rare) Too old: 47 days (limit: 30)
[DELETE] (6506|rare) Too old: 77 days (limit: 30)
[DELETE] (2904|rare) Too old: 49 days (limit: 30)
[DELETE] (1203|rare) Too old: 44 days (limit: 30)
[DELETE] (6103|rare) Too old: 56 days (limit: 30)
[DELETE] (8077|rare) Too old: 55 days (limit: 30)
[DELETE] (4924|rare) Too old: 43 days (limit: 30)
[DELETE] (8455|rare) Too old: 47 days (limit: 30)
[DELETE] (3531|rare) Too old: 47 days (limit: 30)
[OK] (3531) Updated content (6456 chars)
[OK] (4153) Updated content (6219 chars)
[OK] (4706) Updated content (6597 chars)
[OK] (1906) Updated content (2932 chars)
[OK] (6464) Updated content (5345 chars)
[OK] (6294) Updated content (7796 chars)
[DELETE] (1417|lower) Too old: 33 days (limit: 30)
[OK] (7747) Updated content (5352 chars)
[DELETE] (5364|lower) Too old: 55 days (limit: 30)
[OK] (6201) Updated content (3997 chars)
[DELETE] (8472|lower) Too old: 75 days (limit: 30)
[OK] (7767) Updated content (2954 chars)
[DELETE] (1467|lower) Too old: 44 days (limit: 30)
[DELETE] (8905|lower) Too old: 76 days (limit: 30)
[DELETE] (1817|lower) Too old: 110 days (limit: 30)
[DELETE] (4538|lower) Too old: 48 days (limit: 30)
[DELETE] (7770|lower) Too old: 55 days (limit: 30)
[DELETE] (1805|lower) Too old: 48 days (limit: 30)
[OK] (6195) Updated content (7205 chars)
[OK] (3710) Updated content (6199 chars)
[DELETE] (1338|lower) Too old: 42 days (limit: 30)
[DELETE] (1516|lower) Too old: 75 days (limit: 30)
[OK] (2029) Updated content (5085 chars)
[DELETE] (6762|lower) Too old: 47 days (limit: 30)
[DELETE] (6655|lower) Too old: 43 days (limit: 30)
[OK] (2029) Updated content (7468 chars)
[DELETE] (3284|mid) Too old: 21 days (limit: 7)
[DELETE] (2545|mid) Too old: 9 days (limit: 7)
[DELETE] (5353|mid) Too old: 33 days (limit: 7)
[DELETE] (4726|mid) Too old: 14 days (limit: 7)
[DELETE] (1512|mid) Too old: 41 days (limit: 7)
[DELETE] (4552|mid) Too old: 16 days (limit: 7)
[DELETE] (3713|mid) Too old: 47 days (limit: 7)
[DELETE] (8049|mid) Too old: 10 days (limit: 7)
[DELETE] (5609|mid) Too old: 49 days (limit: 7)
[DELETE] (3040|mid) Too old: 16 days (limit: 7)
[DELETE] (3550|mid) Too old: 13 days (limit: 7)
[DELETE] (2239|mid) Too old: 14 days (limit: 7)
[OK] (1464) Updated content (6290 chars)
[DELETE] (6158|mid) Too old: 23 days (limit: 7)
[DELETE] (1614|mid) Too old: 8 days (limit: 7)
[OK] (6130) Updated content (5297 chars)
[DELETE] (5285|mid) Too old: 16 days (limit: 7)
[DELETE] (5285|mid) Too old: 20 days (limit: 7)
[DELETE] (6115|mid) Too old: 47 days (limit: 7)
[DELETE] (3528|mid) Too old: 57 days (limit: 7)
[DELETE] (3511|mid) Too old: 22 days (limit: 7)
[DELETE] (3705|mid) Too old: 47 days (limit: 7)
[DELETE] (2450|mid) Too old: 13 days (limit: 7)
[DELETE] (6790|mid) Too old: 14 days (limit: 7)
[DELETE] (6835|mid) Too old: 12 days (limit: 7)
[DELETE] (5356|mid) Too old: 22 days (limit: 7)
[DELETE] (3114|mid) Too old: 13 days (limit: 7)
[DELETE] (2065|mid) Too old: 20 days (limit: 7)
[DELETE] (2250|mid) Too old: 41 days (limit: 7)
[DELETE] (8183|mid) Too old: 47 days (limit: 7)
[DELETE] (8489|mid) Too old: 12 days (limit: 7)
[DELETE] (5484|mid) Too old: 107 days (limit: 7)
[DELETE] (4401|mid) Too old: 51 days (limit: 7)
[DELETE] (6859|mid) Too old: 19 days (limit: 7)
[DELETE] (6552|mid) Too old: 48 days (limit: 7)
[DELETE] (2064|mid) Too old: 113 days (limit: 7)
[DELETE] (6237|mid) Too old: 48 days (limit: 7)
[DELETE] (4716|mid) Too old: 13 days (limit: 7)
[DELETE] (1268|mid) Too old: 48 days (limit: 7)
[DELETE] (2816|mid) Too old: 42 days (limit: 7)
[DELETE] (1720|mid) Too old: 47 days (limit: 7)
[DELETE] (6651|mid) Too old: 26 days (limit: 7)
\n[DONE] Content fetching complete!
[TIME] Total: 4256.66 seconds
[週三 2026/06/24  2:04:32.40] Running cnyes fetch_content... 
d:\StockPulse\stocks_news\cnyes\fetch_content.py:200: DeprecationWarning: 'asyncio.WindowsSelectorEventLoopPolicy' is deprecated and slated for removal in Python 3.16
  asyncio.set_event_loop_policy(asyncio.WindowsSelectorEventLoopPolicy())
d:\StockPulse\stocks_news\cnyes\fetch_content.py:200: DeprecationWarning: 'asyncio.set_event_loop_policy' is deprecated and slated for removal in Python 3.16
  asyncio.set_event_loop_policy(asyncio.WindowsSelectorEventLoopPolicy())
[START] Fetching news content...
Found 1404 news items without content

[START] Processing 1404 tasks (max concurrency: 10)...

[OK] (5274) Updated content (2173 chars)
[OK] (5475) Updated content (445 chars)
[OK] (3443) Updated content (1465 chars)
[OK] (1305) Updated content (1466 chars)
[OK] (3443) Updated content (2173 chars)
[OK] (5274) Updated content (961 chars)
[OK] (5475) Updated content (463 chars)
[OK] (5475) Updated content (763 chars)
[OK] (5274) Updated content (924 chars)
[OK] (3017) Updated content (1473 chars)
[OK] (1815) Updated content (530 chars)
[OK] (4764) Updated content (367 chars)
[OK] (1815) Updated content (1466 chars)
[OK] (1815) Updated content (1868 chars)
[OK] (1815) Updated content (417 chars)
[OK] (4764) Updated content (1022 chars)
[OK] (1815) Updated content (559 chars)
[OK] (1815) Updated content (529 chars)
[OK] (1815) Updated content (347 chars)
[OK] (1815) Updated content (531 chars)
[OK] (1717) Updated content (1356 chars)
[OK] (2630) Updated content (377 chars)
[OK] (4123) Updated content (5255 chars)
[OK] (1815) Updated content (1304 chars)
[OK] (9945) Updated content (1371 chars)
[OK] (1717) Updated content (801 chars)
[OK] (5434) Updated content (340 chars)
[OK] (9945) Updated content (824 chars)
[OK] (9945) Updated content (1018 chars)
[OK] (9945) Updated content (640 chars)
[OK] (9945) Updated content (455 chars)
[OK] (4958) Updated content (1317 chars)
[OK] (4958) Updated content (701 chars)
[OK] (4958) Updated content (497 chars)
[OK] (9945) Updated content (463 chars)
[OK] (6113) Updated content (350 chars)
[OK] (4958) Updated content (1304 chars)
[OK] (4958) Updated content (351 chars)
[OK] (8255) Updated content (1083 chars)
[OK] (8255) Updated content (368 chars)
[OK] (8255) Updated content (1087 chars)
[OK] (8255) Updated content (744 chars)
[OK] (8255) Updated content (669 chars)
[OK] (8255) Updated content (1072 chars)
[OK] (2633) Updated content (380 chars)
[OK] (8255) Updated content (3884 chars)
[OK] (8255) Updated content (1071 chars)
[OK] (8255) Updated content (1098 chars)
[OK] (2363) Updated content (378 chars)
[OK] (2363) Updated content (2173 chars)
[OK] (2889) Updated content (610 chars)
[OK] (4749) Updated content (603 chars)
[OK] (2889) Updated content (483 chars)
[OK] (2889) Updated content (468 chars)
[OK] (2889) Updated content (512 chars)
[OK] (2889) Updated content (526 chars)
[OK] (2889) Updated content (630 chars)
[OK] (4749) Updated content (391 chars)
[OK] (2889) Updated content (521 chars)
[OK] (2889) Updated content (522 chars)
[OK] (6909) Updated content (393 chars)
[OK] (6909) Updated content (619 chars)
[OK] (6909) Updated content (368 chars)
[OK] (2889) Updated content (748 chars)
[OK] (9955) Updated content (1055 chars)
[OK] (6909) Updated content (327 chars)
[OK] (1810) Updated content (381 chars)
[OK] (3167) Updated content (436 chars)
[OK] (3413) Updated content (976 chars)
[OK] (6548) Updated content (1177 chars)
[OK] (6548) Updated content (715 chars)
[OK] (6548) Updated content (738 chars)
[OK] (6548) Updated content (414 chars)
[OK] (2486) Updated content (1199 chars)
[OK] (6862) Updated content (355 chars)
[OK] (4971) Updated content (394 chars)
[OK] (6213) Updated content (371 chars)
[OK] (6213) Updated content (381 chars)
[OK] (6213) Updated content (372 chars)
[OK] (6213) Updated content (269 chars)
[OK] (6213) Updated content (269 chars)
[OK] (6213) Updated content (996 chars)
[OK] (6213) Updated content (269 chars)
[OK] (6213) Updated content (269 chars)
[OK] (5607) Updated content (412 chars)
[OK] (6213) Updated content (1177 chars)
[OK] (2867) Updated content (503 chars)
[OK] (6415) Updated content (356 chars)
[OK] (1308) Updated content (1466 chars)
[OK] (4722) Updated content (899 chars)
[OK] (6415) Updated content (350 chars)
[OK] (6415) Updated content (1154 chars)
[OK] (6415) Updated content (387 chars)
[OK] (6415) Updated content (1162 chars)
[OK] (6415) Updated content (438 chars)
[OK] (6415) Updated content (1638 chars)
[OK] (6415) Updated content (667 chars)
[OK] (6230) Updated content (441 chars)
[OK] (6415) Updated content (667 chars)
[OK] (2369) Updated content (434 chars)
[OK] (6415) Updated content (476 chars)
[OK] (6415) Updated content (359 chars)
[OK] (6415) Updated content (1189 chars)
[OK] (2369) Updated content (436 chars)
[OK] (2369) Updated content (435 chars)
[OK] (2369) Updated content (440 chars)
[OK] (2881) Updated content (438 chars)
[OK] (8074) Updated content (528 chars)
[OK] (8074) Updated content (528 chars)
[OK] (5263) Updated content (837 chars)
[OK] (2881) Updated content (1939 chars)
[OK] (5263) Updated content (660 chars)
[OK] (2101) Updated content (237 chars)
[OK] (2369) Updated content (5882 chars)
[OK] (5263) Updated content (603 chars)
[OK] (2308) Updated content (775 chars)
[OK] (2101) Updated content (249 chars)
[OK] (8088) Updated content (3736 chars)
[OK] (9914) Updated content (354 chars)
[OK] (6546) Updated content (739 chars)
[OK] (5263) Updated content (851 chars)
[OK] (6753) Updated content (335 chars)
[OK] (6546) Updated content (661 chars)
[OK] (6546) Updated content (643 chars)
[OK] (8927) Updated content (4278 chars)
[OK] (2356) Updated content (488 chars)
[OK] (1809) Updated content (369 chars)
[OK] (1809) Updated content (444 chars)
[OK] (1809) Updated content (472 chars)
[OK] (1809) Updated content (653 chars)
[OK] (6546) Updated content (558 chars)
[OK] (1809) Updated content (362 chars)
[OK] (2356) Updated content (437 chars)
[OK] (2344) Updated content (1480 chars)
[OK] (2344) Updated content (1421 chars)
[OK] (1809) Updated content (445 chars)
[OK] (2344) Updated content (523 chars)
[OK] (2344) Updated content (680 chars)
[OK] (2344) Updated content (695 chars)
[OK] (2344) Updated content (3884 chars)
[OK] (2344) Updated content (529 chars)
[OK] (2344) Updated content (1116 chars)
[OK] (2344) Updated content (498 chars)
[OK] (2344) Updated content (2631 chars)
[OK] (2467) Updated content (726 chars)
[OK] (2344) Updated content (775 chars)
[OK] (2887) Updated content (701 chars)
[OK] (8240) Updated content (390 chars)
[OK] (2887) Updated content (411 chars)
[OK] (2467) Updated content (1131 chars)
[OK] (2887) Updated content (767 chars)
[OK] (8240) Updated content (375 chars)
[OK] (2887) Updated content (1377 chars)
[OK] (2887) Updated content (650 chars)
[OK] (2887) Updated content (312 chars)
[OK] (2887) Updated content (339 chars)
[OK] (2376) Updated content (879 chars)
[OK] (2887) Updated content (1980 chars)
[OK] (2887) Updated content (2004 chars)
[OK] (2376) Updated content (663 chars)
[OK] (2887) Updated content (572 chars)
[OK] (2887) Updated content (413 chars)
[OK] (2887) Updated content (1508 chars)
[OK] (2887) Updated content (2000 chars)
[OK] (2376) Updated content (655 chars)
[OK] (7736) Updated content (1091 chars)
[OK] (2481) Updated content (1097 chars)
[OK] (2376) Updated content (637 chars)
[OK] (2481) Updated content (672 chars)
[OK] (2481) Updated content (386 chars)
[OK] (2481) Updated content (1421 chars)
[OK] (2376) Updated content (725 chars)
[OK] (7736) Updated content (443 chars)
[OK] (2481) Updated content (396 chars)
[OK] (2481) Updated content (664 chars)
[OK] (2481) Updated content (660 chars)
[OK] (2481) Updated content (669 chars)
[OK] (2481) Updated content (1159 chars)
[OK] (2481) Updated content (1082 chars)
[OK] (2481) Updated content (3240 chars)
[OK] (2481) Updated content (394 chars)
[OK] (2481) Updated content (783 chars)
[OK] (2481) Updated content (4316 chars)
[OK] (2481) Updated content (731 chars)
[OK] (1303) Updated content (1376 chars)
[OK] (1303) Updated content (411 chars)
[OK] (1303) Updated content (4287 chars)
[OK] (1303) Updated content (759 chars)
[OK] (1303) Updated content (908 chars)
[OK] (1303) Updated content (1004 chars)
[OK] (3346) Updated content (370 chars)
[OK] (3346) Updated content (1560 chars)
[OK] (3346) Updated content (472 chars)
[OK] (3346) Updated content (793 chars)
[OK] (3346) Updated content (1151 chars)
[OK] (3346) Updated content (516 chars)
[OK] (1303) Updated content (1177 chars)
[OK] (1303) Updated content (782 chars)
[OK] (3346) Updated content (615 chars)
[OK] (3346) Updated content (587 chars)
[OK] (2457) Updated content (325 chars)
[OK] (2457) Updated content (326 chars)
[OK] (2884) Updated content (1133 chars)
[OK] (1802) Updated content (677 chars)
[OK] (1616) Updated content (684 chars)
[OK] (1802) Updated content (385 chars)
[OK] (2884) Updated content (481 chars)
[OK] (2884) Updated content (483 chars)
[OK] (1802) Updated content (518 chars)
[OK] (1802) Updated content (380 chars)
[OK] (2884) Updated content (608 chars)
[OK] (2884) Updated content (346 chars)
[OK] (1802) Updated content (744 chars)
[OK] (3034) Updated content (514 chars)
[OK] (1802) Updated content (378 chars)
[OK] (3034) Updated content (416 chars)
[OK] (3034) Updated content (789 chars)
[OK] (1802) Updated content (389 chars)
[OK] (2340) Updated content (753 chars)
[OK] (3034) Updated content (1177 chars)
[OK] (6202) Updated content (387 chars)
[OK] (4571) Updated content (299 chars)
[OK] (2340) Updated content (449 chars)
[OK] (6202) Updated content (1242 chars)
[OK] (6202) Updated content (1189 chars)
[OK] (6202) Updated content (375 chars)
[OK] (6870) Updated content (892 chars)
[OK] (6870) Updated content (692 chars)
[OK] (3675) Updated content (1087 chars)
[OK] (3675) Updated content (1072 chars)
[OK] (6870) Updated content (694 chars)
[OK] (3675) Updated content (674 chars)
[OK] (3675) Updated content (1082 chars)
[OK] (6202) Updated content (734 chars)
[OK] (3675) Updated content (669 chars)
[OK] (3675) Updated content (1083 chars)
[OK] (3675) Updated content (403 chars)
[OK] (3675) Updated content (1159 chars)
[OK] (3675) Updated content (4296 chars)
[OK] (3675) Updated content (398 chars)
[OK] (4991) Updated content (389 chars)
[OK] (5425) Updated content (361 chars)
[OK] (5425) Updated content (768 chars)
[OK] (5425) Updated content (366 chars)
[OK] (6186) Updated content (428 chars)
[OK] (3711) Updated content (332 chars)
[OK] (5425) Updated content (687 chars)
[OK] (5425) Updated content (1197 chars)
[OK] (6186) Updated content (757 chars)
[OK] (3675) Updated content (412 chars)
[OK] (5425) Updated content (431 chars)
[OK] (3711) Updated content (428 chars)
[OK] (6186) Updated content (684 chars)
[OK] (3711) Updated content (1189 chars)
[OK] (5425) Updated content (2224 chars)
[OK] (3711) Updated content (455 chars)
[OK] (3711) Updated content (650 chars)
[OK] (3711) Updated content (611 chars)
[OK] (3711) Updated content (1311 chars)
[OK] (3711) Updated content (1318 chars)
[OK] (3711) Updated content (1366 chars)
[OK] (3711) Updated content (1324 chars)
[OK] (3711) Updated content (1377 chars)
[OK] (3711) Updated content (1319 chars)
[OK] (3711) Updated content (1376 chars)
[OK] (3711) Updated content (1278 chars)
[OK] (3711) Updated content (1175 chars)
[OK] (3711) Updated content (1304 chars)
[OK] (3711) Updated content (1320 chars)
[OK] (3010) Updated content (369 chars)
[OK] (7610) Updated content (371 chars)
[OK] (7610) Updated content (371 chars)
[OK] (6831) Updated content (900 chars)
[OK] (6831) Updated content (478 chars)
[OK] (6831) Updated content (767 chars)
[OK] (8284) Updated content (430 chars)
[OK] (2603) Updated content (1306 chars)
[OK] (6831) Updated content (603 chars)
[OK] (2603) Updated content (1343 chars)
[OK] (2603) Updated content (1309 chars)
[OK] (2474) Updated content (405 chars)
[OK] (2603) Updated content (1291 chars)
[OK] (2603) Updated content (1299 chars)
[OK] (6121) Updated content (479 chars)
[OK] (2474) Updated content (333 chars)
[OK] (6525) Updated content (1087 chars)
[OK] (2603) Updated content (1302 chars)
[OK] (2474) Updated content (640 chars)
[OK] (6525) Updated content (674 chars)
[OK] (2903) Updated content (950 chars)
[OK] (6525) Updated content (1822 chars)
[OK] (6525) Updated content (415 chars)
[OK] (6525) Updated content (419 chars)
[OK] (6525) Updated content (478 chars)
[OK] (6525) Updated content (413 chars)
[OK] (6525) Updated content (415 chars)
[OK] (6525) Updated content (476 chars)
[OK] (6525) Updated content (1618 chars)
[OK] (3060) Updated content (341 chars)
[OK] (8289) Updated content (350 chars)
[OK] (2368) Updated content (459 chars)
[OK] (3060) Updated content (340 chars)
[OK] (3060) Updated content (347 chars)
[OK] (2368) Updated content (364 chars)
[OK] (3264) Updated content (466 chars)
[OK] (3060) Updated content (1284 chars)
[OK] (2368) Updated content (451 chars)
[OK] (2368) Updated content (377 chars)
[OK] (6695) Updated content (1124 chars)
[OK] (2520) Updated content (668 chars)
[OK] (2520) Updated content (398 chars)
[OK] (3580) Updated content (459 chars)
[OK] (2520) Updated content (386 chars)
[OK] (3481) Updated content (494 chars)
[OK] (3380) Updated content (1387 chars)
[OK] (6592) Updated content (839 chars)
[OK] (3481) Updated content (954 chars)
[OK] (3481) Updated content (387 chars)
[OK] (3481) Updated content (700 chars)
[OK] (3481) Updated content (1086 chars)
[OK] (3481) Updated content (1177 chars)
[OK] (3481) Updated content (529 chars)
[OK] (3481) Updated content (1105 chars)
[OK] (5522) Updated content (839 chars)
[OK] (3481) Updated content (1015 chars)
[OK] (3491) Updated content (788 chars)
[OK] (5522) Updated content (853 chars)
[OK] (3481) Updated content (4287 chars)
[OK] (3491) Updated content (1419 chars)
[OK] (3006) Updated content (390 chars)
[OK] (6166) Updated content (428 chars)
[OK] (6166) Updated content (380 chars)
[OK] (3006) Updated content (403 chars)
[OK] (3006) Updated content (2173 chars)
[OK] (3006) Updated content (1480 chars)
[OK] (3501) Updated content (403 chars)
[OK] (6257) Updated content (1584 chars)
[OK] (6166) Updated content (380 chars)
[OK] (9958) Updated content (410 chars)
[OK] (6257) Updated content (491 chars)
[OK] (3501) Updated content (548 chars)
[OK] (3501) Updated content (598 chars)
[OK] (3501) Updated content (544 chars)
[OK] (3501) Updated content (510 chars)
[OK] (7711) Updated content (479 chars)
[OK] (3059) Updated content (664 chars)
[OK] (3501) Updated content (665 chars)
[OK] (3501) Updated content (4488 chars)
[OK] (3059) Updated content (1287 chars)
[OK] (3059) Updated content (691 chars)
[OK] (1710) Updated content (418 chars)
[OK] (3059) Updated content (518 chars)
[OK] (3059) Updated content (1274 chars)
[OK] (2301) Updated content (410 chars)
[OK] (3501) Updated content (1796 chars)
[OK] (3059) Updated content (553 chars)
[OK] (2301) Updated content (693 chars)
[OK] (2301) Updated content (889 chars)
[OK] (8926) Updated content (547 chars)
[OK] (2301) Updated content (1177 chars)
[OK] (6919) Updated content (457 chars)
[OK] (6919) Updated content (638 chars)
[OK] (6919) Updated content (351 chars)
[OK] (6919) Updated content (650 chars)
[OK] (6919) Updated content (367 chars)
[OK] (6919) Updated content (464 chars)
[OK] (6919) Updated content (558 chars)
[OK] (2615) Updated content (3226 chars)
[OK] (6919) Updated content (356 chars)
[OK] (8121) Updated content (783 chars)
[OK] (8121) Updated content (476 chars)
[OK] (8121) Updated content (465 chars)
[OK] (6170) Updated content (546 chars)
[OK] (6919) Updated content (354 chars)
[OK] (8121) Updated content (1161 chars)
[OK] (2618) Updated content (1508 chars)
[OK] (2618) Updated content (1083 chars)
[OK] (2618) Updated content (638 chars)
[OK] (2618) Updated content (514 chars)
[OK] (2618) Updated content (723 chars)
[OK] (2618) Updated content (744 chars)
[OK] (6125) Updated content (1861 chars)
[OK] (2383) Updated content (364 chars)
[OK] (2383) Updated content (961 chars)
[OK] (4526) Updated content (620 chars)
[OK] (2383) Updated content (454 chars)
[OK] (6125) Updated content (853 chars)
[OK] (6125) Updated content (544 chars)
[OK] (4526) Updated content (341 chars)
[OK] (8028) Updated content (367 chars)
[OK] (7715) Updated content (690 chars)
[OK] (6126) Updated content (460 chars)
[OK] (6126) Updated content (666 chars)
[OK] (2353) Updated content (1376 chars)
[OK] (2353) Updated content (914 chars)
[OK] (2353) Updated content (1616 chars)
[OK] (2353) Updated content (1585 chars)
[OK] (8341) Updated content (864 chars)
[OK] (1319) Updated content (409 chars)
[OK] (6125) Updated content (615 chars)
[OK] (3372) Updated content (359 chars)
[OK] (1319) Updated content (412 chars)
[OK] (7715) Updated content (396 chars)
[OK] (3372) Updated content (457 chars)
[OK] (4766) Updated content (368 chars)
[OK] (3372) Updated content (1139 chars)
[OK] (2357) Updated content (1168 chars)
[OK] (7715) Updated content (401 chars)
[OK] (3372) Updated content (402 chars)
[OK] (3372) Updated content (392 chars)
[OK] (3372) Updated content (1147 chars)
[OK] (2357) Updated content (1616 chars)
[OK] (2357) Updated content (1031 chars)
[OK] (3037) Updated content (1593 chars)
[OK] (3037) Updated content (623 chars)
[OK] (6285) Updated content (369 chars)
[OK] (2330) Updated content (3799 chars)
[OK] (2330) Updated content (2524 chars)
[OK] (2330) Updated content (1856 chars)
[OK] (3037) Updated content (1834 chars)
[OK] (2330) Updated content (1095 chars)
[OK] (3037) Updated content (357 chars)
[OK] (3037) Updated content (2095 chars)
[OK] (2330) Updated content (1593 chars)
[OK] (2330) Updated content (986 chars)
[OK] (2330) Updated content (959 chars)
[OK] (2330) Updated content (1510 chars)
[OK] (2330) Updated content (447 chars)
[OK] (2330) Updated content (3519 chars)
[OK] (2330) Updated content (1811 chars)
[OK] (2330) Updated content (1346 chars)
[OK] (2330) Updated content (1177 chars)
[OK] (2330) Updated content (759 chars)
[OK] (2330) Updated content (1096 chars)
[OK] (2330) Updated content (3226 chars)
[OK] (2330) Updated content (4302 chars)
[OK] (2330) Updated content (1953 chars)
[OK] (2330) Updated content (2759 chars)
[OK] (2330) Updated content (998 chars)
[OK] (2399) Updated content (605 chars)
[OK] (2330) Updated content (2095 chars)
[OK] (1449) Updated content (545 chars)
[OK] (3236) Updated content (478 chars)
[OK] (1449) Updated content (4296 chars)
[OK] (2609) Updated content (3736 chars)
[OK] (1449) Updated content (562 chars)
[OK] (6291) Updated content (422 chars)
[OK] (8996) Updated content (1432 chars)
[OK] (6291) Updated content (416 chars)
[OK] (2609) Updated content (468 chars)
[OK] (8996) Updated content (873 chars)
[OK] (8996) Updated content (415 chars)
[OK] (2330) Updated content (1636 chars)
[OK] (6596) Updated content (1366 chars)
[OK] (8996) Updated content (373 chars)
[OK] (5351) Updated content (432 chars)
[OK] (2342) Updated content (408 chars)
[OK] (5351) Updated content (431 chars)
[OK] (3042) Updated content (400 chars)
[OK] (5351) Updated content (767 chars)
[OK] (2316) Updated content (341 chars)
[OK] (2316) Updated content (341 chars)
[OK] (2342) Updated content (418 chars)
[OK] (2342) Updated content (437 chars)
[OK] (2342) Updated content (1125 chars)
[OK] (2316) Updated content (3884 chars)
[OK] (2316) Updated content (646 chars)
[OK] (2316) Updated content (349 chars)
[OK] (3533) Updated content (547 chars)
[OK] (2606) Updated content (972 chars)
[OK] (2316) Updated content (690 chars)
[OK] (2316) Updated content (1222 chars)
[OK] (2371) Updated content (1502 chars)
[OK] (2606) Updated content (1409 chars)
[OK] (2912) Updated content (947 chars)
[OK] (2316) Updated content (698 chars)
[OK] (2371) Updated content (1530 chars)
[OK] (2371) Updated content (1598 chars)
[OK] (2912) Updated content (1470 chars)
[OK] (3056) Updated content (623 chars)
[OK] (3056) Updated content (229 chars)
[OK] (2371) Updated content (1620 chars)
[OK] (2912) Updated content (1479 chars)
[OK] (3056) Updated content (496 chars)
[OK] (8499) Updated content (554 chars)
[OK] (8499) Updated content (378 chars)
[OK] (8499) Updated content (502 chars)
[OK] (6531) Updated content (638 chars)
[OK] (6531) Updated content (1197 chars)
[OK] (6531) Updated content (348 chars)
[OK] (2886) Updated content (497 chars)
[OK] (8499) Updated content (818 chars)
[OK] (6531) Updated content (2173 chars)
[OK] (2886) Updated content (701 chars)
[OK] (2886) Updated content (954 chars)
[OK] (2886) Updated content (483 chars)
[OK] (2912) Updated content (1675 chars)
[OK] (8499) Updated content (1551 chars)
[OK] (2886) Updated content (1560 chars)
[OK] (2886) Updated content (505 chars)
[OK] (8499) Updated content (1503 chars)
[OK] (2886) Updated content (529 chars)
[OK] (2886) Updated content (695 chars)
[OK] (2886) Updated content (668 chars)
[OK] (2886) Updated content (511 chars)
[OK] (6209) Updated content (402 chars)
[OK] (2886) Updated content (1495 chars)
[OK] (2886) Updated content (399 chars)
[OK] (8499) Updated content (1245 chars)
[OK] (6209) Updated content (3257 chars)
[OK] (6209) Updated content (3808 chars)
[OK] (2464) Updated content (396 chars)
[OK] (6269) Updated content (423 chars)
[OK] (6505) Updated content (741 chars)
[OK] (6505) Updated content (1466 chars)
[OK] (6269) Updated content (729 chars)
[OK] (2845) Updated content (1457 chars)
[OK] (4772) Updated content (597 chars)
[OK] (6217) Updated content (414 chars)
[OK] (3221) Updated content (650 chars)
[OK] (6217) Updated content (414 chars)
[OK] (6217) Updated content (416 chars)
[OK] (6217) Updated content (714 chars)
[OK] (6217) Updated content (395 chars)
[OK] (2323) Updated content (879 chars)
[OK] (2323) Updated content (968 chars)
[OK] (2323) Updated content (972 chars)
[OK] (2323) Updated content (964 chars)
[OK] (2323) Updated content (896 chars)
[OK] (2323) Updated content (963 chars)
[OK] (2323) Updated content (895 chars)
[OK] (2323) Updated content (892 chars)
[OK] (6223) Updated content (1169 chars)
[OK] (2323) Updated content (900 chars)
[OK] (1229) Updated content (863 chars)
[OK] (8038) Updated content (518 chars)
[OK] (5227) Updated content (362 chars)
[OK] (6223) Updated content (4296 chars)
[OK] (6585) Updated content (818 chars)
[OK] (1229) Updated content (1856 chars)
[OK] (6223) Updated content (561 chars)
[OK] (4915) Updated content (843 chars)
[OK] (8038) Updated content (482 chars)
[OK] (3362) Updated content (3275 chars)
[OK] (3362) Updated content (3219 chars)
[OK] (3362) Updated content (378 chars)
[OK] (6417) Updated content (1870 chars)
[OK] (3362) Updated content (626 chars)
[OK] (2351) Updated content (601 chars)
[OK] (6015) Updated content (397 chars)
[OK] (3653) Updated content (1469 chars)
[OK] (1718) Updated content (648 chars)
[OK] (2351) Updated content (1083 chars)
[OK] (2351) Updated content (334 chars)
[OK] (2351) Updated content (1071 chars)
[OK] (2351) Updated content (669 chars)
[OK] (2351) Updated content (559 chars)
[OK] (6155) Updated content (759 chars)
[OK] (2351) Updated content (3884 chars)
[OK] (2351) Updated content (344 chars)
[OK] (6155) Updated content (1178 chars)
[OK] (2478) Updated content (1247 chars)
[OK] (5381) Updated content (710 chars)
[OK] (4989) Updated content (328 chars)
[OK] (2851) Updated content (902 chars)
[OK] (4989) Updated content (1242 chars)
[OK] (4989) Updated content (584 chars)
[OK] (1727) Updated content (362 chars)
[OK] (3062) Updated content (479 chars)
[OK] (1727) Updated content (656 chars)
[OK] (1727) Updated content (1189 chars)
[OK] (1727) Updated content (455 chars)
[OK] (1727) Updated content (389 chars)
[OK] (5340) Updated content (422 chars)
[OK] (3014) Updated content (504 chars)
[OK] (2337) Updated content (377 chars)
[OK] (2337) Updated content (637 chars)
[OK] (5340) Updated content (1177 chars)
[OK] (2539) Updated content (425 chars)
[OK] (3014) Updated content (546 chars)
[OK] (4534) Updated content (391 chars)
[OK] (2337) Updated content (935 chars)
[OK] (2337) Updated content (775 chars)
[OK] (2337) Updated content (386 chars)
[OK] (4534) Updated content (578 chars)
[OK] (4534) Updated content (1606 chars)
[OK] (4534) Updated content (673 chars)
[OK] (2015) Updated content (728 chars)
[OK] (4534) Updated content (664 chars)
[OK] (2059) Updated content (447 chars)
[OK] (4534) Updated content (836 chars)
[OK] (4534) Updated content (478 chars)
[OK] (2059) Updated content (421 chars)
[OK] (8155) Updated content (488 chars)
[OK] (2059) Updated content (961 chars)
[OK] (9917) Updated content (337 chars)
[OK] (2059) Updated content (529 chars)
[OK] (3189) Updated content (1116 chars)
[OK] (9917) Updated content (1687 chars)
[OK] (3189) Updated content (339 chars)
[OK] (3189) Updated content (648 chars)
[OK] (3189) Updated content (345 chars)
[OK] (3189) Updated content (1177 chars)
[OK] (1504) Updated content (1231 chars)
[OK] (3189) Updated content (1188 chars)
[OK] (2883) Updated content (542 chars)
[OK] (2883) Updated content (682 chars)
[OK] (2883) Updated content (462 chars)
[OK] (2883) Updated content (652 chars)
[OK] (2883) Updated content (349 chars)
[OK] (2883) Updated content (412 chars)
[OK] (2883) Updated content (1685 chars)
[OK] (2883) Updated content (1691 chars)
[OK] (2883) Updated content (635 chars)
[OK] (2883) Updated content (415 chars)
[OK] (6613) Updated content (428 chars)
[OK] (6643) Updated content (467 chars)
[OK] (2030) Updated content (487 chars)
[OK] (2458) Updated content (1638 chars)
[OK] (3576) Updated content (649 chars)
[OK] (6451) Updated content (395 chars)
[OK] (6451) Updated content (349 chars)
[OK] (2458) Updated content (402 chars)
[OK] (6451) Updated content (682 chars)
[OK] (3624) Updated content (377 chars)
[OK] (3576) Updated content (764 chars)
[OK] (3213) Updated content (498 chars)
[OK] (3141) Updated content (616 chars)
[OK] (3624) Updated content (369 chars)
[OK] (3624) Updated content (3884 chars)
[OK] (6806) Updated content (573 chars)
[OK] (3624) Updated content (691 chars)
[OK] (6806) Updated content (2690 chars)
[OK] (6806) Updated content (386 chars)
[OK] (6806) Updated content (869 chars)
[OK] (3714) Updated content (781 chars)
[OK] (2377) Updated content (1223 chars)
[OK] (3714) Updated content (606 chars)
[OK] (6806) Updated content (537 chars)
[OK] (6806) Updated content (1107 chars)
[OK] (6719) Updated content (338 chars)
[OK] (6719) Updated content (2173 chars)
[OK] (6719) Updated content (329 chars)
[OK] (3131) Updated content (727 chars)
[OK] (3149) Updated content (653 chars)
[OK] (8046) Updated content (4278 chars)
[OK] (8046) Updated content (908 chars)
[OK] (1711) Updated content (352 chars)
[OK] (3149) Updated content (340 chars)
[OK] (3131) Updated content (753 chars)
[OK] (1711) Updated content (1161 chars)
[OK] (8046) Updated content (1593 chars)
[OK] (1711) Updated content (346 chars)
[OK] (6177) Updated content (406 chars)
[OK] (2436) Updated content (662 chars)
[OK] (1711) Updated content (1177 chars)
[OK] (3005) Updated content (424 chars)
[OK] (1609) Updated content (776 chars)
[OK] (2436) Updated content (849 chars)
[OK] (6177) Updated content (729 chars)
[OK] (4953) Updated content (425 chars)
[OK] (3354) Updated content (336 chars)
[OK] (3479) Updated content (812 chars)
[OK] (3354) Updated content (396 chars)
[OK] (5371) Updated content (473 chars)
[OK] (5371) Updated content (480 chars)
[OK] (5371) Updated content (808 chars)
[OK] (2753) Updated content (584 chars)
[OK] (3035) Updated content (1638 chars)
[OK] (4949) Updated content (394 chars)
[OK] (3035) Updated content (3884 chars)
[OK] (3035) Updated content (820 chars)
[OK] (6278) Updated content (455 chars)
[OK] (3228) Updated content (355 chars)
[OK] (8454) Updated content (370 chars)
[OK] (3015) Updated content (348 chars)
[OK] (3015) Updated content (362 chars)
[OK] (3015) Updated content (695 chars)
[OK] (3015) Updated content (502 chars)
[OK] (8033) Updated content (369 chars)
[OK] (8033) Updated content (379 chars)
[OK] (3530) Updated content (701 chars)
[OK] (3015) Updated content (693 chars)
[OK] (5371) Updated content (1530 chars)
[OK] (3015) Updated content (671 chars)
[OK] (8033) Updated content (1253 chars)
[OK] (6446) Updated content (527 chars)
[OK] (4551) Updated content (549 chars)
[OK] (6446) Updated content (1327 chars)
[OK] (6446) Updated content (636 chars)
[OK] (4551) Updated content (411 chars)
[OK] (6446) Updated content (896 chars)
[OK] (3450) Updated content (4287 chars)
[OK] (6782) Updated content (430 chars)
[OK] (8112) Updated content (789 chars)
[OK] (3450) Updated content (724 chars)
[OK] (3450) Updated content (1844 chars)
[OK] (2454) Updated content (433 chars)
[OK] (2454) Updated content (777 chars)
[OK] (2454) Updated content (1593 chars)
[OK] (2454) Updated content (2573 chars)
[OK] (1342) Updated content (1160 chars)
[OK] (2454) Updated content (1638 chars)
[OK] (3041) Updated content (596 chars)
[OK] (3051) Updated content (646 chars)
[OK] (3051) Updated content (598 chars)
[OK] (4532) Updated content (433 chars)
[OK] (2454) Updated content (5882 chars)
[OK] (3041) Updated content (1735 chars)
[OK] (5302) Updated content (770 chars)
[OK] (6670) Updated content (307 chars)
[OK] (3041) Updated content (2173 chars)
[OK] (5302) Updated content (4287 chars)
[OK] (5302) Updated content (420 chars)
[OK] (2454) Updated content (412 chars)
[OK] (2454) Updated content (1060 chars)
[OK] (2327) Updated content (624 chars)
[OK] (2327) Updated content (336 chars)
[OK] (2327) Updated content (1116 chars)
[OK] (2327) Updated content (3226 chars)
[OK] (3041) Updated content (658 chars)
[OK] (2327) Updated content (458 chars)
[OK] (3265) Updated content (613 chars)
[OK] (6138) Updated content (428 chars)
[OK] (6138) Updated content (431 chars)
[OK] (2345) Updated content (1387 chars)
[OK] (6138) Updated content (431 chars)
[OK] (6138) Updated content (1177 chars)
[OK] (2429) Updated content (325 chars)
[OK] (3041) Updated content (700 chars)
[OK] (2429) Updated content (381 chars)
[OK] (3591) Updated content (408 chars)
[OK] (2429) Updated content (313 chars)
[OK] (3591) Updated content (415 chars)
[OK] (2641) Updated content (330 chars)
[OK] (3591) Updated content (426 chars)
[OK] (2327) Updated content (3736 chars)
[OK] (8422) Updated content (461 chars)
[OK] (3591) Updated content (5881 chars)
[OK] (1216) Updated content (1459 chars)
[OK] (1216) Updated content (1471 chars)
[OK] (3162) Updated content (579 chars)
[OK] (6147) Updated content (413 chars)
[OK] (3162) Updated content (1637 chars)
[OK] (3162) Updated content (862 chars)
[OK] (3162) Updated content (767 chars)
[OK] (6147) Updated content (779 chars)
[OK] (6147) Updated content (405 chars)
[OK] (6435) Updated content (394 chars)
[OK] (6147) Updated content (467 chars)
[OK] (6147) Updated content (409 chars)
[OK] (6147) Updated content (494 chars)
[OK] (6435) Updated content (408 chars)
[OK] (6147) Updated content (420 chars)
[OK] (6147) Updated content (1180 chars)
[OK] (2317) Updated content (1593 chars)
[OK] (2317) Updated content (649 chars)
[OK] (6435) Updated content (1177 chars)
[OK] (2317) Updated content (650 chars)
[OK] (2317) Updated content (427 chars)
[OK] (2317) Updated content (4296 chars)
[OK] (2317) Updated content (1744 chars)
[OK] (2317) Updated content (1664 chars)
[OK] (2317) Updated content (797 chars)
[OK] (6683) Updated content (399 chars)
[OK] (6683) Updated content (332 chars)
[OK] (1714) Updated content (780 chars)
[OK] (1714) Updated content (430 chars)
[OK] (6683) Updated content (4296 chars)
[OK] (7712) Updated content (381 chars)
[OK] (8110) Updated content (334 chars)
[OK] (7712) Updated content (396 chars)
[OK] (5291) Updated content (376 chars)
[OK] (8110) Updated content (361 chars)
[OK] (6239) Updated content (1176 chars)
[OK] (6683) Updated content (330 chars)
[OK] (6239) Updated content (448 chars)
[OK] (4906) Updated content (311 chars)
[OK] (2206) Updated content (322 chars)
[OK] (6239) Updated content (364 chars)
[OK] (2472) Updated content (350 chars)
[OK] (2206) Updated content (312 chars)
[OK] (3016) Updated content (432 chars)
[OK] (3016) Updated content (1177 chars)
[OK] (4906) Updated content (660 chars)
[OK] (3016) Updated content (715 chars)
[OK] (3016) Updated content (473 chars)
[OK] (3016) Updated content (1077 chars)
[OK] (3016) Updated content (679 chars)
[OK] (3016) Updated content (436 chars)
[OK] (3016) Updated content (1045 chars)
[OK] (3016) Updated content (3226 chars)
[OK] (3016) Updated content (930 chars)
[OK] (3016) Updated content (775 chars)
[OK] (1905) Updated content (386 chars)
[OK] (1905) Updated content (386 chars)
[OK] (1905) Updated content (399 chars)
[OK] (1905) Updated content (762 chars)
[OK] (3545) Updated content (777 chars)
[OK] (1905) Updated content (1167 chars)
[OK] (1905) Updated content (400 chars)
[OK] (6698) Updated content (671 chars)
[OK] (3545) Updated content (324 chars)
[OK] (3293) Updated content (796 chars)
[OK] (6698) Updated content (347 chars)
[OK] (6196) Updated content (312 chars)
[OK] (6698) Updated content (615 chars)
[OK] (3293) Updated content (581 chars)
[OK] (2537) Updated content (984 chars)
[OK] (3293) Updated content (498 chars)
[OK] (2537) Updated content (357 chars)
[OK] (2537) Updated content (712 chars)
[OK] (2537) Updated content (1566 chars)
[OK] (2537) Updated content (417 chars)
[OK] (2537) Updated content (1013 chars)
[OK] (2537) Updated content (1022 chars)
[OK] (2537) Updated content (628 chars)
[OK] (2537) Updated content (501 chars)
[OK] (2891) Updated content (937 chars)
[OK] (6530) Updated content (724 chars)
[OK] (2305) Updated content (366 chars)
[OK] (2305) Updated content (360 chars)
[OK] (2305) Updated content (5883 chars)
[OK] (2891) Updated content (1612 chars)
[OK] (2891) Updated content (1904 chars)
[OK] (2537) Updated content (825 chars)
[OK] (2891) Updated content (457 chars)
[OK] (2891) Updated content (452 chars)
[OK] (2891) Updated content (1416 chars)
[OK] (3455) Updated content (583 chars)
[OK] (2891) Updated content (2154 chars)
[OK] (3455) Updated content (335 chars)
[OK] (3455) Updated content (391 chars)
[OK] (2375) Updated content (442 chars)
[OK] (3663) Updated content (421 chars)
[OK] (2375) Updated content (735 chars)
[OK] (2375) Updated content (440 chars)
[OK] (2891) Updated content (804 chars)
[OK] (2312) Updated content (324 chars)
[OK] (2375) Updated content (3736 chars)
[OK] (6207) Updated content (576 chars)
[OK] (6207) Updated content (408 chars)
[OK] (8150) Updated content (396 chars)
[OK] (6207) Updated content (849 chars)
[OK] (6207) Updated content (851 chars)
[OK] (8150) Updated content (389 chars)
[OK] (8150) Updated content (1178 chars)
[OK] (8150) Updated content (1189 chars)
[OK] (8150) Updated content (1208 chars)
[OK] (2892) Updated content (517 chars)
[OK] (2892) Updated content (539 chars)
[OK] (2892) Updated content (1072 chars)
[OK] (2375) Updated content (1289 chars)
[OK] (2892) Updated content (695 chars)
[OK] (8150) Updated content (922 chars)
[OK] (2892) Updated content (403 chars)
[OK] (2892) Updated content (490 chars)
[OK] (2882) Updated content (414 chars)
[OK] (2892) Updated content (1134 chars)
[OK] (2882) Updated content (407 chars)
[OK] (2882) Updated content (1563 chars)
[OK] (2882) Updated content (673 chars)
[OK] (1410) Updated content (476 chars)
[OK] (2882) Updated content (869 chars)
[OK] (2637) Updated content (479 chars)
[OK] (2882) Updated content (764 chars)
[OK] (2882) Updated content (440 chars)
[OK] (4743) Updated content (5353 chars)
[OK] (4576) Updated content (350 chars)
[OK] (3537) Updated content (442 chars)
[OK] (2834) Updated content (1229 chars)
[OK] (3537) Updated content (433 chars)
[OK] (6411) Updated content (380 chars)
[OK] (2241) Updated content (372 chars)
[OK] (2892) Updated content (803 chars)
[OK] (2388) Updated content (386 chars)
[OK] (6411) Updated content (331 chars)
[OK] (3105) Updated content (460 chars)
[OK] (6603) Updated content (385 chars)
[OK] (6411) Updated content (351 chars)
[OK] (3105) Updated content (562 chars)
[OK] (3105) Updated content (1331 chars)
[OK] (3105) Updated content (462 chars)
[OK] (3028) Updated content (623 chars)
[OK] (3105) Updated content (579 chars)
[OK] (3105) Updated content (640 chars)
[OK] (3105) Updated content (1323 chars)
[OK] (6834) Updated content (407 chars)
[OK] (3028) Updated content (337 chars)
[OK] (6895) Updated content (514 chars)
[OK] (6834) Updated content (387 chars)
[OK] (5388) Updated content (789 chars)
[OK] (2002) Updated content (922 chars)
[OK] (6834) Updated content (836 chars)
[OK] (2002) Updated content (990 chars)
[OK] (2002) Updated content (986 chars)
[OK] (2348) Updated content (662 chars)
[OK] (2332) Updated content (379 chars)
[OK] (9907) Updated content (512 chars)
[OK] (2002) Updated content (723 chars)
[OK] (2002) Updated content (427 chars)
[OK] (2002) Updated content (745 chars)
[OK] (2002) Updated content (518 chars)
[OK] (2002) Updated content (689 chars)
[OK] (2002) Updated content (719 chars)
[OK] (2002) Updated content (650 chars)
[OK] (2002) Updated content (764 chars)
[OK] (2002) Updated content (626 chars)
[OK] (2002) Updated content (464 chars)
[OK] (2002) Updated content (463 chars)
[OK] (6116) Updated content (350 chars)
[OK] (6116) Updated content (1120 chars)
[OK] (6116) Updated content (529 chars)
[OK] (2401) Updated content (394 chars)
[OK] (6116) Updated content (483 chars)
[OK] (2426) Updated content (452 chars)
[OK] (6116) Updated content (649 chars)
[OK] (6116) Updated content (650 chars)
[OK] (6116) Updated content (682 chars)
[OK] (2426) Updated content (1103 chars)
[OK] (2426) Updated content (820 chars)
[OK] (2426) Updated content (5882 chars)
[OK] (2426) Updated content (444 chars)
[OK] (2426) Updated content (1177 chars)
[OK] (2426) Updated content (793 chars)
[OK] (3702) Updated content (587 chars)
[OK] (2426) Updated content (735 chars)
[OK] (3563) Updated content (888 chars)
[OK] (3702) Updated content (2149 chars)
[OK] (3702) Updated content (647 chars)
[OK] (3374) Updated content (776 chars)
[OK] (3374) Updated content (419 chars)
[OK] (3702) Updated content (444 chars)
[OK] (3374) Updated content (422 chars)
[OK] (3702) Updated content (775 chars)
[OK] (3374) Updated content (3226 chars)
[OK] (3374) Updated content (4296 chars)
[OK] (3374) Updated content (366 chars)
[OK] (6282) Updated content (1177 chars)
[OK] (6282) Updated content (359 chars)
[OK] (1560) Updated content (468 chars)
[OK] (1560) Updated content (676 chars)
[OK] (6672) Updated content (382 chars)
[OK] (6282) Updated content (353 chars)
[OK] (1560) Updated content (2264 chars)
[OK] (1560) Updated content (583 chars)
[OK] (1560) Updated content (538 chars)
[OK] (1560) Updated content (637 chars)
[OK] (1560) Updated content (624 chars)
[OK] (1560) Updated content (883 chars)
[OK] (6770) Updated content (827 chars)
[OK] (1560) Updated content (688 chars)
[OK] (6770) Updated content (483 chars)
[OK] (6770) Updated content (434 chars)
[OK] (6770) Updated content (649 chars)
[OK] (2328) Updated content (823 chars)
[OK] (6770) Updated content (723 chars)
[OK] (3211) Updated content (703 chars)
[OK] (6770) Updated content (3884 chars)
[OK] (6770) Updated content (2338 chars)
[OK] (6770) Updated content (668 chars)
[OK] (3211) Updated content (506 chars)
[OK] (6770) Updated content (1114 chars)
[OK] (3211) Updated content (606 chars)
[OK] (1409) Updated content (459 chars)
[OK] (3211) Updated content (499 chars)
[OK] (3211) Updated content (596 chars)
[OK] (1409) Updated content (788 chars)
[OK] (1409) Updated content (814 chars)
[OK] (1409) Updated content (831 chars)
[OK] (4174) Updated content (342 chars)
[OK] (6770) Updated content (643 chars)
[OK] (6770) Updated content (1480 chars)
[OK] (3211) Updated content (634 chars)
[OK] (4174) Updated content (4296 chars)
[OK] (1231) Updated content (641 chars)
[OK] (1231) Updated content (496 chars)
[OK] (1231) Updated content (488 chars)
[OK] (2302) Updated content (420 chars)
[OK] (6204) Updated content (414 chars)
[OK] (6214) Updated content (364 chars)
[OK] (3090) Updated content (764 chars)
[OK] (6715) Updated content (408 chars)
[OK] (3090) Updated content (800 chars)
[OK] (2303) Updated content (333 chars)
[OK] (2303) Updated content (452 chars)
[OK] (2303) Updated content (644 chars)
[OK] (6715) Updated content (412 chars)
[OK] (2303) Updated content (1820 chars)
[OK] (2303) Updated content (1188 chars)
[OK] (2303) Updated content (457 chars)
[OK] (2303) Updated content (1514 chars)
[OK] (2303) Updated content (797 chars)
[OK] (2303) Updated content (1097 chars)
[OK] (2303) Updated content (341 chars)
[OK] (2303) Updated content (767 chars)
[OK] (2303) Updated content (583 chars)
[OK] (2303) Updated content (986 chars)
[OK] (2303) Updated content (561 chars)
[OK] (2303) Updated content (424 chars)
[OK] (2303) Updated content (1593 chars)
[OK] (2303) Updated content (5881 chars)
[OK] (2303) Updated content (1578 chars)
[OK] (2303) Updated content (2338 chars)
[OK] (2466) Updated content (647 chars)
[OK] (2303) Updated content (2782 chars)
[OK] (2466) Updated content (394 chars)
[OK] (2466) Updated content (673 chars)
[OK] (3707) Updated content (407 chars)
[OK] (3707) Updated content (3736 chars)
[OK] (3707) Updated content (412 chars)
[OK] (3707) Updated content (1183 chars)
[OK] (3707) Updated content (3226 chars)
[OK] (2303) Updated content (789 chars)
[OK] (2303) Updated content (1280 chars)
[OK] (3707) Updated content (4296 chars)
[OK] (3707) Updated content (1318 chars)
[OK] (3707) Updated content (1077 chars)
[OK] (2006) Updated content (986 chars)
[OK] (3707) Updated content (2095 chars)
[OK] (2006) Updated content (464 chars)
[OK] (4147) Updated content (838 chars)
[OK] (4147) Updated content (397 chars)
[OK] (2880) Updated content (383 chars)
[OK] (2880) Updated content (1405 chars)
[OK] (3219) Updated content (198 chars)
[OK] (4147) Updated content (4287 chars)
[OK] (4147) Updated content (912 chars)
[OK] (5871) Updated content (900 chars)
[OK] (2880) Updated content (404 chars)
[OK] (2880) Updated content (492 chars)
[OK] (2408) Updated content (1421 chars)
[OK] (6515) Updated content (972 chars)
[OK] (2880) Updated content (351 chars)
[OK] (2408) Updated content (392 chars)
[OK] (6515) Updated content (584 chars)
[OK] (2408) Updated content (1263 chars)
[OK] (2408) Updated content (396 chars)
[OK] (6515) Updated content (766 chars)
[OK] (2408) Updated content (906 chars)
[OK] (2408) Updated content (797 chars)
[OK] (2408) Updated content (450 chars)
[OK] (2408) Updated content (1081 chars)
[OK] (2408) Updated content (418 chars)
[OK] (2408) Updated content (706 chars)
[OK] (2408) Updated content (1177 chars)
[OK] (2408) Updated content (397 chars)
[OK] (2408) Updated content (1280 chars)
[OK] (2408) Updated content (2118 chars)
[OK] (2408) Updated content (2631 chars)
[OK] (2408) Updated content (759 chars)
[OK] (1326) Updated content (1024 chars)
[OK] (1326) Updated content (609 chars)
[OK] (8249) Updated content (376 chars)
[OK] (1326) Updated content (608 chars)
[OK] (1326) Updated content (304 chars)
[OK] (3588) Updated content (681 chars)
[OK] (3588) Updated content (443 chars)
[OK] (3588) Updated content (371 chars)
[OK] (3019) Updated content (706 chars)
[OK] (8249) Updated content (678 chars)
[OK] (7795) Updated content (2292 chars)
[OK] (7795) Updated content (340 chars)
[OK] (6187) Updated content (354 chars)
[OK] (8105) Updated content (423 chars)
[OK] (8105) Updated content (402 chars)
[OK] (8436) Updated content (1361 chars)
[OK] (8436) Updated content (555 chars)
[OK] (8436) Updated content (740 chars)
[OK] (8436) Updated content (523 chars)
[OK] (8436) Updated content (1228 chars)
[OK] (2504) Updated content (1364 chars)
[OK] (8436) Updated content (787 chars)
[OK] (8436) Updated content (1119 chars)
[OK] (8436) Updated content (724 chars)
[OK] (8436) Updated content (803 chars)
[OK] (8436) Updated content (423 chars)
[OK] (3317) Updated content (349 chars)
[OK] (3317) Updated content (346 chars)
[OK] (6226) Updated content (430 chars)
[OK] (3317) Updated content (346 chars)
[OK] (6226) Updated content (5882 chars)
[OK] (2103) Updated content (294 chars)
[OK] (3317) Updated content (1177 chars)
[OK] (6226) Updated content (819 chars)
[OK] (5328) Updated content (469 chars)
[OK] (5328) Updated content (468 chars)
[OK] (2489) Updated content (363 chars)
[OK] (1605) Updated content (185 chars)
[OK] (6462) Updated content (640 chars)
[OK] (1605) Updated content (719 chars)
[OK] (1605) Updated content (518 chars)
[OK] (1605) Updated content (340 chars)
[OK] (1605) Updated content (387 chars)
[OK] (1605) Updated content (358 chars)
[OK] (1605) Updated content (744 chars)
[OK] (4976) Updated content (423 chars)
[OK] (4904) Updated content (165 chars)
[OK] (4904) Updated content (803 chars)
[OK] (4904) Updated content (529 chars)
[OK] (4904) Updated content (668 chars)
[OK] (4904) Updated content (701 chars)
[OK] (4904) Updated content (695 chars)
[OK] (4976) Updated content (1159 chars)
[OK] (3231) Updated content (483 chars)
[OK] (4904) Updated content (1051 chars)
[OK] (4904) Updated content (659 chars)
[OK] (3231) Updated content (668 chars)
[OK] (3231) Updated content (511 chars)
[OK] (3231) Updated content (649 chars)
[OK] (6231) Updated content (376 chars)
[OK] (3289) Updated content (961 chars)
[OK] (6231) Updated content (734 chars)
[OK] (6472) Updated content (1046 chars)
[OK] (3294) Updated content (569 chars)
[OK] (3294) Updated content (577 chars)
[OK] (6231) Updated content (380 chars)
[OK] (6727) Updated content (358 chars)
[OK] (3712) Updated content (397 chars)
[OK] (6727) Updated content (354 chars)
[OK] (3026) Updated content (1161 chars)
[OK] (6442) Updated content (400 chars)
[OK] (3026) Updated content (341 chars)
[OK] (6442) Updated content (1856 chars)
[OK] (3026) Updated content (355 chars)
[OK] (2449) Updated content (407 chars)
[OK] (2449) Updated content (425 chars)
[OK] (7799) Updated content (434 chars)
[OK] (7799) Updated content (4308 chars)
[OK] (2449) Updated content (788 chars)
[OK] (7799) Updated content (720 chars)
[OK] (2449) Updated content (1822 chars)
[OK] (2449) Updated content (1177 chars)
[OK] (9934) Updated content (318 chars)
[OK] (3008) Updated content (3808 chars)
[OK] (5347) Updated content (1177 chars)
[OK] (8261) Updated content (664 chars)
[OK] (3008) Updated content (961 chars)
[OK] (3092) Updated content (512 chars)
[OK] (3008) Updated content (3736 chars)
[OK] (3092) Updated content (356 chars)
[OK] (8261) Updated content (421 chars)
[OK] (5347) Updated content (429 chars)
[OK] (8261) Updated content (1183 chars)
[OK] (8261) Updated content (402 chars)
[OK] (8261) Updated content (5883 chars)
[OK] (8261) Updated content (757 chars)
[OK] (1301) Updated content (638 chars)
[OK] (4561) Updated content (378 chars)
[OK] (1301) Updated content (1263 chars)
[OK] (1301) Updated content (526 chars)
[OK] (3324) Updated content (1471 chars)
[OK] (1301) Updated content (457 chars)
[OK] (1301) Updated content (1508 chars)
[OK] (1301) Updated content (745 chars)
[OK] (1301) Updated content (995 chars)
[OK] (1301) Updated content (518 chars)
[OK] (5306) Updated content (426 chars)
[OK] (1301) Updated content (818 chars)
[OK] (2233) Updated content (775 chars)
[OK] (1301) Updated content (650 chars)
[OK] (1301) Updated content (464 chars)
[OK] (2233) Updated content (439 chars)
[OK] (2233) Updated content (520 chars)
[OK] (2233) Updated content (427 chars)
[OK] (2233) Updated content (632 chars)
[OK] (2233) Updated content (524 chars)
[OK] (2233) Updated content (674 chars)
[OK] (2233) Updated content (692 chars)
[OK] (8261) Updated content (731 chars)
[OK] (1301) Updated content (744 chars)
[OK] (4510) Updated content (718 chars)
[OK] (2233) Updated content (185 chars)
[OK] (2233) Updated content (573 chars)
[OK] (4510) Updated content (393 chars)
[OK] (2233) Updated content (631 chars)
[OK] (7780) Updated content (701 chars)
[OK] (2855) Updated content (299 chars)
[OK] (5426) Updated content (430 chars)
[OK] (2379) Updated content (344 chars)
[OK] (2812) Updated content (844 chars)
[OK] (2855) Updated content (605 chars)
[OK] (2812) Updated content (740 chars)
[OK] (5426) Updated content (441 chars)
[OK] (2812) Updated content (740 chars)
[OK] (2379) Updated content (165 chars)
[OK] (2379) Updated content (2173 chars)
[OK] (2379) Updated content (1168 chars)
[OK] (2379) Updated content (356 chars)
[OK] (2379) Updated content (348 chars)
[OK] (6122) Updated content (366 chars)
[OK] (1536) Updated content (383 chars)
[OK] (6122) Updated content (861 chars)
[OK] (5009) Updated content (384 chars)
[OK] (6117) Updated content (431 chars)
[OK] (2890) Updated content (1072 chars)
[OK] (4541) Updated content (474 chars)
[OK] (1476) Updated content (425 chars)
[OK] (2890) Updated content (1508 chars)
[OK] (2890) Updated content (497 chars)
[OK] (2890) Updated content (165 chars)
[OK] (2890) Updated content (1382 chars)
[OK] (2890) Updated content (1506 chars)
[OK] (2890) Updated content (803 chars)
[OK] (3416) Updated content (479 chars)
[OK] (1314) Updated content (1004 chars)
[OK] (5483) Updated content (1016 chars)
[OK] (1314) Updated content (1452 chars)
[OK] (2492) Updated content (400 chars)
[OK] (2492) Updated content (1029 chars)
[OK] (2492) Updated content (3226 chars)
[OK] (2492) Updated content (1168 chars)
[OK] (2492) Updated content (3736 chars)
[OK] (2492) Updated content (883 chars)
[OK] (6488) Updated content (430 chars)
[OK] (2492) Updated content (422 chars)
[OK] (6488) Updated content (356 chars)
[OK] (3709) Updated content (539 chars)
[OK] (1436) Updated content (898 chars)
[OK] (1436) Updated content (1001 chars)
[OK] (4760) Updated content (713 chars)
[OK] (2605) Updated content (409 chars)
[OK] (1436) Updated content (929 chars)
[OK] (3312) Updated content (381 chars)
[OK] (6275) Updated content (634 chars)
[OK] (6275) Updated content (365 chars)
[OK] (6275) Updated content (422 chars)
[OK] (1402) Updated content (692 chars)
[OK] (3709) Updated content (603 chars)
[OK] (6488) Updated content (1276 chars)
[OK] (3312) Updated content (375 chars)
[OK] (1402) Updated content (497 chars)
[OK] (6275) Updated content (659 chars)
[OK] (1402) Updated content (185 chars)
[OK] (1402) Updated content (607 chars)
[OK] (2484) Updated content (561 chars)
[OK] (2484) Updated content (1870 chars)
[OK] (1402) Updated content (844 chars)
[OK] (2484) Updated content (1117 chars)
[OK] (2484) Updated content (548 chars)
[OK] (2484) Updated content (1298 chars)
[OK] (2484) Updated content (653 chars)
[OK] (6903) Updated content (293 chars)
[OK] (3260) Updated content (929 chars)
[OK] (8021) Updated content (419 chars)
[OK] (3027) Updated content (1534 chars)
[OK] (8215) Updated content (924 chars)
[OK] (8021) Updated content (687 chars)
[OK] (6584) Updated content (185 chars)
[OK] (2501) Updated content (408 chars)
[OK] (6840) Updated content (459 chars)
[OK] (6840) Updated content (588 chars)
[OK] (4938) Updated content (827 chars)
[OK] (7402) Updated content (393 chars)
[OK] (3073) Updated content (291 chars)
[OK] (3163) Updated content (1117 chars)
[OK] (6840) Updated content (438 chars)
[OK] (3073) Updated content (721 chars)
[OK] (3073) Updated content (1500 chars)
[OK] (3073) Updated content (623 chars)
[OK] (3073) Updated content (564 chars)
[OK] (3073) Updated content (1629 chars)
[OK] (3073) Updated content (509 chars)
[OK] (4909) Updated content (512 chars)
[OK] (4909) Updated content (876 chars)
[OK] (4909) Updated content (489 chars)
[OK] (4909) Updated content (1666 chars)
[OK] (4909) Updated content (681 chars)
[OK] (6271) Updated content (389 chars)
[OK] (6271) Updated content (373 chars)
[OK] (6271) Updated content (341 chars)
[OK] (4909) Updated content (795 chars)
[OK] (6271) Updated content (627 chars)
[OK] (6271) Updated content (334 chars)
[OK] (1310) Updated content (617 chars)
[OK] (6510) Updated content (468 chars)
[OK] (1310) Updated content (618 chars)
[OK] (6510) Updated content (642 chars)
[OK] (6510) Updated content (437 chars)
[OK] (1532) Updated content (1523 chars)
[OK] (6510) Updated content (4302 chars)
[OK] (1532) Updated content (515 chars)
[OK] (1532) Updated content (517 chars)
[OK] (1532) Updated content (503 chars)
[OK] (1532) Updated content (687 chars)
[OK] (8054) Updated content (461 chars)
[OK] (8054) Updated content (1060 chars)
[OK] (1532) Updated content (582 chars)
[OK] (7717) Updated content (371 chars)
[OK] (8054) Updated content (462 chars)
[OK] (1532) Updated content (1538 chars)
[OK] (2495) Updated content (424 chars)
[OK] (8054) Updated content (4287 chars)
[OK] (2498) Updated content (704 chars)
[OK] (2498) Updated content (705 chars)
[OK] (5508) Updated content (420 chars)
[OK] (3257) Updated content (756 chars)
[OK] (5508) Updated content (422 chars)
[OK] (3257) Updated content (792 chars)
[OK] (3257) Updated content (468 chars)
[OK] (3257) Updated content (449 chars)
[OK] (8054) Updated content (813 chars)
[OK] (6449) Updated content (421 chars)
[OK] (3257) Updated content (4296 chars)
[OK] (6146) Updated content (452 chars)
[OK] (5706) Updated content (466 chars)
[OK] (3086) Updated content (375 chars)
[OK] (8299) Updated content (921 chars)
[OK] (6449) Updated content (397 chars)
[OK] (6449) Updated content (331 chars)
[OK] (3086) Updated content (437 chars)
[OK] (3583) Updated content (1052 chars)
[OK] (8299) Updated content (1629 chars)
[OK] (8039) Updated content (414 chars)
[OK] (2885) Updated content (937 chars)
[OK] (2885) Updated content (463 chars)
[OK] (2885) Updated content (650 chars)
[OK] (6693) Updated content (568 chars)
[OK] (2885) Updated content (1334 chars)
[OK] (2885) Updated content (767 chars)
[OK] (6693) Updated content (511 chars)
[OK] (6763) Updated content (510 chars)
[OK] (6026) Updated content (947 chars)
[OK] (4533) Updated content (1395 chars)
[OK] (6763) Updated content (502 chars)
[OK] (2014) Updated content (1227 chars)
[OK] (6270) Updated content (410 chars)
[OK] (2610) Updated content (1508 chars)
[OK] (2610) Updated content (523 chars)
[OK] (6270) Updated content (365 chars)
[OK] (2610) Updated content (1428 chars)
[OK] (6270) Updated content (381 chars)
[OK] (8476) Updated content (722 chars)
[OK] (4919) Updated content (3287 chars)
[OK] (6693) Updated content (3884 chars)
[OK] (4919) Updated content (1638 chars)
[OK] (4919) Updated content (351 chars)
[OK] (4919) Updated content (645 chars)
[OK] (4919) Updated content (1177 chars)
[OK] (4919) Updated content (322 chars)
[OK] (1312) Updated content (1466 chars)
[OK] (8081) Updated content (371 chars)
[OK] (1312) Updated content (1490 chars)
[OK] (8081) Updated content (368 chars)
[OK] (2409) Updated content (745 chars)
[OK] (2409) Updated content (526 chars)
[OK] (2409) Updated content (720 chars)
[OK] (2409) Updated content (406 chars)
[OK] (2409) Updated content (3884 chars)
[OK] (2409) Updated content (599 chars)
[OK] (8096) Updated content (377 chars)
[OK] (8096) Updated content (407 chars)
[OK] (3715) Updated content (353 chars)
[OK] (3715) Updated content (352 chars)
[OK] (3715) Updated content (349 chars)
[OK] (3661) Updated content (691 chars)
[OK] (6937) Updated content (547 chars)
[OK] (8042) Updated content (395 chars)
[OK] (3661) Updated content (2173 chars)
[OK] (3581) Updated content (391 chars)
[OK] (6605) Updated content (484 chars)
[OK] (4164) Updated content (507 chars)
[OK] (3581) Updated content (583 chars)
[OK] (3581) Updated content (389 chars)
[OK] (2634) Updated content (407 chars)
[OK] (3581) Updated content (355 chars)
[OK] (3581) Updated content (662 chars)
[OK] (2634) Updated content (613 chars)
[OK] (3321) Updated content (403 chars)
[OK] (1721) Updated content (389 chars)
[OK] (1721) Updated content (347 chars)
[OK] (1721) Updated content (600 chars)
[OK] (6425) Updated content (547 chars)
[OK] (3321) Updated content (392 chars)
[OK] (3234) Updated content (404 chars)
[OK] (1304) Updated content (1161 chars)
[OK] (1526) Updated content (421 chars)
[OK] (3234) Updated content (406 chars)
[OK] (6425) Updated content (571 chars)
[OK] (1304) Updated content (1466 chars)
[OK] (3234) Updated content (389 chars)
[OK] (1102) Updated content (464 chars)
[OK] (1102) Updated content (650 chars)
[OK] (3605) Updated content (403 chars)
[OK] (3515) Updated content (1262 chars)
[OK] (8034) Updated content (458 chars)
[OK] (8064) Updated content (362 chars)
[OK] (8064) Updated content (1748 chars)
[OK] (6182) Updated content (1691 chars)
[OK] (2607) Updated content (430 chars)
[OK] (8064) Updated content (450 chars)
[OK] (8064) Updated content (620 chars)
[OK] (6182) Updated content (1043 chars)
[OK] (6667) Updated content (623 chars)
[OK] (6667) Updated content (673 chars)
[OK] (6667) Updated content (842 chars)
[OK] (6667) Updated content (578 chars)
[OK] (6667) Updated content (962 chars)
[OK] (6667) Updated content (1544 chars)
[OK] (8064) Updated content (606 chars)
[OK] (8064) Updated content (622 chars)
[OK] (6667) Updated content (649 chars)
[OK] (6667) Updated content (491 chars)
[OK] (6667) Updated content (1540 chars)

[DONE] Content fetching complete!
[TIME] Total: 364.88 seconds
[週三 2026/06/24  2:10:38.71] Analyzing sentiment... 
[週三 2026/06/24  2:10:38.73] Running nstock analyze_sentiment... 
d:\StockPulse\stocks_news\nstock\analyze_sentiment.py:200: DeprecationWarning: 'asyncio.WindowsSelectorEventLoopPolicy' is deprecated and slated for removal in Python 3.16
  asyncio.set_event_loop_policy(asyncio.WindowsSelectorEventLoopPolicy())
d:\StockPulse\stocks_news\nstock\analyze_sentiment.py:200: DeprecationWarning: 'asyncio.set_event_loop_policy' is deprecated and slated for removal in Python 3.16
  asyncio.set_event_loop_policy(asyncio.WindowsSelectorEventLoopPolicy())

============================================================
NStock 新聞情緒分析
============================================================

[OK] 資料庫連線成功

[INFO] 找到 305 筆需要分析的新聞

開始處理 305 筆新聞 (並發數: 2)...

  [INFO] 進度: 10/305 (失敗: 0)
  [INFO] 進度: 20/305 (失敗: 0)
  [INFO] 進度: 30/305 (失敗: 0)
  [INFO] 進度: 40/305 (失敗: 0)
  [INFO] 進度: 50/305 (失敗: 0)
  [INFO] 進度: 60/305 (失敗: 0)
  [INFO] 進度: 70/305 (失敗: 0)
  [INFO] 進度: 80/305 (失敗: 0)
  [INFO] 進度: 90/305 (失敗: 0)
  [INFO] 進度: 100/305 (失敗: 0)
  [INFO] 進度: 110/305 (失敗: 0)
  [INFO] 進度: 120/305 (失敗: 0)
  [INFO] 進度: 130/305 (失敗: 0)
  [INFO] 進度: 140/305 (失敗: 0)
  [INFO] 進度: 150/305 (失敗: 0)
  [INFO] 進度: 160/305 (失敗: 0)
  [INFO] 進度: 170/305 (失敗: 0)
  [INFO] 進度: 180/305 (失敗: 0)
  [INFO] 進度: 190/305 (失敗: 0)
  [INFO] 進度: 200/305 (失敗: 0)
  [INFO] 進度: 210/305 (失敗: 0)
  [INFO] 進度: 220/305 (失敗: 0)
  [INFO] 進度: 230/305 (失敗: 0)
  [INFO] 進度: 240/305 (失敗: 0)
  [INFO] 進度: 250/305 (失敗: 0)
  [INFO] 進度: 260/305 (失敗: 0)
  [INFO] 進度: 270/305 (失敗: 0)
  [INFO] 進度: 280/305 (失敗: 0)
  [INFO] 進度: 290/305 (失敗: 0)
  [INFO] 進度: 300/305 (失敗: 0)

============================================================
[OK] 情緒分析完成!
============================================================
成功: 305 筆
失敗: 0 筆
總計: 305 筆
耗時: 2843.5 秒
============================================================

[週三 2026/06/24  2:58:05.20] Running yahoo analyze_sentiment... 
d:\StockPulse\stocks_news\yahoo\analyze_sentiment.py:186: DeprecationWarning: 'asyncio.WindowsSelectorEventLoopPolicy' is deprecated and slated for removal in Python 3.16
  asyncio.set_event_loop_policy(asyncio.WindowsSelectorEventLoopPolicy())
d:\StockPulse\stocks_news\yahoo\analyze_sentiment.py:186: DeprecationWarning: 'asyncio.set_event_loop_policy' is deprecated and slated for removal in Python 3.16
  asyncio.set_event_loop_policy(asyncio.WindowsSelectorEventLoopPolicy())
[START] Analyzing sentiment scores...
Found 545 news items to analyze

[START] Processing 545 tasks (max concurrency: 2)...

  [PROGRESS] 10/545 completed (0 failed)
  [PROGRESS] 20/545 completed (0 failed)
  [PROGRESS] 30/545 completed (0 failed)
  [PROGRESS] 40/545 completed (0 failed)
  [PROGRESS] 50/545 completed (0 failed)
  [PROGRESS] 60/545 completed (0 failed)
  [PROGRESS] 70/545 completed (0 failed)
  [PROGRESS] 80/545 completed (0 failed)
  [PROGRESS] 90/545 completed (0 failed)
  [PROGRESS] 100/545 completed (0 failed)
  [PROGRESS] 110/545 completed (0 failed)
  [PROGRESS] 120/545 completed (0 failed)
  [PROGRESS] 130/545 completed (0 failed)
  [PROGRESS] 140/545 completed (0 failed)
  [PROGRESS] 150/545 completed (0 failed)
  [PROGRESS] 160/545 completed (0 failed)
  [PROGRESS] 170/545 completed (0 failed)
  [PROGRESS] 180/545 completed (0 failed)
  [PROGRESS] 190/545 completed (0 failed)
  [PROGRESS] 200/545 completed (0 failed)
  [PROGRESS] 210/545 completed (0 failed)
  [PROGRESS] 220/545 completed (0 failed)
  [PROGRESS] 230/545 completed (0 failed)
  [PROGRESS] 240/545 completed (0 failed)
  [PROGRESS] 250/545 completed (0 failed)
  [PROGRESS] 260/545 completed (0 failed)
  [PROGRESS] 270/545 completed (0 failed)
  [PROGRESS] 280/545 completed (0 failed)
  [PROGRESS] 290/545 completed (0 failed)
  [PROGRESS] 300/545 completed (0 failed)
  [PROGRESS] 310/545 completed (0 failed)
  [PROGRESS] 320/545 completed (0 failed)
  [PROGRESS] 330/545 completed (0 failed)
  [PROGRESS] 340/545 completed (0 failed)
  [PROGRESS] 350/545 completed (0 failed)
  [PROGRESS] 360/545 completed (0 failed)
  [PROGRESS] 370/545 completed (0 failed)
  [PROGRESS] 380/545 completed (0 failed)
  [PROGRESS] 390/545 completed (0 failed)
  [PROGRESS] 400/545 completed (0 failed)
  [PROGRESS] 410/545 completed (0 failed)
  [PROGRESS] 420/545 completed (0 failed)
  [PROGRESS] 430/545 completed (0 failed)
  [PROGRESS] 440/545 completed (0 failed)
  [PROGRESS] 450/545 completed (0 failed)
  [PROGRESS] 460/545 completed (0 failed)
  [PROGRESS] 470/545 completed (0 failed)
  [PROGRESS] 480/545 completed (0 failed)
  [PROGRESS] 490/545 completed (0 failed)
  [PROGRESS] 500/545 completed (0 failed)
  [PROGRESS] 510/545 completed (0 failed)
  [PROGRESS] 520/545 completed (0 failed)
  [PROGRESS] 530/545 completed (0 failed)
  [PROGRESS] 540/545 completed (0 failed)

[DONE] Sentiment analysis complete!
Success: 545
Failed: 0
Total: 545
[TIME] Total: 5074.64 seconds
[週三 2026/06/24  4:22:41.74] Running cnyes analyze_sentiment... 
d:\StockPulse\stocks_news\cnyes\analyze_sentiment.py:186: DeprecationWarning: 'asyncio.WindowsSelectorEventLoopPolicy' is deprecated and slated for removal in Python 3.16
  asyncio.set_event_loop_policy(asyncio.WindowsSelectorEventLoopPolicy())
d:\StockPulse\stocks_news\cnyes\analyze_sentiment.py:186: DeprecationWarning: 'asyncio.set_event_loop_policy' is deprecated and slated for removal in Python 3.16
  asyncio.set_event_loop_policy(asyncio.WindowsSelectorEventLoopPolicy())
[START] Analyzing sentiment scores...
Found 1405 news items to analyze

[START] Processing 1405 tasks (max concurrency: 2)...

  [PROGRESS] 10/1405 completed (0 failed)
  [PROGRESS] 20/1405 completed (0 failed)
  [PROGRESS] 30/1405 completed (0 failed)
  [PROGRESS] 40/1405 completed (0 failed)
  [PROGRESS] 50/1405 completed (0 failed)
  [PROGRESS] 60/1405 completed (0 failed)
  [PROGRESS] 70/1405 completed (0 failed)
  [PROGRESS] 80/1405 completed (0 failed)
  [PROGRESS] 90/1405 completed (0 failed)
  [PROGRESS] 100/1405 completed (0 failed)
  [PROGRESS] 110/1405 completed (0 failed)
  [PROGRESS] 120/1405 completed (0 failed)
  [PROGRESS] 130/1405 completed (0 failed)
  [PROGRESS] 140/1405 completed (0 failed)
  [PROGRESS] 150/1405 completed (0 failed)
  [PROGRESS] 160/1405 completed (0 failed)
  [PROGRESS] 170/1405 completed (0 failed)
  [PROGRESS] 180/1405 completed (0 failed)
  [PROGRESS] 190/1405 completed (0 failed)
  [PROGRESS] 200/1405 completed (0 failed)
  [PROGRESS] 210/1405 completed (0 failed)
  [PROGRESS] 220/1405 completed (0 failed)
  [PROGRESS] 230/1405 completed (0 failed)
  [PROGRESS] 240/1405 completed (0 failed)
  [PROGRESS] 250/1405 completed (0 failed)
  [PROGRESS] 260/1405 completed (0 failed)
  [PROGRESS] 270/1405 completed (0 failed)
  [PROGRESS] 280/1405 completed (0 failed)
  [PROGRESS] 290/1405 completed (0 failed)
  [PROGRESS] 300/1405 completed (0 failed)
  [PROGRESS] 310/1405 completed (0 failed)
  [PROGRESS] 320/1405 completed (0 failed)
  [PROGRESS] 330/1405 completed (0 failed)
  [PROGRESS] 340/1405 completed (0 failed)
  [PROGRESS] 350/1405 completed (0 failed)
  [PROGRESS] 360/1405 completed (0 failed)
  [PROGRESS] 370/1405 completed (0 failed)
  [PROGRESS] 380/1405 completed (0 failed)
  [PROGRESS] 390/1405 completed (0 failed)
  [PROGRESS] 400/1405 completed (0 failed)
  [PROGRESS] 410/1405 completed (0 failed)
  [PROGRESS] 420/1405 completed (0 failed)
  [PROGRESS] 430/1405 completed (0 failed)
  [PROGRESS] 440/1405 completed (0 failed)
  [PROGRESS] 450/1405 completed (0 failed)
  [PROGRESS] 460/1405 completed (0 failed)
  [PROGRESS] 470/1405 completed (0 failed)
  [PROGRESS] 480/1405 completed (0 failed)
  [PROGRESS] 490/1405 completed (0 failed)
  [PROGRESS] 500/1405 completed (0 failed)
  [PROGRESS] 510/1405 completed (0 failed)
  [PROGRESS] 520/1405 completed (0 failed)
  [PROGRESS] 530/1405 completed (0 failed)
  [PROGRESS] 540/1405 completed (0 failed)
  [PROGRESS] 550/1405 completed (0 failed)
  [PROGRESS] 560/1405 completed (0 failed)
  [PROGRESS] 570/1405 completed (0 failed)
  [PROGRESS] 580/1405 completed (0 failed)
  [PROGRESS] 590/1405 completed (0 failed)
  [PROGRESS] 600/1405 completed (0 failed)
  [PROGRESS] 610/1405 completed (0 failed)
  [PROGRESS] 620/1405 completed (0 failed)
  [PROGRESS] 630/1405 completed (0 failed)
  [PROGRESS] 640/1405 completed (0 failed)
  [PROGRESS] 650/1405 completed (0 failed)
  [PROGRESS] 660/1405 completed (0 failed)
  [PROGRESS] 670/1405 completed (0 failed)
  [PROGRESS] 680/1405 completed (0 failed)
  [PROGRESS] 690/1405 completed (0 failed)
  [PROGRESS] 700/1405 completed (0 failed)
  [PROGRESS] 710/1405 completed (0 failed)
  [PROGRESS] 720/1405 completed (0 failed)
  [PROGRESS] 730/1405 completed (0 failed)
  [PROGRESS] 740/1405 completed (0 failed)
  [PROGRESS] 750/1405 completed (0 failed)
  [PROGRESS] 760/1405 completed (0 failed)
  [PROGRESS] 770/1405 completed (0 failed)
  [PROGRESS] 780/1405 completed (0 failed)
  [PROGRESS] 790/1405 completed (0 failed)
  [PROGRESS] 800/1405 completed (0 failed)
  [PROGRESS] 810/1405 completed (0 failed)
  [PROGRESS] 820/1405 completed (0 failed)
  [PROGRESS] 830/1405 completed (0 failed)
  [PROGRESS] 840/1405 completed (0 failed)
  [PROGRESS] 850/1405 completed (0 failed)
  [PROGRESS] 860/1405 completed (0 failed)
  [PROGRESS] 870/1405 completed (0 failed)
  [PROGRESS] 880/1405 completed (0 failed)
  [PROGRESS] 890/1405 completed (0 failed)
  [PROGRESS] 900/1405 completed (0 failed)
  [PROGRESS] 910/1405 completed (0 failed)
  [PROGRESS] 920/1405 completed (0 failed)
  [PROGRESS] 930/1405 completed (0 failed)
  [PROGRESS] 940/1405 completed (0 failed)
  [PROGRESS] 950/1405 completed (0 failed)
  [PROGRESS] 960/1405 completed (0 failed)
  [PROGRESS] 970/1405 completed (0 failed)
  [PROGRESS] 980/1405 completed (0 failed)
  [PROGRESS] 990/1405 completed (0 failed)
  [PROGRESS] 1000/1405 completed (0 failed)
  [PROGRESS] 1010/1405 completed (0 failed)
  [PROGRESS] 1020/1405 completed (0 failed)
  [PROGRESS] 1030/1405 completed (0 failed)
  [PROGRESS] 1040/1405 completed (0 failed)
  [PROGRESS] 1050/1405 completed (0 failed)
  [PROGRESS] 1060/1405 completed (0 failed)
  [PROGRESS] 1070/1405 completed (0 failed)
  [PROGRESS] 1080/1405 completed (0 failed)
  [PROGRESS] 1090/1405 completed (0 failed)
  [PROGRESS] 1100/1405 completed (0 failed)
  [PROGRESS] 1110/1405 completed (0 failed)
  [PROGRESS] 1120/1405 completed (0 failed)
  [PROGRESS] 1130/1405 completed (0 failed)
  [PROGRESS] 1140/1405 completed (0 failed)
  [PROGRESS] 1150/1405 completed (0 failed)
  [PROGRESS] 1160/1405 completed (0 failed)
  [PROGRESS] 1170/1405 completed (0 failed)
  [PROGRESS] 1180/1405 completed (0 failed)
  [PROGRESS] 1190/1405 completed (0 failed)
  [PROGRESS] 1200/1405 completed (0 failed)
  [PROGRESS] 1210/1405 completed (0 failed)
  [PROGRESS] 1220/1405 completed (0 failed)
  [PROGRESS] 1230/1405 completed (0 failed)
  [PROGRESS] 1240/1405 completed (0 failed)
  [PROGRESS] 1250/1405 completed (0 failed)
  [PROGRESS] 1260/1405 completed (0 failed)
  [PROGRESS] 1270/1405 completed (0 failed)
  [PROGRESS] 1280/1405 completed (0 failed)
  [PROGRESS] 1290/1405 completed (0 failed)
  [PROGRESS] 1300/1405 completed (0 failed)
  [PROGRESS] 1310/1405 completed (0 failed)
  [PROGRESS] 1320/1405 completed (0 failed)
  [PROGRESS] 1330/1405 completed (0 failed)
  [PROGRESS] 1340/1405 completed (0 failed)
  [PROGRESS] 1350/1405 completed (0 failed)
  [PROGRESS] 1360/1405 completed (0 failed)
  [PROGRESS] 1370/1405 completed (0 failed)
  [PROGRESS] 1380/1405 completed (0 failed)
  [PROGRESS] 1390/1405 completed (0 failed)
  [PROGRESS] 1400/1405 completed (0 failed)

[DONE] Sentiment analysis complete!
Success: 1405
Failed: 0
Total: 1405
[TIME] Total: 12845.48 seconds
[週三 2026/06/24  7:56:49.38] Hot pipeline complete. 
