============================================ 
[週二 2026/06/16 11:02:32.80] Hot crawlers starting 
============================================ 
[週二 2026/06/16 11:02:32.81] Running nstock hot... 
d:\StockPulse\stocks_news\nstock\crawler_hot.py:314: DeprecationWarning: 'asyncio.WindowsSelectorEventLoopPolicy' is deprecated and slated for removal in Python 3.16
  asyncio.set_event_loop_policy(asyncio.WindowsSelectorEventLoopPolicy())
d:\StockPulse\stocks_news\nstock\crawler_hot.py:314: DeprecationWarning: 'asyncio.set_event_loop_policy' is deprecated and slated for removal in Python 3.16
  asyncio.set_event_loop_policy(asyncio.WindowsSelectorEventLoopPolicy())
============================================ 
[週二 2026/06/16 11:08:17.66] Hot crawlers starting 
============================================ 
[週二 2026/06/16 11:08:17.68] Running nstock hot... 
d:\StockPulse\stocks_news\nstock\crawler_hot.py:314: DeprecationWarning: 'asyncio.WindowsSelectorEventLoopPolicy' is deprecated and slated for removal in Python 3.16
  asyncio.set_event_loop_policy(asyncio.WindowsSelectorEventLoopPolicy())
d:\StockPulse\stocks_news\nstock\crawler_hot.py:314: DeprecationWarning: 'asyncio.set_event_loop_policy' is deprecated and slated for removal in Python 3.16
  asyncio.set_event_loop_policy(asyncio.WindowsSelectorEventLoopPolicy())

============================================================
NStock 股市新聞爬蟲 - 熱門股
============================================================

[INFO] 讀取股票清單: 974 支股票

[INFO] 已處理: 0 支
[INFO] 待處理: 974 支

[OK] 資料庫連線成功

[1/974] 處理 1449...
  [-] 1449: 無符合條件的新聞
[2/974] 處理 6642...
  [-] 6642: 無符合條件的新聞
[3/974] 處理 2897...
  [-] 2897: 無符合條件的新聞
[4/974] 處理 1220...
  [-] 1220: 無符合條件的新聞
[5/974] 處理 2527...
  [OK] 2527: 找到 3 筆新聞
[6/974] 處理 8284...
  [OK] 8284: 找到 2 筆新聞
[7/974] 處理 6530...
  [-] 6530: 無符合條件的新聞
[8/974] 處理 1617...
  [-] 1617: 無符合條件的新聞
[9/974] 處理 4976...
  [OK] 4976: 找到 3 筆新聞
[10/974] 處理 6823...
  [OK] 6823: 找到 2 筆新聞
[11/974] 處理 1342...
  [-] 1342: 無符合條件的新聞
[12/974] 處理 3038...
  [-] 3038: 無符合條件的新聞
[13/974] 處理 3686...
  [-] 3686: 無符合條件的新聞
[14/974] 處理 3490...
  [-] 3490: 無符合條件的新聞
[15/974] 處理 6838...
  [-] 6838: 無符合條件的新聞
[16/974] 處理 8289...
  [-] 8289: 無符合條件的新聞
[17/974] 處理 3321...
  [OK] 3321: 找到 2 筆新聞
[18/974] 處理 2444...
  [-] 2444: 無符合條件的新聞
[19/974] 處理 2836...
  [OK] 2836: 找到 1 筆新聞
[20/974] 處理 5227...
  [OK] 5227: 找到 2 筆新聞
[21/974] 處理 5607...
  [-] 5607: 無符合條件的新聞
[22/974] 處理 6585...
  [-] 6585: 無符合條件的新聞
[23/974] 處理 1440...
  [-] 1440: 無符合條件的新聞
[24/974] 處理 1907...
  [OK] 1907: 找到 1 筆新聞
[25/974] 處理 3609...
  [OK] 3609: 找到 2 筆新聞
[26/974] 處理 2462...
  [OK] 2462: 找到 2 筆新聞
[27/974] 處理 1436...
  [-] 1436: 無符合條件的新聞
[28/974] 處理 6230...
  [OK] 6230: 找到 2 筆新聞
[29/974] 處理 3685...
  [OK] 3685: 找到 2 筆新聞
[30/974] 處理 2427...
  [-] 2427: 無符合條件的新聞
[31/974] 處理 6525...
  [-] 6525: 無符合條件的新聞
[32/974] 處理 6894...
  [-] 6894: 無符合條件的新聞
[33/974] 處理 5258...
  [-] 5258: 無符合條件的新聞
[34/974] 處理 2023...
  [-] 2023: 無符合條件的新聞
[35/974] 處理 6715...
  [OK] 6715: 找到 1 筆新聞
[36/974] 處理 6272...
  [-] 6272: 無符合條件的新聞
[37/974] 處理 6233...
  [OK] 6233: 找到 1 筆新聞
[38/974] 處理 1710...
  [-] 1710: 無符合條件的新聞
[39/974] 處理 2015...
  [OK] 2015: 找到 1 筆新聞
[40/974] 處理 5706...
  [-] 5706: 無符合條件的新聞
[41/974] 處理 2420...
  [-] 2420: 無符合條件的新聞
[42/974] 處理 6203...
  [OK] 6203: 找到 5 筆新聞
[43/974] 處理 7736...
  [OK] 7736: 找到 2 筆新聞
[44/974] 處理 2070...
  [-] 2070: 無符合條件的新聞
[45/974] 處理 8467...
  [-] 8467: 無符合條件的新聞
[46/974] 處理 6913...
  [-] 6913: 無符合條件的新聞
[47/974] 處理 5245...
  [OK] 5245: 找到 3 筆新聞
[48/974] 處理 6803...
  [-] 6803: 無符合條件的新聞
[49/974] 處理 6151...
  [OK] 6151: 找到 2 筆新聞
[50/974] 處理 3379...
  [OK] 3379: 找到 3 筆新聞
[51/974] 處理 3466...
  [-] 3466: 無符合條件的新聞
[52/974] 處理 6996...
  [-] 6996: 無符合條件的新聞
[53/974] 處理 2530...
  [-] 2530: 無符合條件的新聞
[54/974] 處理 3011...
  [-] 3011: 無符合條件的新聞
[55/974] 處理 6416...
  [-] 6416: 無符合條件的新聞
[56/974] 處理 2617...
  [-] 2617: 無符合條件的新聞
[57/974] 處理 1325...
  [-] 1325: 無符合條件的新聞
[58/974] 處理 6695...
  [-] 6695: 無符合條件的新聞
[59/974] 處理 6870...
  [OK] 6870: 找到 1 筆新聞
[60/974] 處理 2528...
  [-] 2528: 無符合條件的新聞
[61/974] 處理 1904...
  [-] 1904: 無符合條件的新聞
[62/974] 處理 6461...
  [-] 6461: 無符合條件的新聞
[63/974] 處理 7712...
  [-] 7712: 無符合條件的新聞
[64/974] 處理 5288...
  [-] 5288: 無符合條件的新聞
[65/974] 處理 3050...
  [-] 3050: 無符合條件的新聞
[66/974] 處理 2636...
  [-] 2636: 無符合條件的新聞
[67/974] 處理 2031...
  [-] 2031: 無符合條件的新聞
[68/974] 處理 3003...
  [OK] 3003: 找到 2 筆新聞
[69/974] 處理 1611...
  [-] 1611: 無符合條件的新聞
[70/974] 處理 1310...
  [-] 1310: 無符合條件的新聞
[71/974] 處理 3628...
  [-] 3628: 無符合條件的新聞
[72/974] 處理 8415...
  [-] 8415: 無符合條件的新聞
[73/974] 處理 2030...
  [-] 2030: 無符合條件的新聞
[74/974] 處理 2387...
  [OK] 2387: 找到 2 筆新聞
[75/974] 處理 6761...
  [-] 6761: 無符合條件的新聞
[76/974] 處理 6113...
  [-] 6113: 無符合條件的新聞
[77/974] 處理 6576...
  [-] 6576: 無符合條件的新聞
[78/974] 處理 6693...
  [OK] 6693: 找到 3 筆新聞
[79/974] 處理 6928...
  [OK] 6928: 找到 1 筆新聞
[80/974] 處理 8085...
  [-] 8085: 無符合條件的新聞
[81/974] 處理 8927...
  [OK] 8927: 找到 2 筆新聞
[82/974] 處理 2362...
  [OK] 2362: 找到 2 筆新聞
[83/974] 處理 3339...
  [OK] 3339: 找到 3 筆新聞
[84/974] 處理 4714...
  [-] 4714: 無符合條件的新聞
[85/974] 處理 6875...
  [OK] 6875: 找到 3 筆新聞
[86/974] 處理 4588...
  [OK] 4588: 找到 3 筆新聞
[87/974] 處理 8462...
  [-] 8462: 無符合條件的新聞
[88/974] 處理 9942...
  [OK] 9942: 找到 2 筆新聞
[89/974] 處理 3546...
  [-] 3546: 無符合條件的新聞
[90/974] 處理 8438...
  [-] 8438: 無符合條件的新聞
[91/974] 處理 6558...
  [-] 6558: 無符合條件的新聞
[92/974] 處理 1308...
  [-] 1308: 無符合條件的新聞
[93/974] 處理 8107...
  [OK] 8107: 找到 3 筆新聞
[94/974] 處理 2539...
  [OK] 2539: 找到 3 筆新聞
[95/974] 處理 3588...
  [-] 3588: 無符合條件的新聞
[96/974] 處理 6226...
  [-] 6226: 無符合條件的新聞
[97/974] 處理 6957...
  [-] 6957: 無符合條件的新聞
[98/974] 處理 6425...
  [OK] 6425: 找到 1 筆新聞
[99/974] 處理 4129...
  [-] 4129: 無符合條件的新聞
[100/974] 處理 3219...
  [-] 3219: 無符合條件的新聞
[101/974] 處理 6732...
  [-] 6732: 無符合條件的新聞
[102/974] 處理 8083...
  [-] 8083: 無符合條件的新聞
[103/974] 處理 6918...
  [-] 6918: 無符合條件的新聞
[104/974] 處理 2614...
  [-] 2614: 無符合條件的新聞
[105/974] 處理 4720...
  [-] 4720: 無符合條件的新聞
[106/974] 處理 1526...
  [OK] 1526: 找到 3 筆新聞
[107/974] 處理 1586...
  [-] 1586: 無符合條件的新聞
[108/974] 處理 8034...
  [-] 8034: 無符合條件的新聞
[109/974] 處理 1786...
  [-] 1786: 無符合條件的新聞
[110/974] 處理 6477...
  [OK] 6477: 找到 1 筆新聞
[111/974] 處理 3218...
  [-] 3218: 無符合條件的新聞
[112/974] 處理 1784...
  [-] 1784: 無符合條件的新聞
[113/974] 處理 4104...
  [OK] 4104: 找到 2 筆新聞
[114/974] 處理 4736...
  [-] 4736: 無符合條件的新聞
[115/974] 處理 8109...
  [-] 8109: 無符合條件的新聞
[116/974] 處理 5302...
  [OK] 5302: 找到 3 筆新聞
[117/974] 處理 3390...
  [-] 3390: 無符合條件的新聞
[118/974] 處理 2640...
  [-] 2640: 無符合條件的新聞
[119/974] 處理 3479...
  [-] 3479: 無符合條件的新聞
[120/974] 處理 6486...
  [-] 6486: 無符合條件的新聞
[121/974] 處理 2537...
  [OK] 2537: 找到 1 筆新聞
[122/974] 處理 6785...
  [-] 6785: 無符合條件的新聞
[123/974] 處理 1506...
  [OK] 1506: 找到 2 筆新聞
[124/974] 處理 5306...
  [-] 5306: 無符合條件的新聞
[125/974] 處理 6925...
  [-] 6925: 無符合條件的新聞
[126/974] 處理 1563...
  [-] 1563: 無符合條件的新聞
[127/974] 處理 1723...
  [-] 1723: 無符合條件的新聞
[128/974] 處理 2607...
  [-] 2607: 無符合條件的新聞
[129/974] 處理 2348...
  [-] 2348: 無符合條件的新聞
[130/974] 處理 2453...
  [-] 2453: 無符合條件的新聞
[131/974] 處理 1712...
  [-] 1712: 無符合條件的新聞
[132/974] 處理 2108...
  [-] 2108: 無符合條件的新聞
[133/974] 處理 6841...
  [-] 6841: 無符合條件的新聞
[134/974] 處理 1227...
  [OK] 1227: 找到 2 筆新聞
[135/974] 處理 5534...
  [-] 5534: 無符合條件的新聞
[136/974] 處理 1532...
  [OK] 1532: 找到 1 筆新聞
[137/974] 處理 1909...
  [-] 1909: 無符合條件的新聞
[138/974] 處理 1442...
  [OK] 1442: 找到 2 筆新聞
[139/974] 處理 1616...
  [OK] 1616: 找到 4 筆新聞
[140/974] 處理 4721...
  [OK] 4721: 找到 2 筆新聞
[141/974] 處理 6117...
  [-] 6117: 無符合條件的新聞
[142/974] 處理 1231...
  [OK] 1231: 找到 3 筆新聞
[143/974] 處理 6021...
  [-] 6021: 無符合條件的新聞
[144/974] 處理 1307...
  [-] 1307: 無符合條件的新聞
[145/974] 處理 5225...
  [-] 5225: 無符合條件的新聞
[146/974] 處理 3257...
  [-] 3257: 無符合條件的新聞
[147/974] 處理 2426...
  [-] 2426: 無符合條件的新聞
[148/974] 處理 4174...
  [-] 4174: 無符合條件的新聞
[149/974] 處理 3504...
  [OK] 3504: 找到 2 筆新聞
[150/974] 處理 4114...
  [-] 4114: 無符合條件的新聞
[151/974] 處理 8938...
  [OK] 8938: 找到 1 筆新聞
[152/974] 處理 4130...
  [-] 4130: 無符合條件的新聞
[153/974] 處理 2230...
  [OK] 2230: 找到 2 筆新聞
[154/974] 處理 1515...
  [-] 1515: 無符合條件的新聞
[155/974] 處理 1410...
  [-] 1410: 無符合條件的新聞
[156/974] 處理 6799...
  [-] 6799: 無符合條件的新聞
[157/974] 處理 6829...
  [-] 6829: 無符合條件的新聞
[158/974] 處理 6588...
  [-] 6588: 無符合條件的新聞
[159/974] 處理 6782...
  [-] 6782: 無符合條件的新聞
[160/974] 處理 6541...
  [-] 6541: 無符合條件的新聞
[161/974] 處理 8044...
  [OK] 8044: 找到 1 筆新聞
[162/974] 處理 6861...
  [OK] 6861: 找到 1 筆新聞
[163/974] 處理 3056...
  [-] 3056: 無符合條件的新聞
[164/974] 處理 3444...
  [-] 3444: 無符合條件的新聞
[165/974] 處理 3530...
  [-] 3530: 無符合條件的新聞
[166/974] 處理 3213...
  [OK] 3213: 找到 1 筆新聞
[167/974] 處理 2850...
  [OK] 2850: 找到 2 筆新聞
[168/974] 處理 6261...
  [-] 6261: 無符合條件的新聞
[169/974] 處理 6591...
  [-] 6591: 無符合條件的新聞
[170/974] 處理 6550...
  [-] 6550: 無符合條件的新聞
[171/974] 處理 6811...
  [OK] 6811: 找到 1 筆新聞
[172/974] 處理 2010...
  [-] 2010: 無符合條件的新聞
[173/974] 處理 6270...
  [-] 6270: 無符合條件的新聞
[174/974] 處理 2241...
  [-] 2241: 無符合條件的新聞
[175/974] 處理 3032...
  [-] 3032: 無符合條件的新聞
[176/974] 處理 1419...
  [OK] 1419: 找到 1 筆新聞
[177/974] 處理 7744...
  [-] 7744: 無符合條件的新聞
[178/974] 處理 1708...
  [-] 1708: 無符合條件的新聞
[179/974] 處理 6112...
  [-] 6112: 無符合條件的新聞
[180/974] 處理 5228...
  [OK] 5228: 找到 3 筆新聞
[181/974] 處理 2723...
  [-] 2723: 無符合條件的新聞
[182/974] 處理 4912...
  [-] 4912: 無符合條件的新聞
[183/974] 處理 1584...
  [-] 1584: 無符合條件的新聞
[184/974] 處理 3630...
  [-] 3630: 無符合條件的新聞
[185/974] 處理 2417...
  [-] 2417: 無符合條件的新聞
[186/974] 處理 4128...
  [-] 4128: 無符合條件的新聞
[187/974] 處理 2535...
  [-] 2535: 無符合條件的新聞
[188/974] 處理 2115...
  [-] 2115: 無符合條件的新聞
[189/974] 處理 4960...
  [-] 4960: 無符合條件的新聞
[190/974] 處理 6204...
  [-] 6204: 無符合條件的新聞
[191/974] 處理 6189...
  [-] 6189: 無符合條件的新聞
[192/974] 處理 6186...
  [OK] 6186: 找到 2 筆新聞
[193/974] 處理 2465...
  [-] 2465: 無符合條件的新聞
[194/974] 處理 6417...
  [OK] 6417: 找到 2 筆新聞
[195/974] 處理 3416...
  [-] 3416: 無符合條件的新聞
[196/974] 處理 2034...
  [OK] 2034: 找到 2 筆新聞
[197/974] 處理 3498...
  [-] 3498: 無符合條件的新聞
[198/974] 處理 6405...
  [-] 6405: 無符合條件的新聞
[199/974] 處理 2258...
  [-] 2258: 無符合條件的新聞
[200/974] 處理 6698...
  [OK] 6698: 找到 3 筆新聞
[201/974] 處理 3055...
  [-] 3055: 無符合條件的新聞
[202/974] 處理 5474...
  [OK] 5474: 找到 1 筆新聞
[203/974] 處理 3234...
  [-] 3234: 無符合條件的新聞
[204/974] 處理 6166...
  [-] 6166: 無符合條件的新聞
[205/974] 處理 4523...
  [OK] 4523: 找到 2 筆新聞
[206/974] 處理 6625...
  [-] 6625: 無符合條件的新聞
[207/974] 處理 2501...
  [-] 2501: 無符合條件的新聞
[208/974] 處理 6015...
  [-] 6015: 無符合條件的新聞
[209/974] 處理 6026...
  [-] 6026: 無符合條件的新聞
[210/974] 處理 6596...
  [-] 6596: 無符合條件的新聞
[211/974] 處理 3141...
  [-] 3141: 無符合條件的新聞
[212/974] 處理 3567...
  [OK] 3567: 找到 3 筆新聞
[213/974] 處理 6170...
  [OK] 6170: 找到 1 筆新聞
[214/974] 處理 8011...
  [-] 8011: 無符合條件的新聞
[215/974] 處理 1603...
  [OK] 1603: 找到 3 筆新聞
[216/974] 處理 1313...
  [-] 1313: 無符合條件的新聞
[217/974] 處理 2247...
  [-] 2247: 無符合條件的新聞
[218/974] 處理 6589...
  [-] 6589: 無符合條件的新聞
[219/974] 處理 3323...
  [-] 3323: 無符合條件的新聞
[220/974] 處理 2497...
  [OK] 2497: 找到 3 筆新聞
[221/974] 處理 2851...
  [OK] 2851: 找到 2 筆新聞
[222/974] 處理 3228...
  [-] 3228: 無符合條件的新聞
[223/974] 處理 4755...
  [OK] 4755: 找到 1 筆新聞
[224/974] 處理 1903...
  [-] 1903: 無符合條件的新聞
[225/974] 處理 4164...
  [-] 4164: 無符合條件的新聞
[226/974] 處理 6720...
  [-] 6720: 無符合條件的新聞
[227/974] 處理 7786...
  [-] 7786: 無符合條件的新聞
[228/974] 處理 8215...
  [-] 8215: 無符合條件的新聞
[229/974] 處理 3338...
  [-] 3338: 無符合條件的新聞
[230/974] 處理 2101...
  [-] 2101: 無符合條件的新聞
[231/974] 處理 6179...
  [-] 6179: 無符合條件的新聞
[232/974] 處理 3041...
  [-] 3041: 無符合條件的新聞
[233/974] 處理 5522...
  [OK] 5522: 找到 1 筆新聞
[234/974] 處理 6180...
  [-] 6180: 無符合條件的新聞
[235/974] 處理 7740...
  [-] 7740: 無符合條件的新聞
[236/974] 處理 5608...
  [-] 5608: 無符合條件的新聞
[237/974] 處理 2520...
  [-] 2520: 無符合條件的新聞
[238/974] 處理 7805...
  [OK] 7805: 找到 2 筆新聞
[239/974] 處理 1718...
  [-] 1718: 無符合條件的新聞
[240/974] 處理 6150...
  [OK] 6150: 找到 5 筆新聞
[241/974] 處理 7788...
  [-] 7788: 無符合條件的新聞
[242/974] 處理 4566...
  [-] 4566: 無符合條件的新聞
[243/974] 處理 3356...
  [-] 3356: 無符合條件的新聞
[244/974] 處理 8163...
  [-] 8163: 無符合條件的新聞
[245/974] 處理 3617...
  [-] 3617: 無符合條件的新聞
[246/974] 處理 3092...
  [-] 3092: 無符合條件的新聞
[247/974] 處理 8222...
  [-] 8222: 無符合條件的新聞
[248/974] 處理 5426...
  [-] 5426: 無符合條件的新聞
[249/974] 處理 2429...
  [-] 2429: 無符合條件的新聞
[250/974] 處理 4746...
  [-] 4746: 無符合條件的新聞
[251/974] 處理 5432...
  [-] 5432: 無符合條件的新聞
[252/974] 處理 6146...
  [-] 6146: 無符合條件的新聞
[253/974] 處理 8171...
  [-] 8171: 無符合條件的新聞
[254/974] 處理 5478...
  [OK] 5478: 找到 5 筆新聞
[255/974] 處理 5291...
  [-] 5291: 無符合條件的新聞
[256/974] 處理 6613...
  [OK] 6613: 找到 1 筆新聞
[257/974] 處理 6199...
  [OK] 6199: 找到 1 筆新聞
[258/974] 處理 3128...
  [OK] 3128: 找到 3 筆新聞
[259/974] 處理 6895...
  [OK] 6895: 找到 2 筆新聞
[260/974] 處理 1569...
  [OK] 1569: 找到 3 筆新聞
[261/974] 處理 6426...
  [-] 6426: 無符合條件的新聞
[262/974] 處理 3537...
  [OK] 3537: 找到 1 筆新聞
[263/974] 處理 6568...
  [-] 6568: 無符合條件的新聞
[264/974] 處理 7715...
  [-] 7715: 無符合條件的新聞
[265/974] 處理 1517...
  [-] 1517: 無符合條件的新聞
[266/974] 處理 8374...
  [-] 8374: 無符合條件的新聞
[267/974] 處理 8249...
  [-] 8249: 無符合條件的新聞
[268/974] 處理 6735...
  [-] 6735: 無符合條件的新聞
[269/974] 處理 2106...
  [-] 2106: 無符合條件的新聞
[270/974] 處理 6561...
  [-] 6561: 無符合條件的新聞
[271/974] 處理 3322...
  [OK] 3322: 找到 2 筆新聞
[272/974] 處理 7714...
  [-] 7714: 無符合條件的新聞
[273/974] 處理 2103...
  [OK] 2103: 找到 1 筆新聞
[274/974] 處理 8121...
  [-] 8121: 無符合條件的新聞
[275/974] 處理 6923...
  [-] 6923: 無符合條件的新聞
[276/974] 處理 1808...
  [-] 1808: 無符合條件的新聞
[277/974] 處理 3088...
  [-] 3088: 無符合條件的新聞
[278/974] 處理 6547...
  [-] 6547: 無符合條件的新聞
[279/974] 處理 6620...
  [-] 6620: 無符合條件的新聞
[280/974] 處理 6854...
  [-] 6854: 無符合條件的新聞
[281/974] 處理 4147...
  [-] 4147: 無符合條件的新聞
[282/974] 處理 6499...
  [-] 6499: 無符合條件的新聞
[283/974] 處理 3694...
  [-] 3694: 無符合條件的新聞
[284/974] 處理 9907...
  [-] 9907: 無符合條件的新聞
[285/974] 處理 5508...
  [-] 5508: 無符合條件的新聞
[286/974] 處理 6535...
  [-] 6535: 無符合條件的新聞
[287/974] 處理 4923...
  [-] 4923: 無符合條件的新聞
[288/974] 處理 8080...
  [OK] 8080: 找到 2 筆新聞
[289/974] 處理 1714...
  [OK] 1714: 找到 1 筆新聞
[290/974] 處理 2504...
  [OK] 2504: 找到 2 筆新聞
[291/974] 處理 4168...
  [-] 4168: 無符合條件的新聞
[292/974] 處理 4303...
  [-] 4303: 無符合條件的新聞
[293/974] 處理 3540...
  [-] 3540: 無符合條件的新聞
[294/974] 處理 6727...
  [-] 6727: 無符合條件的新聞
[295/974] 處理 2753...
  [-] 2753: 無符合條件的新聞
[296/974] 處理 6491...
  [-] 6491: 無符合條件的新聞
[297/974] 處理 4142...
  [-] 4142: 無符合條件的新聞
[298/974] 處理 1905...
  [-] 1905: 無符合條件的新聞
[299/974] 處理 6214...
  [-] 6214: 無符合條件的新聞
[300/974] 處理 2727...
  [-] 2727: 無符合條件的新聞
[301/974] 處理 4974...
  [-] 4974: 無符合條件的新聞
[302/974] 處理 2903...
  [OK] 2903: 找到 1 筆新聞
[303/974] 處理 2305...
  [-] 2305: 無符合條件的新聞
[304/974] 處理 2425...
  [OK] 2425: 找到 3 筆新聞
[305/974] 處理 4542...
  [OK] 4542: 找到 1 筆新聞
[306/974] 處理 6546...
  [-] 6546: 無符合條件的新聞
[307/974] 處理 1713...
  [OK] 1713: 找到 2 筆新聞
[308/974] 處理 7777...
  [OK] 7777: 找到 2 筆新聞
[309/974] 處理 8227...
  [-] 8227: 無符合條件的新聞
[310/974] 處理 9934...
  [-] 9934: 無符合條件的新聞
[311/974] 處理 6763...
  [OK] 6763: 找到 2 筆新聞
[312/974] 處理 3712...
  [-] 3712: 無符合條件的新聞
[313/974] 處理 6291...
  [-] 6291: 無符合條件的新聞
[314/974] 處理 8341...
  [-] 8341: 無符合條件的新聞
[315/974] 處理 8926...
  [-] 8926: 無符合條件的新聞
[316/974] 處理 6722...
  [-] 6722: 無符合條件的新聞
[317/974] 處理 6456...
  [OK] 6456: 找到 2 筆新聞
[318/974] 處理 2062...
  [-] 2062: 無符合條件的新聞
[319/974] 處理 8240...
  [-] 8240: 無符合條件的新聞
[320/974] 處理 6234...
  [OK] 6234: 找到 3 筆新聞
[321/974] 處理 3591...
  [-] 3591: 無符合條件的新聞
[322/974] 處理 6994...
  [-] 6994: 無符合條件的新聞
[323/974] 處理 8091...
  [-] 8091: 無符合條件的新聞
[324/974] 處理 1316...
  [OK] 1316: 找到 2 筆新聞
[325/974] 處理 1539...
  [OK] 1539: 找到 2 筆新聞
[326/974] 處理 2405...
  [-] 2405: 無符合條件的新聞
[327/974] 處理 4167...
  [OK] 4167: 找到 2 筆新聞
[328/974] 處理 2641...
  [-] 2641: 無符合條件的新聞
[329/974] 處理 4105...
  [-] 4105: 無符合條件的新聞
[330/974] 處理 4162...
  [OK] 4162: 找到 2 筆新聞
[331/974] 處理 8942...
  [OK] 8942: 找到 4 筆新聞
[332/974] 處理 9917...
  [OK] 9917: 找到 1 筆新聞
[333/974] 處理 3073...
  [OK] 3073: 找到 2 筆新聞
[334/974] 處理 6202...
  [OK] 6202: 找到 1 筆新聞
[335/974] 處理 3022...
  [-] 3022: 無符合條件的新聞
[336/974] 處理 3622...
  [-] 3622: 無符合條件的新聞
[337/974] 處理 6657...
  [-] 6657: 無符合條件的新聞
[338/974] 處理 7749...
  [-] 7749: 無符合條件的新聞
[339/974] 處理 1568...
  [-] 1568: 無符合條件的新聞
[340/974] 處理 4157...
  [OK] 4157: 找到 2 筆新聞
[341/974] 處理 4561...
  [OK] 4561: 找到 3 筆新聞
[342/974] 處理 6206...
  [-] 6206: 無符合條件的新聞
[343/974] 處理 3558...
  [-] 3558: 無符合條件的新聞
[344/974] 處理 6143...
  [-] 6143: 無符合條件的新聞
[345/974] 處理 3526...
  [OK] 3526: 找到 2 筆新聞
[346/974] 處理 7750...
  [X] 7750: Failed to perform, curl: (28) Recv failure: Connection was reset. See https://curl.se/libcurl/c/libcurl-errors.html first for more details.
  [WARN] 連線失敗，跳過不記錄進度 (連續失敗: 1)
[347/974] 處理 7703...
  [X] 7703: Failed to perform, curl: (28) Resolving timed out after 20002 milliseconds. See https://curl.se/libcurl/c/libcurl-errors.html first for more details.
  [WARN] 連線失敗，跳過不記錄進度 (連續失敗: 2)
[348/974] 處理 2442...
  [X] 2442: Failed to perform, curl: (28) Resolving timed out after 20005 milliseconds. See https://curl.se/libcurl/c/libcurl-errors.html first for more details.
  [WARN] 連線失敗，跳過不記錄進度 (連續失敗: 3)
[349/974] 處理 3033...
  [X] 3033: Failed to perform, curl: (28) Resolving timed out after 20014 milliseconds. See https://curl.se/libcurl/c/libcurl-errors.html first for more details.
  [WARN] 連線失敗，跳過不記錄進度 (連續失敗: 4)
[350/974] 處理 6245...
  [X] 6245: Failed to perform, curl: (28) Resolving timed out after 20001 milliseconds. See https://curl.se/libcurl/c/libcurl-errors.html first for more details.
  [WARN] 連線失敗，跳過不記錄進度 (連續失敗: 5)
[351/974] 處理 2206...
  [X] 2206: Failed to perform, curl: (28) Resolving timed out after 20015 milliseconds. See https://curl.se/libcurl/c/libcurl-errors.html first for more details.
  [WARN] 連線失敗，跳過不記錄進度 (連續失敗: 6)
[352/974] 處理 1789...
  [X] 1789: Failed to perform, curl: (28) Resolving timed out after 20012 milliseconds. See https://curl.se/libcurl/c/libcurl-errors.html first for more details.
  [WARN] 連線失敗，跳過不記錄進度 (連續失敗: 7)
[353/974] 處理 1304...
  [X] 1304: Failed to perform, curl: (28) Resolving timed out after 20011 milliseconds. See https://curl.se/libcurl/c/libcurl-errors.html first for more details.
  [WARN] 連線失敗，跳過不記錄進度 (連續失敗: 8)
[354/974] 處理 3483...
  [X] 3483: Failed to perform, curl: (28) Resolving timed out after 20003 milliseconds. See https://curl.se/libcurl/c/libcurl-errors.html first for more details.
  [WARN] 連線失敗，跳過不記錄進度 (連續失敗: 9)
[355/974] 處理 6953...
  [X] 6953: Failed to perform, curl: (28) Resolving timed out after 20003 milliseconds. See https://curl.se/libcurl/c/libcurl-errors.html first for more details.
  [WARN] 連線失敗，跳過不記錄進度 (連續失敗: 10)

[ABORT] 連續失敗 10 次，疑似網站無法連線，提前結束
[INFO] 下次重跑將從失敗的股票繼續

============================================================
[OK] 爬取完成!
============================================================
處理股票: 974 支
抓取新聞: 210 筆
耗時: 1694.6 秒
============================================================

============================================ 
[週二 2026/06/16 11:42:02.20] Hot crawlers starting 
============================================ 
[週二 2026/06/16 11:42:02.23] Running nstock hot... 
d:\StockPulse\stocks_news\nstock\crawler_hot.py:314: DeprecationWarning: 'asyncio.WindowsSelectorEventLoopPolicy' is deprecated and slated for removal in Python 3.16
  asyncio.set_event_loop_policy(asyncio.WindowsSelectorEventLoopPolicy())
d:\StockPulse\stocks_news\nstock\crawler_hot.py:314: DeprecationWarning: 'asyncio.set_event_loop_policy' is deprecated and slated for removal in Python 3.16
  asyncio.set_event_loop_policy(asyncio.WindowsSelectorEventLoopPolicy())

============================================================
NStock 股市新聞爬蟲 - 熱門股
============================================================

[INFO] 讀取股票清單: 974 支股票

[INFO] 已處理: 0 支
[INFO] 待處理: 974 支

[OK] 資料庫連線成功

[1/974] 處理 1449...
  [-] 1449: 無符合條件的新聞
[2/974] 處理 6642...
  [-] 6642: 無符合條件的新聞
[3/974] 處理 2897...
  [-] 2897: 無符合條件的新聞
[4/974] 處理 1220...
  [-] 1220: 無符合條件的新聞
[5/974] 處理 2527...
  [OK] 2527: 找到 3 筆新聞
[6/974] 處理 8284...
  [OK] 8284: 找到 2 筆新聞
[7/974] 處理 6530...
  [-] 6530: 無符合條件的新聞
[8/974] 處理 1617...
  [-] 1617: 無符合條件的新聞
[9/974] 處理 4976...
  [OK] 4976: 找到 3 筆新聞
[10/974] 處理 6823...
  [OK] 6823: 找到 2 筆新聞
[11/974] 處理 1342...
  [-] 1342: 無符合條件的新聞
[12/974] 處理 3038...
  [-] 3038: 無符合條件的新聞
[13/974] 處理 3686...
  [-] 3686: 無符合條件的新聞
[14/974] 處理 3490...
  [-] 3490: 無符合條件的新聞
[15/974] 處理 6838...
  [-] 6838: 無符合條件的新聞
[16/974] 處理 8289...
  [-] 8289: 無符合條件的新聞
[17/974] 處理 3321...
  [OK] 3321: 找到 2 筆新聞
[18/974] 處理 2444...
  [-] 2444: 無符合條件的新聞
[19/974] 處理 2836...
  [OK] 2836: 找到 1 筆新聞
[20/974] 處理 5227...
  [OK] 5227: 找到 2 筆新聞
[21/974] 處理 5607...
  [-] 5607: 無符合條件的新聞
[22/974] 處理 6585...
  [-] 6585: 無符合條件的新聞
[23/974] 處理 1440...
  [-] 1440: 無符合條件的新聞
[24/974] 處理 1907...
  [OK] 1907: 找到 1 筆新聞
[25/974] 處理 3609...
  [OK] 3609: 找到 2 筆新聞
[26/974] 處理 2462...
  [OK] 2462: 找到 2 筆新聞
[27/974] 處理 1436...
  [-] 1436: 無符合條件的新聞
[28/974] 處理 6230...
  [OK] 6230: 找到 2 筆新聞
[29/974] 處理 3685...
  [OK] 3685: 找到 2 筆新聞
[30/974] 處理 2427...
  [-] 2427: 無符合條件的新聞
[31/974] 處理 6525...
  [-] 6525: 無符合條件的新聞
[32/974] 處理 6894...
  [-] 6894: 無符合條件的新聞
[33/974] 處理 5258...
  [-] 5258: 無符合條件的新聞
[34/974] 處理 2023...
  [-] 2023: 無符合條件的新聞
[35/974] 處理 6715...
  [OK] 6715: 找到 1 筆新聞
[36/974] 處理 6272...
  [-] 6272: 無符合條件的新聞
[37/974] 處理 6233...
  [OK] 6233: 找到 1 筆新聞
[38/974] 處理 1710...
  [-] 1710: 無符合條件的新聞
[39/974] 處理 2015...
  [OK] 2015: 找到 1 筆新聞
[40/974] 處理 5706...
  [-] 5706: 無符合條件的新聞
[41/974] 處理 2420...
  [-] 2420: 無符合條件的新聞
[42/974] 處理 6203...
  [OK] 6203: 找到 5 筆新聞
[43/974] 處理 7736...
  [OK] 7736: 找到 2 筆新聞
[44/974] 處理 2070...
  [-] 2070: 無符合條件的新聞
[45/974] 處理 8467...
  [-] 8467: 無符合條件的新聞
[46/974] 處理 6913...
  [-] 6913: 無符合條件的新聞
[47/974] 處理 5245...
  [OK] 5245: 找到 3 筆新聞
[48/974] 處理 6803...
  [-] 6803: 無符合條件的新聞
[49/974] 處理 6151...
  [OK] 6151: 找到 2 筆新聞
[50/974] 處理 3379...
  [OK] 3379: 找到 3 筆新聞
[51/974] 處理 3466...
  [-] 3466: 無符合條件的新聞
[52/974] 處理 6996...
  [-] 6996: 無符合條件的新聞
[53/974] 處理 2530...
  [-] 2530: 無符合條件的新聞
[54/974] 處理 3011...
  [-] 3011: 無符合條件的新聞
[55/974] 處理 6416...
  [-] 6416: 無符合條件的新聞
[56/974] 處理 2617...
  [-] 2617: 無符合條件的新聞
[57/974] 處理 1325...
  [-] 1325: 無符合條件的新聞
[58/974] 處理 6695...
  [-] 6695: 無符合條件的新聞
[59/974] 處理 6870...
  [OK] 6870: 找到 1 筆新聞
[60/974] 處理 2528...
  [-] 2528: 無符合條件的新聞
[61/974] 處理 1904...
  [-] 1904: 無符合條件的新聞
[62/974] 處理 6461...
  [-] 6461: 無符合條件的新聞
[63/974] 處理 7712...
  [-] 7712: 無符合條件的新聞
[64/974] 處理 5288...
  [-] 5288: 無符合條件的新聞
[65/974] 處理 3050...
  [-] 3050: 無符合條件的新聞
[66/974] 處理 2636...
  [-] 2636: 無符合條件的新聞
[67/974] 處理 2031...
  [-] 2031: 無符合條件的新聞
[68/974] 處理 3003...
  [OK] 3003: 找到 2 筆新聞
[69/974] 處理 1611...
  [-] 1611: 無符合條件的新聞
[70/974] 處理 1310...
  [-] 1310: 無符合條件的新聞
[71/974] 處理 3628...
  [-] 3628: 無符合條件的新聞
[72/974] 處理 8415...
  [-] 8415: 無符合條件的新聞
[73/974] 處理 2030...
  [-] 2030: 無符合條件的新聞
[74/974] 處理 2387...
  [OK] 2387: 找到 2 筆新聞
[75/974] 處理 6761...
  [-] 6761: 無符合條件的新聞
[76/974] 處理 6113...
  [-] 6113: 無符合條件的新聞
[77/974] 處理 6576...
  [-] 6576: 無符合條件的新聞
[78/974] 處理 6693...
  [OK] 6693: 找到 3 筆新聞
[79/974] 處理 6928...
  [OK] 6928: 找到 1 筆新聞
[80/974] 處理 8085...
  [-] 8085: 無符合條件的新聞
[81/974] 處理 8927...
  [OK] 8927: 找到 2 筆新聞
[82/974] 處理 2362...
  [OK] 2362: 找到 2 筆新聞
[83/974] 處理 3339...
  [OK] 3339: 找到 3 筆新聞
[84/974] 處理 4714...
  [-] 4714: 無符合條件的新聞
[85/974] 處理 6875...
  [OK] 6875: 找到 3 筆新聞
[86/974] 處理 4588...
  [OK] 4588: 找到 3 筆新聞
[87/974] 處理 8462...
  [-] 8462: 無符合條件的新聞
[88/974] 處理 9942...
  [OK] 9942: 找到 2 筆新聞
[89/974] 處理 3546...
  [-] 3546: 無符合條件的新聞
[90/974] 處理 8438...
  [-] 8438: 無符合條件的新聞
[91/974] 處理 6558...
  [-] 6558: 無符合條件的新聞
[92/974] 處理 1308...
  [-] 1308: 無符合條件的新聞
[93/974] 處理 8107...
  [OK] 8107: 找到 3 筆新聞
[94/974] 處理 2539...
  [OK] 2539: 找到 3 筆新聞
[95/974] 處理 3588...
  [-] 3588: 無符合條件的新聞
[96/974] 處理 6226...
  [-] 6226: 無符合條件的新聞
[97/974] 處理 6957...
  [-] 6957: 無符合條件的新聞
[98/974] 處理 6425...
  [OK] 6425: 找到 1 筆新聞
[99/974] 處理 4129...
  [-] 4129: 無符合條件的新聞
[100/974] 處理 3219...
  [-] 3219: 無符合條件的新聞
[101/974] 處理 6732...
  [-] 6732: 無符合條件的新聞
[102/974] 處理 8083...
  [-] 8083: 無符合條件的新聞
[103/974] 處理 6918...
  [-] 6918: 無符合條件的新聞
[104/974] 處理 2614...
  [-] 2614: 無符合條件的新聞
[105/974] 處理 4720...
  [-] 4720: 無符合條件的新聞
[106/974] 處理 1526...
  [OK] 1526: 找到 3 筆新聞
[107/974] 處理 1586...
  [-] 1586: 無符合條件的新聞
[108/974] 處理 8034...
  [-] 8034: 無符合條件的新聞
[109/974] 處理 1786...
  [-] 1786: 無符合條件的新聞
[110/974] 處理 6477...
  [OK] 6477: 找到 1 筆新聞
[111/974] 處理 3218...
  [-] 3218: 無符合條件的新聞
[112/974] 處理 1784...
  [-] 1784: 無符合條件的新聞
[113/974] 處理 4104...
  [OK] 4104: 找到 2 筆新聞
[114/974] 處理 4736...
  [-] 4736: 無符合條件的新聞
[115/974] 處理 8109...
  [-] 8109: 無符合條件的新聞
[116/974] 處理 5302...
  [OK] 5302: 找到 3 筆新聞
[117/974] 處理 3390...
  [-] 3390: 無符合條件的新聞
[118/974] 處理 2640...
  [-] 2640: 無符合條件的新聞
[119/974] 處理 3479...
  [-] 3479: 無符合條件的新聞
[120/974] 處理 6486...
  [-] 6486: 無符合條件的新聞
[121/974] 處理 2537...
  [OK] 2537: 找到 1 筆新聞
[122/974] 處理 6785...
  [-] 6785: 無符合條件的新聞
[123/974] 處理 1506...
  [OK] 1506: 找到 2 筆新聞
[124/974] 處理 5306...
  [-] 5306: 無符合條件的新聞
[125/974] 處理 6925...
  [-] 6925: 無符合條件的新聞
[126/974] 處理 1563...
  [-] 1563: 無符合條件的新聞
[127/974] 處理 1723...
  [-] 1723: 無符合條件的新聞
[128/974] 處理 2607...
  [-] 2607: 無符合條件的新聞
[129/974] 處理 2348...
  [-] 2348: 無符合條件的新聞
[130/974] 處理 2453...
  [-] 2453: 無符合條件的新聞
[131/974] 處理 1712...
  [-] 1712: 無符合條件的新聞
[132/974] 處理 2108...
  [-] 2108: 無符合條件的新聞
[133/974] 處理 6841...
  [-] 6841: 無符合條件的新聞
[134/974] 處理 1227...
  [OK] 1227: 找到 2 筆新聞
[135/974] 處理 5534...
  [-] 5534: 無符合條件的新聞
[136/974] 處理 1532...
  [OK] 1532: 找到 1 筆新聞
[137/974] 處理 1909...
  [-] 1909: 無符合條件的新聞
[138/974] 處理 1442...
  [OK] 1442: 找到 2 筆新聞
[139/974] 處理 1616...
  [OK] 1616: 找到 4 筆新聞
[140/974] 處理 4721...
  [OK] 4721: 找到 2 筆新聞
[141/974] 處理 6117...
  [-] 6117: 無符合條件的新聞
[142/974] 處理 1231...
  [OK] 1231: 找到 3 筆新聞
[143/974] 處理 6021...
  [-] 6021: 無符合條件的新聞
[144/974] 處理 1307...
  [-] 1307: 無符合條件的新聞
[145/974] 處理 5225...
  [-] 5225: 無符合條件的新聞
[146/974] 處理 3257...
  [-] 3257: 無符合條件的新聞
[147/974] 處理 2426...
  [-] 2426: 無符合條件的新聞
[148/974] 處理 4174...
  [-] 4174: 無符合條件的新聞
[149/974] 處理 3504...
  [OK] 3504: 找到 2 筆新聞
[150/974] 處理 4114...
  [-] 4114: 無符合條件的新聞
[151/974] 處理 8938...
  [OK] 8938: 找到 1 筆新聞
[152/974] 處理 4130...
  [-] 4130: 無符合條件的新聞
[153/974] 處理 2230...
  [OK] 2230: 找到 2 筆新聞
[154/974] 處理 1515...
  [-] 1515: 無符合條件的新聞
[155/974] 處理 1410...
  [-] 1410: 無符合條件的新聞
[156/974] 處理 6799...
  [-] 6799: 無符合條件的新聞
[157/974] 處理 6829...
  [-] 6829: 無符合條件的新聞
[158/974] 處理 6588...
  [-] 6588: 無符合條件的新聞
[159/974] 處理 6782...
  [-] 6782: 無符合條件的新聞
[160/974] 處理 6541...
  [-] 6541: 無符合條件的新聞
[161/974] 處理 8044...
  [OK] 8044: 找到 1 筆新聞
[162/974] 處理 6861...
  [OK] 6861: 找到 1 筆新聞
[163/974] 處理 3056...
  [-] 3056: 無符合條件的新聞
[164/974] 處理 3444...
  [-] 3444: 無符合條件的新聞
[165/974] 處理 3530...
  [-] 3530: 無符合條件的新聞
[166/974] 處理 3213...
  [OK] 3213: 找到 1 筆新聞
[167/974] 處理 2850...
  [OK] 2850: 找到 2 筆新聞
[168/974] 處理 6261...
  [-] 6261: 無符合條件的新聞
[169/974] 處理 6591...
  [-] 6591: 無符合條件的新聞
[170/974] 處理 6550...
  [-] 6550: 無符合條件的新聞
[171/974] 處理 6811...
  [OK] 6811: 找到 1 筆新聞
[172/974] 處理 2010...
  [-] 2010: 無符合條件的新聞
[173/974] 處理 6270...
  [-] 6270: 無符合條件的新聞
[174/974] 處理 2241...
  [-] 2241: 無符合條件的新聞
[175/974] 處理 3032...
  [-] 3032: 無符合條件的新聞
[176/974] 處理 1419...
  [OK] 1419: 找到 1 筆新聞
[177/974] 處理 7744...
  [-] 7744: 無符合條件的新聞
[178/974] 處理 1708...
  [-] 1708: 無符合條件的新聞
[179/974] 處理 6112...
  [-] 6112: 無符合條件的新聞
[180/974] 處理 5228...
  [OK] 5228: 找到 3 筆新聞
[181/974] 處理 2723...
  [-] 2723: 無符合條件的新聞
[182/974] 處理 4912...
  [-] 4912: 無符合條件的新聞
[183/974] 處理 1584...
  [-] 1584: 無符合條件的新聞
[184/974] 處理 3630...
  [-] 3630: 無符合條件的新聞
[185/974] 處理 2417...
  [-] 2417: 無符合條件的新聞
[186/974] 處理 4128...
  [-] 4128: 無符合條件的新聞
[187/974] 處理 2535...
  [-] 2535: 無符合條件的新聞
[188/974] 處理 2115...
  [-] 2115: 無符合條件的新聞
[189/974] 處理 4960...
  [-] 4960: 無符合條件的新聞
[190/974] 處理 6204...
  [-] 6204: 無符合條件的新聞
[191/974] 處理 6189...
  [-] 6189: 無符合條件的新聞
[192/974] 處理 6186...
  [OK] 6186: 找到 2 筆新聞
[193/974] 處理 2465...
  [-] 2465: 無符合條件的新聞
[194/974] 處理 6417...
  [OK] 6417: 找到 2 筆新聞
[195/974] 處理 3416...
  [-] 3416: 無符合條件的新聞
[196/974] 處理 2034...
  [OK] 2034: 找到 3 筆新聞
[197/974] 處理 3498...
  [-] 3498: 無符合條件的新聞
[198/974] 處理 6405...
  [-] 6405: 無符合條件的新聞
[199/974] 處理 2258...
  [-] 2258: 無符合條件的新聞
[200/974] 處理 6698...
  [OK] 6698: 找到 3 筆新聞
[201/974] 處理 3055...
  [-] 3055: 無符合條件的新聞
[202/974] 處理 5474...
  [OK] 5474: 找到 1 筆新聞
[203/974] 處理 3234...
  [-] 3234: 無符合條件的新聞
[204/974] 處理 6166...
  [-] 6166: 無符合條件的新聞
[205/974] 處理 4523...
  [OK] 4523: 找到 2 筆新聞
[206/974] 處理 6625...
  [OK] 6625: 找到 1 筆新聞
[207/974] 處理 2501...
  [-] 2501: 無符合條件的新聞
[208/974] 處理 6015...
  [-] 6015: 無符合條件的新聞
[209/974] 處理 6026...
  [-] 6026: 無符合條件的新聞
[210/974] 處理 6596...
  [-] 6596: 無符合條件的新聞
[211/974] 處理 3141...
  [-] 3141: 無符合條件的新聞
[212/974] 處理 3567...
  [OK] 3567: 找到 3 筆新聞
[213/974] 處理 6170...
  [OK] 6170: 找到 1 筆新聞
[214/974] 處理 8011...
  [-] 8011: 無符合條件的新聞
[215/974] 處理 1603...
  [OK] 1603: 找到 3 筆新聞
[216/974] 處理 1313...
  [-] 1313: 無符合條件的新聞
[217/974] 處理 2247...
  [-] 2247: 無符合條件的新聞
[218/974] 處理 6589...
  [-] 6589: 無符合條件的新聞
[219/974] 處理 3323...
  [-] 3323: 無符合條件的新聞
[220/974] 處理 2497...
  [OK] 2497: 找到 3 筆新聞
[221/974] 處理 2851...
  [OK] 2851: 找到 2 筆新聞
[222/974] 處理 3228...
  [-] 3228: 無符合條件的新聞
[223/974] 處理 4755...
  [OK] 4755: 找到 1 筆新聞
[224/974] 處理 1903...
  [-] 1903: 無符合條件的新聞
[225/974] 處理 4164...
  [-] 4164: 無符合條件的新聞
[226/974] 處理 6720...
  [-] 6720: 無符合條件的新聞
[227/974] 處理 7786...
  [-] 7786: 無符合條件的新聞
[228/974] 處理 8215...
  [-] 8215: 無符合條件的新聞
[229/974] 處理 3338...
  [-] 3338: 無符合條件的新聞
[230/974] 處理 2101...
  [-] 2101: 無符合條件的新聞
[231/974] 處理 6179...
  [-] 6179: 無符合條件的新聞
[232/974] 處理 3041...
  [-] 3041: 無符合條件的新聞
[233/974] 處理 5522...
  [OK] 5522: 找到 1 筆新聞
[234/974] 處理 6180...
  [-] 6180: 無符合條件的新聞
[235/974] 處理 7740...
  [-] 7740: 無符合條件的新聞
[236/974] 處理 5608...
  [-] 5608: 無符合條件的新聞
[237/974] 處理 2520...
  [-] 2520: 無符合條件的新聞
[238/974] 處理 7805...
  [OK] 7805: 找到 2 筆新聞
[239/974] 處理 1718...
  [-] 1718: 無符合條件的新聞
[240/974] 處理 6150...
  [OK] 6150: 找到 5 筆新聞
[241/974] 處理 7788...
  [-] 7788: 無符合條件的新聞
[242/974] 處理 4566...
  [-] 4566: 無符合條件的新聞
[243/974] 處理 3356...
  [-] 3356: 無符合條件的新聞
[244/974] 處理 8163...
  [-] 8163: 無符合條件的新聞
[245/974] 處理 3617...
  [-] 3617: 無符合條件的新聞
[246/974] 處理 3092...
  [-] 3092: 無符合條件的新聞
[247/974] 處理 8222...
  [-] 8222: 無符合條件的新聞
[248/974] 處理 5426...
  [-] 5426: 無符合條件的新聞
[249/974] 處理 2429...
  [-] 2429: 無符合條件的新聞
[250/974] 處理 4746...
  [-] 4746: 無符合條件的新聞
[251/974] 處理 5432...
  [-] 5432: 無符合條件的新聞
[252/974] 處理 6146...
  [-] 6146: 無符合條件的新聞
[253/974] 處理 8171...
  [-] 8171: 無符合條件的新聞
[254/974] 處理 5478...
  [OK] 5478: 找到 5 筆新聞
[255/974] 處理 5291...
  [-] 5291: 無符合條件的新聞
[256/974] 處理 6613...
  [OK] 6613: 找到 1 筆新聞
[257/974] 處理 6199...
  [OK] 6199: 找到 1 筆新聞
[258/974] 處理 3128...
  [OK] 3128: 找到 3 筆新聞
[259/974] 處理 6895...
  [OK] 6895: 找到 2 筆新聞
[260/974] 處理 1569...
  [OK] 1569: 找到 3 筆新聞
[261/974] 處理 6426...
  [-] 6426: 無符合條件的新聞
[262/974] 處理 3537...
  [OK] 3537: 找到 1 筆新聞
[263/974] 處理 6568...
  [-] 6568: 無符合條件的新聞
[264/974] 處理 7715...
  [-] 7715: 無符合條件的新聞
[265/974] 處理 1517...
  [-] 1517: 無符合條件的新聞
[266/974] 處理 8374...
  [-] 8374: 無符合條件的新聞
[267/974] 處理 8249...
  [-] 8249: 無符合條件的新聞
[268/974] 處理 6735...
  [-] 6735: 無符合條件的新聞
[269/974] 處理 2106...
  [-] 2106: 無符合條件的新聞
[270/974] 處理 6561...
  [-] 6561: 無符合條件的新聞
[271/974] 處理 3322...
  [OK] 3322: 找到 2 筆新聞
[272/974] 處理 7714...
  [-] 7714: 無符合條件的新聞
[273/974] 處理 2103...
  [OK] 2103: 找到 1 筆新聞
[274/974] 處理 8121...
  [-] 8121: 無符合條件的新聞
[275/974] 處理 6923...
  [-] 6923: 無符合條件的新聞
[276/974] 處理 1808...
  [-] 1808: 無符合條件的新聞
[277/974] 處理 3088...
  [-] 3088: 無符合條件的新聞
[278/974] 處理 6547...
  [-] 6547: 無符合條件的新聞
[279/974] 處理 6620...
  [-] 6620: 無符合條件的新聞
[280/974] 處理 6854...
  [-] 6854: 無符合條件的新聞
[281/974] 處理 4147...
  [-] 4147: 無符合條件的新聞
[282/974] 處理 6499...
  [-] 6499: 無符合條件的新聞
[283/974] 處理 3694...
  [-] 3694: 無符合條件的新聞
[284/974] 處理 9907...
  [-] 9907: 無符合條件的新聞
[285/974] 處理 5508...
  [-] 5508: 無符合條件的新聞
[286/974] 處理 6535...
  [-] 6535: 無符合條件的新聞
[287/974] 處理 4923...
  [-] 4923: 無符合條件的新聞
[288/974] 處理 8080...
  [OK] 8080: 找到 2 筆新聞
[289/974] 處理 1714...
  [OK] 1714: 找到 1 筆新聞
[290/974] 處理 2504...
  [OK] 2504: 找到 2 筆新聞
[291/974] 處理 4168...
  [-] 4168: 無符合條件的新聞
[292/974] 處理 4303...
  [-] 4303: 無符合條件的新聞
[293/974] 處理 3540...
  [-] 3540: 無符合條件的新聞
[294/974] 處理 6727...
  [-] 6727: 無符合條件的新聞
[295/974] 處理 2753...
  [OK] 2753: 找到 1 筆新聞
[296/974] 處理 6491...
  [-] 6491: 無符合條件的新聞
[297/974] 處理 4142...
  [-] 4142: 無符合條件的新聞
[298/974] 處理 1905...
  [-] 1905: 無符合條件的新聞
[299/974] 處理 6214...
  [-] 6214: 無符合條件的新聞
[300/974] 處理 2727...
  [-] 2727: 無符合條件的新聞
[301/974] 處理 4974...
  [-] 4974: 無符合條件的新聞
[302/974] 處理 2903...
  [OK] 2903: 找到 1 筆新聞
[303/974] 處理 2305...
  [-] 2305: 無符合條件的新聞
[304/974] 處理 2425...
  [OK] 2425: 找到 3 筆新聞
[305/974] 處理 4542...
  [OK] 4542: 找到 1 筆新聞
[306/974] 處理 6546...
  [-] 6546: 無符合條件的新聞
[307/974] 處理 1713...
  [OK] 1713: 找到 2 筆新聞
[308/974] 處理 7777...
  [OK] 7777: 找到 2 筆新聞
[309/974] 處理 8227...
  [-] 8227: 無符合條件的新聞
[310/974] 處理 9934...
  [-] 9934: 無符合條件的新聞
[311/974] 處理 6763...
  [OK] 6763: 找到 2 筆新聞
[312/974] 處理 3712...
  [-] 3712: 無符合條件的新聞
[313/974] 處理 6291...
  [-] 6291: 無符合條件的新聞
[314/974] 處理 8341...
  [-] 8341: 無符合條件的新聞
[315/974] 處理 8926...
  [-] 8926: 無符合條件的新聞
[316/974] 處理 6722...
  [-] 6722: 無符合條件的新聞
[317/974] 處理 6456...
  [OK] 6456: 找到 2 筆新聞
[318/974] 處理 2062...
  [-] 2062: 無符合條件的新聞
[319/974] 處理 8240...
  [-] 8240: 無符合條件的新聞
[320/974] 處理 6234...
  [OK] 6234: 找到 3 筆新聞
[321/974] 處理 3591...
  [-] 3591: 無符合條件的新聞
[322/974] 處理 6994...
  [-] 6994: 無符合條件的新聞
[323/974] 處理 8091...
  [-] 8091: 無符合條件的新聞
[324/974] 處理 1316...
  [OK] 1316: 找到 2 筆新聞
[325/974] 處理 1539...
  [OK] 1539: 找到 2 筆新聞
[326/974] 處理 2405...
  [-] 2405: 無符合條件的新聞
[327/974] 處理 4167...
  [OK] 4167: 找到 2 筆新聞
[328/974] 處理 2641...
  [-] 2641: 無符合條件的新聞
[329/974] 處理 4105...
  [-] 4105: 無符合條件的新聞
[330/974] 處理 4162...
  [OK] 4162: 找到 2 筆新聞
[331/974] 處理 8942...
  [OK] 8942: 找到 4 筆新聞
[332/974] 處理 9917...
  [OK] 9917: 找到 1 筆新聞
[333/974] 處理 3073...
  [OK] 3073: 找到 2 筆新聞
[334/974] 處理 6202...
  [OK] 6202: 找到 1 筆新聞
[335/974] 處理 3022...
  [-] 3022: 無符合條件的新聞
[336/974] 處理 3622...
  [-] 3622: 無符合條件的新聞
[337/974] 處理 6657...
  [-] 6657: 無符合條件的新聞
[338/974] 處理 7749...
  [-] 7749: 無符合條件的新聞
[339/974] 處理 1568...
  [-] 1568: 無符合條件的新聞
[340/974] 處理 4157...
  [OK] 4157: 找到 2 筆新聞
[341/974] 處理 4561...
  [OK] 4561: 找到 3 筆新聞
[342/974] 處理 6206...
  [-] 6206: 無符合條件的新聞
[343/974] 處理 3558...
  [-] 3558: 無符合條件的新聞
[344/974] 處理 6143...
  [-] 6143: 無符合條件的新聞
[345/974] 處理 3526...
  [OK] 3526: 找到 2 筆新聞
[346/974] 處理 7750...
  [-] 7750: 無符合條件的新聞
[347/974] 處理 7703...
  [-] 7703: 無符合條件的新聞
[348/974] 處理 2442...
  [-] 2442: 無符合條件的新聞
[349/974] 處理 3033...
  [-] 3033: 無符合條件的新聞
[350/974] 處理 6245...
  [-] 6245: 無符合條件的新聞
[351/974] 處理 2206...
  [OK] 2206: 找到 1 筆新聞
[352/974] 處理 1789...
  [-] 1789: 無符合條件的新聞
[353/974] 處理 1304...
  [-] 1304: 無符合條件的新聞
[354/974] 處理 3483...
  [-] 3483: 無符合條件的新聞
[355/974] 處理 6953...
  [-] 6953: 無符合條件的新聞
[356/974] 處理 6469...
  [-] 6469: 無符合條件的新聞
[357/974] 處理 6909...
  [-] 6909: 無符合條件的新聞
[358/974] 處理 4536...
  [-] 4536: 無符合條件的新聞
[359/974] 處理 1529...
  [-] 1529: 無符合條件的新聞
[360/974] 處理 4534...
  [-] 4534: 無符合條件的新聞
[361/974] 處理 3430...
  [-] 3430: 無符合條件的新聞
[362/974] 處理 6712...
  [-] 6712: 無符合條件的新聞
[363/974] 處理 6133...
  [OK] 6133: 找到 3 筆新聞
[364/974] 處理 9939...
  [-] 9939: 無符合條件的新聞
[365/974] 處理 2612...
  [-] 2612: 無符合條件的新聞
[366/974] 處理 3548...
  [OK] 3548: 找到 1 筆新聞
[367/974] 處理 9938...
  [-] 9938: 無符合條件的新聞
[368/974] 處理 6526...
  [-] 6526: 無符合條件的新聞
[369/974] 處理 3312...
  [-] 3312: 無符合條件的新聞
[370/974] 處理 6134...
  [-] 6134: 無符合條件的新聞
[371/974] 處理 5315...
  [OK] 5315: 找到 2 筆新聞
[372/974] 處理 6227...
  [-] 6227: 無符合條件的新聞
[373/974] 處理 3580...
  [-] 3580: 無符合條件的新聞
[374/974] 處理 4571...
  [-] 4571: 無符合條件的新聞
[375/974] 處理 2302...
  [OK] 2302: 找到 2 筆新聞
[376/974] 處理 6120...
  [OK] 6120: 找到 3 筆新聞
[377/974] 處理 6937...
  [-] 6937: 無符合條件的新聞
[378/974] 處理 4441...
  [-] 4441: 無符合條件的新聞
[379/974] 處理 3346...
  [-] 3346: 無符合條件的新聞
[380/974] 處理 2236...
  [-] 2236: 無符合條件的新聞
[381/974] 處理 7734...
  [OK] 7734: 找到 1 筆新聞
[382/974] 處理 1589...
  [-] 1589: 無符合條件的新聞
[383/974] 處理 2351...
  [-] 2351: 無符合條件的新聞
[384/974] 處理 3135...
  [-] 3135: 無符合條件的新聞
[385/974] 處理 3717...
  [-] 3717: 無符合條件的新聞
[386/974] 處理 2548...
  [-] 2548: 無符合條件的新聞
[387/974] 處理 7722...
  [-] 7722: 無符合條件的新聞
[388/974] 處理 8234...
  [-] 8234: 無符合條件的新聞
[389/974] 處理 5864...
  [OK] 5864: 找到 2 筆新聞
[390/974] 處理 6411...
  [-] 6411: 無符合條件的新聞
[391/974] 處理 1305...
  [-] 1305: 無符合條件的新聞
[392/974] 處理 1229...
  [-] 1229: 無符合條件的新聞
[393/974] 處理 6231...
  [OK] 6231: 找到 2 筆新聞
[394/974] 處理 8478...
  [-] 8478: 無符合條件的新聞
[395/974] 處理 4513...
  [-] 4513: 無符合條件的新聞
[396/974] 處理 7810...
  [-] 7810: 無符合條件的新聞
[397/974] 處理 6806...
  [OK] 6806: 找到 1 筆新聞
[398/974] 處理 6192...
  [-] 6192: 無符合條件的新聞
[399/974] 處理 8255...
  [OK] 8255: 找到 1 筆新聞
[400/974] 處理 6235...
  [-] 6235: 無符合條件的新聞
[401/974] 處理 3354...
  [-] 3354: 無符合條件的新聞
[402/974] 處理 7711...
  [OK] 7711: 找到 2 筆新聞
[403/974] 處理 6412...
  [-] 6412: 無符合條件的新聞
[404/974] 處理 3025...
  [-] 3025: 無符合條件的新聞
[405/974] 處理 3587...
  [-] 3587: 無符合條件的新聞
[406/974] 處理 3059...
  [-] 3059: 無符合條件的新聞
[407/974] 處理 2104...
  [-] 2104: 無符合條件的新聞
[408/974] 處理 2480...
  [-] 2480: 無符合條件的新聞
[409/974] 處理 2838...
  [-] 2838: 無符合條件的新聞
[410/974] 處理 2540...
  [-] 2540: 無符合條件的新聞
[411/974] 處理 6205...
  [-] 6205: 無符合條件的新聞
[412/974] 處理 3004...
  [-] 3004: 無符合條件的新聞
[413/974] 處理 3693...
  [-] 3693: 無符合條件的新聞
[414/974] 處理 4532...
  [OK] 4532: 找到 1 筆新聞
[415/974] 處理 6719...
  [-] 6719: 無符合條件的新聞
[416/974] 處理 2597...
  [OK] 2597: 找到 1 筆新聞
[417/974] 處理 6153...
  [-] 6153: 無符合條件的新聞
[418/974] 處理 2466...
  [-] 2466: 無符合條件的新聞
[419/974] 處理 2204...
  [-] 2204: 無符合條件的新聞
[420/974] 處理 3047...
  [OK] 3047: 找到 2 筆新聞
[421/974] 處理 2515...
  [-] 2515: 無符合條件的新聞
[422/974] 處理 4903...
  [-] 4903: 無符合條件的新聞
[423/974] 處理 6768...
  [-] 6768: 無符合條件的新聞
[424/974] 處理 8068...
  [OK] 8068: 找到 3 筆新聞
[425/974] 處理 6177...
  [OK] 6177: 找到 3 筆新聞
[426/974] 處理 8936...
  [-] 8936: 無符合條件的新聞
[427/974] 處理 6670...
  [OK] 6670: 找到 1 筆新聞
[428/974] 處理 8473...
  [OK] 8473: 找到 2 筆新聞
[429/974] 處理 3029...
  [-] 3029: 無符合條件的新聞
[430/974] 處理 1809...
  [-] 1809: 無符合條件的新聞
[431/974] 處理 4562...
  [OK] 4562: 找到 2 筆新聞
[432/974] 處理 3078...
  [OK] 3078: 找到 3 筆新聞
[433/974] 處理 6451...
  [OK] 6451: 找到 1 筆新聞
[434/974] 處理 6609...
  [OK] 6609: 找到 3 筆新聞
[435/974] 處理 1434...
  [OK] 1434: 找到 1 筆新聞
[436/974] 處理 8454...
  [OK] 8454: 找到 1 筆新聞
[437/974] 處理 6725...
  [-] 6725: 無符合條件的新聞
[438/974] 處理 1210...
  [OK] 1210: 找到 1 筆新聞
[439/974] 處理 2731...
  [-] 2731: 無符合條件的新聞
[440/974] 處理 2323...
  [OK] 2323: 找到 1 筆新聞
[441/974] 處理 1409...
  [OK] 1409: 找到 1 筆新聞
[442/974] 處理 3049...
  [-] 3049: 無符合條件的新聞
[443/974] 處理 9802...
  [-] 9802: 無符合條件的新聞
[444/974] 處理 5009...
  [-] 5009: 無符合條件的新聞
[445/974] 處理 3014...
  [OK] 3014: 找到 3 筆新聞
[446/974] 處理 8081...
  [-] 8081: 無符合條件的新聞
[447/974] 處理 6278...
  [-] 6278: 無符合條件的新聞
[448/974] 處理 6962...
  [-] 6962: 無符合條件的新聞
[449/974] 處理 3317...
  [OK] 3317: 找到 2 筆新聞
[450/974] 處理 2867...
  [-] 2867: 無符合條件的新聞
[451/974] 處理 3221...
  [OK] 3221: 找到 1 筆新聞
[452/974] 處理 9955...
  [-] 9955: 無符合條件的新聞
[453/974] 處理 3217...
  [-] 3217: 無符合條件的新聞
[454/974] 處理 3289...
  [OK] 3289: 找到 2 筆新聞
[455/974] 處理 5263...
  [-] 5263: 無符合條件的新聞
[456/974] 處理 3501...
  [OK] 3501: 找到 2 筆新聞
[457/974] 處理 1540...
  [OK] 1540: 找到 2 筆新聞
[458/974] 處理 2889...
  [OK] 2889: 找到 1 筆新聞
[459/974] 處理 4585...
  [-] 4585: 無符合條件的新聞
[460/974] 處理 4770...
  [OK] 4770: 找到 2 筆新聞
[461/974] 處理 3294...
  [-] 3294: 無符合條件的新聞
[462/974] 處理 9945...
  [-] 9945: 無符合條件的新聞
[463/974] 處理 2436...
  [-] 2436: 無符合條件的新聞
[464/974] 處理 6462...
  [-] 6462: 無符合條件的新聞
[465/974] 處理 6279...
  [-] 6279: 無符合條件的新聞
[466/974] 處理 1810...
  [-] 1810: 無符合條件的新聞
[467/974] 處理 2332...
  [OK] 2332: 找到 2 筆新聞
[468/974] 處理 2208...
  [-] 2208: 無符合條件的新聞
[469/974] 處理 6104...
  [-] 6104: 無符合條件的新聞
[470/974] 處理 6016...
  [-] 6016: 無符合條件的新聞
[471/974] 處理 2228...
  [-] 2228: 無符合條件的新聞
[472/974] 處理 4766...
  [-] 4766: 無符合條件的新聞
[473/974] 處理 4551...
  [-] 4551: 無符合條件的新聞
[474/974] 處理 1618...
  [-] 1618: 無符合條件的新聞
[475/974] 處理 7402...
  [OK] 7402: 找到 2 筆新聞
[476/974] 處理 4739...
  [-] 4739: 無符合條件的新聞
[477/974] 處理 6592...
  [-] 6592: 無符合條件的新聞
[478/974] 處理 2845...
  [-] 2845: 無符合條件的新聞
[479/974] 處理 2646...
  [OK] 2646: 找到 2 筆新聞
[480/974] 處理 2207...
  [OK] 2207: 找到 4 筆新聞
[481/974] 處理 2630...
  [OK] 2630: 找到 3 筆新聞
[482/974] 處理 6890...
  [OK] 6890: 找到 1 筆新聞
[483/974] 處理 2543...
  [-] 2543: 無符合條件的新聞
[484/974] 處理 2439...
  [-] 2439: 無符合條件的新聞
[485/974] 處理 2365...
  [-] 2365: 無符合條件的新聞
[486/974] 處理 6197...
  [OK] 6197: 找到 1 筆新聞
[487/974] 處理 8070...
  [-] 8070: 無符合條件的新聞
[488/974] 處理 4563...
  [-] 4563: 無符合條件的新聞
[489/974] 處理 3086...
  [OK] 3086: 找到 2 筆新聞
[490/974] 處理 6125...
  [-] 6125: 無符合條件的新聞
[491/974] 處理 1312...
  [-] 1312: 無符合條件的新聞
[492/974] 處理 6517...
  [OK] 6517: 找到 1 筆新聞
[493/974] 處理 2355...
  [-] 2355: 無符合條件的新聞
[494/974] 處理 8086...
  [OK] 8086: 找到 1 筆新聞
[495/974] 處理 3714...
  [-] 3714: 無符合條件的新聞
[496/974] 處理 2340...
  [-] 2340: 無符合條件的新聞
[497/974] 處理 3010...
  [OK] 3010: 找到 3 筆新聞
[498/974] 處理 4909...
  [OK] 4909: 找到 2 筆新聞
[499/974] 處理 4543...
  [OK] 4543: 找到 2 筆新聞
[500/974] 處理 1215...
  [OK] 1215: 找到 2 筆新聞
[501/974] 處理 4123...
  [-] 4123: 無符合條件的新聞
[502/974] 處理 2633...
  [-] 2633: 無符合條件的新聞
[503/974] 處理 2393...
  [-] 2393: 無符合條件的新聞
[504/974] 處理 6269...
  [-] 6269: 無符合條件的新聞
[505/974] 處理 6138...
  [-] 6138: 無符合條件的新聞
[506/974] 處理 4968...
  [-] 4968: 無符合條件的新聞
[507/974] 處理 4953...
  [OK] 4953: 找到 2 筆新聞
[508/974] 處理 2201...
  [-] 2201: 無符合條件的新聞
[509/974] 處理 6533...
  [-] 6533: 無符合條件的新聞
[510/974] 處理 4915...
  [-] 4915: 無符合條件的新聞
[511/974] 處理 1527...
  [OK] 1527: 找到 3 筆新聞
[512/974] 處理 6834...
  [-] 6834: 無符合條件的新聞
[513/974] 處理 6840...
  [-] 6840: 無符合條件的新聞
[514/974] 處理 3051...
  [OK] 3051: 找到 3 筆新聞
[515/974] 處理 1722...
  [-] 1722: 無符合條件的新聞
[516/974] 處理 1597...
  [OK] 1597: 找到 1 筆新聞
[517/974] 處理 8016...
  [OK] 8016: 找到 1 筆新聞
[518/974] 處理 3543...
  [-] 3543: 無符合條件的新聞
[519/974] 處理 2014...
  [-] 2014: 無符合條件的新聞
[520/974] 處理 8155...
  [-] 8155: 無符合條件的新聞
[521/974] 處理 2392...
  [-] 2392: 無符合條件的新聞
[522/974] 處理 2006...
  [-] 2006: 無符合條件的新聞
[523/974] 處理 2484...
  [OK] 2484: 找到 1 筆新聞
[524/974] 處理 5530...
  [-] 5530: 無符合條件的新聞
[525/974] 處理 1612...
  [-] 1612: 無符合條件的新聞
[526/974] 處理 4541...
  [OK] 4541: 找到 1 筆新聞
[527/974] 處理 6739...
  [-] 6739: 無符合條件的新聞
[528/974] 處理 2428...
  [-] 2428: 無符合條件的新聞
[529/974] 處理 6949...
  [OK] 6949: 找到 1 筆新聞
[530/974] 處理 6603...
  [OK] 6603: 找到 2 筆新聞
[531/974] 處理 5292...
  [-] 5292: 無符合條件的新聞
[532/974] 處理 6830...
  [OK] 6830: 找到 3 筆新聞
[533/974] 處理 2915...
  [-] 2915: 無符合條件的新聞
[534/974] 處理 4949...
  [-] 4949: 無符合條件的新聞
[535/974] 處理 8499...
  [OK] 8499: 找到 1 筆新聞
[536/974] 處理 6126...
  [OK] 6126: 找到 4 筆新聞
[537/974] 處理 2231...
  [-] 2231: 無符合條件的新聞
[538/974] 處理 2352...
  [-] 2352: 無符合條件的新聞
[539/974] 處理 1736...
  [OK] 1736: 找到 1 筆新聞
[540/974] 處理 5904...
  [-] 5904: 無符合條件的新聞
[541/974] 處理 6435...
  [-] 6435: 無符合條件的新聞
[542/974] 處理 6831...
  [-] 6831: 無符合條件的新聞
[543/974] 處理 3380...
  [-] 3380: 無符合條件的新聞
[544/974] 處理 3605...
  [OK] 3605: 找到 1 筆新聞
[545/974] 處理 3062...
  [OK] 3062: 找到 2 筆新聞
[546/974] 處理 6265...
  [OK] 6265: 找到 1 筆新聞
[547/974] 處理 6757...
  [OK] 6757: 找到 5 筆新聞
[548/974] 處理 2419...
  [-] 2419: 無符合條件的新聞
[549/974] 處理 3675...
  [-] 3675: 無符合條件的新聞
[550/974] 處理 4906...
  [-] 4906: 無符合條件的新聞
[551/974] 處理 3704...
  [OK] 3704: 找到 5 筆新聞
[552/974] 處理 2359...
  [OK] 2359: 找到 1 筆新聞
[553/974] 處理 4973...
  [-] 4973: 無符合條件的新聞
[554/974] 處理 6605...
  [OK] 6605: 找到 3 筆新聞
[555/974] 處理 2211...
  [-] 2211: 無符合條件的新聞
[556/974] 處理 2493...
  [OK] 2493: 找到 1 筆新聞
[557/974] 處理 6152...
  [-] 6152: 無符合條件的新聞
[558/974] 處理 6207...
  [OK] 6207: 找到 2 筆新聞
[559/974] 處理 3207...
  [-] 3207: 無符合條件的新聞
[560/974] 處理 4722...
  [OK] 4722: 找到 2 筆新聞
[561/974] 處理 6176...
  [-] 6176: 無符合條件的新聞
[562/974] 處理 3673...
  [OK] 3673: 找到 2 筆新聞
[563/974] 處理 6121...
  [OK] 6121: 找到 1 筆新聞
[564/974] 處理 2637...
  [-] 2637: 無符合條件的新聞
[565/974] 處理 2458...
  [OK] 2458: 找到 1 筆新聞
[566/974] 處理 3406...
  [OK] 3406: 找到 2 筆新聞
[567/974] 處理 8390...
  [-] 8390: 無符合條件的新聞
[568/974] 處理 6175...
  [OK] 6175: 找到 3 筆新聞
[569/974] 處理 6664...
  [-] 6664: 無符合條件的新聞
[570/974] 處理 6667...
  [OK] 6667: 找到 1 筆新聞
[571/974] 處理 1582...
  [-] 1582: 無符合條件的新聞
[572/974] 處理 6753...
  [-] 6753: 無符合條件的新聞
[573/974] 處理 7610...
  [-] 7610: 無符合條件的新聞
[574/974] 處理 3023...
  [-] 3023: 無符合條件的新聞
[575/974] 處理 2855...
  [-] 2855: 無符合條件的新聞
[576/974] 處理 6862...
  [-] 6862: 無符合條件的新聞
[577/974] 處理 6584...
  [OK] 6584: 找到 2 筆新聞
[578/974] 處理 9941...
  [-] 9941: 無符合條件的新聞
[579/974] 處理 6244...
  [OK] 6244: 找到 2 筆新聞
[580/974] 處理 8104...
  [-] 8104: 無符合條件的新聞
[581/974] 處理 6122...
  [OK] 6122: 找到 3 筆新聞
[582/974] 處理 6776...
  [-] 6776: 無符合條件的新聞
[583/974] 處理 5284...
  [-] 5284: 無符合條件的新聞
[584/974] 處理 3163...
  [-] 3163: 無符合條件的新聞
[585/974] 處理 2542...
  [OK] 2542: 找到 1 筆新聞
[586/974] 處理 6789...
  [-] 6789: 無符合條件的新聞
[587/974] 處理 3592...
  [-] 3592: 無符合條件的新聞
[588/974] 處理 3027...
  [-] 3027: 無符合條件的新聞
[589/974] 處理 3016...
  [OK] 3016: 找到 2 筆新聞
[590/974] 處理 3515...
  [-] 3515: 無符合條件的新聞
[591/974] 處理 2338...
  [-] 2338: 無符合條件的新聞
[592/974] 處理 3709...
  [-] 3709: 無符合條件的新聞
[593/974] 處理 4763...
  [-] 4763: 無符合條件的新聞
[594/974] 處理 2413...
  [OK] 2413: 找到 2 筆新聞
[595/974] 處理 2399...
  [OK] 2399: 找到 2 筆新聞
[596/974] 處理 8436...
  [-] 8436: 無符合條件的新聞
[597/974] 處理 3581...
  [-] 3581: 無符合條件的新聞
[598/974] 處理 3152...
  [-] 3152: 無符合條件的新聞
[599/974] 處理 8105...
  [-] 8105: 無符合條件的新聞
[600/974] 處理 2401...
  [OK] 2401: 找到 4 筆新聞
[601/974] 處理 6672...
  [-] 6672: 無符合條件的新聞
[602/974] 處理 9904...
  [-] 9904: 無符合條件的新聞
[603/974] 處理 4977...
  [-] 4977: 無符合條件的新聞
[604/974] 處理 3227...
  [OK] 3227: 找到 1 筆新聞
[605/974] 處理 9910...
  [-] 9910: 無符合條件的新聞
[606/974] 處理 1587...
  [-] 1587: 無符合條件的新聞
[607/974] 處理 1314...
  [OK] 1314: 找到 1 筆新聞
[608/974] 處理 4961...
  [-] 4961: 無符合條件的新聞
[609/974] 處理 2880...
  [OK] 2880: 找到 4 筆新聞
[610/974] 處理 3015...
  [-] 3015: 無符合條件的新聞
[611/974] 處理 3545...
  [-] 3545: 無符合條件的新聞
[612/974] 處理 2812...
  [-] 2812: 無符合條件的新聞
[613/974] 處理 3663...
  [-] 3663: 無符合條件的新聞
[614/974] 處理 5392...
  [-] 5392: 無符合條件的新聞
[615/974] 處理 5443...
  [-] 5443: 無符合條件的新聞
[616/974] 處理 8038...
  [OK] 8038: 找到 2 筆新聞
[617/974] 處理 4526...
  [OK] 4526: 找到 3 筆新聞
[618/974] 處理 5521...
  [-] 5521: 無符合條件的新聞
[619/974] 處理 3402...
  [-] 3402: 無符合條件的新聞
[620/974] 處理 3372...
  [OK] 3372: 找到 1 筆新聞
[621/974] 處理 9933...
  [OK] 9933: 找到 2 筆新聞
[622/974] 處理 8431...
  [OK] 8431: 找到 5 筆新聞
[623/974] 處理 3596...
  [-] 3596: 無符合條件的新聞
[624/974] 處理 3576...
  [-] 3576: 無符合條件的新聞
[625/974] 處理 5434...
  [-] 5434: 無符合條件的新聞
[626/974] 處理 6147...
  [-] 6147: 無符合條件的新聞
[627/974] 處理 5243...
  [-] 5243: 無符合條件的新聞
[628/974] 處理 2464...
  [-] 2464: 無符合條件的新聞
[629/974] 處理 1590...
  [OK] 1590: 找到 1 筆新聞
[630/974] 處理 8464...
  [OK] 8464: 找到 1 筆新聞
[631/974] 處理 6209...
  [OK] 6209: 找到 1 筆新聞
[632/974] 處理 8111...
  [-] 8111: 無符合條件的新聞
[633/974] 處理 5309...
  [-] 5309: 無符合條件的新聞
[634/974] 處理 4939...
  [OK] 4939: 找到 1 筆新聞
[635/974] 處理 2342...
  [-] 2342: 無符合條件的新聞
[636/974] 處理 3162...
  [-] 3162: 無符合條件的新聞
[637/974] 處理 4540...
  [-] 4540: 無符合條件的新聞
[638/974] 處理 1727...
  [-] 1727: 無符合條件的新聞
[639/974] 處理 7751...
  [-] 7751: 無符合條件的新聞
[640/974] 處理 4931...
  [OK] 4931: 找到 2 筆新聞
[641/974] 處理 8033...
  [-] 8033: 無符合條件的新聞
[642/974] 處理 3013...
  [OK] 3013: 找到 2 筆新聞
[643/974] 處理 5880...
  [OK] 5880: 找到 5 筆新聞
[644/974] 處理 2489...
  [-] 2489: 無符合條件的新聞
[645/974] 處理 1608...
  [-] 1608: 無符合條件的新聞
[646/974] 處理 8476...
  [-] 8476: 無符合條件的新聞
[647/974] 處理 3005...
  [-] 3005: 無符合條件的新聞
[648/974] 處理 1711...
  [-] 1711: 無符合條件的新聞
[649/974] 處理 4916...
  [OK] 4916: 找到 1 筆新聞
[650/974] 處理 5876...
  [-] 5876: 無符合條件的新聞
[651/974] 處理 2605...
  [-] 2605: 無符合條件的新聞
[652/974] 處理 2347...
  [OK] 2347: 找到 1 筆新聞
[653/974] 處理 2801...
  [-] 2801: 無符合條件的新聞
[654/974] 處理 2349...
  [-] 2349: 無符合條件的新聞
[655/974] 處理 2498...
  [-] 2498: 無符合條件的新聞
[656/974] 處理 1609...
  [-] 1609: 無符合條件的新聞
[657/974] 處理 3551...
  [-] 3551: 無符合條件的新聞
[658/974] 處理 1402...
  [OK] 1402: 找到 1 筆新聞
[659/974] 處理 2606...
  [-] 2606: 無符合條件的新聞
[660/974] 處理 2354...
  [OK] 2354: 找到 4 筆新聞
[661/974] 處理 6409...
  [-] 6409: 無符合條件的新聞
[662/974] 處理 9921...
  [-] 9921: 無符合條件的新聞
[663/974] 處理 3138...
  [OK] 3138: 找到 2 筆新聞
[664/974] 處理 2105...
  [OK] 2105: 找到 2 筆新聞
[665/974] 處理 3455...
  [-] 3455: 無符合條件的新聞
[666/974] 處理 5314...
  [-] 5314: 無符合條件的新聞
[667/974] 處理 1522...
  [OK] 1522: 找到 2 筆新聞
[668/974] 處理 2834...
  [-] 2834: 無符合條件的新聞
[669/974] 處理 4576...
  [-] 4576: 無符合條件的新聞
[670/974] 處理 3563...
  [-] 3563: 無符合條件的新聞
[671/974] 處理 3030...
  [-] 3030: 無符合條件的新聞
[672/974] 處理 9958...
  [-] 9958: 無符合條件的新聞
[673/974] 處理 3028...
  [-] 3028: 無符合條件的新聞
[674/974] 處理 5381...
  [-] 5381: 無符合條件的新聞
[675/974] 處理 2402...
  [-] 2402: 無符合條件的新聞
[676/974] 處理 6271...
  [OK] 6271: 找到 1 筆新聞
[677/974] 處理 8261...
  [OK] 8261: 找到 1 筆新聞
[678/974] 處理 2316...
  [-] 2316: 無符合條件的新聞
[679/974] 處理 2421...
  [-] 2421: 無符合條件的新聞
[680/974] 處理 4743...
  [-] 4743: 無符合條件的新聞
[681/974] 處理 1102...
  [OK] 1102: 找到 2 筆新聞
[682/974] 處理 3048...
  [OK] 3048: 找到 1 筆新聞
[683/974] 處理 2009...
  [-] 2009: 無符合條件的新聞
[684/974] 處理 1721...
  [OK] 1721: 找到 2 筆新聞
[685/974] 處理 5388...
  [-] 5388: 無符合條件的新聞
[686/974] 處理 6873...
  [-] 6873: 無符合條件的新聞
[687/974] 處理 6005...
  [-] 6005: 無符合條件的新聞
[688/974] 處理 6188...
  [-] 6188: 無符合條件的新聞
[689/974] 處理 6187...
  [OK] 6187: 找到 1 筆新聞
[690/974] 處理 3026...
  [OK] 3026: 找到 1 筆新聞
[691/974] 處理 4764...
  [-] 4764: 無符合條件的新聞
[692/974] 處理 4583...
  [-] 4583: 無符合條件的新聞
[693/974] 處理 3413...
  [-] 3413: 無符合條件的新聞
[694/974] 處理 4577...
  [-] 4577: 無符合條件的新聞
[695/974] 處理 8064...
  [OK] 8064: 找到 1 筆新聞
[696/974] 處理 6275...
  [-] 6275: 無符合條件的新聞
[697/974] 處理 1476...
  [OK] 1476: 找到 1 筆新聞
[698/974] 處理 6190...
  [-] 6190: 無符合條件的新聞
[699/974] 處理 9105...
  [-] 9105: 無符合條件的新聞
[700/974] 處理 6116...
  [OK] 6116: 找到 1 筆新聞
[701/974] 處理 2388...
  [-] 2388: 無符合條件的新聞
[702/974] 處理 7799...
  [OK] 7799: 找到 2 筆新聞
[703/974] 處理 6215...
  [-] 6215: 無符合條件的新聞
[704/974] 處理 5386...
  [-] 5386: 無符合條件的新聞
[705/974] 處理 6414...
  [OK] 6414: 找到 1 筆新聞
[706/974] 處理 3689...
  [-] 3689: 無符合條件的新聞
[707/974] 處理 6643...
  [-] 6643: 無符合條件的新聞
[708/974] 處理 5234...
  [-] 5234: 無符合條件的新聞
[709/974] 處理 3583...
  [-] 3583: 無符合條件的新聞
[710/974] 處理 3042...
  [OK] 3042: 找到 4 筆新聞
[711/974] 處理 4904...
  [-] 4904: 無符合條件的新聞
[712/974] 處理 1477...
  [-] 1477: 無符合條件的新聞
[713/974] 處理 8103...
  [-] 8103: 無符合條件的新聞
[714/974] 處理 4760...
  [-] 4760: 無符合條件的新聞
[715/974] 處理 6290...
  [-] 6290: 無符合條件的新聞
[716/974] 處理 8054...
  [-] 8054: 無符合條件的新聞
[717/974] 處理 8096...
  [OK] 8096: 找到 1 筆新聞
[718/974] 處理 7717...
  [-] 7717: 無符合條件的新聞
[719/974] 處理 8114...
  [-] 8114: 無符合條件的新聞
[720/974] 處理 2233...
  [-] 2233: 無符合條件的新聞
[721/974] 處理 3707...
  [-] 3707: 無符合條件的新聞
[722/974] 處理 3708...
  [OK] 3708: 找到 4 筆新聞
[723/974] 處理 4768...
  [-] 4768: 無符合條件的新聞
[724/974] 處理 3645...
  [-] 3645: 無符合條件的新聞
[725/974] 處理 6284...
  [-] 6284: 無符合條件的新聞
[726/974] 處理 1773...
  [-] 1773: 無符合條件的新聞
[727/974] 處理 2645...
  [-] 2645: 無符合條件的新聞
[728/974] 處理 4927...
  [-] 4927: 無符合條件的新聞
[729/974] 處理 3691...
  [-] 3691: 無符合條件的新聞
[730/974] 處理 5328...
  [-] 5328: 無符合條件的新聞
[731/974] 處理 8932...
  [-] 8932: 無符合條件的新聞
[732/974] 處理 2892...
  [-] 2892: 無符合條件的新聞
[733/974] 處理 3265...
  [OK] 3265: 找到 3 筆新聞
[734/974] 處理 4919...
  [OK] 4919: 找到 1 筆新聞
[735/974] 處理 2385...
  [-] 2385: 無符合條件的新聞
[736/974] 處理 6903...
  [-] 6903: 無符合條件的新聞
[737/974] 處理 3045...
  [OK] 3045: 找到 5 筆新聞
[738/974] 處理 3702...
  [OK] 3702: 找到 5 筆新聞
[739/974] 處理 1536...
  [-] 1536: 無符合條件的新聞
[740/974] 處理 2476...
  [-] 2476: 無符合條件的新聞
[741/974] 處理 3236...
  [OK] 3236: 找到 1 筆新聞
[742/974] 處理 3701...
  [OK] 3701: 找到 1 筆新聞
[743/974] 處理 5222...
  [OK] 5222: 找到 2 筆新聞
[744/974] 處理 8069...
  [OK] 8069: 找到 2 筆新聞
[745/974] 處理 2478...
  [-] 2478: 無符合條件的新聞
[746/974] 處理 6548...
  [-] 6548: 無符合條件的新聞
[747/974] 處理 2027...
  [-] 2027: 無符合條件的新聞
[748/974] 處理 2467...
  [OK] 2467: 找到 2 筆新聞
[749/974] 處理 9914...
  [-] 9914: 無符合條件的新聞
[750/974] 處理 6213...
  [OK] 6213: 找到 2 筆新聞
[751/974] 處理 8027...
  [OK] 8027: 找到 1 筆新聞
[752/974] 處理 3006...
  [-] 3006: 無符合條件的新聞
[753/974] 處理 3362...
  [OK] 3362: 找到 2 筆新聞
[754/974] 處理 2486...
  [-] 2486: 無符合條件的新聞
[755/974] 處理 4966...
  [-] 4966: 無符合條件的新聞
[756/974] 處理 1528...
  [-] 1528: 無符合條件的新聞
[757/974] 處理 6691...
  [OK] 6691: 找到 1 筆新聞
[758/974] 處理 3680...
  [-] 3680: 無符合條件的新聞
[759/974] 處理 1524...
  [OK] 1524: 找到 3 筆新聞
[760/974] 處理 2395...
  [OK] 2395: 找到 1 筆新聞
[761/974] 處理 6505...
  [OK] 6505: 找到 1 筆新聞
[762/974] 處理 4938...
  [OK] 4938: 找到 1 筆新聞
[763/974] 處理 2495...
  [-] 2495: 無符合條件的新聞
[764/974] 處理 6788...
  [-] 6788: 無符合條件的新聞
[765/974] 處理 2912...
  [-] 2912: 無符合條件的新聞
[766/974] 處理 5371...
  [-] 5371: 無符合條件的新聞
[767/974] 處理 2615...
  [-] 2615: 無符合條件的新聞
[768/974] 處理 3363...
  [OK] 3363: 找到 1 筆新聞
[769/974] 處理 2363...
  [-] 2363: 無符合條件的新聞
[770/974] 處理 2890...
  [OK] 2890: 找到 4 筆新聞
[771/974] 處理 2610...
  [OK] 2610: 找到 5 筆新聞
[772/974] 處理 5452...
  [OK] 5452: 找到 1 筆新聞
[773/974] 處理 5483...
  [OK] 5483: 找到 2 筆新聞
[774/974] 處理 6640...
  [OK] 6640: 找到 2 筆新聞
[775/974] 處理 6127...
  [OK] 6127: 找到 1 筆新聞
[776/974] 處理 7780...
  [-] 7780: 無符合條件的新聞
[777/974] 處理 5351...
  [-] 5351: 無符合條件的新聞
[778/974] 處理 3060...
  [-] 3060: 無符合條件的新聞
[779/974] 處理 2886...
  [OK] 2886: 找到 1 筆新聞
[780/974] 處理 2328...
  [OK] 2328: 找到 1 筆新聞
[781/974] 處理 6449...
  [OK] 6449: 找到 1 筆新聞
[782/974] 處理 2353...
  [OK] 2353: 找到 2 筆新聞
[783/974] 處理 2406...
  [OK] 2406: 找到 1 筆新聞
[784/974] 處理 4510...
  [-] 4510: 無符合條件的新聞
[785/974] 處理 1216...
  [-] 1216: 無符合條件的新聞
[786/974] 處理 3260...
  [OK] 3260: 找到 1 筆新聞
[787/974] 處理 2377...
  [OK] 2377: 找到 4 筆新聞
[788/974] 處理 2412...
  [OK] 2412: 找到 4 筆新聞
[789/974] 處理 6944...
  [-] 6944: 無符合條件的新聞
[790/974] 處理 2474...
  [-] 2474: 無符合條件的新聞
[791/974] 處理 8358...
  [-] 8358: 無符合條件的新聞
[792/974] 處理 6781...
  [OK] 6781: 找到 1 筆新聞
[793/974] 處理 6869...
  [-] 6869: 無符合條件的新聞
[794/974] 處理 1785...
  [-] 1785: 無符合條件的新聞
[795/974] 處理 6472...
  [OK] 6472: 找到 1 筆新聞
[796/974] 處理 4772...
  [-] 4772: 無符合條件的新聞
[797/974] 處理 3036...
  [OK] 3036: 找到 1 筆新聞
[798/974] 處理 3090...
  [OK] 3090: 找到 1 筆新聞
[799/974] 處理 5469...
  [-] 5469: 無符合條件的新聞
[800/974] 處理 1326...
  [OK] 1326: 找到 1 筆新聞
[801/974] 處理 4533...
  [-] 4533: 無符合條件的新聞
[802/974] 處理 8996...
  [-] 8996: 無符合條件的新聞
[803/974] 處理 1319...
  [OK] 1319: 找到 3 筆新聞
[804/974] 處理 8088...
  [OK] 8088: 找到 1 筆新聞
[805/974] 處理 2374...
  [-] 2374: 無符合條件的新聞
[806/974] 處理 8074...
  [OK] 8074: 找到 1 筆新聞
[807/974] 處理 5871...
  [OK] 5871: 找到 2 筆新聞
[808/974] 處理 3044...
  [-] 3044: 無符合條件的新聞
[809/974] 處理 6182...
  [OK] 6182: 找到 2 筆新聞
[810/974] 處理 2331...
  [-] 2331: 無符合條件的新聞
[811/974] 處理 3624...
  [OK] 3624: 找到 1 筆新聞
[812/974] 處理 3035...
  [-] 3035: 無符合條件的新聞
[813/974] 處理 6196...
  [OK] 6196: 找到 1 筆新聞
[814/974] 處理 6683...
  [-] 6683: 無符合條件的新聞
[815/974] 處理 8042...
  [OK] 8042: 找到 1 筆新聞
[816/974] 處理 3211...
  [-] 3211: 無符合條件的新聞
[817/974] 處理 6191...
  [-] 6191: 無符合條件的新聞
[818/974] 處理 3450...
  [-] 3450: 無符合條件的新聞
[819/974] 處理 2634...
  [-] 2634: 無符合條件的新聞
[820/974] 處理 3293...
  [-] 3293: 無符合條件的新聞
[821/974] 處理 2369...
  [-] 2369: 無符合條件的新聞
[822/974] 處理 2609...
  [-] 2609: 無符合條件的新聞
[823/974] 處理 3019...
  [-] 3019: 無符合條件的新聞
[824/974] 處理 6485...
  [OK] 6485: 找到 3 筆新聞
[825/974] 處理 2472...
  [-] 2472: 無符合條件的新聞
[826/974] 處理 2885...
  [OK] 2885: 找到 5 筆新聞
[827/974] 處理 6438...
  [-] 6438: 無符合條件的新聞
[828/974] 處理 3374...
  [-] 3374: 無符合條件的新聞
[829/974] 處理 3376...
  [OK] 3376: 找到 1 筆新聞
[830/974] 處理 5475...
  [-] 5475: 無符合條件的新聞
[831/974] 處理 6155...
  [-] 6155: 無符合條件的新聞
[832/974] 處理 2884...
  [OK] 2884: 找到 1 筆新聞
[833/974] 處理 2618...
  [OK] 2618: 找到 2 筆新聞
[834/974] 處理 8131...
  [OK] 8131: 找到 1 筆新聞
[835/974] 處理 6163...
  [-] 6163: 無符合條件的新聞
[836/974] 處理 5439...
  [-] 5439: 無符合條件的新聞
[837/974] 處理 3529...
  [-] 3529: 無符合條件的新聞
[838/974] 處理 7795...
  [OK] 7795: 找到 3 筆新聞
[839/974] 處理 2356...
  [-] 2356: 無符合條件的新聞
[840/974] 處理 8028...
  [OK] 8028: 找到 1 筆新聞
[841/974] 處理 5425...
  [-] 5425: 無符合條件的新聞
[842/974] 處理 3532...
  [OK] 3532: 找到 1 筆新聞
[843/974] 處理 2376...
  [OK] 2376: 找到 1 筆新聞
[844/974] 處理 5269...
  [-] 5269: 無符合條件的新聞
[845/974] 處理 4967...
  [OK] 4967: 找到 2 筆新聞
[846/974] 處理 3149...
  [-] 3149: 無符合條件的新聞
[847/974] 處理 3131...
  [-] 3131: 無符合條件的新聞
[848/974] 處理 3167...
  [OK] 3167: 找到 1 筆新聞
[849/974] 處理 4991...
  [OK] 4991: 找到 1 筆新聞
[850/974] 處理 6285...
  [OK] 6285: 找到 3 筆新聞
[851/974] 處理 2883...
  [OK] 2883: 找到 4 筆新聞
[852/974] 處理 1560...
  [-] 1560: 無符合條件的新聞
[853/974] 處理 3264...
  [OK] 3264: 找到 1 筆新聞
[854/974] 處理 3706...
  [-] 3706: 無符合條件的新聞
[855/974] 處理 6706...
  [-] 6706: 無符合條件的新聞
[856/974] 處理 8210...
  [-] 8210: 無符合條件的新聞
[857/974] 處理 6510...
  [-] 6510: 無符合條件的新聞
[858/974] 處理 2881...
  [OK] 2881: 找到 5 筆新聞
[859/974] 處理 6770...
  [OK] 6770: 找到 3 筆新聞
[860/974] 處理 1301...
  [OK] 1301: 找到 5 筆新聞
[861/974] 處理 2002...
  [OK] 2002: 找到 2 筆新聞
[862/974] 處理 5274...
  [OK] 5274: 找到 3 筆新聞
[863/974] 處理 2441...
  [-] 2441: 無符合條件的新聞
[864/974] 處理 2457...
  [-] 2457: 無符合條件的新聞
[865/974] 處理 3535...
  [-] 3535: 無符合條件的新聞
[866/974] 處理 8039...
  [-] 8039: 無符合條件的新聞
[867/974] 處理 6515...
  [OK] 6515: 找到 2 筆新聞
[868/974] 處理 3357...
  [-] 3357: 無符合條件的新聞
[869/974] 處理 2891...
  [OK] 2891: 找到 3 筆新聞
[870/974] 處理 3305...
  [-] 3305: 無符合條件的新聞
[871/974] 處理 6217...
  [-] 6217: 無符合條件的新聞
[872/974] 處理 4989...
  [-] 4989: 無符合條件的新聞
[873/974] 處理 6415...
  [-] 6415: 無符合條件的新聞
[874/974] 處理 6919...
  [-] 6919: 無符合條件的新聞
[875/974] 處理 7769...
  [OK] 7769: 找到 5 筆新聞
[876/974] 處理 2379...
  [-] 2379: 無符合條件的新聞
[877/974] 處理 5498...
  [OK] 5498: 找到 1 筆新聞
[878/974] 處理 3034...
  [-] 3034: 無符合條件的新聞
[879/974] 處理 5340...
  [-] 5340: 無符合條件的新聞
[880/974] 處理 5289...
  [-] 5289: 無符合條件的新聞
[881/974] 處理 2882...
  [OK] 2882: 找到 5 筆新聞
[882/974] 處理 1101...
  [OK] 1101: 找到 4 筆新聞
[883/974] 處理 2375...
  [-] 2375: 無符合條件的新聞
[884/974] 處理 6173...
  [OK] 6173: 找到 1 筆新聞
[885/974] 處理 6223...
  [OK] 6223: 找到 1 筆新聞
[886/974] 處理 6139...
  [OK] 6139: 找到 1 筆新聞
[887/974] 處理 3008...
  [OK] 3008: 找到 5 筆新聞
[888/974] 處理 2301...
  [OK] 2301: 找到 1 筆新聞
[889/974] 處理 8043...
  [OK] 8043: 找到 1 筆新聞
[890/974] 處理 6257...
  [OK] 6257: 找到 2 筆新聞
[891/974] 處理 3081...
  [OK] 3081: 找到 2 筆新聞
[892/974] 處理 4749...
  [-] 4749: 無符合條件的新聞
[893/974] 處理 3533...
  [OK] 3533: 找到 2 筆新聞
[894/974] 處理 2329...
  [-] 2329: 無符合條件的新聞
[895/974] 處理 2455...
  [OK] 2455: 找到 1 筆新聞
[896/974] 處理 2357...
  [OK] 2357: 找到 1 筆新聞
[897/974] 處理 6442...
  [-] 6442: 無符合條件的新聞
[898/974] 處理 2324...
  [OK] 2324: 找到 3 筆新聞
[899/974] 處理 2603...
  [OK] 2603: 找到 1 筆新聞
[900/974] 處理 5536...
  [OK] 5536: 找到 2 筆新聞
[901/974] 處理 2360...
  [-] 2360: 無符合條件的新聞
[902/974] 處理 6805...
  [-] 6805: 無符合條件的新聞
[903/974] 處理 1795...
  [OK] 1795: 找到 2 筆新聞
[904/974] 處理 3105...
  [OK] 3105: 找到 1 筆新聞
[905/974] 處理 6443...
  [-] 6443: 無符合條件的新聞
[906/974] 處理 3715...
  [-] 3715: 無符合條件的新聞
[907/974] 處理 8021...
  [OK] 8021: 找到 1 筆新聞
[908/974] 處理 2485...
  [-] 2485: 無符合條件的新聞
[909/974] 處理 2049...
  [OK] 2049: 找到 2 筆新聞
[910/974] 處理 1503...
  [-] 1503: 無符合條件的新聞
[911/974] 處理 6488...
  [OK] 6488: 找到 3 筆新聞
[912/974] 處理 4971...
  [-] 4971: 無符合條件的新聞
[913/974] 處理 2367...
  [OK] 2367: 找到 1 筆新聞
[914/974] 處理 8271...
  [OK] 8271: 找到 3 筆新聞
[915/974] 處理 3324...
  [OK] 3324: 找到 1 筆新聞
[916/974] 處理 2337...
  [OK] 2337: 找到 2 筆新聞
[917/974] 處理 2404...
  [OK] 2404: 找到 2 筆新聞
[918/974] 處理 2887...
  [OK] 2887: 找到 2 筆新聞
[919/974] 處理 4979...
  [-] 4979: 無符合條件的新聞
[920/974] 處理 2408...
  [OK] 2408: 找到 5 筆新聞
[921/974] 處理 3491...
  [OK] 3491: 找到 2 筆新聞
[922/974] 處理 3653...
  [-] 3653: 無符合條件的新聞
[923/974] 處理 1513...
  [-] 1513: 無符合條件的新聞
[924/974] 處理 8112...
  [OK] 8112: 找到 1 筆新聞
[925/974] 處理 2481...
  [OK] 2481: 找到 1 筆新聞
[926/974] 處理 1514...
  [-] 1514: 無符合條件的新聞
[927/974] 處理 6446...
  [-] 6446: 無符合條件的新聞
[928/974] 處理 6531...
  [-] 6531: 無符合條件的新聞
[929/974] 處理 2382...
  [OK] 2382: 找到 1 筆新聞
[930/974] 處理 8110...
  [-] 8110: 無符合條件的新聞
[931/974] 處理 4958...
  [OK] 4958: 找到 3 筆新聞
[932/974] 處理 2449...
  [-] 2449: 無符合條件的新聞
[933/974] 處理 2371...
  [-] 2371: 無符合條件的新聞
[934/974] 處理 2345...
  [OK] 2345: 找到 2 筆新聞
[935/974] 處理 1504...
  [-] 1504: 無符合條件的新聞
[936/974] 處理 3711...
  [OK] 3711: 找到 5 筆新聞
[937/974] 處理 6239...
  [-] 6239: 無符合條件的新聞
[938/974] 處理 1717...
  [-] 1717: 無符合條件的新聞
[939/974] 處理 2059...
  [OK] 2059: 找到 3 筆新聞
[940/974] 處理 2492...
  [-] 2492: 無符合條件的新聞
[941/974] 處理 2383...
  [OK] 2383: 找到 1 筆新聞
[942/974] 處理 8299...
  [-] 8299: 無符合條件的新聞
[943/974] 處理 2344...
  [OK] 2344: 找到 5 筆新聞
[944/974] 處理 6274...
  [-] 6274: 無符合條件的新聞
[945/974] 處理 3665...
  [-] 3665: 無符合條件的新聞
[946/974] 處理 1802...
  [OK] 1802: 找到 1 筆新聞
[947/974] 處理 3481...
  [-] 3481: 無符合條件的新聞
[948/974] 處理 1605...
  [OK] 1605: 找到 1 筆新聞
[949/974] 處理 2451...
  [-] 2451: 無符合條件的新聞
[950/974] 處理 6282...
  [-] 6282: 無符合條件的新聞
[951/974] 處理 5347...
  [OK] 5347: 找到 1 筆新聞
[952/974] 處理 2409...
  [OK] 2409: 找到 1 筆新聞
[953/974] 處理 2312...
  [-] 2312: 無符合條件的新聞
[954/974] 處理 1519...
  [OK] 1519: 找到 1 筆新聞
[955/974] 處理 2454...
  [-] 2454: 無符合條件的新聞
[956/974] 處理 2368...
  [-] 2368: 無符合條件的新聞
[957/974] 處理 6669...
  [OK] 6669: 找到 1 筆新聞
[958/974] 處理 3661...
  [-] 3661: 無符合條件的新聞
[959/974] 處理 3443...
  [-] 3443: 無符合條件的新聞
[960/974] 處理 2313...
  [OK] 2313: 找到 2 筆新聞
[961/974] 處理 8150...
  [-] 8150: 無符合條件的新聞
[962/974] 處理 3017...
  [OK] 3017: 找到 3 筆新聞
[963/974] 處理 2317...
  [OK] 2317: 找到 5 筆新聞
[964/974] 處理 2308...
  [OK] 2308: 找到 1 筆新聞
[965/974] 處理 3189...
  [-] 3189: 無符合條件的新聞
[966/974] 處理 3231...
  [OK] 3231: 找到 1 筆新聞
[967/974] 處理 8046...
  [-] 8046: 無符合條件的新聞
[968/974] 處理 1815...
  [-] 1815: 無符合條件的新聞
[969/974] 處理 2303...
  [OK] 2303: 找到 4 筆新聞
[970/974] 處理 8422...
  [-] 8422: 無符合條件的新聞
[971/974] 處理 3037...
  [OK] 3037: 找到 2 筆新聞
[972/974] 處理 1303...
  [OK] 1303: 找到 5 筆新聞
[973/974] 處理 2327...
  [OK] 2327: 找到 5 筆新聞
[974/974] 處理 2330...
  [OK] 2330: 找到 5 筆新聞

============================================================
[OK] 爬取完成!
============================================================
處理股票: 974 支
抓取新聞: 711 筆
耗時: 4055.4 秒
============================================================

[週二 2026/06/16 12:49:39.60] Running yahoo hot... 
d:\StockPulse\stocks_news\yahoo\crawler_hot.py:322: DeprecationWarning: 'asyncio.WindowsSelectorEventLoopPolicy' is deprecated and slated for removal in Python 3.16
  asyncio.set_event_loop_policy(asyncio.WindowsSelectorEventLoopPolicy())
d:\StockPulse\stocks_news\yahoo\crawler_hot.py:322: DeprecationWarning: 'asyncio.set_event_loop_policy' is deprecated and slated for removal in Python 3.16
  asyncio.set_event_loop_policy(asyncio.WindowsSelectorEventLoopPolicy())
🔥 [熱門股] 爬蟲啟動
📄 總共 974 支股票
✅ 已完成 0 支
🔄 待處理 974 支
⚙️  配置：並發=5（日期過濾在 fetch_content.py 處理）
🔥 開始並行處理 974 個任務 (最大並發: 5)...

🚀 (8038) 掃描到 5 則新聞，開始儲存...
💾 (8038) 完成，共存入 5 則新聞
🚀 (8932) 掃描到 5 則新聞，開始儲存...
💾 (8932) 完成，共存入 5 則新聞
🚀 (8011) 掃描到 5 則新聞，開始儲存...
💾 (8011) 完成，共存入 5 則新聞
🚀 (3008) 掃描到 5 則新聞，開始儲存...
💾 (3008) 完成，共存入 5 則新聞
🚀 (3030) 掃描到 5 則新聞，開始儲存...
💾 (3030) 完成，共存入 5 則新聞
🚀 (1795) 掃描到 5 則新聞，開始儲存...
💾 (1795) 完成，共存入 5 則新聞
🚀 (2891) 掃描到 5 則新聞，開始儲存...
💾 (2891) 完成，共存入 5 則新聞
🚀 (6139) 掃描到 5 則新聞，開始儲存...
💾 (6139) 完成，共存入 5 則新聞
🚀 (6789) 掃描到 5 則新聞，開始儲存...
💾 (6789) 完成，共存入 5 則新聞
🚀 (2324) 掃描到 5 則新聞，開始儲存...
💾 (2324) 完成，共存入 5 則新聞
🚀 (2889) 掃描到 5 則新聞，開始儲存...
💾 (2889) 完成，共存入 5 則新聞
🚀 (3022) 掃描到 5 則新聞，開始儲存...
💾 (3022) 完成，共存入 5 則新聞
🚀 (7799) 掃描到 5 則新聞，開始儲存...
💾 (7799) 完成，共存入 5 則新聞
🚀 (4971) 掃描到 5 則新聞，開始儲存...
💾 (4971) 完成，共存入 5 則新聞
🚀 (3010) 掃描到 5 則新聞，開始儲存...
💾 (3010) 完成，共存入 5 則新聞
🚀 (4961) 掃描到 5 則新聞，開始儲存...
💾 (4961) 完成，共存入 5 則新聞
🚀 (4114) 掃描到 5 則新聞，開始儲存...
💾 (4114) 完成，共存入 5 則新聞
🚀 (4722) 掃描到 5 則新聞，開始儲存...
💾 (4722) 完成，共存入 5 則新聞
🚀 (8476) 掃描到 5 則新聞，開始儲存...
💾 (8476) 完成，共存入 5 則新聞
🚀 (8210) 掃描到 5 則新聞，開始儲存...
💾 (8210) 完成，共存入 5 則新聞
🚀 (1609) 掃描到 5 則新聞，開始儲存...
💾 (1609) 完成，共存入 5 則新聞
🚀 (2867) 掃描到 5 則新聞，開始儲存...
💾 (2867) 完成，共存入 5 則新聞
🚀 (3149) 掃描到 5 則新聞，開始儲存...
💾 (3149) 完成，共存入 5 則新聞
🚀 (2476) 掃描到 5 則新聞，開始儲存...
💾 (2476) 完成，共存入 5 則新聞
🚀 (1527) 掃描到 5 則新聞，開始儲存...
💾 (1527) 完成，共存入 5 則新聞
🚀 (3529) 掃描到 5 則新聞，開始儲存...
💾 (3529) 完成，共存入 5 則新聞
🚀 (6547) 掃描到 5 則新聞，開始儲存...
💾 (6547) 完成，共存入 5 則新聞
🚀 (3322) 掃描到 5 則新聞，開始儲存...
💾 (3322) 完成，共存入 5 則新聞
🚀 (6180) 掃描到 5 則新聞，開始儲存...
💾 (6180) 完成，共存入 5 則新聞
🚀 (8155) 掃描到 5 則新聞，開始儲存...
💾 (8155) 完成，共存入 5 則新聞
🚀 (2603) 掃描到 5 則新聞，開始儲存...
💾 (2603) 完成，共存入 5 則新聞
🚀 (3131) 掃描到 5 則新聞，開始儲存...
💾 (3131) 完成，共存入 5 則新聞
🚀 (4768) 掃描到 5 則新聞，開始儲存...
💾 (4768) 完成，共存入 5 則新聞
🚀 (3661) 掃描到 5 則新聞，開始儲存...
💾 (3661) 完成，共存入 5 則新聞
🚀 (1515) 掃描到 5 則新聞，開始儲存...
💾 (1515) 完成，共存入 5 則新聞
🚀 (6720) 掃描到 5 則新聞，開始儲存...
💾 (6720) 完成，共存入 5 則新聞
🚀 (2305) 掃描到 5 則新聞，開始儲存...
💾 (2305) 完成，共存入 5 則新聞
🚀 (3701) 掃描到 5 則新聞，開始儲存...
💾 (3701) 完成，共存入 5 則新聞
🚀 (5258) 掃描到 5 則新聞，開始儲存...
💾 (5258) 完成，共存入 5 則新聞
🚀 (6163) 掃描到 5 則新聞，開始儲存...
💾 (6163) 完成，共存入 5 則新聞
🚀 (6739) 掃描到 5 則新聞，開始儲存...
💾 (6739) 完成，共存入 5 則新聞
🚀 (6485) 掃描到 5 則新聞，開始儲存...
💾 (6485) 完成，共存入 5 則新聞
🚀 (2351) 掃描到 5 則新聞，開始儲存...
💾 (2351) 完成，共存入 5 則新聞
🚀 (6944) 掃描到 5 則新聞，開始儲存...
💾 (6944) 完成，共存入 5 則新聞
🚀 (2354) 掃描到 5 則新聞，開始儲存...
💾 (2354) 完成，共存入 5 則新聞
🚀 (5522) 掃描到 5 則新聞，開始儲存...
💾 (5522) 完成，共存入 5 則新聞
🚀 (2543) 掃描到 5 則新聞，開始儲存...
💾 (2543) 完成，共存入 5 則新聞
🚀 (3152) 掃描到 5 則新聞，開始儲存...
💾 (3152) 完成，共存入 5 則新聞
🚀 (8088) 掃描到 5 則新聞，開始儲存...
💾 (8088) 完成，共存入 5 則新聞
🚀 (3015) 掃描到 5 則新聞，開始儲存...
💾 (3015) 完成，共存入 5 則新聞
🚀 (4931) 掃描到 5 則新聞，開始儲存...
💾 (4931) 完成，共存入 5 則新聞
🚀 (5227) 掃描到 5 則新聞，開始儲存...
💾 (5227) 完成，共存入 5 則新聞
🚀 (6451) 掃描到 5 則新聞，開始儲存...
💾 (6451) 完成，共存入 5 則新聞
🚀 (3060) 掃描到 5 則新聞，開始儲存...
💾 (3060) 完成，共存入 5 則新聞
🚀 (6230) 掃描到 5 則新聞，開始儲存...
🚀 (8390) 掃描到 5 則新聞，開始儲存...
💾 (6230) 完成，共存入 5 則新聞
💾 (8390) 完成，共存入 5 則新聞
🚀 (4571) 掃描到 5 則新聞，開始儲存...
💾 (4571) 完成，共存入 5 則新聞
🚀 (1316) 掃描到 5 則新聞，開始儲存...
💾 (1316) 完成，共存入 5 則新聞
🚀 (1810) 掃描到 5 則新聞，開始儲存...
💾 (1810) 完成，共存入 5 則新聞
🚀 (6261) 掃描到 5 則新聞，開始儲存...
💾 (6261) 完成，共存入 5 則新聞
🚀 (3362) 掃描到 5 則新聞，開始儲存...
💾 (3362) 完成，共存入 5 則新聞
🚀 (2383) 掃描到 5 則新聞，開始儲存...
💾 (2383) 完成，共存入 5 則新聞
🚀 (8341) 掃描到 5 則新聞，開始儲存...
💾 (8341) 完成，共存入 5 則新聞
🚀 (2618) 掃描到 5 則新聞，開始儲存...
💾 (2618) 完成，共存入 5 則新聞
🚀 (6412) 掃描到 5 則新聞，開始儲存...
💾 (6412) 完成，共存入 5 則新聞
🚀 (8261) 掃描到 5 則新聞，開始儲存...
💾 (8261) 完成，共存入 5 則新聞
🚀 (6235) 掃描到 5 則新聞，開始儲存...
💾 (6235) 完成，共存入 5 則新聞
🚀 (1513) 掃描到 5 則新聞，開始儲存...
💾 (1513) 完成，共存入 5 則新聞
🚀 (8255) 掃描到 5 則新聞，開始儲存...
💾 (8255) 完成，共存入 5 則新聞
🚀 (3003) 掃描到 5 則新聞，開始儲存...
💾 (3003) 完成，共存入 5 則新聞
🚀 (1310) 掃描到 5 則新聞，開始儲存...
💾 (1310) 完成，共存入 5 則新聞
🚀 (5263) 掃描到 5 則新聞，開始儲存...
💾 (5263) 完成，共存入 5 則新聞
🚀 (6670) 掃描到 5 則新聞，開始儲存...
💾 (6670) 完成，共存入 5 則新聞
🚀 (1522) 掃描到 5 則新聞，開始儲存...
💾 (1522) 完成，共存入 5 則新聞
🚀 (3704) 掃描到 5 則新聞，開始儲存...
💾 (3704) 完成，共存入 5 則新聞
🚀 (6199) 掃描到 5 則新聞，開始儲存...
💾 (6199) 完成，共存入 5 則新聞
🚀 (6245) 掃描到 5 則新聞，開始儲存...
💾 (6245) 完成，共存入 5 則新聞
🚀 (4157) 掃描到 5 則新聞，開始儲存...
💾 (4157) 完成，共存入 5 則新聞
🚀 (2453) 掃描到 5 則新聞，開始儲存...
💾 (2453) 完成，共存入 5 則新聞
🚀 (3504) 掃描到 5 則新聞，開始儲存...
💾 (3504) 完成，共存入 5 則新聞
🚀 (8299) 掃描到 5 則新聞，開始儲存...
💾 (8299) 完成，共存入 5 則新聞
🚀 (8438) 掃描到 5 則新聞，開始儲存...
💾 (8438) 完成，共存入 5 則新聞
🚀 (6234) 掃描到 5 則新聞，開始儲存...
💾 (6234) 完成，共存入 5 則新聞
🚀 (2887) 掃描到 5 則新聞，開始儲存...
💾 (2887) 完成，共存入 5 則新聞
🚀 (3580) 掃描到 5 則新聞，開始儲存...
💾 (3580) 完成，共存入 5 則新聞
🚀 (2385) 掃描到 5 則新聞，開始儲存...
💾 (2385) 完成，共存入 5 則新聞
🚀 (6799) 掃描到 5 則新聞，開始儲存...
💾 (6799) 完成，共存入 5 則新聞
🚀 (5478) 掃描到 5 則新聞，開始儲存...
💾 (5478) 完成，共存入 5 則新聞
🚀 (3609) 掃描到 5 則新聞，開始儲存...
💾 (3609) 完成，共存入 5 則新聞
🚀 (6155) 掃描到 5 則新聞，開始儲存...
💾 (6155) 完成，共存入 5 則新聞
🚀 (6693) 掃描到 5 則新聞，開始儲存...
💾 (6693) 完成，共存入 5 則新聞
🚀 (8121) 掃描到 5 則新聞，開始儲存...
💾 (8121) 完成，共存入 5 則新聞
🚀 (3702) 掃描到 5 則新聞，開始儲存...
💾 (3702) 完成，共存入 5 則新聞
🚀 (6890) 掃描到 5 則新聞，開始儲存...
💾 (6890) 完成，共存入 5 則新聞
🚀 (7703) 掃描到 5 則新聞，開始儲存...
💾 (7703) 完成，共存入 5 則新聞
🚀 (2241) 掃描到 5 則新聞，開始儲存...
💾 (2241) 完成，共存入 5 則新聞
🚀 (6214) 掃描到 5 則新聞，開始儲存...
💾 (6214) 完成，共存入 5 則新聞
🚀 (3628) 掃描到 5 則新聞，開始儲存...
💾 (3628) 完成，共存入 5 則新聞
🚀 (1210) 掃描到 5 則新聞，開始儲存...
💾 (1210) 完成，共存入 5 則新聞
🚀 (3498) 掃描到 5 則新聞，開始儲存...
💾 (3498) 完成，共存入 5 則新聞
🚀 (4979) 掃描到 5 則新聞，開始儲存...
🚀 (2349) 掃描到 5 則新聞，開始儲存...
🚀 (3372) 掃描到 5 則新聞，開始儲存...
💾 (4979) 完成，共存入 5 則新聞
💾 (2349) 完成，共存入 5 則新聞
💾 (3372) 完成，共存入 5 則新聞
🚀 (4906) 掃描到 5 則新聞，開始儲存...
💾 (4906) 完成，共存入 5 則新聞
🚀 (2607) 掃描到 5 則新聞，開始儲存...
💾 (2607) 完成，共存入 5 則新聞
🚀 (2605) 掃描到 5 則新聞，開始儲存...
💾 (2605) 完成，共存入 5 則新聞
🚀 (2515) 掃描到 5 則新聞，開始儲存...
💾 (2515) 完成，共存入 5 則新聞
🚀 (2420) 掃描到 5 則新聞，開始儲存...
💾 (2420) 完成，共存入 5 則新聞
🚀 (5222) 掃描到 5 則新聞，開始儲存...
💾 (5222) 完成，共存入 5 則新聞
🚀 (3707) 掃描到 5 則新聞，開始儲存...
💾 (3707) 完成，共存入 5 則新聞
🚀 (8150) 掃描到 5 則新聞，開始儲存...
💾 (8150) 完成，共存入 5 則新聞
🚀 (6491) 掃描到 5 則新聞，開始儲存...
💾 (6491) 完成，共存入 5 則新聞
🚀 (6435) 掃描到 5 則新聞，開始儲存...
💾 (6435) 完成，共存入 5 則新聞
🚀 (1727) 掃描到 5 則新聞，開始儲存...
💾 (1727) 完成，共存入 5 則新聞
🚀 (6204) 掃描到 5 則新聞，開始儲存...
💾 (6204) 完成，共存入 5 則新聞
🚀 (1809) 掃描到 5 則新聞，開始儲存...
💾 (1809) 完成，共存入 5 則新聞
🚀 (1536) 掃描到 5 則新聞，開始儲存...
💾 (1536) 完成，共存入 5 則新聞
🚀 (6683) 掃描到 5 則新聞，開始儲存...
💾 (6683) 完成，共存入 5 則新聞
🚀 (3558) 掃描到 5 則新聞，開始儲存...
💾 (3558) 完成，共存入 5 則新聞
🚀 (8103) 掃描到 5 則新聞，開始儲存...
💾 (8103) 完成，共存入 5 則新聞
🚀 (4960) 掃描到 5 則新聞，開始儲存...
💾 (4960) 完成，共存入 5 則新聞
🚀 (4760) 掃描到 5 則新聞，開始儲存...
💾 (4760) 完成，共存入 5 則新聞
🚀 (5536) 掃描到 5 則新聞，開始儲存...
💾 (5536) 完成，共存入 5 則新聞
🚀 (6657) 掃描到 5 則新聞，開始儲存...
💾 (6657) 完成，共存入 5 則新聞
🚀 (3163) 掃描到 5 則新聞，開始儲存...
💾 (3163) 完成，共存入 5 則新聞
🚀 (2915) 掃描到 5 則新聞，開始儲存...
💾 (2915) 完成，共存入 5 則新聞
🚀 (5386) 掃描到 5 則新聞，開始儲存...
💾 (5386) 完成，共存入 5 則新聞
🚀 (5269) 掃描到 5 則新聞，開始儲存...
💾 (5269) 完成，共存入 5 則新聞
🚀 (2548) 掃描到 5 則新聞，開始儲存...
💾 (2548) 完成，共存入 5 則新聞
🚀 (6274) 掃描到 5 則新聞，開始儲存...
💾 (6274) 完成，共存入 5 則新聞
🚀 (8271) 掃描到 5 則新聞，開始儲存...
💾 (8271) 完成，共存入 5 則新聞
🚀 (6712) 掃描到 5 則新聞，開始儲存...
🚀 (2612) 掃描到 5 則新聞，開始儲存...
💾 (6712) 完成，共存入 5 則新聞
💾 (2612) 完成，共存入 5 則新聞
🚀 (1419) 掃描到 5 則新聞，開始儲存...
💾 (1419) 完成，共存入 5 則新聞
🚀 (6291) 掃描到 5 則新聞，開始儲存...
💾 (6291) 完成，共存入 5 則新聞
🚀 (1532) 掃描到 5 則新聞，開始儲存...
💾 (1532) 完成，共存入 5 則新聞
🚀 (3013) 掃描到 5 則新聞，開始儲存...
💾 (3013) 完成，共存入 5 則新聞
🚀 (2401) 掃描到 5 則新聞，開始儲存...
💾 (2401) 完成，共存入 5 則新聞
🚀 (6664) 掃描到 5 則新聞，開始儲存...
💾 (6664) 完成，共存入 5 則新聞
🚀 (8028) 掃描到 5 則新聞，開始儲存...
💾 (8028) 完成，共存入 5 則新聞
🚀 (1326) 掃描到 5 則新聞，開始儲存...
💾 (1326) 完成，共存入 5 則新聞
🚀 (5392) 掃描到 5 則新聞，開始儲存...
💾 (5392) 完成，共存入 5 則新聞
🚀 (2413) 掃描到 5 則新聞，開始儲存...
💾 (2413) 完成，共存入 5 則新聞
🚀 (6669) 掃描到 5 則新聞，開始儲存...
💾 (6669) 完成，共存入 5 則新聞
🚀 (8044) 掃描到 5 則新聞，開始儲存...
💾 (8044) 完成，共存入 5 則新聞
🚀 (4128) 掃描到 5 則新聞，開始儲存...
💾 (4128) 完成，共存入 5 則新聞
🚀 (2228) 掃描到 5 則新聞，開始儲存...
💾 (2228) 完成，共存入 5 則新聞
🚀 (1303) 掃描到 5 則新聞，開始儲存...
💾 (1303) 完成，共存入 5 則新聞
🚀 (1710) 掃描到 5 則新聞，開始儲存...
🚀 (6409) 掃描到 5 則新聞，開始儲存...
💾 (1710) 完成，共存入 5 則新聞
💾 (6409) 完成，共存入 5 則新聞
🚀 (9945) 掃描到 5 則新聞，開始儲存...
💾 (9945) 完成，共存入 5 則新聞
🚀 (9105) 掃描到 5 則新聞，開始儲存...
💾 (9105) 完成，共存入 5 則新聞
🚀 (3234) 掃描到 5 則新聞，開始儲存...
💾 (3234) 完成，共存入 5 則新聞
🚀 (2727) 掃描到 5 則新聞，開始儲存...
💾 (2727) 完成，共存入 5 則新聞
🚀 (1789) 掃描到 5 則新聞，開始儲存...
💾 (1789) 完成，共存入 5 則新聞
🚀 (6642) 掃描到 5 則新聞，開始儲存...
💾 (6642) 完成，共存入 5 則新聞
🚀 (9914) 掃描到 5 則新聞，開始儲存...
💾 (9914) 完成，共存入 5 則新聞
🚀 (2231) 掃描到 5 則新聞，開始儲存...
💾 (2231) 完成，共存入 5 則新聞
🚀 (6127) 掃描到 5 則新聞，開始儲存...
💾 (6127) 完成，共存入 5 則新聞
🚀 (2609) 掃描到 5 則新聞，開始儲存...
💾 (2609) 完成，共存入 5 則新聞
🚀 (6143) 掃描到 5 則新聞，開始儲存...
💾 (6143) 完成，共存入 5 則新聞
🚀 (3055) 掃描到 5 則新聞，開始儲存...
💾 (3055) 完成，共存入 5 則新聞
🚀 (6442) 掃描到 5 則新聞，開始儲存...
💾 (6442) 完成，共存入 5 則新聞
🚀 (3501) 掃描到 5 則新聞，開始儲存...
💾 (3501) 完成，共存入 5 則新聞
🚀 (2427) 掃描到 5 則新聞，開始儲存...
💾 (2427) 完成，共存入 5 則新聞
🚀 (2101) 掃描到 5 則新聞，開始儲存...
💾 (2101) 完成，共存入 5 則新聞
🚀 (8222) 掃描到 5 則新聞，開始儲存...
💾 (8222) 完成，共存入 5 則新聞
🚀 (3264) 掃描到 5 則新聞，開始儲存...
💾 (3264) 完成，共存入 5 則新聞
🚀 (6153) 掃描到 5 則新聞，開始儲存...
💾 (6153) 完成，共存入 5 則新聞
🚀 (8422) 掃描到 5 則新聞，開始儲存...
💾 (8422) 完成，共存入 5 則新聞
🚀 (8415) 掃描到 5 則新聞，開始儲存...
💾 (8415) 完成，共存入 5 則新聞
🚀 (9939) 掃描到 5 則新聞，開始儲存...
💾 (9939) 完成，共存入 5 則新聞
🚀 (2449) 掃描到 5 則新聞，開始儲存...
💾 (2449) 完成，共存入 5 則新聞
🚀 (3217) 掃描到 5 則新聞，開始儲存...
💾 (3217) 完成，共存入 5 則新聞
🚀 (6928) 掃描到 5 則新聞，開始儲存...
💾 (6928) 完成，共存入 5 則新聞
🚀 (2636) 掃描到 5 則新聞，開始儲存...
💾 (2636) 完成，共存入 5 則新聞
🚀 (2371) 掃描到 5 則新聞，開始儲存...
💾 (2371) 完成，共存入 5 則新聞
🚀 (2387) 掃描到 5 則新聞，開始儲存...
💾 (2387) 完成，共存入 5 則新聞
🚀 (6126) 掃描到 5 則新聞，開始儲存...
💾 (6126) 完成，共存入 5 則新聞
🚀 (6189) 掃描到 5 則新聞，開始儲存...
💾 (6189) 完成，共存入 5 則新聞
🚀 (2615) 掃描到 5 則新聞，開始儲存...
💾 (2615) 完成，共存入 5 則新聞
🚀 (6957) 掃描到 5 則新聞，開始儲存...
💾 (6957) 完成，共存入 5 則新聞
🚀 (2070) 掃描到 5 則新聞，開始儲存...
💾 (2070) 完成，共存入 5 則新聞
🚀 (4976) 掃描到 5 則新聞，開始儲存...
💾 (4976) 完成，共存入 5 則新聞
🚀 (2006) 掃描到 5 則新聞，開始儲存...
💾 (2006) 完成，共存入 5 則新聞
🚀 (6735) 掃描到 5 則新聞，開始儲存...
💾 (6735) 完成，共存入 5 則新聞
🚀 (6233) 掃描到 5 則新聞，開始儲存...
💾 (6233) 完成，共存入 5 則新聞
🚀 (6104) 掃描到 5 則新聞，開始儲存...
💾 (6104) 完成，共存入 5 則新聞
🚀 (2497) 掃描到 5 則新聞，開始儲存...
💾 (2497) 完成，共存入 5 則新聞
🚀 (6461) 掃描到 5 則新聞，開始儲存...
💾 (6461) 完成，共存入 5 則新聞
🚀 (6643) 掃描到 5 則新聞，開始儲存...
💾 (6643) 完成，共存入 5 則新聞
🚀 (6015) 掃描到 5 則新聞，開始儲存...
💾 (6015) 完成，共存入 5 則新聞
🚀 (6265) 掃描到 5 則新聞，開始儲存...
💾 (6265) 完成，共存入 5 則新聞
🚀 (3444) 掃描到 5 則新聞，開始儲存...
💾 (3444) 完成，共存入 5 則新聞
🚀 (4513) 掃描到 5 則新聞，開始儲存...
💾 (4513) 完成，共存入 5 則新聞
🚀 (6625) 掃描到 5 則新聞，開始儲存...
💾 (6625) 完成，共存入 5 則新聞
🚀 (3135) 掃描到 5 則新聞，開始儲存...
💾 (3135) 完成，共存入 5 則新聞
🚀 (8105) 掃描到 5 則新聞，開始儲存...
💾 (8105) 完成，共存入 5 則新聞
🚀 (2467) 掃描到 5 則新聞，開始儲存...
💾 (2467) 完成，共存入 5 則新聞
🚀 (4919) 掃描到 5 則新聞，開始儲存...
💾 (4919) 完成，共存入 5 則新聞
🚀 (2614) 掃描到 5 則新聞，開始儲存...
💾 (2614) 完成，共存入 5 則新聞
🚀 (6805) 掃描到 5 則新聞，開始儲存...
💾 (6805) 完成，共存入 5 則新聞
🚀 (3317) 掃描到 5 則新聞，開始儲存...
💾 (3317) 完成，共存入 5 則新聞
🚀 (4585) 掃描到 5 則新聞，開始儲存...
💾 (4585) 完成，共存入 5 則新聞
🚀 (3689) 掃描到 5 則新聞，開始儲存...
💾 (3689) 完成，共存入 5 則新聞
🚀 (2405) 掃描到 5 則新聞，開始儲存...
💾 (2405) 完成，共存入 5 則新聞
🚀 (1227) 掃描到 5 則新聞，開始儲存...
💾 (1227) 完成，共存入 5 則新聞
🚀 (2597) 掃描到 5 則新聞，開始儲存...
💾 (2597) 完成，共存入 5 則新聞
🚀 (8289) 掃描到 5 則新聞，開始儲存...
💾 (8289) 完成，共存入 5 則新聞
🚀 (2328) 掃描到 5 則新聞，開始儲存...
💾 (2328) 完成，共存入 5 則新聞
🚀 (2637) 掃描到 5 則新聞，開始儲存...
💾 (2637) 完成，共存入 5 則新聞
🚀 (3005) 掃描到 5 則新聞，開始儲存...
💾 (3005) 完成，共存入 5 則新聞
🚀 (1905) 掃描到 5 則新聞，開始儲存...
💾 (1905) 完成，共存入 5 則新聞
🚀 (1304) 掃描到 5 則新聞，開始儲存...
💾 (1304) 完成，共存入 5 則新聞
🚀 (6811) 掃描到 5 則新聞，開始儲存...
💾 (6811) 完成，共存入 5 則新聞
🚀 (2357) 掃描到 5 則新聞，開始儲存...
💾 (2357) 完成，共存入 5 則新聞
🚀 (1305) 掃描到 5 則新聞，開始儲存...
💾 (1305) 完成，共存入 5 則新聞
🚀 (6113) 掃描到 5 則新聞，開始儲存...
💾 (6113) 完成，共存入 5 則新聞
🚀 (5607) 掃描到 5 則新聞，開始儲存...
💾 (5607) 完成，共存入 5 則新聞
🚀 (6761) 掃描到 5 則新聞，開始儲存...
💾 (6761) 完成，共存入 5 則新聞
🚀 (6207) 掃描到 5 則新聞，開始儲存...
💾 (6207) 完成，共存入 5 則新聞
🚀 (3092) 掃描到 5 則新聞，開始儲存...
💾 (3092) 完成，共存入 5 則新聞
🚀 (5291) 掃描到 5 則新聞，開始儲存...
💾 (5291) 完成，共存入 5 則新聞
🚀 (4991) 掃描到 5 則新聞，開始儲存...
💾 (4991) 完成，共存入 5 則新聞
🚀 (4164) 掃描到 5 則新聞，開始儲存...
💾 (4164) 完成，共存入 5 則新聞
🚀 (6122) 掃描到 5 則新聞，開始儲存...
💾 (6122) 完成，共存入 5 則新聞
🚀 (6829) 掃描到 5 則新聞，開始儲存...
💾 (6829) 完成，共存入 5 則新聞
🚀 (4736) 掃描到 5 則新聞，開始儲存...
💾 (4736) 完成，共存入 5 則新聞
🚀 (3162) 掃描到 5 則新聞，開始儲存...
💾 (3162) 完成，共存入 5 則新聞
🚀 (3537) 掃描到 5 則新聞，開始儲存...
💾 (3537) 完成，共存入 5 則新聞
🚀 (2062) 掃描到 5 則新聞，開始儲存...
💾 (2062) 完成，共存入 5 則新聞
🚀 (5284) 掃描到 5 則新聞，開始儲存...
💾 (5284) 完成，共存入 5 則新聞
🚀 (2369) 掃描到 5 則新聞，開始儲存...
💾 (2369) 完成，共存入 5 則新聞
🚀 (3023) 掃描到 5 則新聞，開始儲存...
💾 (3023) 完成，共存入 5 則新聞
🚀 (6215) 掃描到 5 則新聞，開始儲存...
💾 (6215) 完成，共存入 5 則新聞
🚀 (4543) 掃描到 5 則新聞，開始儲存...
💾 (4543) 完成，共存入 5 則新聞
🚀 (6719) 掃描到 5 則新聞，開始儲存...
💾 (6719) 完成，共存入 5 則新聞
🚀 (2458) 掃描到 5 則新聞，開始儲存...
💾 (2458) 完成，共存入 5 則新聞
🚀 (2327) 掃描到 5 則新聞，開始儲存...
💾 (2327) 完成，共存入 5 則新聞
🚀 (4147) 掃描到 5 則新聞，開始儲存...
💾 (4147) 完成，共存入 5 則新聞
🚀 (3294) 掃描到 5 則新聞，開始儲存...
💾 (3294) 完成，共存入 5 則新聞
🚀 (3526) 掃描到 5 則新聞，開始儲存...
💾 (3526) 完成，共存入 5 則新聞
🚀 (9910) 掃描到 5 則新聞，開始儲存...
💾 (9910) 完成，共存入 5 則新聞
🚀 (3563) 掃描到 5 則新聞，開始儲存...
💾 (3563) 完成，共存入 5 則新聞
🚀 (4721) 掃描到 5 則新聞，開始儲存...
💾 (4721) 完成，共存入 5 則新聞
🚀 (3051) 掃描到 5 則新聞，開始儲存...
💾 (3051) 完成，共存入 5 則新聞
🚀 (2454) 掃描到 5 則新聞，開始儲存...
💾 (2454) 完成，共存入 5 則新聞
🚀 (3056) 掃描到 5 則新聞，開始儲存...
💾 (3056) 完成，共存入 5 則新聞
🚀 (6269) 掃描到 5 則新聞，開始儲存...
💾 (6269) 完成，共存入 5 則新聞
🚀 (3376) 掃描到 5 則新聞，開始儲存...
💾 (3376) 完成，共存入 5 則新聞
🚀 (5347) 掃描到 5 則新聞，開始儲存...
💾 (5347) 完成，共存入 5 則新聞
🚀 (1504) 掃描到 5 則新聞，開始儲存...
💾 (1504) 完成，共存入 5 則新聞
🚀 (2230) 掃描到 5 則新聞，開始儲存...
💾 (2230) 完成，共存入 5 則新聞
🚀 (3379) 掃描到 5 則新聞，開始儲存...
💾 (3379) 完成，共存入 5 則新聞
🚀 (3289) 掃描到 5 則新聞，開始儲存...
💾 (3289) 完成，共存入 5 則新聞
🚀 (1563) 掃描到 5 則新聞，開始儲存...
💾 (1563) 完成，共存入 5 則新聞
🚀 (3105) 掃描到 5 則新聞，開始儲存...
💾 (3105) 完成，共存入 5 則新聞
🚀 (6177) 掃描到 5 則新聞，開始儲存...
💾 (6177) 完成，共存入 5 則新聞
🚀 (6806) 掃描到 5 則新聞，開始儲存...
💾 (6806) 完成，共存入 5 則新聞
🚀 (3312) 掃描到 5 則新聞，開始儲存...
💾 (3312) 完成，共存入 5 則新聞
🚀 (3324) 掃描到 5 則新聞，開始儲存...
💾 (3324) 完成，共存入 5 則新聞
🚀 (2466) 掃描到 5 則新聞，開始儲存...
💾 (2466) 完成，共存入 5 則新聞
🚀 (2886) 掃描到 5 則新聞，開始儲存...
💾 (2886) 完成，共存入 5 則新聞
🚀 (2723) 掃描到 5 則新聞，開始儲存...
💾 (2723) 完成，共存入 5 則新聞
🚀 (1231) 掃描到 5 則新聞，開始儲存...
💾 (1231) 完成，共存入 5 則新聞
🚀 (6505) 掃描到 5 則新聞，開始儲存...
💾 (6505) 完成，共存入 5 則新聞
🚀 (6727) 掃描到 5 則新聞，開始儲存...
💾 (6727) 完成，共存入 5 則新聞
🚀 (3708) 掃描到 5 則新聞，開始儲存...
💾 (3708) 完成，共存入 5 則新聞
🚀 (4551) 掃描到 5 則新聞，開始儲存...
💾 (4551) 完成，共存入 5 則新聞
🚀 (8033) 掃描到 5 則新聞，開始儲存...
💾 (8033) 完成，共存入 5 則新聞
🚀 (2646) 掃描到 5 則新聞，開始儲存...
🚀 (6854) 掃描到 5 則新聞，開始儲存...
💾 (2646) 完成，共存入 5 則新聞
💾 (6854) 完成，共存入 5 則新聞
🚀 (2492) 掃描到 5 則新聞，開始儲存...
💾 (2492) 完成，共存入 5 則新聞
🚀 (3034) 掃描到 5 則新聞，開始儲存...
💾 (3034) 完成，共存入 5 則新聞
🚀 (2313) 掃描到 5 則新聞，開始儲存...
💾 (2313) 完成，共存入 5 則新聞
🚀 (8171) 掃描到 5 則新聞，開始儲存...
💾 (8171) 完成，共存入 5 則新聞
🚀 (6443) 掃描到 5 則新聞，開始儲存...
💾 (6443) 完成，共存入 5 則新聞
🚀 (2429) 掃描到 5 則新聞，開始儲存...
💾 (2429) 完成，共存入 5 則新聞
🚀 (2540) 掃描到 5 則新聞，開始儲存...
💾 (2540) 完成，共存入 5 則新聞
🚀 (3455) 掃描到 5 則新聞，開始儲存...
💾 (3455) 完成，共存入 5 則新聞
🚀 (5315) 掃描到 5 則新聞，開始儲存...
💾 (5315) 完成，共存入 5 則新聞
🚀 (2233) 掃描到 5 則新聞，開始儲存...
💾 (2233) 完成，共存入 5 則新聞
🚀 (2882) 掃描到 5 則新聞，開始儲存...
💾 (2882) 完成，共存入 5 則新聞
🚀 (3128) 掃描到 5 則新聞，開始儲存...
💾 (3128) 完成，共存入 5 則新聞
🚀 (1603) 掃描到 5 則新聞，開始儲存...
💾 (1603) 完成，共存入 5 則新聞
🚀 (2395) 掃描到 5 則新聞，開始儲存...
💾 (2395) 完成，共存入 5 則新聞
🚀 (2331) 掃描到 5 則新聞，開始儲存...
💾 (2331) 完成，共存入 5 則新聞
🚀 (1477) 掃描到 5 則新聞，開始儲存...
💾 (1477) 完成，共存入 5 則新聞
🚀 (7714) 掃描到 5 則新聞，開始儲存...
💾 (7714) 完成，共存入 5 則新聞
🚀 (5439) 掃描到 5 則新聞，開始儲存...
💾 (5439) 完成，共存入 5 則新聞
🚀 (8021) 掃描到 5 則新聞，開始儲存...
💾 (8021) 完成，共存入 5 則新聞
🚀 (8034) 掃描到 5 則新聞，開始儲存...
💾 (8034) 完成，共存入 5 則新聞
🚀 (6486) 掃描到 5 則新聞，開始儲存...
💾 (6486) 完成，共存入 5 則新聞
🚀 (6706) 掃描到 5 則新聞，開始儲存...
💾 (6706) 完成，共存入 5 則新聞
🚀 (2330) 掃描到 5 則新聞，開始儲存...
💾 (2330) 完成，共存入 5 則新聞
🚀 (3025) 掃描到 5 則新聞，開始儲存...
🚀 (3583) 掃描到 5 則新聞，開始儲存...
💾 (3025) 完成，共存入 5 則新聞
💾 (3583) 完成，共存入 5 則新聞
🚀 (3617) 掃描到 5 則新聞，開始儲存...
💾 (3617) 完成，共存入 5 則新聞
🚀 (6533) 掃描到 5 則新聞，開始儲存...
💾 (6533) 完成，共存入 5 則新聞
🚀 (2912) 掃描到 5 則新聞，開始儲存...
💾 (2912) 完成，共存入 5 則新聞
🚀 (4949) 掃描到 5 則新聞，開始儲存...
💾 (4949) 完成，共存入 5 則新聞
🚀 (6589) 掃描到 5 則新聞，開始儲存...
💾 (6589) 完成，共存入 5 則新聞
🚀 (6275) 掃描到 5 則新聞，開始儲存...
💾 (6275) 完成，共存入 5 則新聞
🚀 (6179) 掃描到 5 則新聞，開始儲存...
💾 (6179) 完成，共存入 5 則新聞
🚀 (6278) 掃描到 5 則新聞，開始儲存...
💾 (6278) 完成，共存入 5 則新聞
🚀 (6188) 掃描到 5 則新聞，開始儲存...
💾 (6188) 完成，共存入 5 則新聞
🚀 (8431) 掃描到 5 則新聞，開始儲存...
💾 (8431) 完成，共存入 5 則新聞
🚀 (5904) 掃描到 5 則新聞，開始儲存...
💾 (5904) 完成，共存入 5 則新聞
🚀 (1736) 掃描到 5 則新聞，開始儲存...
💾 (1736) 完成，共存入 5 則新聞
🚀 (2485) 掃描到 5 則新聞，開始儲存...
💾 (2485) 完成，共存入 5 則新聞
🚀 (6576) 掃描到 5 則新聞，開始儲存...
💾 (6576) 完成，共存入 5 則新聞
🚀 (2365) 掃描到 5 則新聞，開始儲存...
💾 (2365) 完成，共存入 5 則新聞
🚀 (5351) 掃描到 5 則新聞，開始儲存...
💾 (5351) 完成，共存入 5 則新聞
🚀 (2436) 掃描到 5 則新聞，開始儲存...
💾 (2436) 完成，共存入 5 則新聞
🚀 (2002) 掃描到 5 則新聞，開始儲存...
💾 (2002) 完成，共存入 5 則新聞
🚀 (1216) 掃描到 5 則新聞，開始儲存...
💾 (1216) 完成，共存入 5 則新聞
🚀 (6290) 掃描到 5 則新聞，開始儲存...
💾 (6290) 完成，共存入 5 則新聞
🚀 (2528) 掃描到 5 則新聞，開始儲存...
💾 (2528) 完成，共存入 5 則新聞
🚀 (2464) 掃描到 5 則新聞，開始儲存...
💾 (2464) 完成，共存入 5 則新聞
🚀 (3450) 掃描到 5 則新聞，開始儲存...
💾 (3450) 完成，共存入 5 則新聞
🚀 (6244) 掃描到 5 則新聞，開始儲存...
💾 (6244) 完成，共存入 5 則新聞
🚀 (6550) 掃描到 5 則新聞，開始儲存...
💾 (6550) 完成，共存入 5 則新聞
🚀 (4743) 掃描到 5 則新聞，開始儲存...
💾 (4743) 完成，共存入 5 則新聞
🚀 (8046) 掃描到 5 則新聞，開始儲存...
💾 (8046) 完成，共存入 5 則新聞
🚀 (3236) 掃描到 5 則新聞，開始儲存...
💾 (3236) 完成，共存入 5 則新聞
🚀 (6138) 掃描到 5 則新聞，開始儲存...
💾 (6138) 完成，共存入 5 則新聞
🚀 (1909) 掃描到 5 則新聞，開始儲存...
💾 (1909) 完成，共存入 5 則新聞
🚀 (1568) 掃描到 5 則新聞，開始儲存...
💾 (1568) 完成，共存入 5 則新聞
🚀 (2880) 掃描到 5 則新聞，開始儲存...
💾 (2880) 完成，共存入 5 則新聞
🚀 (6223) 掃描到 5 則新聞，開始儲存...
💾 (6223) 完成，共存入 5 則新聞
🚀 (2399) 掃描到 5 則新聞，開始儲存...
💾 (2399) 完成，共存入 5 則新聞
🚀 (2356) 掃描到 5 則新聞，開始儲存...
💾 (2356) 完成，共存入 5 則新聞
🚀 (2332) 掃描到 5 則新聞，開始儲存...
💾 (2332) 完成，共存入 5 則新聞
🚀 (6125) 掃描到 5 則新聞，開始儲存...
💾 (6125) 完成，共存入 5 則新聞
🚀 (6937) 掃描到 5 則新聞，開始儲存...
💾 (6937) 完成，共存入 5 則新聞
🚀 (2426) 掃描到 5 則新聞，開始儲存...
💾 (2426) 完成，共存入 5 則新聞
🚀 (2630) 掃描到 5 則新聞，開始儲存...
💾 (2630) 完成，共存入 5 則新聞
🚀 (6203) 掃描到 5 則新聞，開始儲存...
💾 (6203) 完成，共存入 5 則新聞
🚀 (6187) 掃描到 5 則新聞，開始儲存...
💾 (6187) 完成，共存入 5 則新聞
🚀 (2236) 掃描到 5 則新聞，開始儲存...
💾 (2236) 完成，共存入 5 則新聞
🚀 (2455) 掃描到 5 則新聞，開始儲存...
💾 (2455) 完成，共存入 5 則新聞
🚀 (2428) 掃描到 5 則新聞，開始儲存...
💾 (2428) 完成，共存入 5 則新聞
🚀 (6411) 掃描到 5 則新聞，開始儲存...
💾 (6411) 完成，共存入 5 則新聞
🚀 (6170) 掃描到 5 則新聞，開始儲存...
💾 (6170) 完成，共存入 5 則新聞
🚀 (8081) 掃描到 5 則新聞，開始儲存...
💾 (8081) 完成，共存入 5 則新聞
🚀 (3073) 掃描到 5 則新聞，開始儲存...
💾 (3073) 完成，共存入 5 則新聞
🚀 (8284) 掃描到 5 則新聞，開始儲存...
💾 (8284) 完成，共存入 5 則新聞
🚀 (5469) 掃描到 5 則新聞，開始儲存...
💾 (5469) 完成，共存入 5 則新聞
🚀 (2419) 掃描到 5 則新聞，開始儲存...
💾 (2419) 完成，共存入 5 則新聞
🚀 (4974) 掃描到 5 則新聞，開始儲存...
💾 (4974) 完成，共存入 5 則新聞
🚀 (3037) 掃描到 5 則新聞，開始儲存...
🚀 (3207) 掃描到 5 則新聞，開始儲存...
💾 (3037) 完成，共存入 5 則新聞
💾 (3207) 完成，共存入 5 則新聞
🚀 (1436) 掃描到 5 則新聞，開始儲存...
💾 (1436) 完成，共存入 5 則新聞
🚀 (6272) 掃描到 5 則新聞，開始儲存...
💾 (6272) 完成，共存入 5 則新聞
🚀 (2316) 掃描到 5 則新聞，開始儲存...
💾 (2316) 完成，共存入 5 則新聞
🚀 (5864) 掃描到 5 則新聞，開始儲存...
💾 (5864) 完成，共存入 5 則新聞
🚀 (2108) 掃描到 5 則新聞，開始儲存...
💾 (2108) 完成，共存入 5 則新聞
🚀 (1587) 掃描到 5 則新聞，開始儲存...
💾 (1587) 完成，共存入 5 則新聞
🚀 (2247) 掃描到 5 則新聞，開始儲存...
💾 (2247) 完成，共存入 5 則新聞
🚀 (1723) 掃描到 5 則新聞，開始儲存...
💾 (1723) 完成，共存入 5 則新聞
🚀 (5498) 掃描到 5 則新聞，開始儲存...
💾 (5498) 完成，共存入 5 則新聞
🚀 (3218) 掃描到 5 則新聞，開始儲存...
🚀 (2484) 掃描到 5 則新聞，開始儲存...
💾 (3218) 完成，共存入 5 則新聞
💾 (2484) 完成，共存入 5 則新聞
🚀 (3653) 掃描到 5 則新聞，開始儲存...
💾 (3653) 完成，共存入 5 則新聞
🚀 (8374) 掃描到 5 則新聞，開始儲存...
💾 (8374) 完成，共存入 5 則新聞
🚀 (2753) 掃描到 5 則新聞，開始儲存...
💾 (2753) 完成，共存入 5 則新聞
🚀 (8070) 掃描到 5 則新聞，開始儲存...
💾 (8070) 完成，共存入 5 則新聞
🚀 (2731) 掃描到 5 則新聞，開始儲存...
💾 (2731) 完成，共存入 5 則新聞
🚀 (6213) 掃描到 5 則新聞，開始儲存...
💾 (6213) 完成，共存入 5 則新聞
🚀 (8039) 掃描到 5 則新聞，開始儲存...
💾 (8039) 完成，共存入 5 則新聞
🚀 (1539) 掃描到 5 則新聞，開始儲存...
💾 (1539) 完成，共存入 5 則新聞
🚀 (2885) 掃描到 5 則新聞，開始儲存...
💾 (2885) 完成，共存入 5 則新聞
🚀 (3540) 掃描到 5 則新聞，開始儲存...
💾 (3540) 完成，共存入 5 則新聞
🚀 (3189) 掃描到 5 則新聞，開始儲存...
💾 (3189) 完成，共存入 5 則新聞
🚀 (6722) 掃描到 5 則新聞，開始儲存...
💾 (6722) 完成，共存入 5 則新聞
🚀 (6133) 掃描到 5 則新聞，開始儲存...
💾 (6133) 完成，共存入 5 則新聞
🚀 (9934) 掃描到 5 則新聞，開始儲存...
💾 (9934) 完成，共存入 5 則新聞
🚀 (3167) 掃描到 5 則新聞，開始儲存...
💾 (3167) 完成，共存入 5 則新聞
🚀 (6469) 掃描到 5 則新聞，開始儲存...
💾 (6469) 完成，共存入 5 則新聞
🚀 (6894) 掃描到 5 則新聞，開始儲存...
💾 (6894) 完成，共存入 5 則新聞
🚀 (6192) 掃描到 5 則新聞，開始儲存...
💾 (6192) 完成，共存入 5 則新聞
🚀 (6753) 掃描到 5 則新聞，開始儲存...
💾 (6753) 完成，共存入 5 則新聞
🚀 (3675) 掃描到 5 則新聞，開始儲存...
💾 (3675) 完成，共存入 5 則新聞
🚀 (3430) 掃描到 5 則新聞，開始儲存...
💾 (3430) 完成，共存入 5 則新聞
🚀 (1560) 掃描到 5 則新聞，開始儲存...
💾 (1560) 完成，共存入 5 則新聞
🚀 (2059) 掃描到 5 則新聞，開始儲存...
💾 (2059) 完成，共存入 5 則新聞
🚀 (2451) 掃描到 5 則新聞，開始儲存...
💾 (2451) 完成，共存入 5 則新聞
🚀 (6757) 掃描到 5 則新聞，開始儲存...
💾 (6757) 完成，共存入 5 則新聞
🚀 (8454) 掃描到 5 則新聞，開始儲存...
💾 (8454) 完成，共存入 5 則新聞
🚀 (9958) 掃描到 5 則新聞，開始儲存...
💾 (9958) 完成，共存入 5 則新聞
🚀 (5706) 掃描到 5 則新聞，開始儲存...
💾 (5706) 完成，共存入 5 則新聞
🚀 (2207) 掃描到 5 則新聞，開始儲存...
💾 (2207) 完成，共存入 5 則新聞
🚀 (3530) 掃描到 5 則新聞，開始儲存...
💾 (3530) 完成，共存入 5 則新聞
🚀 (6531) 掃描到 5 則新聞，開始儲存...
💾 (6531) 完成，共存入 5 則新聞
🚀 (6672) 掃描到 5 則新聞，開始儲存...
💾 (6672) 完成，共存入 5 則新聞
🚀 (4915) 掃描到 5 則新聞，開始儲存...
💾 (4915) 完成，共存入 5 則新聞
🚀 (2379) 掃描到 5 則新聞，開始儲存...
💾 (2379) 完成，共存入 5 則新聞
🚀 (2417) 掃描到 5 則新聞，開始儲存...
💾 (2417) 完成，共存入 5 則新聞
🚀 (3221) 掃描到 5 則新聞，開始儲存...
💾 (3221) 完成，共存入 5 則新聞
🚀 (8927) 掃描到 5 則新聞，開始儲存...
💾 (8927) 完成，共存入 5 則新聞
🚀 (7810) 掃描到 5 則新聞，開始儲存...
💾 (7810) 完成，共存入 5 則新聞
🚀 (3709) 掃描到 5 則新聞，開始儲存...
💾 (3709) 完成，共存入 5 則新聞
🚀 (7805) 掃描到 5 則新聞，開始儲存...
💾 (7805) 完成，共存入 5 則新聞
🚀 (8436) 掃描到 5 則新聞，開始儲存...
💾 (8436) 完成，共存入 5 則新聞
🚀 (7795) 掃描到 5 則新聞，開始儲存...
💾 (7795) 完成，共存入 5 則新聞
🚀 (4510) 掃描到 5 則新聞，開始儲存...
💾 (4510) 完成，共存入 5 則新聞
🚀 (6416) 掃描到 5 則新聞，開始儲存...
💾 (6416) 完成，共存入 5 則新聞
🚀 (2892) 掃描到 5 則新聞，開始儲存...
💾 (2892) 完成，共存入 5 則新聞
🚀 (1229) 掃描到 5 則新聞，開始儲存...
💾 (1229) 完成，共存入 5 則新聞
🚀 (6873) 掃描到 5 則新聞，開始儲存...
💾 (6873) 完成，共存入 5 則新聞
🚀 (6768) 掃描到 5 則新聞，開始儲存...
💾 (6768) 完成，共存入 5 則新聞
🚀 (1616) 掃描到 5 則新聞，開始儲存...
💾 (1616) 完成，共存入 5 則新聞
🚀 (3576) 掃描到 5 則新聞，開始儲存...
🚀 (3090) 掃描到 5 則新聞，開始儲存...
💾 (3576) 完成，共存入 5 則新聞
💾 (3090) 完成，共存入 5 則新聞
🚀 (2359) 掃描到 5 則新聞，開始儲存...
💾 (2359) 完成，共存入 5 則新聞
🚀 (3050) 掃描到 5 則新聞，開始儲存...
💾 (3050) 完成，共存入 5 則新聞
🚀 (2031) 掃描到 5 則新聞，開始儲存...
💾 (2031) 完成，共存入 5 則新聞
🚀 (3219) 掃描到 5 則新聞，開始儲存...
💾 (3219) 完成，共存入 5 則新聞
🚀 (2352) 掃描到 5 則新聞，開始儲存...
💾 (2352) 完成，共存入 5 則新聞
🚀 (3019) 掃描到 5 則新聞，開始儲存...
💾 (3019) 完成，共存入 5 則新聞
🚀 (2633) 掃描到 5 則新聞，開始儲存...
💾 (2633) 完成，共存入 5 則新聞
🚀 (5880) 掃描到 5 則新聞，開始儲存...
💾 (5880) 完成，共存入 5 則新聞
🚀 (1721) 掃描到 5 則新聞，開始儲存...
💾 (1721) 完成，共存入 5 則新聞
🚀 (4764) 掃描到 5 則新聞，開始儲存...
💾 (4764) 完成，共存入 5 則新聞
🚀 (7736) 掃描到 5 則新聞，開始儲存...
💾 (7736) 完成，共存入 5 則新聞
🚀 (3004) 掃描到 5 則新聞，開始儲存...
💾 (3004) 完成，共存入 5 則新聞
🚀 (8462) 掃描到 5 則新聞，開始儲存...
💾 (8462) 完成，共存入 5 則新聞
🚀 (7749) 掃描到 5 則新聞，開始儲存...
💾 (7749) 完成，共存入 5 則新聞
🚀 (5288) 掃描到 5 則新聞，開始儲存...
💾 (5288) 完成，共存入 5 則新聞
🚀 (1802) 掃描到 5 則新聞，開始儲存...
💾 (1802) 完成，共存入 5 則新聞
🚀 (6788) 掃描到 5 則新聞，開始儲存...
💾 (6788) 完成，共存入 5 則新聞
🚀 (2115) 掃描到 5 則新聞，開始儲存...
💾 (2115) 完成，共存入 5 則新聞
🚀 (8131) 掃描到 5 則新聞，開始儲存...
💾 (8131) 完成，共存入 5 則新聞
🚀 (3339) 掃描到 5 則新聞，開始儲存...
💾 (3339) 完成，共存入 5 則新聞
🚀 (3543) 掃描到 5 則新聞，開始儲存...
💾 (3543) 完成，共存入 5 則新聞
🚀 (1711) 掃描到 5 則新聞，開始儲存...
💾 (1711) 完成，共存入 5 則新聞
🚀 (6782) 掃描到 5 則新聞，開始儲存...
💾 (6782) 完成，共存入 5 則新聞
🚀 (1784) 掃描到 5 則新聞，開始儲存...
💾 (1784) 完成，共存入 5 則新聞
🚀 (6116) 掃描到 5 則新聞，開始儲存...
💾 (6116) 完成，共存入 5 則新聞
🚀 (6117) 掃描到 5 則新聞，開始儲存...
💾 (6117) 完成，共存入 5 則新聞
🚀 (1524) 掃描到 5 則新聞，開始儲存...
💾 (1524) 完成，共存入 5 則新聞
🚀 (1307) 掃描到 5 則新聞，開始儲存...
💾 (1307) 完成，共存入 5 則新聞
🚀 (6691) 掃描到 5 則新聞，開始儲存...
💾 (6691) 完成，共存入 5 則新聞
🚀 (4542) 掃描到 5 則新聞，開始儲存...
💾 (4542) 完成，共存入 5 則新聞
🚀 (2344) 掃描到 5 則新聞，開始儲存...
💾 (2344) 完成，共存入 5 則新聞
🚀 (6609) 掃描到 5 則新聞，開始儲存...
💾 (6609) 完成，共存入 5 則新聞
🚀 (1815) 掃描到 5 則新聞，開始儲存...
💾 (1815) 完成，共存入 5 則新聞
🚀 (6603) 掃描到 5 則新聞，開始儲存...
💾 (6603) 完成，共存入 5 則新聞
🚀 (3047) 掃描到 5 則新聞，開始儲存...
💾 (3047) 完成，共存入 5 則新聞
🚀 (5608) 掃描到 5 則新聞，開始儲存...
💾 (5608) 完成，共存入 5 則新聞
🚀 (4577) 掃描到 5 則新聞，開始儲存...
💾 (4577) 完成，共存入 5 則新聞
🚀 (4938) 掃描到 5 則新聞，開始儲存...
💾 (4938) 完成，共存入 5 則新聞
🚀 (5452) 掃描到 5 則新聞，開始儲存...
💾 (5452) 完成，共存入 5 則新聞
🚀 (5309) 掃描到 5 則新聞，開始儲存...
💾 (5309) 完成，共存入 5 則新聞
🚀 (4523) 掃描到 5 則新聞，開始儲存...
💾 (4523) 完成，共存入 5 則新聞
🚀 (3086) 掃描到 5 則新聞，開始儲存...
💾 (3086) 完成，共存入 5 則新聞
🚀 (6588) 掃描到 5 則新聞，開始儲存...
💾 (6588) 完成，共存入 5 則新聞
🚀 (6763) 掃描到 5 則新聞，開始儲存...
💾 (6763) 完成，共存入 5 則新聞
🚀 (3706) 掃描到 5 則新聞，開始儲存...
💾 (3706) 完成，共存入 5 則新聞
🚀 (1617) 掃描到 5 則新聞，開始儲存...
💾 (1617) 完成，共存入 5 則新聞
🚀 (1708) 掃描到 5 則新聞，開始儲存...
💾 (1708) 完成，共存入 5 則新聞
🚀 (6112) 掃描到 5 則新聞，開始儲存...
💾 (6112) 完成，共存入 5 則新聞
🚀 (4129) 掃描到 5 則新聞，開始儲存...
💾 (4129) 完成，共存入 5 則新聞
🚀 (2303) 掃描到 5 則新聞，開始儲存...
💾 (2303) 完成，共存入 5 則新聞
🚀 (2504) 掃描到 5 則新聞，開始儲存...
💾 (2504) 完成，共存入 5 則新聞
🚀 (1517) 掃描到 5 則新聞，開始儲存...
💾 (1517) 完成，共存入 5 則新聞
🚀 (7780) 掃描到 5 則新聞，開始儲存...
💾 (7780) 完成，共存入 5 則新聞
🚀 (8926) 掃描到 5 則新聞，開始儲存...
💾 (8926) 完成，共存入 5 則新聞
🚀 (6438) 掃描到 5 則新聞，開始儲存...
💾 (6438) 完成，共存入 5 則新聞
🚀 (4162) 掃描到 5 則新聞，開始儲存...
💾 (4162) 完成，共存入 5 則新聞
🚀 (3260) 掃描到 5 則新聞，開始儲存...
🚀 (8249) 掃描到 5 則新聞，開始儲存...
💾 (3260) 完成，共存入 5 則新聞
💾 (8249) 完成，共存入 5 則新聞
🚀 (9917) 掃描到 5 則新聞，開始儲存...
💾 (9917) 完成，共存入 5 則新聞
🚀 (1220) 掃描到 5 則新聞，開始儲存...
💾 (1220) 完成，共存入 5 則新聞
🚀 (2206) 掃描到 5 則新聞，開始儲存...
💾 (2206) 完成，共存入 5 則新聞
🚀 (2478) 掃描到 5 則新聞，開始儲存...
💾 (2478) 完成，共存入 5 則新聞
🚀 (3026) 掃描到 5 則新聞，開始儲存...
💾 (3026) 完成，共存入 5 則新聞
🚀 (2530) 掃描到 5 則新聞，開始儲存...
💾 (2530) 完成，共存入 5 則新聞
🚀 (2406) 掃描到 5 則新聞，開始儲存...
💾 (2406) 完成，共存入 5 則新聞
🚀 (6021) 掃描到 5 則新聞，開始儲存...
💾 (6021) 完成，共存入 5 則新聞
🚀 (4746) 掃描到 5 則新聞，開始儲存...
🚀 (3048) 掃描到 5 則新聞，開始儲存...
💾 (4746) 完成，共存入 5 則新聞
💾 (3048) 完成，共存入 5 則新聞
🚀 (3717) 掃描到 5 則新聞，開始儲存...
💾 (3717) 完成，共存入 5 則新聞
🚀 (4967) 掃描到 5 則新聞，開始儲存...
💾 (4967) 完成，共存入 5 則新聞
🚀 (4720) 掃描到 5 則新聞，開始儲存...
💾 (4720) 完成，共存入 5 則新聞
🚀 (2444) 掃描到 5 則新聞，開始儲存...
💾 (2444) 完成，共存入 5 則新聞
🚀 (2014) 掃描到 5 則新聞，開始儲存...
💾 (2014) 完成，共存入 5 則新聞
🚀 (6405) 掃描到 5 則新聞，開始儲存...
💾 (6405) 完成，共存入 5 則新聞
🚀 (2501) 掃描到 5 則新聞，開始儲存...
💾 (2501) 完成，共存入 5 則新聞
🚀 (1903) 掃描到 5 則新聞，開始儲存...
💾 (1903) 完成，共存入 5 則新聞
🚀 (6271) 掃描到 5 則新聞，開始儲存...
💾 (6271) 完成，共存入 5 則新聞
🚀 (2376) 掃描到 5 則新聞，開始儲存...
💾 (2376) 完成，共存入 5 則新聞
🚀 (6776) 掃描到 5 則新聞，開始儲存...
💾 (6776) 完成，共存入 5 則新聞
🚀 (6449) 掃描到 5 則新聞，開始儲存...
💾 (6449) 完成，共存入 5 則新聞
🚀 (1101) 掃描到 5 則新聞，開始儲存...
💾 (1101) 完成，共存入 5 則新聞
🚀 (2258) 掃描到 5 則新聞，開始儲存...
💾 (2258) 完成，共存入 5 則新聞
🚀 (5388) 掃描到 5 則新聞，開始儲存...
💾 (5388) 完成，共存入 5 則新聞
🚀 (3228) 掃描到 5 則新聞，開始儲存...
💾 (3228) 完成，共存入 5 則新聞
🚀 (8936) 掃描到 5 則新聞，開始儲存...
💾 (8936) 完成，共存入 5 則新聞
🚀 (6175) 掃描到 5 則新聞，開始儲存...
💾 (6175) 完成，共存入 5 則新聞
🚀 (6205) 掃描到 5 則新聞，開始儲存...
💾 (6205) 完成，共存入 5 則新聞
🚀 (2337) 掃描到 5 則新聞，開始儲存...
💾 (2337) 完成，共存入 5 則新聞
🚀 (2617) 掃描到 5 則新聞，開始儲存...
💾 (2617) 完成，共存入 5 則新聞
🚀 (4526) 掃描到 5 則新聞，開始儲存...
💾 (4526) 完成，共存入 5 則新聞
🚀 (3587) 掃描到 5 則新聞，開始儲存...
💾 (3587) 完成，共存入 5 則新聞
🚀 (1605) 掃描到 5 則新聞，開始儲存...
💾 (1605) 完成，共存入 5 則新聞
🚀 (4958) 掃描到 5 則新聞，開始儲存...
💾 (4958) 完成，共存入 5 則新聞
🚀 (9907) 掃描到 5 則新聞，開始儲存...
🚀 (8096) 掃描到 5 則新聞，開始儲存...
💾 (8096) 完成，共存入 5 則新聞
💾 (9907) 完成，共存入 5 則新聞
🚀 (6426) 掃描到 5 則新聞，開始儲存...
💾 (6426) 完成，共存入 5 則新聞
🚀 (6510) 掃描到 5 則新聞，開始儲存...
💾 (6510) 完成，共存入 5 則新聞
🚀 (4904) 掃描到 5 則新聞，開始儲存...
💾 (4904) 完成，共存入 5 則新聞
🚀 (2640) 掃描到 5 則新聞，開始儲存...
💾 (2640) 完成，共存入 5 則新聞
🚀 (3622) 掃描到 5 則新聞，開始儲存...
💾 (3622) 完成，共存入 5 則新聞
🚀 (6840) 掃描到 5 則新聞，開始儲存...
💾 (6840) 完成，共存入 5 則新聞
🚀 (3712) 掃描到 5 則新聞，開始儲存...
💾 (3712) 完成，共存入 5 則新聞
🚀 (1102) 掃描到 5 則新聞，開始儲存...
💾 (1102) 完成，共存入 5 則新聞
🚀 (4939) 掃描到 5 則新聞，開始儲存...
💾 (4939) 完成，共存入 5 則新聞
🚀 (3059) 掃描到 5 則新聞，開始儲存...
💾 (3059) 完成，共存入 5 則新聞
🚀 (6226) 掃描到 5 則新聞，開始儲存...
💾 (6226) 完成，共存入 5 則新聞
🚀 (7769) 掃描到 5 則新聞，開始儲存...
💾 (7769) 完成，共存入 5 則新聞
🚀 (6191) 掃描到 5 則新聞，開始儲存...
💾 (6191) 完成，共存入 5 則新聞
🚀 (3265) 掃描到 5 則新聞，開始儲存...
💾 (3265) 完成，共存入 5 則新聞
🚀 (2355) 掃描到 5 則新聞，開始儲存...
💾 (2355) 完成，共存入 5 則新聞
🚀 (3211) 掃描到 5 則新聞，開始儲存...
💾 (3211) 完成，共存入 5 則新聞
🚀 (3645) 掃描到 5 則新聞，開始儲存...
💾 (3645) 完成，共存入 5 則新聞
🚀 (9941) 掃描到 5 則新聞，開始儲存...
💾 (9941) 完成，共存入 5 則新聞
🚀 (6417) 掃描到 5 則新聞，開始儲存...
💾 (6417) 完成，共存入 5 則新聞
🚀 (3515) 掃描到 5 則新聞，開始儲存...
💾 (3515) 完成，共存入 5 則新聞
🚀 (4749) 掃描到 5 則新聞，開始儲存...
💾 (4749) 完成，共存入 5 則新聞
🚀 (4303) 掃描到 5 則新聞，開始儲存...
💾 (4303) 完成，共存入 5 則新聞
🚀 (6147) 掃描到 5 則新聞，開始儲存...
💾 (6147) 完成，共存入 5 則新聞
🚀 (4989) 掃描到 5 則新聞，開始儲存...
💾 (4989) 完成，共存入 5 則新聞
🚀 (2323) 掃描到 5 則新聞，開始儲存...
💾 (2323) 完成，共存入 5 則新聞
🚀 (6134) 掃描到 5 則新聞，開始儲存...
💾 (6134) 完成，共存入 5 則新聞
🚀 (6620) 掃描到 5 則新聞，開始儲存...
💾 (6620) 完成，共存入 5 則新聞
🚀 (4973) 掃描到 5 則新聞，開始儲存...
💾 (4973) 完成，共存入 5 則新聞
🚀 (3227) 掃描到 5 則新聞，開始儲存...
💾 (3227) 完成，共存入 5 則新聞
🚀 (6005) 掃描到 5 則新聞，開始儲存...
💾 (6005) 完成，共存入 5 則新聞
🚀 (4770) 掃描到 5 則新聞，開始儲存...
💾 (4770) 完成，共存入 5 則新聞
🚀 (3630) 掃描到 5 則新聞，開始儲存...
💾 (3630) 完成，共存入 5 則新聞
🚀 (1519) 掃描到 5 則新聞，開始儲存...
💾 (1519) 完成，共存入 5 則新聞
🚀 (3014) 掃描到 5 則新聞，開始儲存...
💾 (3014) 完成，共存入 5 則新聞
🚀 (3715) 掃描到 5 則新聞，開始儲存...
💾 (3715) 完成，共存入 5 則新聞
🚀 (6414) 掃描到 5 則新聞，開始儲存...
💾 (6414) 完成，共存入 5 則新聞
🚀 (1808) 掃描到 5 則新聞，開始儲存...
💾 (1808) 完成，共存入 5 則新聞
🚀 (2850) 掃描到 5 則新聞，開始儲存...
💾 (2850) 完成，共存入 5 則新聞
🚀 (2903) 掃描到 5 則新聞，開始儲存...
💾 (2903) 完成，共存入 5 則新聞
🚀 (6770) 掃描到 5 則新聞，開始儲存...
💾 (6770) 完成，共存入 5 則新聞
🚀 (1215) 掃描到 5 則新聞，開始儲存...
💾 (1215) 完成，共存入 5 則新聞
🚀 (6841) 掃描到 5 則新聞，開始儲存...
💾 (6841) 完成，共存入 5 則新聞
🚀 (1540) 掃描到 5 則新聞，開始儲存...
💾 (1540) 完成，共存入 5 則新聞
🚀 (7751) 掃描到 5 則新聞，開始儲存...
💾 (7751) 完成，共存入 5 則新聞
🚀 (4566) 掃描到 5 則新聞，開始儲存...
💾 (4566) 完成，共存入 5 則新聞
🚀 (4174) 掃描到 5 則新聞，開始儲存...
💾 (4174) 完成，共存入 5 則新聞
🚀 (2462) 掃描到 5 則新聞，開始儲存...
💾 (2462) 完成，共存入 5 則新聞
🚀 (2302) 掃描到 5 則新聞，開始儲存...
💾 (2302) 完成，共存入 5 則新聞
🚀 (6217) 掃描到 5 則新聞，開始儲存...
💾 (6217) 完成，共存入 5 則新聞
🚀 (3321) 掃描到 5 則新聞，開始儲存...
💾 (3321) 完成，共存入 5 則新聞
🚀 (2105) 掃描到 5 則新聞，開始儲存...
💾 (2105) 完成，共存入 5 則新聞
🚀 (3483) 掃描到 5 則新聞，開始儲存...
💾 (3483) 完成，共存入 5 則新聞
🚀 (6823) 掃描到 5 則新聞，開始儲存...
💾 (6823) 完成，共存入 5 則新聞
🚀 (1319) 掃描到 5 則新聞，開始儲存...
💾 (1319) 完成，共存入 5 則新聞
🚀 (4541) 掃描到 5 則新聞，開始儲存...
💾 (4541) 完成，共存入 5 則新聞
🚀 (3257) 掃描到 5 則新聞，開始儲存...
💾 (3257) 完成，共存入 5 則新聞
🚀 (2338) 掃描到 5 則新聞，開始儲存...
💾 (2338) 完成，共存入 5 則新聞
🚀 (4142) 掃描到 5 則新聞，開始儲存...
💾 (4142) 完成，共存入 5 則新聞
🚀 (6568) 掃描到 5 則新聞，開始儲存...
💾 (6568) 完成，共存入 5 則新聞
🚀 (7711) 掃描到 5 則新聞，開始儲存...
💾 (7711) 完成，共存入 5 則新聞
🚀 (2402) 掃描到 5 則新聞，開始儲存...
💾 (2402) 完成，共存入 5 則新聞
🚀 (6875) 掃描到 5 則新聞，開始儲存...
💾 (6875) 完成，共存入 5 則新聞
🚀 (2412) 掃描到 5 則新聞，開始儲存...
💾 (2412) 完成，共存入 5 則新聞
🚀 (5530) 掃描到 5 則新聞，開始儲存...
💾 (5530) 完成，共存入 5 則新聞
🚀 (2392) 掃描到 5 則新聞，開始儲存...
💾 (2392) 完成，共存入 5 則新聞
🚀 (4167) 掃描到 5 則新聞，開始儲存...
💾 (4167) 完成，共存入 5 則新聞
🚀 (2425) 掃描到 5 則新聞，開始儲存...
💾 (2425) 完成，共存入 5 則新聞
🚀 (3481) 掃描到 5 則新聞，開始儲存...
💾 (3481) 完成，共存入 5 則新聞
🚀 (6834) 掃描到 5 則新聞，開始儲存...
💾 (6834) 完成，共存入 5 則新聞
🚀 (6173) 掃描到 5 則新聞，開始儲存...
💾 (6173) 完成，共存入 5 則新聞
🚀 (8464) 掃描到 5 則新聞，開始儲存...
💾 (8464) 完成，共存入 5 則新聞
🚀 (3081) 掃描到 5 則新聞，開始儲存...
💾 (3081) 完成，共存入 5 則新聞
🚀 (3548) 掃描到 5 則新聞，開始儲存...
💾 (3548) 完成，共存入 5 則新聞
🚀 (6862) 掃描到 5 則新聞，開始儲存...
💾 (6862) 完成，共存入 5 則新聞
🚀 (3213) 掃描到 5 則新聞，開始儲存...
💾 (3213) 完成，共存入 5 則新聞
🚀 (4540) 掃描到 5 則新聞，開始儲存...
💾 (4540) 完成，共存入 5 則新聞
🚀 (6584) 掃描到 5 則新聞，開始儲存...
💾 (6584) 完成，共存入 5 則新聞
🚀 (6121) 掃描到 5 則新聞，開始儲存...
💾 (6121) 完成，共存入 5 則新聞
🚀 (4763) 掃描到 5 則新聞，開始儲存...
💾 (4763) 完成，共存入 5 則新聞
🚀 (6838) 掃描到 5 則新聞，開始儲存...
💾 (6838) 完成，共存入 5 則新聞
🚀 (6870) 掃描到 5 則新聞，開始儲存...
💾 (6870) 完成，共存入 5 則新聞
🚀 (2606) 掃描到 5 則新聞，開始儲存...
💾 (2606) 完成，共存入 5 則新聞
🚀 (6530) 掃描到 5 則新聞，開始儲存...
💾 (6530) 完成，共存入 5 則新聞
🚀 (8499) 掃描到 5 則新聞，開始儲存...
💾 (8499) 完成，共存入 5 則新聞
🚀 (5302) 掃描到 5 則新聞，開始儲存...
🚀 (4533) 掃描到 5 則新聞，開始儲存...
💾 (5302) 完成，共存入 5 則新聞
💾 (4533) 完成，共存入 5 則新聞
🚀 (6861) 掃描到 5 則新聞，開始儲存...
💾 (6861) 完成，共存入 5 則新聞
🚀 (6591) 掃描到 5 則新聞，開始儲存...
💾 (6591) 完成，共存入 5 則新聞
🚀 (5245) 掃描到 5 則新聞，開始儲存...
💾 (5245) 完成，共存入 5 則新聞
🚀 (2360) 掃描到 5 則新聞，開始儲存...
💾 (2360) 完成，共存入 5 則新聞
🚀 (2348) 掃描到 5 則新聞，開始儲存...
💾 (2348) 完成，共存入 5 則新聞
🚀 (2340) 掃描到 5 則新聞，開始儲存...
💾 (2340) 完成，共存入 5 則新聞
🚀 (3029) 掃描到 5 則新聞，開始儲存...
💾 (3029) 完成，共存入 5 則新聞
🚀 (4968) 掃描到 5 則新聞，開始儲存...
💾 (4968) 完成，共存入 5 則新聞
🚀 (1611) 掃描到 5 則新聞，開始儲存...
💾 (1611) 完成，共存入 5 則新聞
🚀 (3006) 掃描到 5 則新聞，開始儲存...
💾 (3006) 完成，共存入 5 則新聞
🚀 (1342) 掃描到 5 則新聞，開始儲存...
💾 (1342) 完成，共存入 5 則新聞
🚀 (3138) 掃描到 5 則新聞，開始儲存...
💾 (3138) 完成，共存入 5 則新聞
🚀 (8104) 掃描到 5 則新聞，開始儲存...
💾 (8104) 完成，共存入 5 則新聞
🚀 (6197) 掃描到 5 則新聞，開始儲存...
💾 (6197) 完成，共存入 5 則新聞
🚀 (4766) 掃描到 5 則新聞，開始儲存...
💾 (4766) 完成，共存入 5 則新聞
🚀 (3686) 掃描到 5 則新聞，開始儲存...
💾 (3686) 完成，共存入 5 則新聞
🚀 (6285) 掃描到 5 則新聞，開始儲存...
💾 (6285) 完成，共存入 5 則新聞
🚀 (1722) 掃描到 5 則新聞，開始儲存...
💾 (1722) 完成，共存入 5 則新聞
🚀 (6186) 掃描到 5 則新聞，開始儲存...
💾 (6186) 完成，共存入 5 則新聞
🚀 (6592) 掃描到 5 則新聞，開始儲存...
💾 (6592) 完成，共存入 5 則新聞
🚀 (2801) 掃描到 5 則新聞，開始儲存...
💾 (2801) 完成，共存入 5 則新聞
🚀 (2881) 掃描到 5 則新聞，開始儲存...
💾 (2881) 完成，共存入 5 則新聞
🚀 (2367) 掃描到 5 則新聞，開始儲存...
💾 (2367) 完成，共存入 5 則新聞
🚀 (6869) 掃描到 5 則新聞，開始儲存...
💾 (6869) 完成，共存入 5 則新聞
🚀 (1589) 掃描到 5 則新聞，開始儲存...
💾 (1589) 完成，共存入 5 則新聞
🚀 (1526) 掃描到 5 則新聞，開始儲存...
💾 (1526) 完成，共存入 5 則新聞
🚀 (9904) 掃描到 5 則新聞，開始儲存...
💾 (9904) 完成，共存入 5 則新聞
🚀 (3680) 掃描到 5 則新聞，開始儲存...
💾 (3680) 完成，共存入 5 則新聞
🚀 (1440) 掃描到 5 則新聞，開始儲存...
💾 (1440) 完成，共存入 5 則新聞
🚀 (1476) 掃描到 5 則新聞，開始儲存...
💾 (1476) 完成，共存入 5 則新聞
🚀 (3694) 掃描到 5 則新聞，開始儲存...
💾 (3694) 完成，共存入 5 則新聞
🚀 (2474) 掃描到 5 則新聞，開始儲存...
💾 (2474) 完成，共存入 5 則新聞
🚀 (2204) 掃描到 5 則新聞，開始儲存...
💾 (2204) 完成，共存入 5 則新聞
🚀 (6953) 掃描到 5 則新聞，開始儲存...
💾 (6953) 完成，共存入 5 則新聞
🚀 (2301) 掃描到 5 則新聞，開始儲存...
💾 (2301) 完成，共存入 5 則新聞
🚀 (4903) 掃描到 5 則新聞，開始儲存...
💾 (4903) 完成，共存入 5 則新聞
🚀 (8085) 掃描到 5 則新聞，開始儲存...
💾 (8085) 完成，共存入 5 則新聞
🚀 (6996) 掃描到 5 則新聞，開始儲存...
💾 (6996) 完成，共存入 5 則新聞
🚀 (3714) 掃描到 5 則新聞，開始儲存...
💾 (3714) 完成，共存入 5 則新聞
🚀 (6535) 掃描到 5 則新聞，開始儲存...
💾 (6535) 完成，共存入 5 則新聞
🚀 (2408) 掃描到 5 則新聞，開始儲存...
💾 (2408) 完成，共存入 5 則新聞
🚀 (6640) 掃描到 5 則新聞，開始儲存...
💾 (6640) 完成，共存入 5 則新聞
🚀 (4714) 掃描到 5 則新聞，開始儲存...
💾 (4714) 完成，共存入 5 則新聞
🚀 (3078) 掃描到 5 則新聞，開始儲存...
💾 (3078) 完成，共存入 5 則新聞
🚀 (6698) 掃描到 5 則新聞，開始儲存...
💾 (6698) 完成，共存入 5 則新聞
🚀 (4576) 掃描到 5 則新聞，開始儲存...
💾 (4576) 完成，共存入 5 則新聞
🚀 (1442) 掃描到 5 則新聞，開始儲存...
💾 (1442) 完成，共存入 5 則新聞
🚀 (8064) 掃描到 5 則新聞，開始儲存...
💾 (8064) 完成，共存入 5 則新聞
🚀 (8996) 掃描到 5 則新聞，開始儲存...
💾 (8996) 完成，共存入 5 則新聞
🚀 (6166) 掃描到 5 則新聞，開始儲存...
💾 (6166) 完成，共存入 5 則新聞
🚀 (2211) 掃描到 5 則新聞，開始儲存...
💾 (2211) 完成，共存入 5 則新聞
🚀 (6517) 掃描到 5 則新聞，開始儲存...
💾 (6517) 完成，共存入 5 則新聞
🚀 (7740) 掃描到 5 則新聞，開始儲存...
💾 (7740) 完成，共存入 5 則新聞
🚀 (2527) 掃描到 5 則新聞，開始儲存...
💾 (2527) 完成，共存入 5 則新聞
🚀 (5381) 掃描到 5 則新聞，開始儲存...
💾 (5381) 完成，共存入 5 則新聞
🚀 (8083) 掃描到 5 則新聞，開始儲存...
💾 (8083) 完成，共存入 5 則新聞
🚀 (6909) 掃描到 5 則新聞，開始儲存...
💾 (6909) 完成，共存入 5 則新聞
🚀 (3380) 掃描到 5 則新聞，開始儲存...
💾 (3380) 完成，共存入 5 則新聞
🚀 (2498) 掃描到 5 則新聞，開始儲存...
💾 (2498) 完成，共存入 5 則新聞
🚀 (2015) 掃描到 5 則新聞，開始儲存...
💾 (2015) 完成，共存入 5 則新聞
🚀 (8068) 掃描到 5 則新聞，開始儲存...
💾 (8068) 完成，共存入 5 則新聞
🚀 (2393) 掃描到 5 則新聞，開始儲存...
💾 (2393) 完成，共存入 5 則新聞
🚀 (9942) 掃描到 5 則新聞，開始儲存...
💾 (9942) 完成，共存入 5 則新聞
🚀 (3691) 掃描到 5 則新聞，開始儲存...
💾 (3691) 完成，共存入 5 則新聞
🚀 (1529) 掃描到 5 則新聞，開始儲存...
💾 (1529) 完成，共存入 5 則新聞
🚀 (2363) 掃描到 5 則新聞，開始儲存...
💾 (2363) 完成，共存入 5 則新聞
🚀 (3011) 掃描到 5 則新聞，開始儲存...
💾 (3011) 完成，共存入 5 則新聞
🚀 (6456) 掃描到 5 則新聞，開始儲存...
💾 (6456) 完成，共存入 5 則新聞
🚀 (1718) 掃描到 5 則新聞，開始儲存...
💾 (1718) 完成，共存入 5 則新聞
🚀 (1907) 掃描到 5 則新聞，開始儲存...
💾 (1907) 完成，共存入 5 則新聞
🚀 (2855) 掃描到 5 則新聞，開始儲存...
💾 (2855) 完成，共存入 5 則新聞
🚀 (6732) 掃描到 5 則新聞，開始儲存...
💾 (6732) 完成，共存入 5 則新聞
🚀 (5234) 掃描到 5 則新聞，開始儲存...
💾 (5234) 完成，共存入 5 則新聞
🚀 (3592) 掃描到 5 則新聞，開始儲存...
💾 (3592) 完成，共存入 5 則新聞
🚀 (1590) 掃描到 5 則新聞，開始儲存...
💾 (1590) 完成，共存入 5 則新聞
🚀 (2421) 掃描到 5 則新聞，開始儲存...
💾 (2421) 完成，共存入 5 則新聞
🚀 (1313) 掃描到 5 則新聞，開始儲存...
💾 (1313) 完成，共存入 5 則新聞
🚀 (4912) 掃描到 5 則新聞，開始儲存...
💾 (4912) 完成，共存入 5 則新聞
🚀 (6270) 掃描到 5 則新聞，開始儲存...
💾 (6270) 完成，共存入 5 則新聞
🚀 (2104) 掃描到 5 則新聞，開始儲存...
💾 (2104) 完成，共存入 5 則新聞
🚀 (7715) 掃描到 5 則新聞，開始儲存...
💾 (7715) 完成，共存入 5 則新聞
🚀 (3390) 掃描到 5 則新聞，開始儲存...
💾 (3390) 完成，共存入 5 則新聞
🚀 (3323) 掃描到 5 則新聞，開始儲存...
💾 (3323) 完成，共存入 5 則新聞
🚀 (3581) 掃描到 5 則新聞，開始儲存...
💾 (3581) 完成，共存入 5 則新聞
🚀 (4953) 掃描到 5 則新聞，開始儲存...
💾 (4953) 完成，共存入 5 則新聞
🚀 (7734) 掃描到 5 則新聞，開始儲存...
💾 (7734) 完成，共存入 5 則新聞
🚀 (8938) 掃描到 5 則新聞，開始儲存...
💾 (8938) 完成，共存入 5 則新聞
🚀 (6515) 掃描到 5 則新聞，開始儲存...
💾 (6515) 完成，共存入 5 則新聞
🚀 (4923) 掃描到 5 則新聞，開始儲存...
💾 (4923) 完成，共存入 5 則新聞
🚀 (1773) 掃描到 5 則新聞，開始儲存...
💾 (1773) 完成，共存入 5 則新聞
🚀 (5243) 掃描到 5 則新聞，開始儲存...
💾 (5243) 完成，共存入 5 則新聞
🚀 (2851) 掃描到 5 則新聞，開始儲存...
💾 (2851) 完成，共存入 5 則新聞
🚀 (6499) 掃描到 5 則新聞，開始儲存...
💾 (6499) 完成，共存入 5 則新聞
🚀 (8358) 掃描到 5 則新聞，開始儲存...
💾 (8358) 完成，共存入 5 則新聞
🚀 (8107) 掃描到 5 則新聞，開始儲存...
💾 (8107) 完成，共存入 5 則新聞
🚀 (3413) 掃描到 5 則新聞，開始儲存...
💾 (3413) 完成，共存入 5 則新聞
🚀 (6830) 掃描到 5 則新聞，開始儲存...
💾 (6830) 完成，共存入 5 則新聞
🚀 (5306) 掃描到 5 則新聞，開始儲存...
💾 (5306) 完成，共存入 5 則新聞
🚀 (3466) 掃描到 5 則新聞，開始儲存...
💾 (3466) 完成，共存入 5 則新聞
🚀 (6596) 掃描到 5 則新聞，開始儲存...
💾 (6596) 完成，共存入 5 則新聞
🚀 (1434) 掃描到 5 則新聞，開始儲存...
💾 (1434) 完成，共存入 5 則新聞
🚀 (3044) 掃描到 5 則新聞，開始儲存...
💾 (3044) 完成，共存入 5 則新聞
🚀 (2353) 掃描到 5 則新聞，開始儲存...
💾 (2353) 完成，共存入 5 則新聞
🚀 (4588) 掃描到 5 則新聞，開始儲存...
💾 (4588) 完成，共存入 5 則新聞
🚀 (2106) 掃描到 5 則新聞，開始儲存...
💾 (2106) 完成，共存入 5 則新聞
🚀 (2009) 掃描到 5 則新聞，開始儲存...
💾 (2009) 完成，共存入 5 則新聞
🚀 (3016) 掃描到 5 則新聞，開始儲存...
💾 (3016) 完成，共存入 5 則新聞
🚀 (3479) 掃描到 5 則新聞，開始儲存...
💾 (3479) 完成，共存入 5 則新聞
🚀 (3141) 掃描到 5 則新聞，開始儲存...
💾 (3141) 完成，共存入 5 則新聞
🚀 (8069) 掃描到 5 則新聞，開始儲存...
💾 (8069) 完成，共存入 5 則新聞
🚀 (2495) 掃描到 5 則新聞，開始儲存...
💾 (2495) 完成，共存入 5 則新聞
🚀 (2010) 掃描到 5 則新聞，開始儲存...
💾 (2010) 完成，共存入 5 則新聞
🚀 (6605) 掃描到 5 則新聞，開始儲存...
💾 (6605) 完成，共存入 5 則新聞
🚀 (6472) 掃描到 5 則新聞，開始儲存...
💾 (6472) 完成，共存入 5 則新聞
🚀 (1713) 掃描到 5 則新聞，開始儲存...
💾 (1713) 完成，共存入 5 則新聞
🚀 (8091) 掃描到 5 則新聞，開始儲存...
💾 (8091) 完成，共存入 5 則新聞
🚀 (5432) 掃描到 5 則新聞，開始儲存...
💾 (5432) 完成，共存入 5 則新聞
🚀 (2610) 掃描到 5 則新聞，開始儲存...
💾 (2610) 完成，共存入 5 則新聞
🚀 (3357) 掃描到 5 則新聞，開始儲存...
💾 (3357) 完成，共存入 5 則新聞
🚀 (4130) 掃描到 5 則新聞，開始儲存...
💾 (4130) 完成，共存入 5 則新聞
🚀 (2388) 掃描到 5 則新聞，開始儲存...
💾 (2388) 完成，共存入 5 則新聞
🚀 (8234) 掃描到 5 則新聞，開始儲存...
💾 (8234) 完成，共存入 5 則新聞
🚀 (6585) 掃描到 5 則新聞，開始儲存...
💾 (6585) 完成，共存入 5 則新聞
🚀 (2347) 掃描到 5 則新聞，開始儲存...
💾 (2347) 完成，共存入 5 則新聞
🚀 (5434) 掃描到 5 則新聞，開始儲存...
💾 (5434) 完成，共存入 5 則新聞
🚀 (2103) 掃描到 5 則新聞，開始儲存...
💾 (2103) 完成，共存入 5 則新聞
🚀 (3545) 掃描到 5 則新聞，開始儲存...
💾 (3545) 完成，共存入 5 則新聞
🚀 (3546) 掃描到 5 則新聞，開始儲存...
💾 (3546) 完成，共存入 5 則新聞
🚀 (3588) 掃描到 5 則新聞，開始儲存...
💾 (3588) 完成，共存入 5 則新聞
🚀 (4532) 掃描到 5 則新聞，開始儲存...
💾 (4532) 完成，共存入 5 則新聞
🚀 (1904) 掃描到 5 則新聞，開始儲存...
💾 (1904) 完成，共存入 5 則新聞
🚀 (4561) 掃描到 5 則新聞，開始儲存...
💾 (4561) 完成，共存入 5 則新聞
🚀 (3045) 掃描到 5 則新聞，開始儲存...
💾 (3045) 完成，共存入 5 則新聞
🚀 (4916) 掃描到 5 則新聞，開始儲存...
💾 (4916) 完成，共存入 5 則新聞
🚀 (6962) 掃描到 5 則新聞，開始儲存...
💾 (6962) 完成，共存入 5 則新聞
🚀 (1503) 掃描到 5 則新聞，開始儲存...
💾 (1503) 完成，共存入 5 則新聞
🚀 (3036) 掃描到 5 則新聞，開始儲存...
💾 (3036) 完成，共存入 5 則新聞
🚀 (6949) 掃描到 5 則新聞，開始儲存...
💾 (6949) 完成，共存入 5 則新聞
🚀 (2027) 掃描到 5 則新聞，開始儲存...
💾 (2027) 完成，共存入 5 則新聞
🚀 (1586) 掃描到 5 則新聞，開始儲存...
💾 (1586) 完成，共存入 5 則新聞
🚀 (6016) 掃描到 5 則新聞，開始儲存...
💾 (6016) 完成，共存入 5 則新聞
🚀 (1314) 掃描到 5 則新聞，開始儲存...
💾 (1314) 完成，共存入 5 則新聞
🚀 (3041) 掃描到 5 則新聞，開始儲存...
💾 (3041) 完成，共存入 5 則新聞
🚀 (2208) 掃描到 5 則新聞，開始儲存...
💾 (2208) 完成，共存入 5 則新聞
🚀 (3605) 掃描到 5 則新聞，開始儲存...
💾 (3605) 完成，共存入 5 則新聞
🚀 (3062) 掃描到 5 則新聞，開始儲存...
💾 (3062) 完成，共存入 5 則新聞
🚀 (8086) 掃描到 5 則新聞，開始儲存...
💾 (8086) 完成，共存入 5 則新聞
🚀 (2442) 掃描到 5 則新聞，開始儲存...
💾 (2442) 完成，共存入 5 則新聞
🚀 (5225) 掃描到 5 則新聞，開始儲存...
💾 (5225) 完成，共存入 5 則新聞
🚀 (1301) 掃描到 5 則新聞，開始儲存...
💾 (1301) 完成，共存入 5 則新聞
🚀 (6182) 掃描到 5 則新聞，開始儲存...
💾 (6182) 完成，共存入 5 則新聞
🚀 (4966) 掃描到 5 則新聞，開始儲存...
💾 (4966) 完成，共存入 5 則新聞
🚀 (2362) 掃描到 5 則新聞，開始儲存...
💾 (2362) 完成，共存入 5 則新聞
🚀 (4104) 掃描到 5 則新聞，開始儲存...
💾 (4104) 完成，共存入 5 則新聞
🚀 (9802) 掃描到 5 則新聞，開始儲存...
💾 (9802) 完成，共存入 5 則新聞
🚀 (6548) 掃描到 5 則新聞，開始儲存...
💾 (6548) 完成，共存入 5 則新聞
🚀 (8112) 掃描到 5 則新聞，開始儲存...
💾 (8112) 完成，共存入 5 則新聞
🚀 (4123) 掃描到 5 則新聞，開始儲存...
💾 (4123) 完成，共存入 5 則新聞
🚀 (6695) 掃描到 5 則新聞，開始儲存...
💾 (6695) 完成，共存入 5 則新聞
🚀 (2023) 掃描到 5 則新聞，開始儲存...
💾 (2023) 完成，共存入 5 則新聞
🚀 (1786) 掃描到 5 則新聞，開始儲存...
💾 (1786) 完成，共存入 5 則新聞
🚀 (5521) 掃描到 5 則新聞，開始儲存...
💾 (5521) 完成，共存入 5 則新聞
🚀 (7777) 掃描到 5 則新聞，開始儲存...
💾 (7777) 完成，共存入 5 則新聞
🚀 (5426) 掃描到 5 則新聞，開始儲存...
💾 (5426) 完成，共存入 5 則新聞
🚀 (2542) 掃描到 5 則新聞，開始儲存...
💾 (2542) 完成，共存入 5 則新聞
🚀 (8043) 掃描到 5 則新聞，開始儲存...
💾 (8043) 完成，共存入 5 則新聞
🚀 (4168) 掃描到 5 則新聞，開始儲存...
💾 (4168) 完成，共存入 5 則新聞
🚀 (3354) 掃描到 5 則新聞，開始儲存...
💾 (3354) 完成，共存入 5 則新聞
🚀 (2838) 掃描到 5 則新聞，開始儲存...
💾 (2838) 完成，共存入 5 則新聞
🚀 (1584) 掃描到 5 則新聞，開始儲存...
💾 (1584) 完成，共存入 5 則新聞
🚀 (1409) 掃描到 5 則新聞，開始儲存...
💾 (1409) 完成，共存入 5 則新聞
🚀 (6209) 掃描到 5 則新聞，開始儲存...
💾 (6209) 完成，共存入 5 則新聞
🚀 (6120) 掃描到 5 則新聞，開始儲存...
💾 (6120) 完成，共存入 5 則新聞
🚀 (3042) 掃描到 5 則新聞，開始儲存...
💾 (3042) 完成，共存入 5 則新聞
🚀 (3591) 掃描到 5 則新聞，開始儲存...
💾 (3591) 完成，共存入 5 則新聞
🚀 (5314) 掃描到 5 則新聞，開始儲存...
💾 (5314) 完成，共存入 5 則新聞
🚀 (2890) 掃描到 5 則新聞，開始儲存...
💾 (2890) 完成，共存入 5 則新聞
🚀 (3231) 掃描到 5 則新聞，開始儲存...
💾 (3231) 完成，共存入 5 則新聞
🚀 (6781) 掃描到 5 則新聞，開始儲存...
💾 (6781) 完成，共存入 5 則新聞
🚀 (5289) 掃描到 5 則新聞，開始儲存...
💾 (5289) 完成，共存入 5 則新聞
🚀 (3402) 掃描到 5 則新聞，開始儲存...
💾 (3402) 完成，共存入 5 則新聞
🚀 (8054) 掃描到 5 則新聞，開始儲存...
💾 (8054) 完成，共存入 5 則新聞
🚀 (6525) 掃描到 5 則新聞，開始儲存...
💾 (6525) 完成，共存入 5 則新聞
🚀 (1410) 掃描到 5 則新聞，開始儲存...
💾 (1410) 完成，共存入 5 則新聞
🚀 (3293) 掃描到 5 則新聞，開始儲存...
💾 (3293) 完成，共存入 5 則新聞
🚀 (8942) 掃描到 5 則新聞，開始儲存...
💾 (8942) 完成，共存入 5 則新聞
🚀 (4105) 掃描到 5 則新聞，開始儲存...
💾 (4105) 完成，共存入 5 則新聞
🚀 (8215) 掃描到 5 則新聞，開始儲存...
💾 (8215) 完成，共存入 5 則新聞
🚀 (5443) 掃描到 5 則新聞，開始儲存...
💾 (5443) 完成，共存入 5 則新聞
🚀 (6176) 掃描到 5 則新聞，開始儲存...
💾 (6176) 完成，共存入 5 則新聞
🚀 (6613) 掃描到 5 則新聞，開始儲存...
💾 (6613) 完成，共存入 5 則新聞
🚀 (2409) 掃描到 5 則新聞，開始儲存...
💾 (2409) 完成，共存入 5 則新聞
🚀 (4534) 掃描到 5 則新聞，開始儲存...
💾 (4534) 完成，共存入 5 則新聞
🚀 (2480) 掃描到 5 則新聞，開始儲存...
💾 (2480) 完成，共存入 5 則新聞
🚀 (6196) 掃描到 5 則新聞，開始儲存...
💾 (6196) 完成，共存入 5 則新聞
🚀 (6488) 掃描到 5 則新聞，開始儲存...
💾 (6488) 完成，共存入 5 則新聞
🚀 (2884) 掃描到 5 則新聞，開始儲存...
💾 (2884) 完成，共存入 5 則新聞
🚀 (3490) 掃描到 5 則新聞，開始儲存...
💾 (3490) 完成，共存入 5 則新聞
🚀 (8074) 掃描到 5 則新聞，開始儲存...
💾 (8074) 完成，共存入 5 則新聞
🚀 (2404) 掃描到 5 則新聞，開始儲存...
💾 (2404) 完成，共存入 5 則新聞
🚀 (2493) 掃描到 5 則新聞，開始儲存...
💾 (2493) 完成，共存入 5 則新聞
🚀 (2486) 掃描到 5 則新聞，開始儲存...
💾 (2486) 完成，共存入 5 則新聞
🚀 (6231) 掃描到 5 則新聞，開始儲存...
💾 (6231) 完成，共存入 5 則新聞
🚀 (3035) 掃描到 5 則新聞，開始儲存...
💾 (3035) 完成，共存入 5 則新聞
🚀 (5876) 掃描到 5 則新聞，開始儲存...
💾 (5876) 完成，共存入 5 則新聞
🚀 (6918) 掃描到 5 則新聞，開始儲存...
💾 (6918) 完成，共存入 5 則新聞
🚀 (2489) 掃描到 5 則新聞，開始儲存...
💾 (2489) 完成，共存入 5 則新聞
🚀 (2457) 掃描到 5 則新聞，開始儲存...
💾 (2457) 完成，共存入 5 則新聞
🚀 (5009) 掃描到 5 則新聞，開始儲存...
💾 (5009) 完成，共存入 5 則新聞
🚀 (3663) 掃描到 5 則新聞，開始儲存...
💾 (3663) 完成，共存入 5 則新聞
🚀 (8080) 掃描到 5 則新聞，開始儲存...
💾 (8080) 完成，共存入 5 則新聞
🚀 (8473) 掃描到 5 則新聞，開始儲存...
💾 (8473) 完成，共存入 5 則新聞
🚀 (2481) 掃描到 5 則新聞，開始儲存...
💾 (2481) 完成，共存入 5 則新聞
🚀 (7788) 掃描到 5 則新聞，開始儲存...
💾 (7788) 完成，共存入 5 則新聞
🚀 (8016) 掃描到 5 則新聞，開始儲存...
💾 (8016) 完成，共存入 5 則新聞
🚀 (2375) 掃描到 5 則新聞，開始儲存...
💾 (2375) 完成，共存入 5 則新聞
🚀 (6227) 掃描到 5 則新聞，開始儲存...
💾 (6227) 完成，共存入 5 則新聞
🚀 (2049) 掃描到 5 則新聞，開始儲存...
💾 (2049) 完成，共存入 5 則新聞
🚀 (7717) 掃描到 5 則新聞，開始儲存...
💾 (7717) 完成，共存入 5 則新聞
🚀 (2539) 掃描到 5 則新聞，開始儲存...
💾 (2539) 完成，共存入 5 則新聞
🚀 (2342) 掃描到 5 則新聞，開始儲存...
💾 (2342) 完成，共存入 5 則新聞
🚀 (3416) 掃描到 5 則新聞，開始儲存...
💾 (3416) 完成，共存入 5 則新聞
🚀 (7786) 掃描到 5 則新聞，開始儲存...
💾 (7786) 完成，共存入 5 則新聞
🚀 (6667) 掃描到 5 則新聞，開始儲存...
💾 (6667) 完成，共存入 5 則新聞
🚀 (3673) 掃描到 5 則新聞，開始儲存...
💾 (3673) 完成，共存入 5 則新聞
🚀 (2345) 掃描到 5 則新聞，開始儲存...
💾 (2345) 完成，共存入 5 則新聞
🚀 (9933) 掃描到 5 則新聞，開始儲存...
💾 (9933) 完成，共存入 5 則新聞
🚀 (2034) 掃描到 5 則新聞，開始儲存...
💾 (2034) 完成，共存入 5 則新聞
🚀 (3551) 掃描到 5 則新聞，開始儲存...
💾 (3551) 完成，共存入 5 則新聞
🚀 (8042) 掃描到 5 則新聞，開始儲存...
💾 (8042) 完成，共存入 5 則新聞
🚀 (6923) 掃描到 5 則新聞，開始儲存...
💾 (6923) 完成，共存入 5 則新聞
🚀 (7744) 掃描到 5 則新聞，開始儲存...
💾 (7744) 完成，共存入 5 則新聞
🚀 (2439) 掃描到 5 則新聞，開始儲存...
💾 (2439) 完成，共存入 5 則新聞
🚀 (6925) 掃描到 5 則新聞，開始儲存...
💾 (6925) 完成，共存入 5 則新聞
🚀 (3532) 掃描到 5 則新聞，開始儲存...
💾 (3532) 完成，共存入 5 則新聞
🚀 (3049) 掃描到 5 則新聞，開始儲存...
💾 (3049) 完成，共存入 5 則新聞
🚀 (6546) 掃描到 5 則新聞，開始儲存...
💾 (6546) 完成，共存入 5 則新聞
🚀 (8114) 掃描到 5 則新聞，開始儲存...
💾 (8114) 完成，共存入 5 則新聞
🚀 (2377) 掃描到 5 則新聞，開始儲存...
💾 (2377) 完成，共存入 5 則新聞
🚀 (7750) 掃描到 5 則新聞，開始儲存...
💾 (7750) 完成，共存入 5 則新聞
🚀 (1312) 掃描到 5 則新聞，開始儲存...
💾 (1312) 完成，共存入 5 則新聞
🚀 (3356) 掃描到 5 則新聞，開始儲存...
💾 (3356) 完成，共存入 5 則新聞
🚀 (4755) 掃描到 5 則新聞，開始儲存...
💾 (4755) 完成，共存入 5 則新聞
🚀 (6279) 掃描到 5 則新聞，開始儲存...
💾 (6279) 完成，共存入 5 則新聞
🚀 (5474) 掃描到 5 則新聞，開始儲存...
💾 (5474) 完成，共存入 5 則新聞
🚀 (2030) 掃描到 5 則新聞，開始儲存...
💾 (2030) 完成，共存入 5 則新聞
🚀 (2883) 掃描到 5 則新聞，開始儲存...
💾 (2883) 完成，共存入 5 則新聞
🚀 (5340) 掃描到 5 則新聞，開始儲存...
💾 (5340) 完成，共存入 5 則新聞
🚀 (8027) 掃描到 5 則新聞，開始儲存...
💾 (8027) 完成，共存入 5 則新聞
🚀 (7610) 掃描到 5 則新聞，開始儲存...
💾 (7610) 完成，共存入 5 則新聞
🚀 (5328) 掃描到 5 則新聞，開始儲存...
💾 (5328) 完成，共存入 5 則新聞
🚀 (1608) 掃描到 5 則新聞，開始儲存...
💾 (1608) 完成，共存入 5 則新聞
🚀 (5292) 掃描到 5 則新聞，開始儲存...
💾 (5292) 完成，共存入 5 則新聞
🚀 (1618) 掃描到 5 則新聞，開始儲存...
💾 (1618) 完成，共存入 5 則新聞
🚀 (8478) 掃描到 5 則新聞，開始儲存...
💾 (8478) 完成，共存入 5 則新聞
🚀 (6831) 掃描到 5 則新聞，開始儲存...
💾 (6831) 完成，共存入 5 則新聞
🚀 (8109) 掃描到 5 則新聞，開始儲存...
💾 (8109) 完成，共存入 5 則新聞
🚀 (1717) 掃描到 5 則新聞，開始儲存...
💾 (1717) 完成，共存入 5 則新聞
🚀 (4909) 掃描到 5 則新聞，開始儲存...
💾 (4909) 完成，共存入 5 則新聞
🚀 (3535) 掃描到 5 則新聞，開始儲存...
💾 (3535) 完成，共存入 5 則新聞
🚀 (6446) 掃描到 5 則新聞，開始儲存...
💾 (6446) 完成，共存入 5 則新聞
🚀 (1449) 掃描到 5 則新聞，開始儲存...
💾 (1449) 完成，共存入 5 則新聞
🚀 (2641) 掃描到 5 則新聞，開始儲存...
💾 (2641) 完成，共存入 5 則新聞
🚀 (3406) 掃描到 5 則新聞，開始儲存...
💾 (3406) 完成，共存入 5 則新聞
🚀 (6150) 掃描到 5 則新聞，開始儲存...
💾 (6150) 完成，共存入 5 則新聞
🚀 (6282) 掃描到 5 則新聞，開始儲存...
💾 (6282) 完成，共存入 5 則新聞
🚀 (3443) 掃描到 5 則新聞，開始儲存...
💾 (3443) 完成，共存入 5 則新聞
🚀 (4583) 掃描到 5 則新聞，開始儲存...
💾 (4583) 完成，共存入 5 則新聞
🚀 (7402) 掃描到 5 則新聞，開始儲存...
💾 (7402) 完成，共存入 5 則新聞
🚀 (4441) 掃描到 5 則新聞，開始儲存...
💾 (4441) 完成，共存入 5 則新聞
🚀 (2441) 掃描到 5 則新聞，開始儲存...
💾 (2441) 完成，共存入 5 則新聞
🚀 (3017) 掃描到 5 則新聞，開始儲存...
💾 (3017) 完成，共存入 5 則新聞
🚀 (2897) 掃描到 5 則新聞，開始儲存...
💾 (2897) 完成，共存入 5 則新聞
🚀 (1402) 掃描到 5 則新聞，開始儲存...
💾 (1402) 完成，共存入 5 則新聞
🚀 (2812) 掃描到 5 則新聞，開始儲存...
💾 (2812) 完成，共存入 5 則新聞
🚀 (6785) 掃描到 5 則新聞，開始儲存...
💾 (6785) 完成，共存入 5 則新聞
🚀 (6477) 掃描到 5 則新聞，開始儲存...
💾 (6477) 完成，共存入 5 則新聞
🚀 (3032) 掃描到 5 則新聞，開始儲存...
💾 (3032) 完成，共存入 5 則新聞
🚀 (5475) 掃描到 5 則新聞，開始儲存...
💾 (5475) 完成，共存入 5 則新聞
🚀 (6919) 掃描到 5 則新聞，開始儲存...
💾 (6919) 完成，共存入 5 則新聞
🚀 (3624) 掃描到 5 則新聞，開始儲存...
💾 (3624) 完成，共存入 5 則新聞
🚀 (1569) 掃描到 5 則新聞，開始儲存...
💾 (1569) 完成，共存入 5 則新聞
🚀 (6190) 掃描到 5 則新聞，開始儲存...
💾 (6190) 完成，共存入 5 則新聞
🚀 (8110) 掃描到 5 則新聞，開始儲存...
💾 (8110) 完成，共存入 5 則新聞
🚀 (2520) 掃描到 5 則新聞，開始儲存...
💾 (2520) 完成，共存入 5 則新聞
🚀 (6151) 掃描到 5 則新聞，開始儲存...
💾 (6151) 完成，共存入 5 則新聞
🚀 (6239) 掃描到 5 則新聞，開始儲存...
💾 (6239) 完成，共存入 5 則新聞
🚀 (1582) 掃描到 5 則新聞，開始儲存...
💾 (1582) 完成，共存入 5 則新聞
🚀 (1785) 掃描到 5 則新聞，開始儲存...
💾 (1785) 完成，共存入 5 則新聞
🚀 (6561) 掃描到 5 則新聞，開始儲存...
💾 (6561) 完成，共存入 5 則新聞
🚀 (2312) 掃描到 5 則新聞，開始儲存...
💾 (2312) 完成，共存入 5 則新聞
🚀 (1597) 掃描到 5 則新聞，開始儲存...
💾 (1597) 完成，共存入 5 則新聞
🚀 (7712) 掃描到 5 則新聞，開始儲存...
💾 (7712) 完成，共存入 5 則新聞
🚀 (6415) 掃描到 5 則新聞，開始儲存...
💾 (6415) 完成，共存入 5 則新聞
🚀 (5508) 掃描到 5 則新聞，開始儲存...
💾 (5508) 完成，共存入 5 則新聞
🚀 (9938) 掃描到 5 則新聞，開始儲存...
💾 (9938) 完成，共存入 5 則新聞
🚀 (3088) 掃描到 5 則新聞，開始儲存...
💾 (3088) 完成，共存入 5 則新聞
🚀 (1528) 掃描到 5 則新聞，開始儲存...
💾 (1528) 完成，共存入 5 則新聞
🚀 (3711) 掃描到 5 則新聞，開始儲存...
💾 (3711) 完成，共存入 5 則新聞
🚀 (2465) 掃描到 5 則新聞，開始儲存...
💾 (2465) 完成，共存入 5 則新聞
🚀 (6026) 掃描到 5 則新聞，開始儲存...
💾 (6026) 完成，共存入 5 則新聞
🚀 (6425) 掃描到 5 則新聞，開始儲存...
💾 (6425) 完成，共存入 5 則新聞
🚀 (3305) 掃描到 5 則新聞，開始儲存...
💾 (3305) 完成，共存入 5 則新聞
🚀 (3363) 掃描到 5 則新聞，開始儲存...
💾 (3363) 完成，共存入 5 則新聞
🚀 (4536) 掃描到 5 則新聞，開始儲存...
💾 (4536) 完成，共存入 5 則新聞
🚀 (4927) 掃描到 5 則新聞，開始儲存...
💾 (4927) 完成，共存入 5 則新聞
🚀 (4977) 掃描到 5 則新聞，開始儲存...
💾 (4977) 完成，共存入 5 則新聞
🚀 (6284) 掃描到 5 則新聞，開始儲存...
💾 (6284) 完成，共存入 5 則新聞
🚀 (1325) 掃描到 5 則新聞，開始儲存...
💾 (1325) 完成，共存入 5 則新聞
🚀 (2834) 掃描到 5 則新聞，開始儲存...
💾 (2834) 完成，共存入 5 則新聞
🚀 (4563) 掃描到 5 則新聞，開始儲存...
💾 (4563) 完成，共存入 5 則新聞
🚀 (2329) 掃描到 5 則新聞，開始儲存...
💾 (2329) 完成，共存入 5 則新聞
🚀 (5371) 掃描到 5 則新聞，開始儲存...
💾 (5371) 完成，共存入 5 則新聞
🚀 (8227) 掃描到 5 則新聞，開始儲存...
💾 (8227) 完成，共存入 5 則新聞
🚀 (4739) 掃描到 5 則新聞，開始儲存...
💾 (4739) 完成，共存入 5 則新聞
🚀 (2201) 掃描到 5 則新聞，開始儲存...
💾 (2201) 完成，共存入 5 則新聞
🚀 (3685) 掃描到 5 則新聞，開始儲存...
💾 (3685) 完成，共存入 5 則新聞
🚀 (3665) 掃描到 5 則新聞，開始儲存...
💾 (3665) 完成，共存入 5 則新聞
🚀 (5274) 掃描到 5 則新聞，開始儲存...
💾 (5274) 完成，共存入 5 則新聞
🚀 (2535) 掃描到 5 則新聞，開始儲存...
💾 (2535) 完成，共存入 5 則新聞
🚀 (3038) 掃描到 5 則新聞，開始儲存...
💾 (3038) 完成，共存入 5 則新聞
🚀 (1506) 掃描到 5 則新聞，開始儲存...
💾 (1506) 完成，共存入 5 則新聞
🚀 (5534) 掃描到 5 則新聞，開始儲存...
💾 (5534) 完成，共存入 5 則新聞
🚀 (2382) 掃描到 5 則新聞，開始儲存...
💾 (2382) 完成，共存入 5 則新聞
🚀 (6725) 掃描到 5 則新聞，開始儲存...
💾 (6725) 完成，共存入 5 則新聞
🚀 (2836) 掃描到 5 則新聞，開始儲存...
💾 (2836) 完成，共存入 5 則新聞
🚀 (6913) 掃描到 5 則新聞，開始儲存...
💾 (6913) 完成，共存入 5 則新聞
🚀 (5483) 掃描到 5 則新聞，開始儲存...
💾 (5483) 完成，共存入 5 則新聞
🚀 (5425) 掃描到 5 則新聞，開始儲存...
💾 (5425) 完成，共存入 5 則新聞
🚀 (3491) 掃描到 5 則新聞，開始儲存...
💾 (3491) 完成，共存入 5 則新聞
🚀 (6903) 掃描到 5 則新聞，開始儲存...
💾 (6903) 完成，共存入 5 則新聞
🚀 (2317) 掃描到 5 則新聞，開始儲存...
💾 (2317) 完成，共存入 5 則新聞
🚀 (4772) 掃描到 5 則新聞，開始儲存...
💾 (4772) 完成，共存入 5 則新聞
🚀 (2374) 掃描到 5 則新聞，開始儲存...
💾 (2374) 完成，共存入 5 則新聞
🚀 (2845) 掃描到 5 則新聞，開始儲存...
💾 (2845) 完成，共存入 5 則新聞
🚀 (8240) 掃描到 5 則新聞，開始儲存...
💾 (8240) 完成，共存入 5 則新聞
🚀 (2645) 掃描到 5 則新聞，開始儲存...
💾 (2645) 完成，共存入 5 則新聞
🚀 (3596) 掃描到 5 則新聞，開始儲存...
💾 (3596) 完成，共存入 5 則新聞
🚀 (4562) 掃描到 5 則新聞，開始儲存...
💾 (4562) 完成，共存入 5 則新聞
🚀 (9921) 掃描到 5 則新聞，開始儲存...
🚀 (3346) 掃描到 5 則新聞，開始儲存...
💾 (9921) 完成，共存入 5 則新聞
💾 (3346) 完成，共存入 5 則新聞
🚀 (6152) 掃描到 5 則新聞，開始儲存...
💾 (6152) 完成，共存入 5 則新聞
🚀 (6206) 掃描到 5 則新聞，開始儲存...
💾 (6206) 完成，共存入 5 則新聞
🚀 (3693) 掃描到 5 則新聞，開始儲存...
💾 (3693) 完成，共存入 5 則新聞
🚀 (6257) 掃描到 5 則新聞，開始儲存...
💾 (6257) 完成，共存入 5 則新聞
🚀 (2308) 掃描到 5 則新聞，開始儲存...
💾 (2308) 完成，共存入 5 則新聞
🚀 (6895) 掃描到 5 則新聞，開始儲存...
💾 (6895) 完成，共存入 5 則新聞
🚀 (2472) 掃描到 5 則新聞，開始儲存...
💾 (2472) 完成，共存入 5 則新聞
🚀 (1612) 掃描到 5 則新聞，開始儲存...
💾 (1612) 完成，共存入 5 則新聞
🚀 (3533) 掃描到 5 則新聞，開始儲存...
💾 (3533) 完成，共存入 5 則新聞
🚀 (2537) 掃描到 5 則新聞，開始儲存...
💾 (2537) 完成，共存入 5 則新聞
🚀 (5871) 掃描到 5 則新聞，開始儲存...
💾 (5871) 完成，共存入 5 則新聞
🚀 (5228) 掃描到 5 則新聞，開始儲存...
💾 (5228) 完成，共存入 5 則新聞
🚀 (3374) 掃描到 5 則新聞，開始儲存...
💾 (3374) 完成，共存入 5 則新聞
🚀 (3027) 掃描到 5 則新聞，開始儲存...
💾 (3027) 完成，共存入 5 則新聞
🚀 (1308) 掃描到 5 則新聞，開始儲存...
💾 (1308) 完成，共存入 5 則新聞
🚀 (2368) 掃描到 5 則新聞，開始儲存...
💾 (2368) 完成，共存入 5 則新聞
🚀 (2634) 掃描到 5 則新聞，開始儲存...
💾 (2634) 完成，共存入 5 則新聞
🚀 (6994) 掃描到 5 則新聞，開始儲存...
💾 (6994) 完成，共存入 5 則新聞
🚀 (6803) 掃描到 5 則新聞，開始儲存...
💾 (6803) 完成，共存入 5 則新聞
🚀 (6462) 掃描到 5 則新聞，開始儲存...
💾 (6462) 完成，共存入 5 則新聞
🚀 (9955) 掃描到 5 則新聞，開始儲存...
💾 (9955) 完成，共存入 5 則新聞
🚀 (6146) 掃描到 5 則新聞，開始儲存...
💾 (6146) 完成，共存入 5 則新聞
🚀 (3028) 掃描到 5 則新聞，開始儲存...
💾 (3028) 完成，共存入 5 則新聞
🚀 (8163) 掃描到 5 則新聞，開始儲存...
💾 (8163) 完成，共存入 5 則新聞
🚀 (1514) 掃描到 5 則新聞，開始儲存...
💾 (1514) 完成，共存入 5 則新聞
🚀 (1714) 掃描到 5 則新聞，開始儲存...
💾 (1714) 完成，共存入 5 則新聞
🚀 (8467) 掃描到 5 則新聞，開始儲存...
💾 (8467) 完成，共存入 5 則新聞
🚀 (6715) 掃描到 5 則新聞，開始儲存...
💾 (6715) 完成，共存入 5 則新聞
🚀 (3567) 掃描到 5 則新聞，開始儲存...
💾 (3567) 完成，共存入 5 則新聞
🚀 (7722) 掃描到 5 則新聞，開始儲存...
💾 (7722) 完成，共存入 5 則新聞
🚀 (8111) 掃描到 5 則新聞，開始儲存...
💾 (8111) 完成，共存入 5 則新聞
🚀 (6541) 掃描到 5 則新聞，開始儲存...
💾 (6541) 完成，共存入 5 則新聞
🚀 (3033) 掃描到 5 則新聞，開始儲存...
💾 (3033) 完成，共存入 5 則新聞
🚀 (3338) 掃描到 5 則新聞，開始儲存...
💾 (3338) 完成，共存入 5 則新聞
🚀 (6558) 掃描到 5 則新聞，開始儲存...
💾 (6558) 完成，共存入 5 則新聞
🚀 (1712) 掃描到 5 則新聞，開始儲存...
💾 (1712) 完成，共存入 5 則新聞
🚀 (6526) 掃描到 5 則新聞，開始儲存...
💾 (6526) 完成，共存入 5 則新聞
🚀 (6202) 掃描到 5 則新聞，開始儲存...
💾 (6202) 完成，共存入 5 則新聞

🎉 [熱門股] 全部處理完成！
⏱️ 總耗時: 856.40 秒
[週二 2026/06/16 13:03:57.70] Running cnyes hot... 
d:\StockPulse\stocks_news\cnyes\crawler_hot.py:411: DeprecationWarning: 'asyncio.WindowsSelectorEventLoopPolicy' is deprecated and slated for removal in Python 3.16
  asyncio.set_event_loop_policy(asyncio.WindowsSelectorEventLoopPolicy())
d:\StockPulse\stocks_news\cnyes\crawler_hot.py:411: DeprecationWarning: 'asyncio.set_event_loop_policy' is deprecated and slated for removal in Python 3.16
  asyncio.set_event_loop_policy(asyncio.WindowsSelectorEventLoopPolicy())
[熱門股] Crawler started
Total stocks: 974
Completed: 0
Remaining: 974
Config: concurrency=5, days_filter=3

[START] Processing 974 tasks (max concurrency: 5)...

[START] (8261) Found 63 total news, 3 pages
[START] (2501) Found 29 total news, 2 pages
[START] (6903) Found 22 total news, 1 pages
[START] (7714) Found 13 total news, 1 pages
[START] (6840) Found 15 total news, 1 pages
   Page 2/3: +25 news
   Page 2/2: +4 news
   Page 3/3: +13 news
[DONE] (8261) Saved 3 news items
[START] (2317) Found 316 total news, 13 pages
[START] (1618) Found 13 total news, 1 pages
   Page 2/13: +25 news
[START] (1907) Found 19 total news, 1 pages
[START] (6197) Found 39 total news, 2 pages
[START] (2302) Found 44 total news, 2 pages
[START] (4977) Found 90 total news, 4 pages
   Page 3/13: +25 news
   Page 2/2: +14 news
   Page 2/4: +25 news
[START] (8121) Found 66 total news, 3 pages
   Page 2/2: +19 news
[DONE] (2302) Saved 3 news items
[START] (6231) Found 34 total news, 2 pages
   Page 4/13: +25 news
   Page 3/4: +25 news
   Page 2/2: +9 news
   Page 2/3: +25 news
   Page 4/4: +15 news
   Page 5/13: +25 news
[START] (6603) Found 19 total news, 1 pages
   Page 3/3: +16 news
[DONE] (8121) Saved 4 news items
   Page 6/13: +25 news
[START] (3030) Found 55 total news, 3 pages
[START] (3592) Found 15 total news, 1 pages
   Page 7/13: +25 news
[START] (8109) Found 11 total news, 1 pages
[START] (6739) Found 31 total news, 2 pages
   Page 2/3: +25 news
   Page 8/13: +25 news
   Page 2/2: +6 news
[START] (2543) Found 26 total news, 2 pages
   Page 3/3: +5 news
[DONE] (3030) Saved 1 news items
   Page 9/13: +25 news
[START] (7749) Found 16 total news, 1 pages
   Page 2/2: +1 news
   Page 10/13: +25 news
[START] (6182) Found 106 total news, 5 pages
   Page 11/13: +25 news
[START] (3693) Found 29 total news, 2 pages
[START] (6133) Found 15 total news, 1 pages
   Page 2/5: +25 news
   Page 12/13: +25 news
[START] (2504) Found 16 total news, 1 pages
[DONE] (2504) Saved 1 news items
   Page 2/2: +4 news
   Page 13/13: +16 news
[DONE] (2317) Saved 7 news items
[START] (4949) Found 28 total news, 2 pages
   Page 3/5: +25 news
   Page 4/5: +25 news
[START] (6138) Found 37 total news, 2 pages
   Page 2/2: +3 news
[START] (3529) Found 51 total news, 3 pages
[START] (5225) Found 22 total news, 1 pages
   Page 5/5: +6 news
[DONE] (6182) Saved 7 news items
   Page 2/3: +25 news
   Page 2/2: +12 news
   Page 3/3: +1 news
[DONE] (3529) Saved 1 news items
[START] (6456) Found 52 total news, 3 pages
[START] (5706) Found 17 total news, 1 pages
[START] (3490) Found 28 total news, 2 pages
[START] (8086) Found 36 total news, 2 pages
   Page 2/3: +25 news
   Page 2/2: +3 news
   Page 3/3: +2 news
[DONE] (6456) Saved 2 news items
   Page 2/2: +11 news
[DONE] (8086) Saved 1 news items
[START] (8105) Found 30 total news, 2 pages
   Page 2/2: +5 news
[START] (3055) Found 45 total news, 2 pages
   Page 2/2: +20 news
[START] (4763) Found 11 total news, 1 pages
[START] (2392) Found 31 total news, 2 pages
[START] (6442) Found 86 total news, 4 pages
   Page 2/2: +6 news
[START] (1304) Found 29 total news, 2 pages
   Page 2/4: +25 news
[START] (6425) Found 35 total news, 2 pages
[START] (8033) Found 26 total news, 2 pages
   Page 2/2: +4 news
   Page 3/4: +25 news
   Page 2/2: +10 news
   Page 2/2: +1 news
[START] (8438) Found 14 total news, 1 pages
   Page 4/4: +11 news
[START] (2528) Found 31 total news, 2 pages
[START] (2207) Found 31 total news, 2 pages
   Page 2/2: +6 news
[DONE] (2528) Saved 2 news items
[START] (8114) Found 39 total news, 2 pages
[START] (8110) Found 30 total news, 2 pages
[START] (1402) Found 73 total news, 3 pages
   Page 2/2: +6 news
[DONE] (2207) Saved 1 news items
   Page 2/2: +5 news
   Page 2/2: +14 news
   Page 2/3: +25 news
[START] (2548) Found 41 total news, 2 pages
[START] (6732) Found 18 total news, 1 pages
   Page 3/3: +23 news
[DONE] (1402) Saved 8 news items
[START] (1503) Found 32 total news, 2 pages
[START] (3537) Found 45 total news, 2 pages
   Page 2/2: +16 news
[DONE] (2548) Saved 3 news items
   Page 2/2: +7 news
[START] (6664) Found 17 total news, 1 pages
   Page 2/2: +20 news
[DONE] (3537) Saved 1 news items
[START] (2062) Found 14 total news, 1 pages
[START] (6962) Found 9 total news, 1 pages
[START] (1789) Found 10 total news, 1 pages
[START] (1526) Found 4 total news, 1 pages
[START] (6176) Found 47 total news, 2 pages
[START] (3211) Found 39 total news, 2 pages
[START] (2376) Found 70 total news, 3 pages
[START] (1810) Found 24 total news, 1 pages
[START] (4722) Found 62 total news, 3 pages
   Page 2/2: +22 news
   Page 2/3: +25 news
   Page 2/2: +14 news
   Page 2/3: +25 news
   Page 3/3: +20 news
[DONE] (2376) Saved 1 news items
   Page 3/3: +12 news
[START] (3702) Found 65 total news, 3 pages
[DONE] (4722) Saved 5 news items
[START] (3294) Found 28 total news, 2 pages
[START] (5392) Found 35 total news, 2 pages
   Page 2/2: +3 news
[DONE] (3294) Saved 2 news items
   Page 2/3: +25 news
   Page 2/2: +10 news
[DONE] (5392) Saved 1 news items
   Page 3/3: +15 news
[DONE] (3702) Saved 6 news items
[START] (2880) Found 126 total news, 6 pages
[START] (1515) Found 24 total news, 1 pages
   Page 2/6: +25 news
[START] (3653) Found 80 total news, 4 pages
[START] (6830) Found 27 total news, 2 pages
   Page 3/6: +25 news
   Page 2/2: +2 news
[DONE] (6830) Saved 1 news items
[START] (4973) Found 71 total news, 3 pages
   Page 2/4: +25 news
[START] (6275) Found 19 total news, 1 pages
   Page 4/6: +25 news
   Page 2/3: +25 news
   Page 3/4: +25 news
   Page 3/3: +21 news
[START] (2049) Found 28 total news, 2 pages
[DONE] (4973) Saved 5 news items
   Page 5/6: +25 news
[START] (8215) Found 36 total news, 2 pages
   Page 4/4: +5 news
[DONE] (3653) Saved 2 news items
   Page 2/2: +3 news
[DONE] (2049) Saved 1 news items
   Page 6/6: +1 news
[DONE] (2880) Saved 9 news items
   Page 2/2: +11 news
[DONE] (8215) Saved 2 news items
[START] (2353) Found 101 total news, 5 pages
[START] (4958) Found 176 total news, 8 pages
[START] (7736) Found 7 total news, 1 pages
   Page 2/5: +25 news
[START] (6530) Found 33 total news, 2 pages
   Page 2/8: +25 news
[START] (6205) Found 58 total news, 3 pages
   Page 3/5: +25 news
   Page 2/2: +8 news
[START] (9105) Found 23 total news, 1 pages
[DONE] (9105) Saved 1 news items
   Page 3/8: +25 news
   Page 2/3: +25 news
   Page 4/5: +25 news
   Page 4/8: +25 news
[START] (5269) Found 35 total news, 2 pages
   Page 3/3: +8 news
   Page 5/5: +1 news
[DONE] (2353) Saved 1 news items
[START] (5222) Found 10 total news, 1 pages
   Page 5/8: +25 news
   Page 2/2: +10 news
   Page 6/8: +25 news
[START] (2609) Found 66 total news, 3 pages
[START] (4746) Found 6 total news, 1 pages
   Page 7/8: +25 news
   Page 2/3: +25 news
[START] (6472) Found 51 total news, 3 pages
[START] (4104) Found 9 total news, 1 pages
   Page 2/3: +25 news
   Page 8/8: +1 news
[DONE] (4958) Saved 4 news items
   Page 3/3: +16 news
[DONE] (2609) Saved 6 news items
[START] (1319) Found 20 total news, 1 pages
[DONE] (1319) Saved 3 news items
   Page 3/3: +1 news
[DONE] (6472) Saved 2 news items
[START] (2387) Found 10 total news, 1 pages
[START] (2408) Found 233 total news, 10 pages
[START] (2359) Found 24 total news, 1 pages
[START] (8467) Found 14 total news, 1 pages
   Page 2/10: +25 news
[START] (3312) Found 41 total news, 2 pages
   Page 2/2: +16 news
   Page 3/10: +25 news
[START] (3540) Found 12 total news, 1 pages
[DONE] (3540) Saved 2 news items
[START] (1102) Found 35 total news, 2 pages
   Page 4/10: +25 news
[START] (6531) Found 86 total news, 4 pages
   Page 2/2: +10 news
[DONE] (1102) Saved 2 news items
[START] (6757) Found 8 total news, 1 pages
   Page 5/10: +25 news
[START] (2115) Found 15 total news, 1 pages
   Page 2/4: +25 news
   Page 3/4: +25 news
[START] (3042) Found 72 total news, 3 pages
[START] (8271) Found 50 total news, 2 pages
   Page 6/10: +25 news
   Page 2/3: +25 news
   Page 4/4: +11 news
[DONE] (6531) Saved 1 news items
   Page 7/10: +25 news
[START] (3022) Found 20 total news, 1 pages
   Page 2/2: +25 news
[DONE] (8271) Saved 1 news items
   Page 3/3: +22 news
[DONE] (3042) Saved 5 news items
   Page 8/10: +25 news
[START] (6163) Found 25 total news, 1 pages
[START] (2404) Found 42 total news, 2 pages
[START] (2108) Found 21 total news, 1 pages
[START] (3708) Found 34 total news, 2 pages
   Page 9/10: +25 news
   Page 2/2: +17 news
[DONE] (2404) Saved 9 news items
   Page 10/10: +8 news
[DONE] (2408) Saved 6 news items
   Page 2/2: +9 news
[DONE] (3708) Saved 3 news items
[START] (6499) Found 17 total news, 1 pages
[START] (3227) Found 24 total news, 1 pages
[DONE] (3227) Saved 1 news items
[START] (2413) Found 27 total news, 2 pages
[START] (3036) Found 77 total news, 4 pages
[START] (9914) Found 19 total news, 1 pages
   Page 2/2: +2 news
[DONE] (2413) Saved 3 news items
[START] (7712) Found 27 total news, 2 pages
   Page 2/4: +25 news
[START] (3450) Found 81 total news, 4 pages
   Page 2/2: +2 news
[DONE] (7712) Saved 1 news items
   Page 3/4: +25 news
   Page 2/4: +25 news
[START] (3685) Found 14 total news, 1 pages
[START] (2104) Found 10 total news, 1 pages
   Page 3/4: +25 news
   Page 4/4: +2 news
   Page 4/4: +6 news
[DONE] (3450) Saved 3 news items
[START] (6669) Found 82 total news, 4 pages
[START] (6763) Found 15 total news, 1 pages
[DONE] (6763) Saved 1 news items
   Page 2/4: +25 news
[START] (9934) Found 10 total news, 1 pages
[START] (5292) Found 9 total news, 1 pages
[START] (4114) Found 14 total news, 1 pages
   Page 3/4: +25 news
[START] (2495) Found 26 total news, 2 pages
   Page 4/4: +7 news
[DONE] (6669) Saved 4 news items
[START] (3289) Found 29 total news, 2 pages
[START] (6568) Found 33 total news, 2 pages
[START] (6535) Found 18 total news, 1 pages
   Page 2/2: +1 news
   Page 2/2: +8 news
   Page 2/2: +4 news
[START] (3530) Found 16 total news, 1 pages
[START] (6192) Found 9 total news, 1 pages
[START] (2466) Found 16 total news, 1 pages
[START] (1312) Found 42 total news, 2 pages
[START] (2458) Found 24 total news, 1 pages
[DONE] (2458) Saved 1 news items
[START] (3060) Found 17 total news, 1 pages
[DONE] (3060) Saved 3 news items
[START] (1229) Found 16 total news, 1 pages
   Page 2/2: +17 news
[DONE] (1312) Saved 1 news items
[START] (3049) Found 41 total news, 2 pages
[START] (2465) Found 40 total news, 2 pages
[START] (6550) Found 29 total news, 2 pages
   Page 2/2: +16 news
[DONE] (3049) Saved 2 news items
[START] (2867) Found 20 total news, 1 pages
   Page 2/2: +15 news
[DONE] (2465) Saved 2 news items
   Page 2/2: +4 news
[START] (6126) Found 37 total news, 2 pages
[START] (6515) Found 61 total news, 3 pages
[START] (4164) Found 39 total news, 2 pages
[START] (2640) Found 9 total news, 1 pages
   Page 2/3: +25 news
   Page 2/2: +12 news
[DONE] (6126) Saved 6 news items
[START] (2607) Found 13 total news, 1 pages
   Page 3/3: +11 news
[DONE] (6515) Saved 1 news items
   Page 2/2: +14 news
[START] (5381) Found 28 total news, 2 pages
[START] (6591) Found 16 total news, 1 pages
[START] (6417) Found 18 total news, 1 pages
[DONE] (6417) Saved 1 news items
[START] (2383) Found 99 total news, 4 pages
[START] (3717) Found 11 total news, 1 pages
[DONE] (3717) Saved 2 news items
   Page 2/2: +3 news
   Page 2/4: +25 news
[START] (6691) Found 11 total news, 1 pages
[DONE] (6691) Saved 1 news items
[START] (4770) Found 13 total news, 1 pages
   Page 3/4: +25 news
[START] (2812) Found 20 total news, 1 pages
[START] (8080) Found 10 total news, 1 pages
   Page 4/4: +24 news
[DONE] (2383) Saved 1 news items
[START] (1419) Found 18 total news, 1 pages
[START] (9802) Found 8 total news, 1 pages
[START] (3673) Found 43 total news, 2 pages
[START] (2360) Found 70 total news, 3 pages
[START] (3037) Found 170 total news, 7 pages
[START] (7717) Found 30 total news, 2 pages
   Page 2/2: +18 news
   Page 2/7: +25 news
   Page 2/3: +25 news
[START] (2439) Found 22 total news, 1 pages
   Page 2/2: +5 news
[START] (7402) Found 13 total news, 1 pages
   Page 3/7: +25 news
   Page 3/3: +20 news
[DONE] (2360) Saved 1 news items
[START] (2340) Found 47 total news, 2 pages
[START] (6143) Found 10 total news, 1 pages
[START] (2636) Found 24 total news, 1 pages
   Page 4/7: +25 news
   Page 2/2: +22 news
[DONE] (2340) Saved 4 news items
   Page 5/7: +25 news
[START] (6953) Found 21 total news, 1 pages
[START] (6870) Found 37 total news, 2 pages
   Page 6/7: +25 news
[START] (3356) Found 24 total news, 1 pages
[DONE] (3356) Saved 1 news items
   Page 2/2: +12 news
   Page 7/7: +20 news
[DONE] (3037) Saved 2 news items
[START] (2464) Found 92 total news, 4 pages
[START] (8081) Found 31 total news, 2 pages
[START] (2355) Found 45 total news, 2 pages
   Page 2/2: +6 news
   Page 2/4: +25 news
[START] (2885) Found 119 total news, 5 pages
[START] (6112) Found 15 total news, 1 pages
   Page 2/2: +20 news
[DONE] (2355) Saved 1 news items
   Page 2/5: +25 news
   Page 3/4: +25 news
   Page 3/5: +25 news
[START] (2258) Found 23 total news, 1 pages
   Page 4/4: +17 news
[DONE] (2464) Saved 5 news items
[START] (6486) Found 10 total news, 1 pages
[START] (6189) Found 18 total news, 1 pages
[START] (8415) Found 11 total news, 1 pages
   Page 4/5: +25 news
[START] (2467) Found 65 total news, 3 pages
[START] (6449) Found 65 total news, 3 pages
   Page 5/5: +19 news
[DONE] (2885) Saved 5 news items
[START] (6015) Found 25 total news, 1 pages
   Page 2/3: +25 news
   Page 2/3: +25 news
[START] (2305) Found 47 total news, 2 pages
   Page 3/3: +15 news
   Page 2/2: +22 news
[DONE] (2305) Saved 3 news items
   Page 3/3: +15 news
[DONE] (6449) Saved 8 news items
[START] (6862) Found 31 total news, 2 pages
[START] (4583) Found 15 total news, 1 pages
[START] (3324) Found 69 total news, 3 pages
   Page 2/2: +6 news
[DONE] (6862) Saved 2 news items
[START] (6146) Found 15 total news, 1 pages
   Page 2/3: +25 news
[START] (6265) Found 54 total news, 3 pages
[START] (2352) Found 47 total news, 2 pages
   Page 3/3: +19 news
[START] (2023) Found 14 total news, 1 pages
   Page 2/2: +22 news
[START] (3029) Found 26 total news, 2 pages
   Page 2/3: +25 news
[START] (8046) Found 105 total news, 5 pages
   Page 3/3: +4 news
   Page 2/2: +1 news
[DONE] (3029) Saved 1 news items
   Page 2/5: +25 news
[START] (2375) Found 71 total news, 3 pages
[START] (1325) Found 6 total news, 1 pages
   Page 3/5: +25 news
   Page 2/3: +25 news
[START] (6722) Found 16 total news, 1 pages
[DONE] (6722) Saved 1 news items
[START] (4105) Found 13 total news, 1 pages
[START] (6215) Found 31 total news, 2 pages
   Page 3/3: +21 news
[DONE] (2375) Saved 4 news items
   Page 4/5: +25 news
[START] (1524) Found 12 total news, 1 pages
   Page 2/2: +6 news
[START] (1708) Found 17 total news, 1 pages
   Page 5/5: +5 news
[DONE] (8046) Saved 2 news items
[START] (2417) Found 36 total news, 2 pages
[START] (6190) Found 34 total news, 2 pages
[START] (2014) Found 9 total news, 1 pages
[START] (1101) Found 50 total news, 2 pages
[START] (4533) Found 17 total news, 1 pages
   Page 2/2: +11 news
   Page 2/2: +9 news
   Page 2/2: +25 news
[DONE] (1101) Saved 2 news items
[START] (2401) Found 27 total news, 2 pages
[START] (6274) Found 100 total news, 4 pages
[START] (3628) Found 16 total news, 1 pages
   Page 2/2: +2 news
[DONE] (2401) Saved 2 news items
[START] (1216) Found 48 total news, 2 pages
   Page 2/4: +25 news
[START] (1611) Found 17 total news, 1 pages
   Page 2/2: +23 news
   Page 3/4: +25 news
[START] (8039) Found 62 total news, 3 pages
[START] (8103) Found 37 total news, 2 pages
[START] (3406) Found 46 total news, 2 pages
   Page 4/4: +25 news
[DONE] (6274) Saved 2 news items
   Page 2/2: +12 news
   Page 2/3: +25 news
   Page 2/2: +21 news
[DONE] (3406) Saved 6 news items
[START] (3081) Found 112 total news, 5 pages
   Page 3/3: +12 news
   Page 2/5: +25 news
[START] (8043) Found 98 total news, 4 pages
[START] (4577) Found 14 total news, 1 pages
[START] (4903) Found 28 total news, 2 pages
   Page 3/5: +25 news
[START] (2442) Found 13 total news, 1 pages
[START] (7805) Found 4 total news, 1 pages
   Page 2/4: +25 news
   Page 4/5: +25 news
   Page 2/2: +3 news
   Page 3/4: +25 news
[START] (6191) Found 28 total news, 2 pages
   Page 5/5: +12 news
[DONE] (3081) Saved 1 news items
   Page 2/2: +3 news
[DONE] (6191) Saved 2 news items
   Page 4/4: +23 news
[DONE] (8043) Saved 6 news items
[START] (3088) Found 15 total news, 1 pages
[START] (6592) Found 18 total news, 1 pages
[START] (3162) Found 44 total news, 2 pages
[START] (5315) Found 14 total news, 1 pages
[DONE] (5315) Saved 1 news items
   Page 2/2: +19 news
[START] (1786) Found 24 total news, 1 pages
[START] (6957) Found 3 total news, 1 pages
[START] (1231) Found 6 total news, 1 pages
[START] (3217) Found 16 total news, 1 pages
[START] (6233) Found 14 total news, 1 pages
[START] (4543) Found 16 total news, 1 pages
[START] (6213) Found 51 total news, 3 pages
[START] (4147) Found 20 total news, 1 pages
   Page 2/3: +25 news
[START] (2371) Found 28 total news, 2 pages
   Page 3/3: +1 news
[DONE] (6213) Saved 1 news items
[START] (1597) Found 51 total news, 3 pages
[START] (2441) Found 24 total news, 1 pages
   Page 2/2: +3 news
   Page 2/3: +25 news
[START] (8436) Found 9 total news, 1 pages
   Page 3/3: +1 news
[START] (2912) Found 34 total news, 2 pages
[START] (6541) Found 18 total news, 1 pages
[START] (5474) Found 26 total news, 2 pages
[START] (2421) Found 32 total news, 2 pages
   Page 2/2: +9 news
[DONE] (2912) Saved 1 news items
   Page 2/2: +7 news
   Page 2/2: +1 news
[START] (2630) Found 15 total news, 1 pages
[START] (2208) Found 12 total news, 1 pages
[START] (4938) Found 52 total news, 3 pages
[START] (4513) Found 24 total news, 1 pages
[DONE] (4513) Saved 3 news items
   Page 2/3: +25 news
[START] (9904) Found 28 total news, 2 pages
[START] (1723) Found 10 total news, 1 pages
   Page 2/2: +3 news
   Page 3/3: +2 news
[START] (3609) Found 25 total news, 1 pages
[START] (2426) Found 71 total news, 3 pages
[START] (2331) Found 36 total news, 2 pages
[START] (6613) Found 43 total news, 2 pages
[START] (3443) Found 118 total news, 5 pages
   Page 2/3: +25 news
   Page 2/5: +25 news
   Page 2/2: +18 news
[START] (2344) Found 273 total news, 11 pages
[DONE] (6613) Saved 7 news items
   Page 3/3: +21 news
[DONE] (2426) Saved 5 news items
   Page 3/5: +25 news
   Page 2/2: +11 news
   Page 2/11: +25 news
   Page 4/5: +25 news
   Page 3/11: +25 news
[START] (8044) Found 42 total news, 2 pages
[START] (6869) Found 19 total news, 1 pages
   Page 5/5: +18 news
[DONE] (3443) Saved 5 news items
   Page 2/2: +17 news
[DONE] (8044) Saved 1 news items
[START] (8042) Found 97 total news, 4 pages
   Page 4/11: +25 news
   Page 2/4: +25 news
[START] (6670) Found 16 total news, 1 pages
   Page 5/11: +25 news
   Page 3/4: +25 news
[START] (3004) Found 34 total news, 2 pages
[START] (3056) Found 11 total news, 1 pages
   Page 6/11: +25 news
   Page 2/2: +9 news
[START] (3008) Found 100 total news, 4 pages
   Page 4/4: +22 news
[DONE] (8042) Saved 7 news items
   Page 7/11: +25 news
   Page 2/4: +25 news
[START] (7740) Found 17 total news, 1 pages
[DONE] (7740) Saved 1 news items
[START] (2356) Found 101 total news, 5 pages
[START] (1517) Found 8 total news, 1 pages
   Page 8/11: +25 news
   Page 2/5: +25 news
   Page 3/4: +25 news
   Page 9/11: +25 news
[START] (6753) Found 14 total news, 1 pages
   Page 3/5: +25 news
[START] (2540) Found 20 total news, 1 pages
   Page 4/4: +25 news
[DONE] (3008) Saved 8 news items
   Page 10/11: +25 news
   Page 4/5: +25 news
   Page 11/11: +23 news
[DONE] (2344) Saved 9 news items
[START] (6588) Found 47 total news, 2 pages
   Page 5/5: +1 news
[START] (1442) Found 6 total news, 1 pages
[START] (3149) Found 43 total news, 2 pages
   Page 2/2: +22 news
[DONE] (6588) Saved 3 news items
   Page 2/2: +18 news
[DONE] (3149) Saved 1 news items
[START] (1712) Found 20 total news, 1 pages
[START] (2889) Found 56 total news, 3 pages
[START] (3715) Found 52 total news, 3 pages
[START] (1303) Found 101 total news, 5 pages
   Page 2/3: +25 news
[START] (2612) Found 25 total news, 1 pages
   Page 2/3: +25 news
   Page 2/5: +25 news
[START] (6768) Found 21 total news, 1 pages
   Page 3/3: +6 news
[DONE] (2889) Saved 2 news items
   Page 3/3: +2 news
[START] (1727) Found 50 total news, 2 pages
   Page 3/5: +25 news
   Page 4/5: +25 news
[START] (9939) Found 27 total news, 2 pages
[START] (3665) Found 71 total news, 3 pages
   Page 2/2: +25 news
[START] (7711) Found 21 total news, 1 pages
   Page 5/5: +1 news
[DONE] (1303) Saved 3 news items
   Page 2/2: +2 news
   Page 2/3: +25 news
[START] (6278) Found 68 total news, 3 pages
   Page 3/3: +21 news
[DONE] (3665) Saved 1 news items
[START] (2634) Found 18 total news, 1 pages
   Page 2/3: +25 news
[START] (3580) Found 43 total news, 2 pages
[START] (5483) Found 56 total news, 3 pages
   Page 3/3: +18 news
[DONE] (6278) Saved 1 news items
   Page 2/2: +18 news
[START] (8227) Found 16 total news, 1 pages
   Page 2/3: +25 news
[START] (3605) Found 37 total news, 2 pages
   Page 3/3: +6 news
[DONE] (5483) Saved 4 news items
   Page 2/2: +12 news
[DONE] (3605) Saved 1 news items
[START] (6625) Found 5 total news, 1 pages
[START] (3317) Found 24 total news, 1 pages
[START] (8234) Found 25 total news, 1 pages
[START] (5478) Found 16 total news, 1 pages
[DONE] (5478) Saved 3 news items
[START] (6505) Found 44 total news, 2 pages
[START] (6414) Found 38 total news, 2 pages
[START] (2332) Found 25 total news, 1 pages
[DONE] (2332) Saved 2 news items
[START] (2363) Found 23 total news, 1 pages
[START] (6854) Found 26 total news, 2 pages
   Page 2/2: +13 news
[DONE] (6414) Saved 1 news items
   Page 2/2: +19 news
   Page 2/2: +1 news
[START] (4939) Found 61 total news, 3 pages
[START] (2834) Found 50 total news, 2 pages
[START] (1560) Found 36 total news, 2 pages
[START] (3380) Found 46 total news, 2 pages
   Page 2/3: +25 news
   Page 2/2: +25 news
[DONE] (2834) Saved 1 news items
   Page 2/2: +11 news
[DONE] (1560) Saved 1 news items
   Page 2/2: +21 news
[DONE] (3380) Saved 2 news items
   Page 3/3: +11 news
[DONE] (4939) Saved 3 news items
[START] (2481) Found 112 total news, 5 pages
[START] (3714) Found 55 total news, 3 pages
   Page 2/5: +25 news
[START] (4768) Found 12 total news, 1 pages
[START] (2337) Found 186 total news, 8 pages
   Page 2/3: +25 news
[START] (5351) Found 37 total news, 2 pages
   Page 3/5: +25 news
   Page 2/2: +12 news
[START] (7810) Found 6 total news, 1 pages
   Page 4/5: +25 news
   Page 2/8: +25 news
   Page 3/3: +5 news
   Page 5/5: +12 news
   Page 3/8: +25 news
[START] (2605) Found 27 total news, 2 pages
[START] (2301) Found 95 total news, 4 pages
[START] (6949) Found 34 total news, 2 pages
   Page 2/2: +2 news
   Page 4/8: +25 news
   Page 2/4: +25 news
   Page 2/2: +9 news
[DONE] (6949) Saved 4 news items
[START] (1722) Found 13 total news, 1 pages
   Page 5/8: +25 news
[START] (4303) Found 31 total news, 2 pages
   Page 3/4: +25 news
   Page 6/8: +25 news
   Page 4/4: +20 news
[DONE] (2301) Saved 4 news items
   Page 2/2: +6 news
   Page 7/8: +25 news
[START] (6873) Found 24 total news, 1 pages
[START] (3711) Found 234 total news, 10 pages
[START] (2362) Found 19 total news, 1 pages
[DONE] (2362) Saved 1 news items
   Page 8/8: +11 news
[DONE] (2337) Saved 1 news items
   Page 2/10: +25 news
[START] (6206) Found 19 total news, 1 pages
[DONE] (6206) Saved 1 news items
[START] (2498) Found 32 total news, 2 pages
[START] (6909) Found 29 total news, 2 pages
   Page 3/10: +25 news
   Page 2/2: +7 news
[DONE] (2498) Saved 1 news items
   Page 2/2: +4 news
[DONE] (6909) Saved 1 news items
[START] (3034) Found 19 total news, 1 pages
[DONE] (3034) Saved 1 news items
[START] (2388) Found 53 total news, 3 pages
   Page 2/3: +25 news
   Page 4/10: +25 news
   Page 3/3: +3 news
[DONE] (2388) Saved 2 news items
   Page 5/10: +25 news
[START] (4526) Found 37 total news, 2 pages
   Page 6/10: +25 news
   Page 2/2: +12 news
[START] (6021) Found 32 total news, 2 pages
[START] (6199) Found 24 total news, 1 pages
[DONE] (6199) Saved 4 news items
   Page 7/10: +25 news
[START] (6186) Found 18 total news, 1 pages
   Page 8/10: +25 news
   Page 2/2: +7 news
[START] (6412) Found 22 total news, 1 pages
[DONE] (6412) Saved 1 news items
[START] (4571) Found 28 total news, 2 pages
[START] (5876) Found 31 total news, 2 pages
   Page 9/10: +25 news
[START] (1326) Found 68 total news, 3 pages
   Page 2/2: +3 news
   Page 10/10: +9 news
   [ERROR] (3711) Failed to process news 6500104: invalid input for query argument $5: '' ('str' object cannot be interpreted as an integer)
   [ERROR] (3711) Failed to process news 6500105: invalid input for query argument $5: '' ('str' object cannot be interpreted as an integer)
   [ERROR] (3711) Failed to process news 6500102: invalid input for query argument $5: '' ('str' object cannot be interpreted as an integer)
[DONE] (3711) Saved 5 news items
   Page 2/2: +6 news
[START] (6026) Found 16 total news, 1 pages
   Page 2/3: +25 news
   Page 3/3: +18 news
[DONE] (1326) Saved 1 news items
[START] (6282) Found 46 total news, 2 pages
[START] (6284) Found 42 total news, 2 pages
[START] (3135) Found 28 total news, 2 pages
   Page 2/2: +17 news
[DONE] (6284) Saved 1 news items
[START] (4441) Found 16 total news, 1 pages
   Page 2/2: +21 news
   Page 2/2: +3 news
[START] (5386) Found 51 total news, 3 pages
[START] (6695) Found 15 total news, 1 pages
[START] (7769) Found 39 total news, 2 pages
[START] (6415) Found 90 total news, 4 pages
   Page 2/3: +25 news
[START] (1721) Found 46 total news, 2 pages
   Page 2/2: +14 news
[DONE] (7769) Saved 1 news items
   Page 3/3: +1 news
   Page 2/4: +25 news
[START] (2313) Found 118 total news, 5 pages
   Page 2/5: +25 news
   Page 2/2: +21 news
   Page 3/4: +25 news
[START] (4561) Found 32 total news, 2 pages
[START] (1308) Found 11 total news, 1 pages
   Page 4/4: +15 news
[DONE] (6415) Saved 6 news items
   Page 3/5: +25 news
   Page 2/2: +7 news
[START] (3363) Found 72 total news, 3 pages
   Page 4/5: +25 news
[START] (3322) Found 20 total news, 1 pages
[DONE] (3322) Saved 1 news items
[START] (1809) Found 59 total news, 3 pages
   Page 2/3: +25 news
   Page 5/5: +18 news
[DONE] (2313) Saved 6 news items
[START] (6776) Found 14 total news, 1 pages
   Page 2/3: +25 news
   Page 3/3: +22 news
[START] (2347) Found 22 total news, 1 pages
   Page 3/3: +9 news
[DONE] (1809) Saved 1 news items
[START] (4142) Found 10 total news, 1 pages
[START] (2034) Found 8 total news, 1 pages
   [ERROR] (2034) Failed to process news 6500920: invalid input for query argument $5: '' ('str' object cannot be interpreted as an integer)
[DONE] (2034) Saved 1 news items
[START] (2614) Found 31 total news, 2 pages
[START] (3567) Found 15 total news, 1 pages
[DONE] (3567) Saved 1 news items
[START] (8249) Found 18 total news, 1 pages
[DONE] (8249) Saved 2 news items
   Page 2/2: +6 news
[START] (8936) Found 20 total news, 1 pages
[START] (4919) Found 77 total news, 4 pages
[START] (3014) Found 25 total news, 1 pages
[DONE] (3014) Saved 5 news items
   Page 2/4: +25 news
[START] (6426) Found 62 total news, 3 pages
[START] (6005) Found 42 total news, 2 pages
   Page 3/4: +25 news
[START] (6226) Found 35 total news, 2 pages
   Page 2/2: +10 news
[START] (1539) Found 4 total news, 1 pages
   Page 2/3: +25 news
   Page 2/2: +17 news
   Page 4/4: +2 news
[DONE] (4919) Saved 5 news items
   Page 3/3: +12 news
[DONE] (6426) Saved 3 news items
[START] (1305) Found 21 total news, 1 pages
[START] (6925) Found 21 total news, 1 pages
[START] (6944) Found 13 total news, 1 pages
[DONE] (6944) Saved 1 news items
[START] (3015) Found 32 total news, 2 pages
   Page 2/2: +7 news
[DONE] (3015) Saved 1 news items
[START] (1476) Found 17 total news, 1 pages
[START] (8422) Found 39 total news, 2 pages
[START] (6596) Found 7 total news, 1 pages
   Page 2/2: +14 news
[START] (2357) Found 113 total news, 5 pages
[START] (3213) Found 15 total news, 1 pages
[DONE] (3213) Saved 1 news items
[START] (7751) Found 37 total news, 2 pages
[START] (1609) Found 28 total news, 2 pages
   Page 2/5: +25 news
   Page 3/5: +25 news
   Page 2/2: +12 news
[DONE] (7751) Saved 3 news items
   Page 2/2: +3 news
[START] (2474) Found 53 total news, 3 pages
   Page 2/3: +25 news
[START] (4764) Found 53 total news, 3 pages
   Page 4/5: +25 news
[START] (3680) Found 66 total news, 3 pages
   Page 3/3: +3 news
   Page 2/3: +25 news
   Page 5/5: +13 news
[START] (3663) Found 36 total news, 2 pages
   Page 2/3: +25 news
   Page 3/3: +3 news
[DONE] (4764) Saved 3 news items
   Page 2/2: +11 news
[DONE] (3663) Saved 2 news items
[START] (5328) Found 57 total news, 3 pages
   Page 3/3: +16 news
[START] (4585) Found 15 total news, 1 pages
[START] (3591) Found 21 total news, 1 pages
   Page 2/3: +25 news
[START] (2539) Found 20 total news, 1 pages
[START] (6823) Found 25 total news, 1 pages
   Page 3/3: +7 news
[DONE] (5328) Saved 6 news items
[START] (6526) Found 40 total news, 2 pages
[START] (5498) Found 38 total news, 2 pages
   Page 2/2: +15 news
[DONE] (6526) Saved 1 news items
[START] (6443) Found 28 total news, 2 pages
[START] (3051) Found 28 total news, 2 pages
   Page 2/2: +13 news
[START] (4766) Found 25 total news, 1 pages
   Page 2/2: +3 news
[DONE] (6443) Saved 2 news items
   Page 2/2: +3 news
[START] (3016) Found 83 total news, 4 pages
[START] (6204) Found 36 total news, 2 pages
[START] (4904) Found 45 total news, 2 pages
[START] (6152) Found 22 total news, 1 pages
[START] (3661) Found 84 total news, 4 pages
   Page 2/2: +11 news
[DONE] (6204) Saved 1 news items
   Page 2/4: +25 news
   Page 2/2: +20 news
[DONE] (4904) Saved 2 news items
   Page 3/4: +25 news
   Page 2/4: +25 news
[START] (3548) Found 17 total news, 1 pages
[START] (5228) Found 7 total news, 1 pages
   Page 4/4: +8 news
[DONE] (3016) Saved 5 news items
[START] (2637) Found 28 total news, 2 pages
   Page 3/4: +25 news
   Page 2/2: +3 news
[START] (3047) Found 13 total news, 1 pages
   Page 4/4: +9 news
[DONE] (3661) Saved 1 news items
[START] (7786) Found 10 total news, 1 pages
[START] (3675) Found 66 total news, 3 pages
[START] (2312) Found 83 total news, 4 pages
   Page 2/3: +25 news
[START] (1519) Found 39 total news, 2 pages
[START] (3323) Found 15 total news, 1 pages
[START] (6405) Found 47 total news, 2 pages
   Page 2/4: +25 news
   Page 3/3: +16 news
   Page 2/2: +14 news
   Page 2/2: +22 news
[DONE] (6405) Saved 4 news items
[START] (2727) Found 16 total news, 1 pages
   Page 3/4: +25 news
[START] (8034) Found 10 total news, 1 pages
[START] (2327) Found 199 total news, 8 pages
   Page 4/4: +8 news
[START] (2348) Found 23 total news, 1 pages
   Page 2/8: +25 news
[START] (5274) Found 47 total news, 2 pages
[START] (1410) Found 9 total news, 1 pages
[DONE] (1410) Saved 1 news items
[START] (8462) Found 25 total news, 1 pages
   Page 3/8: +25 news
[START] (1903) Found 9 total news, 1 pages
   Page 2/2: +22 news
   Page 4/8: +25 news
[START] (2887) Found 254 total news, 11 pages
[START] (8069) Found 51 total news, 3 pages
[START] (6735) Found 20 total news, 1 pages
   Page 5/8: +25 news
   Page 2/3: +25 news
   Page 2/11: +25 news
[START] (3264) Found 62 total news, 3 pages
   Page 3/3: +1 news
   Page 6/8: +25 news
   Page 3/11: +25 news
   Page 2/3: +25 news
[START] (6841) Found 8 total news, 1 pages
   Page 7/8: +25 news
[START] (6894) Found 18 total news, 1 pages
   Page 8/8: +24 news
[DONE] (2327) Saved 9 news items
   Page 3/3: +12 news
   Page 4/11: +25 news
[START] (3481) Found 174 total news, 7 pages
   Page 5/11: +25 news
[START] (2010) Found 11 total news, 1 pages
[START] (3218) Found 25 total news, 1 pages
   Page 2/7: +25 news
[START] (6725) Found 21 total news, 1 pages
[DONE] (6725) Saved 2 news items
   Page 6/11: +25 news
[START] (6803) Found 37 total news, 2 pages
   Page 3/7: +25 news
   Page 7/11: +25 news
[START] (2323) Found 178 total news, 8 pages
   Page 2/2: +12 news
   Page 8/11: +25 news
   Page 4/7: +25 news
[START] (6271) Found 55 total news, 3 pages
   Page 2/8: +25 news
   Page 9/11: +25 news
   Page 2/3: +25 news
   Page 5/7: +25 news
   Page 10/11: +25 news
   Page 3/3: +5 news
[DONE] (6271) Saved 3 news items
   Page 6/7: +25 news
   Page 3/8: +25 news
[START] (6116) Found 60 total news, 3 pages
   Page 11/11: +4 news
[DONE] (2887) Saved 11 news items
   Page 7/7: +24 news
[DONE] (3481) Saved 1 news items
[START] (2451) Found 50 total news, 2 pages
   Page 2/3: +25 news
   Page 4/8: +25 news
   Page 2/2: +25 news
   Page 5/8: +25 news
   Page 3/3: +10 news
[DONE] (6116) Saved 1 news items
[START] (2406) Found 37 total news, 2 pages
[START] (6657) Found 8 total news, 1 pages
   Page 6/8: +25 news
   Page 2/2: +12 news
[DONE] (2406) Saved 3 news items
[START] (3027) Found 20 total news, 1 pages
[START] (2059) Found 46 total news, 2 pages
[START] (6153) Found 33 total news, 2 pages
   Page 7/8: +25 news
[START] (4915) Found 36 total news, 2 pages
   Page 2/2: +8 news
[DONE] (6153) Saved 4 news items
   Page 2/2: +21 news
[DONE] (2059) Saved 1 news items
   Page 8/8: +3 news
[DONE] (2323) Saved 2 news items
   Page 2/2: +11 news
[START] (8926) Found 40 total news, 2 pages
   Page 2/2: +15 news
[DONE] (8926) Saved 3 news items
[START] (9907) Found 10 total news, 1 pages
[START] (8027) Found 58 total news, 3 pages
[DONE] (9907) Saved 1 news items
[START] (1307) Found 9 total news, 1 pages
   Page 2/3: +25 news
[START] (6712) Found 14 total news, 1 pages
   Page 3/3: +8 news
[DONE] (8027) Saved 1 news items
[START] (4129) Found 17 total news, 1 pages
[START] (3479) Found 24 total news, 1 pages
[START] (1711) Found 33 total news, 2 pages
[START] (1586) Found 13 total news, 1 pages
   Page 2/2: +8 news
[START] (6643) Found 43 total news, 2 pages
[START] (3028) Found 25 total news, 1 pages
[START] (4976) Found 16 total news, 1 pages
[DONE] (4976) Saved 4 news items
   Page 2/2: +18 news
[START] (6715) Found 57 total news, 3 pages
[START] (6781) Found 34 total news, 2 pages
[START] (8155) Found 38 total news, 2 pages
[START] (6576) Found 15 total news, 1 pages
   Page 2/3: +25 news
   Page 2/2: +9 news
[DONE] (6781) Saved 1 news items
[START] (4749) Found 46 total news, 2 pages
   Page 2/2: +13 news
[DONE] (8155) Saved 3 news items
   Page 3/3: +7 news
[DONE] (6715) Saved 2 news items
[START] (3498) Found 41 total news, 2 pages
   Page 2/2: +21 news
[DONE] (4749) Saved 1 news items
[START] (3491) Found 58 total news, 3 pages
   Page 2/2: +16 news
[SKIP] (6561) No __NEXT_DATA__ found
   Page 2/3: +25 news
[START] (1590) Found 31 total news, 2 pages
   Page 3/3: +8 news
[DONE] (3491) Saved 3 news items
[START] (7734) Found 55 total news, 3 pages
[START] (1608) Found 13 total news, 1 pages
   Page 2/2: +6 news
[DONE] (1590) Saved 1 news items
[START] (3706) Found 49 total news, 2 pages
   Page 2/3: +25 news
   Page 2/2: +24 news
[SKIP] (6890) No __NEXT_DATA__ found
[START] (8028) Found 66 total news, 3 pages
   Page 3/3: +5 news
[DONE] (7734) Saved 3 news items
[SKIP] (6937) No __NEXT_DATA__ found
   Page 2/3: +25 news
[START] (9921) Found 21 total news, 1 pages
[START] (3305) Found 37 total news, 2 pages
   Page 3/3: +16 news
[DONE] (8028) Saved 1 news items
[START] (8942) Found 13 total news, 1 pages
[START] (9910) Found 33 total news, 2 pages
   Page 2/2: +12 news
[START] (3588) Found 30 total news, 2 pages
[START] (2603) Found 62 total news, 3 pages
[START] (4721) Found 26 total news, 2 pages
   Page 2/2: +8 news
[DONE] (9910) Saved 7 news items
   Page 2/3: +25 news
   Page 2/2: +5 news
   Page 3/3: +12 news
   Page 2/2: +1 news
[DONE] (4721) Saved 6 news items
[START] (3357) Found 66 total news, 3 pages
[START] (2354) Found 30 total news, 2 pages
   Page 2/3: +25 news
   Page 2/2: +5 news
[DONE] (2354) Saved 2 news items
[START] (2105) Found 40 total news, 2 pages
[START] (2646) Found 19 total news, 1 pages
[START] (4967) Found 54 total news, 3 pages
   Page 3/3: +16 news
[DONE] (3357) Saved 3 news items
   Page 2/2: +15 news
[DONE] (2105) Saved 1 news items
[START] (6147) Found 65 total news, 3 pages
   Page 2/3: +25 news
   Page 2/3: +25 news
   Page 3/3: +4 news
[START] (3033) Found 23 total news, 1 pages
[START] (3645) Found 31 total news, 2 pages
[START] (2801) Found 49 total news, 2 pages
   Page 3/3: +15 news
   Page 2/2: +6 news
   Page 2/2: +24 news
[START] (3624) Found 79 total news, 4 pages
[DONE] (2801) Saved 4 news items
[START] (4755) Found 16 total news, 1 pages
[DONE] (4755) Saved 1 news items
[START] (3003) Found 14 total news, 1 pages
   Page 2/4: +25 news
[DONE] (3003) Saved 2 news items
[START] (6227) Found 21 total news, 1 pages
   Page 3/4: +25 news
[SKIP] (5371) No __NEXT_DATA__ found
[START] (3073) Found 22 total news, 1 pages
[START] (3045) Found 53 total news, 3 pages
   Page 4/4: +4 news
[DONE] (3624) Saved 5 news items
[START] (4974) Found 10 total news, 1 pages
[DONE] (4974) Saved 1 news items
[START] (6525) Found 22 total news, 1 pages
   Page 2/3: +25 news
[START] (2645) Found 8 total news, 1 pages
[START] (6177) Found 10 total news, 1 pages
[START] (6605) Found 11 total news, 1 pages
   Page 3/3: +3 news
[DONE] (3045) Saved 4 news items
[START] (2409) Found 149 total news, 6 pages
[START] (1617) Found 20 total news, 1 pages
[START] (1717) Found 31 total news, 2 pages
   Page 2/6: +25 news
[START] (6620) Found 14 total news, 1 pages
   Page 3/6: +25 news
[START] (2838) Found 13 total news, 1 pages
[DONE] (2838) Saved 1 news items
   Page 2/2: +6 news
   Page 4/6: +25 news
[START] (5439) Found 20 total news, 1 pages
[START] (6230) Found 10 total news, 1 pages
   Page 5/6: +25 news
[START] (3013) Found 35 total news, 2 pages
[START] (1710) Found 14 total news, 1 pages
   Page 2/2: +10 news
   Page 6/6: +24 news
[DONE] (2409) Saved 5 news items
[START] (3321) Found 26 total news, 2 pages
[START] (2393) Found 14 total news, 1 pages
[DONE] (2393) Saved 1 news items
[START] (1529) Found 20 total news, 1 pages
   Page 2/2: +1 news
[DONE] (3321) Saved 4 news items
[START] (2233) Found 44 total news, 2 pages
[START] (6257) Found 46 total news, 2 pages
[START] (1301) Found 60 total news, 3 pages
   Page 2/2: +19 news
[DONE] (2233) Saved 2 news items
   Page 2/2: +21 news
   [ERROR] (6257) Failed to process news 6499729: invalid input for query argument $5: '' ('str' object cannot be interpreted as an integer)
[DONE] (6257) Saved 1 news items
[START] (2478) Found 64 total news, 3 pages
   Page 2/3: +25 news
[START] (3234) Found 59 total news, 3 pages
   Page 2/3: +25 news
   Page 3/3: +10 news
[DONE] (1301) Saved 1 news items
   Page 2/3: +25 news
[START] (8478) Found 12 total news, 1 pages
   Page 3/3: +9 news
[DONE] (3234) Saved 3 news items
[START] (6188) Found 16 total news, 1 pages
   Page 3/3: +14 news
[DONE] (2478) Saved 4 news items
[START] (2641) Found 39 total news, 2 pages
[START] (4130) Found 16 total news, 1 pages
[START] (6672) Found 51 total news, 3 pages
[START] (4542) Found 65 total news, 3 pages
[START] (5608) Found 19 total news, 1 pages
   Page 2/2: +14 news
   Page 2/3: +25 news
   Page 2/3: +25 news
[START] (2436) Found 38 total news, 2 pages
[START] (6451) Found 72 total news, 3 pages
   Page 3/3: +15 news
[START] (3622) Found 14 total news, 1 pages
   Page 3/3: +1 news
[DONE] (6672) Saved 1 news items
   Page 2/2: +13 news
   Page 2/3: +25 news
   Page 3/3: +22 news
[DONE] (6451) Saved 4 news items
[START] (2316) Found 41 total news, 2 pages
[START] (8064) Found 82 total news, 4 pages
[START] (2753) Found 17 total news, 1 pages
[START] (2886) Found 75 total news, 3 pages
   Page 2/3: +25 news
   Page 2/2: +16 news
[DONE] (2316) Saved 3 news items
   Page 2/4: +25 news
[START] (3689) Found 28 total news, 2 pages
   Page 3/3: +25 news
[DONE] (2886) Saved 3 news items
[START] (2308) Found 155 total news, 7 pages
   Page 3/4: +25 news
   Page 2/2: +3 news
[START] (6720) Found 9 total news, 1 pages
   Page 2/7: +25 news
   Page 4/4: +7 news
[DONE] (8064) Saved 1 news items
[START] (6834) Found 67 total news, 3 pages
[START] (8021) Found 83 total news, 4 pages
   Page 3/7: +25 news
   Page 2/3: +25 news
[START] (6166) Found 44 total news, 2 pages
   Page 4/7: +25 news
   Page 2/4: +25 news
[START] (5432) Found 17 total news, 1 pages
[DONE] (5432) Saved 1 news items
   Page 5/7: +25 news
   Page 3/3: +17 news
[DONE] (6834) Saved 3 news items
   Page 2/2: +19 news
[DONE] (6166) Saved 5 news items
   Page 3/4: +25 news
   Page 6/7: +25 news
[START] (3339) Found 47 total news, 2 pages
   Page 4/4: +8 news
[START] (3596) Found 16 total news, 1 pages
[DONE] (3596) Saved 1 news items
[START] (2883) Found 185 total news, 8 pages
   Page 7/7: +5 news
[DONE] (2308) Saved 4 news items
   Page 2/8: +25 news
   Page 2/2: +22 news
[DONE] (3339) Saved 6 news items
[START] (6151) Found 29 total news, 2 pages
   Page 3/8: +25 news
[START] (4923) Found 15 total news, 1 pages
   Page 4/8: +25 news
[START] (3379) Found 21 total news, 1 pages
   Page 2/2: +4 news
[START] (6234) Found 44 total news, 2 pages
   Page 5/8: +25 news
[START] (1904) Found 30 total news, 2 pages
   Page 2/2: +19 news
[SKIP] (3545) No __NEXT_DATA__ found
   Page 6/8: +25 news
[START] (6461) Found 15 total news, 1 pages
   Page 7/8: +25 news
   Page 2/2: +5 news
[DONE] (1904) Saved 1 news items
   Page 8/8: +10 news
[DONE] (2883) Saved 15 news items
[START] (8083) Found 4 total news, 1 pages
[START] (2429) Found 30 total news, 2 pages
[START] (3515) Found 19 total news, 1 pages
[START] (2425) Found 19 total news, 1 pages
[DONE] (2425) Saved 4 news items
[START] (3455) Found 48 total news, 2 pages
   Page 2/2: +5 news
[START] (1605) Found 72 total news, 3 pages
[START] (6285) Found 64 total news, 3 pages
[START] (5536) Found 51 total news, 3 pages
   Page 2/2: +23 news
[DONE] (3455) Saved 5 news items
   Page 2/3: +25 news
   Page 2/3: +25 news
[START] (6104) Found 12 total news, 1 pages
   Page 2/3: +25 news
[START] (6805) Found 47 total news, 2 pages
   Page 3/3: +14 news
[DONE] (6285) Saved 1 news items
   Page 3/3: +22 news
[DONE] (1605) Saved 1 news items
   Page 3/3: +1 news
[DONE] (5536) Saved 5 news items
   Page 2/2: +22 news
[START] (2535) Found 17 total news, 1 pages
[START] (6533) Found 23 total news, 1 pages
[START] (4167) Found 8 total news, 1 pages
[START] (3038) Found 6 total news, 1 pages
[START] (3376) Found 31 total news, 2 pages
[START] (2633) Found 18 total news, 1 pages
   Page 2/2: +6 news
[START] (7610) Found 62 total news, 3 pages
[START] (6667) Found 10 total news, 1 pages
[DONE] (6667) Saved 1 news items
[START] (7703) Found 21 total news, 1 pages
[DONE] (7703) Saved 1 news items
   Page 2/3: +25 news
   Page 3/3: +12 news
[DONE] (7610) Saved 1 news items
[START] (1802) Found 75 total news, 3 pages
[START] (3709) Found 31 total news, 2 pages
[START] (6127) Found 61 total news, 3 pages
[START] (6584) Found 27 total news, 2 pages
   Page 2/2: +6 news
[START] (2369) Found 31 total news, 2 pages
   Page 2/3: +25 news
   Page 2/2: +2 news
[DONE] (6584) Saved 6 news items
   Page 2/3: +25 news
   Page 2/2: +6 news
[DONE] (2369) Saved 1 news items
   Page 3/3: +25 news
[DONE] (1802) Saved 2 news items
[START] (2462) Found 16 total news, 1 pages
   Page 3/3: +11 news
[START] (6223) Found 42 total news, 2 pages
[START] (2497) Found 15 total news, 1 pages
[START] (6187) Found 77 total news, 4 pages
[START] (4912) Found 28 total news, 2 pages
   Page 2/2: +17 news
[START] (6811) Found 14 total news, 1 pages
   Page 2/4: +25 news
   Page 2/2: +3 news
   Page 3/4: +25 news
[START] (2211) Found 11 total news, 1 pages
[START] (3576) Found 47 total news, 2 pages
[START] (4576) Found 43 total news, 2 pages
   Page 4/4: +2 news
[DONE] (6187) Saved 2 news items
[START] (2374) Found 26 total news, 2 pages
   Page 2/2: +18 news
[START] (7715) Found 17 total news, 1 pages
[DONE] (7715) Saved 3 news items
   Page 2/2: +22 news
[DONE] (3576) Saved 8 news items
   Page 2/2: +1 news
[START] (9945) Found 25 total news, 1 pages
[START] (6928) Found 12 total news, 1 pages
[DONE] (6928) Saved 1 news items
[START] (3504) Found 39 total news, 2 pages
[START] (6291) Found 69 total news, 3 pages
[START] (5243) Found 33 total news, 2 pages
[START] (3010) Found 21 total news, 1 pages
[DONE] (3010) Saved 2 news items
   Page 2/2: +14 news
[DONE] (3504) Saved 5 news items
   Page 2/2: +8 news
   Page 2/3: +25 news
   Page 3/3: +19 news
[DONE] (6291) Saved 1 news items
[START] (2455) Found 92 total news, 4 pages
[START] (2367) Found 28 total news, 2 pages
[START] (6913) Found 25 total news, 1 pages
[START] (4510) Found 29 total news, 2 pages
   Page 2/2: +3 news
[DONE] (2367) Saved 1 news items
   Page 2/4: +25 news
[START] (4523) Found 19 total news, 1 pages
[START] (1527) Found 5 total news, 1 pages
[DONE] (1527) Saved 1 news items
   Page 3/4: +25 news
   Page 2/2: +4 news
[DONE] (4510) Saved 1 news items
   Page 4/4: +17 news
[DONE] (2455) Saved 4 news items
[START] (2412) Found 35 total news, 2 pages
[SKIP] (2009) No __NEXT_DATA__ found
[START] (6170) Found 16 total news, 1 pages
   [ERROR] (6170) Failed to process news 6499833: invalid input for query argument $5: '' ('str' object cannot be interpreted as an integer)
[DONE] (6170) Saved 1 news items
[START] (3092) Found 24 total news, 1 pages
   Page 2/2: +10 news
[DONE] (2412) Saved 2 news items
[START] (2449) Found 70 total news, 3 pages
[SKIP] (6477) No __NEXT_DATA__ found
[SKIP] (1532) No __NEXT_DATA__ found
   Page 2/3: +25 news
[START] (3372) Found 16 total news, 1 pages
[START] (2070) Found 36 total news, 2 pages
[START] (1736) Found 15 total news, 1 pages
[DONE] (1736) Saved 1 news items
   Page 3/3: +20 news
[DONE] (2449) Saved 1 news items
[START] (2845) Found 14 total news, 1 pages
   Page 2/2: +11 news
[START] (8088) Found 39 total news, 2 pages
[START] (8454) Found 59 total news, 3 pages
[START] (3587) Found 37 total news, 2 pages
[START] (1713) Found 4 total news, 1 pages
[START] (3466) Found 22 total news, 1 pages
[DONE] (3466) Saved 3 news items
   Page 2/2: +14 news
[DONE] (8088) Saved 1 news items
   Page 2/3: +25 news
   Page 2/2: +12 news
[START] (2903) Found 23 total news, 1 pages
   Page 3/3: +9 news
[DONE] (8454) Saved 2 news items
[START] (3062) Found 13 total news, 1 pages
[START] (3219) Found 29 total news, 2 pages
[START] (3048) Found 46 total news, 2 pages
[START] (4534) Found 45 total news, 2 pages
   Page 2/2: +4 news
[START] (6279) Found 17 total news, 1 pages
   Page 2/2: +21 news
[DONE] (3048) Saved 1 news items
[START] (6510) Found 57 total news, 3 pages
   Page 2/2: +20 news
[DONE] (4534) Saved 3 news items
   Page 2/3: +25 news
[START] (3023) Found 36 total news, 2 pages
[START] (5530) Found 14 total news, 1 pages
[START] (2349) Found 23 total news, 1 pages
   Page 3/3: +7 news
[START] (4960) Found 34 total news, 2 pages
   Page 2/2: +11 news
[DONE] (3023) Saved 3 news items
   Page 2/2: +9 news
[START] (2204) Found 9 total news, 1 pages
[START] (6139) Found 43 total news, 2 pages
[START] (3338) Found 36 total news, 2 pages
   Page 2/2: +18 news
[DONE] (6139) Saved 6 news items
[START] (1227) Found 7 total news, 1 pages
   Page 2/2: +11 news
[START] (3207) Found 22 total news, 1 pages
[START] (7722) Found 34 total news, 2 pages
   Page 2/2: +9 news
[START] (1808) Found 36 total news, 2 pages
[START] (5309) Found 48 total news, 2 pages
[START] (2915) Found 6 total news, 1 pages
   Page 2/2: +11 news
[DONE] (1808) Saved 2 news items
[START] (8289) Found 64 total news, 3 pages
[START] (5245) Found 16 total news, 1 pages
   Page 2/2: +23 news
[START] (4123) Found 17 total news, 1 pages
   Page 2/3: +25 news
[START] (3260) Found 73 total news, 3 pages
[START] (1536) Found 21 total news, 1 pages
   Page 3/3: +14 news
[DONE] (8289) Saved 3 news items
   Page 2/3: +25 news
[START] (8038) Found 23 total news, 1 pages
[START] (3617) Found 16 total news, 1 pages
   Page 3/3: +23 news
[DONE] (3260) Saved 1 news items
[START] (8996) Found 67 total news, 3 pages
[SKIP] (6180) No __NEXT_DATA__ found
[START] (4720) Found 31 total news, 2 pages
   Page 2/3: +25 news
[START] (2472) Found 65 total news, 3 pages
   Page 2/2: +6 news
[START] (3138) Found 42 total news, 2 pages
[START] (8104) Found 22 total news, 1 pages
   Page 3/3: +17 news
[DONE] (8996) Saved 7 news items
   Page 2/2: +17 news
[DONE] (3138) Saved 1 news items
   Page 2/3: +25 news
[START] (5263) Found 22 total news, 1 pages
[START] (4979) Found 113 total news, 5 pages
   Page 3/3: +15 news
[DONE] (2472) Saved 7 news items
[START] (3035) Found 59 total news, 3 pages
[START] (8091) Found 40 total news, 2 pages
[START] (4536) Found 8 total news, 1 pages
   Page 2/3: +25 news
   Page 2/5: +25 news
   Page 2/2: +15 news
[DONE] (8091) Saved 1 news items
[START] (1314) Found 30 total news, 2 pages
   Page 3/3: +9 news
[DONE] (3035) Saved 2 news items
   Page 3/5: +25 news
   Page 2/2: +5 news
[DONE] (1314) Saved 1 news items
   Page 4/5: +25 news
[START] (8016) Found 25 total news, 1 pages
[START] (1905) Found 26 total news, 2 pages
[START] (2206) Found 16 total news, 1 pages
   Page 5/5: +13 news
[DONE] (4979) Saved 2 news items
   Page 2/2: +1 news
[DONE] (1905) Saved 6 news items
[START] (1220) Found 6 total news, 1 pages
[START] (5306) Found 22 total news, 1 pages
[START] (6788) Found 38 total news, 2 pages
[START] (8210) Found 62 total news, 3 pages
[START] (7750) Found 27 total news, 2 pages
[START] (5289) Found 80 total news, 4 pages
[START] (6411) Found 24 total news, 1 pages
   Page 2/2: +2 news
   Page 2/4: +25 news
   Page 2/3: +25 news
   Page 2/2: +13 news
[DONE] (6788) Saved 1 news items
   Page 3/4: +25 news
   Page 3/3: +12 news
[START] (4966) Found 50 total news, 2 pages
[START] (3707) Found 57 total news, 3 pages
   Page 4/4: +5 news
[DONE] (5289) Saved 1 news items
[START] (8171) Found 17 total news, 1 pages
[DONE] (8171) Saved 2 news items
   Page 2/2: +25 news
[START] (8112) Found 35 total news, 2 pages
   Page 2/3: +25 news
   Page 2/2: +10 news
[DONE] (8112) Saved 2 news items
   Page 3/3: +7 news
[DONE] (3707) Saved 3 news items
[START] (8096) Found 53 total news, 3 pages
[START] (6719) Found 31 total news, 2 pages
   Page 2/3: +25 news
[START] (3558) Found 22 total news, 1 pages
[START] (5314) Found 40 total news, 2 pages
   Page 2/2: +6 news
[DONE] (6719) Saved 3 news items
[START] (3236) Found 54 total news, 3 pages
   Page 3/3: +3 news
[DONE] (8096) Saved 3 news items
   Page 2/2: +15 news
   Page 2/3: +25 news
   Page 3/3: +4 news
[DONE] (3236) Saved 3 news items
[START] (2610) Found 49 total news, 2 pages
[START] (2457) Found 35 total news, 2 pages
[START] (2731) Found 13 total news, 1 pages
[START] (3686) Found 16 total news, 1 pages
[START] (3025) Found 13 total news, 1 pages
   Page 2/2: +24 news
[DONE] (2610) Saved 4 news items
   Page 2/2: +10 news
[START] (6782) Found 20 total news, 1 pages
[DONE] (6782) Saved 1 news items
[START] (3032) Found 24 total news, 1 pages
[START] (3005) Found 15 total news, 1 pages
[DONE] (3032) Saved 2 news items
[START] (2615) Found 41 total news, 2 pages
[START] (7795) Found 20 total news, 1 pages
[DONE] (7795) Saved 1 news items
[START] (6435) Found 58 total news, 3 pages
   Page 2/2: +16 news
   Page 2/3: +25 news
[START] (2881) Found 270 total news, 11 pages
[START] (3228) Found 53 total news, 3 pages
[START] (1718) Found 22 total news, 1 pages
   Page 2/3: +25 news
   Page 3/3: +8 news
   Page 2/11: +25 news
[START] (2537) Found 22 total news, 1 pages
[DONE] (2537) Saved 2 news items
   Page 3/11: +25 news
   Page 3/3: +3 news
[DONE] (3228) Saved 5 news items
[START] (8163) Found 62 total news, 3 pages
   Page 4/11: +25 news
[START] (6789) Found 11 total news, 1 pages
   Page 2/3: +25 news
[START] (3017) Found 74 total news, 3 pages
   Page 5/11: +25 news
[START] (1568) Found 31 total news, 2 pages
   Page 3/3: +12 news
[DONE] (8163) Saved 1 news items
   Page 6/11: +25 news
   Page 2/3: +25 news
   Page 2/2: +6 news
[DONE] (1568) Saved 1 news items
[START] (7744) Found 11 total news, 1 pages
   Page 7/11: +25 news
   Page 3/3: +24 news
[DONE] (3017) Saved 1 news items
   Page 8/11: +25 news
[START] (3050) Found 17 total news, 1 pages
[START] (9955) Found 14 total news, 1 pages
   Page 9/11: +25 news
[START] (1449) Found 28 total news, 2 pages
   Page 10/11: +25 news
[START] (3532) Found 66 total news, 3 pages
[START] (6609) Found 19 total news, 1 pages
[START] (6244) Found 29 total news, 2 pages
   Page 11/11: +20 news
   [ERROR] (2881) Failed to process news 6499814: invalid input for query argument $5: '' ('str' object cannot be interpreted as an integer)
[DONE] (2881) Saved 16 news items
   Page 2/2: +3 news
   Page 2/3: +25 news
   Page 2/2: +4 news
[DONE] (6244) Saved 5 news items
   Page 3/3: +16 news
[DONE] (3532) Saved 9 news items
[START] (6272) Found 21 total news, 1 pages
[START] (3163) Found 88 total news, 4 pages
[START] (1815) Found 33 total news, 2 pages
[START] (6113) Found 24 total news, 1 pages
[DONE] (6113) Saved 1 news items
   Page 2/4: +25 news
   Page 2/2: +8 news
[DONE] (1815) Saved 1 news items
[START] (8107) Found 9 total news, 1 pages
   Page 3/4: +25 news
[START] (4563) Found 19 total news, 1 pages
[START] (8390) Found 28 total news, 2 pages
   Page 4/4: +13 news
[DONE] (3163) Saved 1 news items
[START] (5871) Found 49 total news, 2 pages
[START] (6290) Found 37 total news, 2 pages
   Page 2/2: +3 news
[START] (6642) Found 37 total news, 2 pages
   Page 2/2: +24 news
   Page 2/2: +12 news
   Page 2/2: +12 news
[START] (2520) Found 24 total news, 1 pages
[START] (3167) Found 70 total news, 3 pages
[START] (6239) Found 90 total news, 4 pages
[START] (1528) Found 25 total news, 1 pages
   Page 2/3: +25 news
[START] (8938) Found 11 total news, 1 pages
[START] (6548) Found 47 total news, 2 pages
   Page 2/4: +25 news
   Page 3/3: +20 news
[DONE] (3167) Saved 2 news items
   Page 2/2: +22 news
[START] (2419) Found 17 total news, 1 pages
   Page 3/4: +25 news
[START] (2103) Found 24 total news, 1 pages
[DONE] (2103) Saved 1 news items
   Page 4/4: +15 news
[DONE] (6239) Saved 7 news items
[START] (6179) Found 13 total news, 1 pages
[START] (1589) Found 23 total news, 1 pages
[START] (3141) Found 31 total news, 2 pages
[START] (2031) Found 12 total news, 1 pages
   Page 2/2: +6 news
[START] (7777) Found 41 total news, 2 pages
[START] (1215) Found 14 total news, 1 pages
[START] (8299) Found 97 total news, 4 pages
[START] (2382) Found 145 total news, 6 pages
   Page 2/2: +16 news
[DONE] (7777) Saved 4 news items
[START] (3546) Found 16 total news, 1 pages
   Page 2/4: +25 news
[START] (4168) Found 16 total news, 1 pages
   Page 2/6: +25 news
   Page 3/6: +25 news
[START] (3533) Found 39 total news, 2 pages
   Page 3/4: +25 news
[START] (1522) Found 14 total news, 1 pages
[START] (8374) Found 52 total news, 3 pages
   Page 4/6: +25 news
   Page 2/2: +14 news
[DONE] (3533) Saved 1 news items
   Page 2/3: +25 news
   Page 4/4: +22 news
[DONE] (8299) Saved 3 news items
   Page 5/6: +25 news
   Page 3/3: +2 news
[START] (3526) Found 21 total news, 1 pages
   Page 6/6: +20 news
[DONE] (2382) Saved 6 news items
[START] (8085) Found 22 total news, 1 pages
[START] (5607) Found 10 total news, 1 pages
[START] (2485) Found 29 total news, 2 pages
[START] (6693) Found 7 total news, 1 pages
[START] (2002) Found 82 total news, 4 pages
[START] (6125) Found 36 total news, 2 pages
   Page 2/2: +4 news
[START] (8927) Found 26 total news, 2 pages
   Page 2/2: +11 news
   Page 2/4: +25 news
   Page 2/2: +1 news
[START] (5452) Found 19 total news, 1 pages
[START] (2493) Found 41 total news, 2 pages
   Page 3/4: +25 news
   Page 2/2: +16 news
[DONE] (2493) Saved 4 news items
[START] (2201) Found 10 total news, 1 pages
   Page 4/4: +7 news
[START] (4566) Found 23 total news, 1 pages
[START] (3402) Found 14 total news, 1 pages
[DONE] (3402) Saved 1 news items
[START] (2597) Found 19 total news, 1 pages
[DONE] (2597) Saved 1 news items
[START] (4772) Found 18 total news, 1 pages
[START] (4588) Found 9 total news, 1 pages
[START] (2892) Found 66 total news, 3 pages
[START] (2030) Found 17 total news, 1 pages
[START] (3413) Found 18 total news, 1 pages
[DONE] (3413) Saved 1 news items
[START] (2850) Found 21 total news, 1 pages
[DONE] (2850) Saved 3 news items
   Page 2/3: +25 news
[START] (6829) Found 40 total news, 2 pages
[START] (6806) Found 37 total news, 2 pages
[START] (2454) Found 296 total news, 12 pages
   Page 3/3: +16 news
[DONE] (2892) Saved 5 news items
   Page 2/2: +15 news
[DONE] (6829) Saved 2 news items
[START] (6416) Found 18 total news, 1 pages
   Page 2/12: +25 news
   Page 2/2: +12 news
   [ERROR] (6806) Failed to process news 6500999: invalid input for query argument $5: '' ('str' object cannot be interpreted as an integer)
[START] (3543) Found 13 total news, 1 pages
   Page 3/12: +25 news
[START] (6799) Found 18 total news, 1 pages
[START] (6698) Found 23 total news, 1 pages
   Page 4/12: +25 news
[START] (2836) Found 18 total news, 1 pages
[DONE] (2836) Saved 1 news items
[START] (6209) Found 63 total news, 3 pages
   Page 5/12: +25 news
[START] (6016) Found 40 total news, 2 pages
[START] (3362) Found 76 total news, 4 pages
   Page 2/3: +25 news
   Page 3/3: +13 news
[DONE] (6209) Saved 5 news items
   Page 2/4: +25 news
   Page 2/2: +15 news
   Page 6/12: +25 news
[START] (4927) Found 38 total news, 2 pages
   Page 3/4: +25 news
   Page 7/12: +25 news
[START] (3041) Found 26 total news, 2 pages
   Page 2/2: +13 news
[DONE] (4927) Saved 1 news items
[START] (1612) Found 9 total news, 1 pages
   Page 4/4: +1 news
[DONE] (3362) Saved 8 news items
   Page 2/2: +1 news
[DONE] (3041) Saved 3 news items
   Page 8/12: +25 news
[START] (5475) Found 53 total news, 3 pages
[START] (3128) Found 24 total news, 1 pages
[DONE] (3128) Saved 3 news items
   Page 9/12: +25 news
[START] (1440) Found 20 total news, 1 pages
[START] (1563) Found 21 total news, 1 pages
   Page 2/3: +25 news
   Page 10/12: +25 news
[START] (3059) Found 22 total news, 1 pages
   Page 3/3: +3 news
[START] (3712) Found 54 total news, 3 pages
[START] (2489) Found 45 total news, 2 pages
   Page 11/12: +25 news
   Page 2/3: +25 news
   Page 12/12: +21 news
[DONE] (2454) Saved 5 news items
[START] (2379) Found 29 total news, 2 pages
   Page 2/2: +20 news
[DONE] (2489) Saved 3 news items
   Page 3/3: +4 news
[START] (3086) Found 37 total news, 2 pages
   Page 2/2: +4 news
   Page 2/2: +12 news
[START] (6996) Found 15 total news, 1 pages
[START] (6918) Found 5 total news, 1 pages
[START] (5258) Found 14 total news, 1 pages
[START] (3354) Found 34 total news, 2 pages
[START] (8111) Found 19 total news, 1 pages
[START] (2492) Found 143 total news, 6 pages
   Page 2/2: +9 news
[START] (6706) Found 58 total news, 3 pages
   Page 2/6: +25 news
[START] (6683) Found 61 total news, 3 pages
   Page 2/3: +25 news
   Page 2/3: +25 news
[START] (2228) Found 7 total news, 1 pages
   Page 3/6: +25 news
   Page 3/3: +11 news
[DONE] (6683) Saved 6 news items
   Page 3/3: +8 news
[DONE] (6706) Saved 2 news items
[START] (6488) Found 112 total news, 5 pages
   Page 4/6: +25 news
   Page 2/5: +25 news
[START] (1909) Found 24 total news, 1 pages
   Page 5/6: +25 news
[START] (1582) Found 57 total news, 3 pages
   Page 3/5: +25 news
[START] (9941) Found 27 total news, 2 pages
   Page 6/6: +18 news
[DONE] (2492) Saved 10 news items
   Page 2/2: +2 news
   Page 4/5: +25 news
   Page 2/3: +25 news
[START] (3019) Found 28 total news, 2 pages
   Page 3/3: +7 news
[DONE] (1582) Saved 1 news items
[START] (2365) Found 21 total news, 1 pages
   Page 5/5: +12 news
   Page 2/2: +3 news
[DONE] (6488) Saved 11 news items
[DONE] (3019) Saved 2 news items
[START] (3691) Found 36 total news, 2 pages
   Page 2/2: +11 news
[START] (3501) Found 9 total news, 1 pages
[START] (4739) Found 55 total news, 3 pages
[START] (6196) Found 63 total news, 3 pages
[START] (5340) Found 19 total news, 1 pages
[DONE] (5340) Saved 1 news items
   Page 2/3: +25 news
   Page 2/3: +25 news
[START] (4916) Found 49 total news, 2 pages
[START] (6245) Found 9 total news, 1 pages
   Page 3/3: +5 news
[DONE] (4739) Saved 2 news items
   Page 2/2: +24 news
[DONE] (4916) Saved 1 news items
   Page 3/3: +13 news
[DONE] (6196) Saved 6 news items
[START] (3374) Found 56 total news, 3 pages
[START] (2106) Found 10 total news, 1 pages
[DONE] (2106) Saved 1 news items
[START] (3563) Found 26 total news, 2 pages
   Page 2/3: +25 news
[START] (3483) Found 19 total news, 1 pages
   Page 2/2: +1 news
[DONE] (3563) Saved 1 news items
[START] (5864) Found 30 total news, 2 pages
[START] (1785) Found 56 total news, 3 pages
   Page 2/2: +5 news
[DONE] (5864) Saved 2 news items
   Page 3/3: +6 news
[START] (6235) Found 13 total news, 1 pages
[START] (6117) Found 17 total news, 1 pages
   Page 2/3: +25 news
[START] (2444) Found 17 total news, 1 pages
[DONE] (2444) Saved 1 news items
[START] (6121) Found 17 total news, 1 pages
[DONE] (6121) Saved 1 news items
   Page 3/3: +6 news
[START] (2480) Found 10 total news, 1 pages
[DONE] (2480) Saved 1 news items
[START] (1603) Found 5 total news, 1 pages
[START] (6546) Found 26 total news, 2 pages
[START] (9938) Found 23 total news, 1 pages
   Page 2/2: +1 news
[START] (6214) Found 30 total news, 2 pages
[START] (5426) Found 29 total news, 2 pages
[START] (2476) Found 25 total news, 1 pages
   Page 2/2: +5 news
[START] (5291) Found 39 total news, 2 pages
[START] (6785) Found 20 total news, 1 pages
   Page 2/2: +4 news
[DONE] (5426) Saved 3 news items
   Page 2/2: +14 news
[START] (1587) Found 14 total news, 1 pages
[START] (2405) Found 15 total news, 1 pages
[START] (3265) Found 30 total news, 2 pages
   Page 2/2: +5 news
[DONE] (3265) Saved 1 news items
[START] (8240) Found 23 total news, 1 pages
[START] (8150) Found 83 total news, 4 pages
[START] (2527) Found 10 total news, 1 pages
[DONE] (2527) Saved 1 news items
[START] (2395) Found 47 total news, 2 pages
   Page 2/4: +25 news
   Page 2/2: +22 news
[DONE] (2395) Saved 1 news items
[START] (6491) Found 19 total news, 1 pages
   Page 3/4: +25 news
[START] (2330) Found 541 total news, 22 pages
[START] (5234) Found 17 total news, 1 pages
   Page 4/4: +8 news
[DONE] (8150) Saved 1 news items
   Page 2/22: +25 news
[START] (4968) Found 20 total news, 1 pages
[START] (2241) Found 38 total news, 2 pages
   Page 3/22: +25 news
[START] (2338) Found 33 total news, 2 pages
[START] (8431) Found 31 total news, 2 pages
   Page 2/2: +8 news
[DONE] (2338) Saved 6 news items
   Page 2/2: +13 news
   Page 4/22: +25 news
[START] (2484) Found 80 total news, 4 pages
   Page 2/2: +6 news
[DONE] (8431) Saved 3 news items
   Page 2/4: +25 news
   Page 5/22: +25 news
   Page 3/4: +25 news
[START] (6175) Found 47 total news, 2 pages
[START] (9917) Found 19 total news, 1 pages
[START] (5347) Found 91 total news, 4 pages
   Page 6/22: +25 news
   Page 4/4: +5 news
[DONE] (2484) Saved 5 news items
   Page 2/2: +22 news
[DONE] (6175) Saved 3 news items
   Page 2/4: +25 news
   Page 7/22: +25 news
[START] (3416) Found 18 total news, 1 pages
[START] (6269) Found 28 total news, 2 pages
[START] (2399) Found 37 total news, 2 pages
   Page 8/22: +25 news
   Page 3/4: +25 news
   Page 2/2: +3 news
[DONE] (6269) Saved 2 news items
   Page 2/2: +12 news
[DONE] (2399) Saved 3 news items
[START] (2342) Found 53 total news, 3 pages
   Page 9/22: +25 news
   Page 4/4: +16 news
   Page 2/3: +25 news
   Page 10/22: +25 news
[START] (4174) Found 26 total news, 2 pages
   Page 3/3: +3 news
[DONE] (2342) Saved 4 news items
[START] (3189) Found 103 total news, 5 pages
[START] (6203) Found 29 total news, 2 pages
   Page 11/22: +25 news
   Page 2/2: +1 news
   Page 2/5: +25 news
   Page 12/22: +25 news
   Page 2/2: +4 news
   [ERROR] (6203) Failed to process news 6500172: invalid input for query argument $5: '' ('str' object cannot be interpreted as an integer)
   [ERROR] (6203) Failed to process news 6500171: invalid input for query argument $5: '' ('str' object cannot be interpreted as an integer)
   [ERROR] (6203) Failed to process news 6500173: invalid input for query argument $5: '' ('str' object cannot be interpreted as an integer)
[DONE] (6203) Saved 4 news items
[START] (6150) Found 36 total news, 2 pages
   Page 3/5: +25 news
   Page 13/22: +25 news
[START] (6727) Found 57 total news, 3 pages
   Page 2/2: +11 news
[DONE] (6150) Saved 9 news items
   Page 4/5: +25 news
   Page 14/22: +25 news
[START] (9958) Found 18 total news, 1 pages
   Page 2/3: +25 news
   Page 5/5: +3 news
[DONE] (3189) Saved 2 news items
   Page 15/22: +25 news
   Page 3/3: +7 news
[START] (5009) Found 28 total news, 2 pages
[START] (2427) Found 17 total news, 1 pages
   Page 16/22: +25 news
[START] (6831) Found 52 total news, 3 pages
   Page 2/2: +3 news
[DONE] (5009) Saved 1 news items
   Page 2/3: +25 news
[START] (4991) Found 89 total news, 4 pages
   Page 17/22: +25 news
[START] (4551) Found 33 total news, 2 pages
   Page 2/2: +8 news
[DONE] (4551) Saved 3 news items
   Page 3/3: +2 news
   Page 2/4: +25 news
   Page 18/22: +25 news
   Page 3/4: +25 news
   Page 19/22: +25 news
   Page 4/4: +14 news
[DONE] (4991) Saved 3 news items
[START] (5469) Found 16 total news, 1 pages
[START] (6895) Found 12 total news, 1 pages
[START] (4157) Found 9 total news, 1 pages
   Page 20/22: +25 news
[START] (8068) Found 12 total news, 1 pages
   Page 21/22: +25 news
[START] (2101) Found 14 total news, 1 pages
[START] (2377) Found 55 total news, 3 pages
   Page 22/22: +16 news
[START] (2515) Found 36 total news, 2 pages
[DONE] (2330) Saved 11 news items
[START] (3430) Found 17 total news, 1 pages
[START] (5443) Found 37 total news, 2 pages
   Page 2/3: +25 news
   Page 2/2: +12 news
   Page 2/2: +11 news
   Page 3/3: +5 news
[DONE] (2377) Saved 1 news items
[START] (3293) Found 7 total news, 1 pages
[START] (4989) Found 38 total news, 2 pages
   Page 2/2: +13 news
[START] (6994) Found 34 total news, 2 pages
[START] (7780) Found 2 total news, 1 pages
[START] (8341) Found 13 total news, 1 pages
[DONE] (7780) Saved 1 news items
[START] (2236) Found 28 total news, 2 pages
   Page 2/2: +9 news
[START] (6875) Found 3 total news, 1 pages
[START] (1569) Found 14 total news, 1 pages
   Page 2/2: +3 news
[START] (8255) Found 37 total news, 2 pages
[START] (1584) Found 13 total news, 1 pages
[DONE] (1584) Saved 1 news items
[START] (1310) Found 14 total news, 1 pages
   Page 2/2: +12 news
[DONE] (8255) Saved 1 news items
[START] (3694) Found 14 total news, 1 pages
[START] (7799) Found 11 total news, 1 pages
[DONE] (7799) Saved 1 news items
[START] (3535) Found 27 total news, 2 pages
[START] (1513) Found 35 total news, 2 pages
[START] (6761) Found 16 total news, 1 pages
[START] (2006) Found 21 total news, 1 pages
   Page 2/2: +2 news
   Page 2/2: +10 news
[START] (3701) Found 53 total news, 3 pages
   Page 2/3: +25 news
[START] (2385) Found 18 total news, 1 pages
[DONE] (2385) Saved 3 news items
[START] (3551) Found 12 total news, 1 pages
[START] (4906) Found 49 total news, 2 pages
   Page 3/3: +3 news
[START] (3044) Found 39 total news, 2 pages
[START] (2882) Found 190 total news, 8 pages
   Page 2/2: +14 news
[DONE] (3044) Saved 1 news items
   Page 2/2: +24 news
[DONE] (4906) Saved 1 news items
[START] (6589) Found 22 total news, 1 pages
   Page 2/8: +25 news
[START] (5284) Found 39 total news, 2 pages
   Page 3/8: +25 news
[START] (2723) Found 11 total news, 1 pages
[START] (6207) Found 78 total news, 4 pages
[START] (9942) Found 6 total news, 1 pages
   Page 2/2: +14 news
   Page 4/8: +25 news
   Page 2/4: +25 news
   Page 5/8: +25 news
[START] (8932) Found 17 total news, 1 pages
[START] (6270) Found 29 total news, 2 pages
[START] (2230) Found 22 total news, 1 pages
[DONE] (2230) Saved 1 news items
   Page 6/8: +25 news
   Page 3/4: +25 news
   Page 2/2: +4 news
[DONE] (6270) Saved 1 news items
[START] (6861) Found 13 total news, 1 pages
   Page 7/8: +25 news
   Page 4/4: +3 news
[DONE] (6207) Saved 6 news items
   Page 8/8: +15 news
[DONE] (2882) Saved 9 news items
[START] (1773) Found 18 total news, 1 pages
[START] (2855) Found 35 total news, 2 pages
[START] (3257) Found 21 total news, 1 pages
[START] (3105) Found 96 total news, 4 pages
   Page 2/2: +10 news
[DONE] (2855) Saved 1 news items
[START] (3583) Found 71 total news, 3 pages
   Page 2/4: +25 news
[START] (2328) Found 31 total news, 2 pages
[START] (5434) Found 32 total news, 2 pages
   Page 2/3: +25 news
[START] (3221) Found 71 total news, 3 pages
   Page 3/4: +25 news
   Page 2/2: +7 news
   Page 2/3: +25 news
   Page 2/2: +6 news
   Page 4/4: +21 news
   Page 3/3: +21 news
   Page 3/3: +21 news
[DONE] (3221) Saved 2 news items
[START] (1436) Found 22 total news, 1 pages
[START] (8131) Found 26 total news, 2 pages
[START] (2542) Found 27 total news, 2 pages
[START] (8054) Found 24 total news, 1 pages
[START] (6485) Found 42 total news, 2 pages
[START] (5880) Found 76 total news, 4 pages
   Page 2/2: +2 news
[DONE] (2542) Saved 3 news items
   Page 2/2: +1 news
   Page 2/2: +17 news
   Page 2/4: +25 news
[START] (2015) Found 17 total news, 1 pages
   Page 3/4: +25 news
[START] (4909) Found 8 total news, 1 pages
[START] (5288) Found 16 total news, 1 pages
   Page 4/4: +1 news
[DONE] (5880) Saved 8 news items
[START] (6409) Found 24 total news, 1 pages
[DONE] (6409) Saved 1 news items
[START] (2530) Found 20 total news, 1 pages
[DONE] (2530) Saved 2 news items
[START] (4540) Found 39 total news, 2 pages
[START] (3026) Found 88 total news, 4 pages
   Page 2/2: +14 news
[START] (6923) Found 13 total news, 1 pages
[START] (9933) Found 30 total news, 2 pages
   Page 2/4: +25 news
[START] (1540) Found 4 total news, 1 pages
   Page 2/2: +5 news
[DONE] (9933) Saved 2 news items
   Page 3/4: +25 news
[START] (2402) Found 33 total news, 2 pages
[START] (2368) Found 72 total news, 3 pages
   Page 4/4: +13 news
[DONE] (3026) Saved 7 news items
[START] (1784) Found 10 total news, 1 pages
[START] (3704) Found 31 total news, 2 pages
   Page 2/2: +8 news
   Page 2/3: +25 news
[DONE] (2402) Saved 1 news items
   Page 2/2: +6 news
[DONE] (3704) Saved 2 news items
   Page 3/3: +22 news
[DONE] (2368) Saved 1 news items
[START] (2420) Found 9 total news, 1 pages
[START] (8011) Found 12 total news, 1 pages
[START] (5521) Found 15 total news, 1 pages
[START] (4532) Found 15 total news, 1 pages
[START] (1210) Found 16 total news, 1 pages
[START] (6517) Found 6 total news, 1 pages
[START] (3078) Found 4 total news, 1 pages
[START] (1342) Found 20 total news, 1 pages
[DONE] (1342) Saved 1 news items
[START] (6155) Found 67 total news, 3 pages
[START] (2428) Found 36 total news, 2 pages
[START] (8473) Found 34 total news, 2 pages
   Page 2/3: +25 news
[START] (6585) Found 26 total news, 2 pages
   Page 2/2: +9 news
[DONE] (8473) Saved 2 news items
[START] (4931) Found 61 total news, 3 pages
   Page 2/2: +11 news
[DONE] (2428) Saved 2 news items
   Page 3/3: +17 news
[DONE] (6155) Saved 5 news items
   Page 2/2: +1 news
   Page 2/3: +25 news
[START] (2345) Found 95 total news, 4 pages
[START] (1409) Found 44 total news, 2 pages
[START] (3346) Found 22 total news, 1 pages
   Page 3/3: +11 news
[DONE] (4931) Saved 3 news items
   Page 2/2: +19 news
[DONE] (1409) Saved 1 news items
   Page 2/4: +25 news
[START] (3444) Found 38 total news, 2 pages
   Page 2/2: +13 news
   Page 3/4: +25 news
[START] (5522) Found 22 total news, 1 pages
[DONE] (5522) Saved 3 news items
[START] (1714) Found 35 total news, 2 pages
[START] (6446) Found 49 total news, 2 pages
   Page 4/4: +20 news
[DONE] (2345) Saved 2 news items
[START] (8499) Found 45 total news, 2 pages
   Page 2/2: +10 news
[DONE] (1714) Saved 4 news items
   Page 2/2: +24 news
[START] (5227) Found 36 total news, 2 pages
   Page 2/2: +20 news
   [ERROR] (8499) Failed to process news 6499846: invalid input for query argument $5: '' ('str' object cannot be interpreted as an integer)
[DONE] (8499) Saved 1 news items
   Page 2/2: +11 news
[DONE] (5227) Saved 3 news items
[START] (8074) Found 56 total news, 3 pages
[START] (3630) Found 31 total news, 2 pages
[START] (6120) Found 20 total news, 1 pages
[DONE] (6120) Saved 1 news items
   Page 2/2: +6 news
[DONE] (3630) Saved 3 news items
   Page 2/3: +25 news
[START] (1313) Found 11 total news, 1 pages
[START] (3011) Found 22 total news, 1 pages
[DONE] (1313) Saved 1 news items
   Page 3/3: +6 news
[DONE] (8074) Saved 1 news items
[START] (2617) Found 12 total news, 1 pages
[START] (6462) Found 32 total news, 2 pages
[START] (6217) Found 51 total news, 3 pages
   Page 2/2: +7 news
[START] (1616) Found 22 total news, 1 pages
[DONE] (1616) Saved 3 news items
   Page 2/3: +25 news
[START] (6919) Found 47 total news, 2 pages
[START] (2890) Found 97 total news, 4 pages
   Page 2/2: +22 news
[DONE] (6919) Saved 1 news items
   Page 3/3: +1 news
[DONE] (6217) Saved 1 news items
[START] (8358) Found 52 total news, 3 pages
[START] (8222) Found 8 total news, 1 pages
   Page 2/4: +25 news
   Page 2/3: +25 news
[START] (1795) Found 21 total news, 1 pages
[DONE] (1795) Saved 2 news items
   Page 3/4: +25 news
   Page 3/3: +2 news
[START] (6173) Found 92 total news, 4 pages
[START] (5534) Found 16 total news, 1 pages
[DONE] (8358) Saved 1 news items
   Page 4/4: +22 news
[DONE] (2890) Saved 5 news items
   Page 2/4: +25 news
[START] (2851) Found 24 total news, 1 pages
   [ERROR] (2851) Failed to process news 6499671: invalid input for query argument $5: '' ('str' object cannot be interpreted as an integer)
[DONE] (2851) Saved 4 news items
[START] (6202) Found 35 total news, 2 pages
[START] (2324) Found 184 total news, 8 pages
   Page 3/4: +25 news
[START] (6838) Found 11 total news, 1 pages
   Page 2/2: +10 news
[DONE] (6202) Saved 2 news items
   Page 2/8: +25 news
[START] (6558) Found 12 total news, 1 pages
   Page 4/4: +17 news
[DONE] (6173) Saved 5 news items
   Page 3/8: +25 news
[START] (3152) Found 35 total news, 2 pages
[START] (8464) Found 6 total news, 1 pages
[START] (2891) Found 232 total news, 10 pages
   Page 2/2: +10 news
[DONE] (3152) Saved 1 news items
   Page 4/8: +25 news
[START] (4714) Found 34 total news, 2 pages
   Page 5/8: +25 news
   Page 2/10: +25 news
   Page 2/2: +9 news
[START] (5904) Found 14 total news, 1 pages
[START] (6261) Found 42 total news, 2 pages
   Page 3/10: +25 news
   Page 6/8: +25 news
[START] (4953) Found 14 total news, 1 pages
   Page 2/2: +17 news
   Page 4/10: +25 news
   Page 7/8: +25 news
[START] (8284) Found 4 total news, 1 pages
   Page 5/10: +25 news
   Page 8/8: +9 news
[DONE] (2324) Saved 3 news items
[START] (2231) Found 13 total news, 1 pages
   Page 6/10: +25 news
[START] (6438) Found 14 total news, 1 pages
[START] (5508) Found 20 total news, 1 pages
[START] (4760) Found 66 total news, 3 pages
   Page 7/10: +25 news
[START] (2351) Found 45 total news, 2 pages
   Page 8/10: +25 news
   Page 2/3: +25 news
[START] (2618) Found 101 total news, 5 pages
[START] (2247) Found 17 total news, 1 pages
   Page 2/2: +20 news
   Page 9/10: +25 news
   Page 3/3: +16 news
[DONE] (4760) Saved 1 news items
   Page 2/5: +25 news
   Page 10/10: +7 news
[DONE] (2891) Saved 16 news items
   Page 3/5: +25 news
[START] (2884) Found 117 total news, 5 pages
[START] (5425) Found 81 total news, 4 pages
[START] (2027) Found 42 total news, 2 pages
   Page 2/5: +25 news
   Page 4/5: +25 news
[START] (6469) Found 17 total news, 1 pages
   Page 2/2: +17 news
[DONE] (2027) Saved 3 news items
   Page 2/4: +25 news
   Page 3/5: +25 news
   Page 5/5: +1 news
[DONE] (2618) Saved 7 news items
   Page 3/4: +25 news
   Page 4/5: +25 news
[START] (1504) Found 52 total news, 3 pages
   Page 5/5: +17 news
   Page 4/4: +6 news
[DONE] (5425) Saved 1 news items
[START] (2329) Found 35 total news, 2 pages
[START] (4961) Found 27 total news, 2 pages
   Page 2/3: +25 news
   Page 2/2: +2 news
[START] (6122) Found 4 total news, 1 pages
   Page 3/3: +2 news
[START] (2606) Found 29 total news, 2 pages
[DONE] (1504) Saved 1 news items
   Page 2/2: +10 news
[START] (2897) Found 32 total news, 2 pages
   Page 2/2: +4 news
[DONE] (2606) Saved 1 news items
[START] (3090) Found 85 total news, 4 pages
   Page 2/2: +7 news
[START] (2486) Found 61 total news, 3 pages
   Page 2/4: +25 news
[START] (4743) Found 15 total news, 1 pages
[START] (2453) Found 7 total news, 1 pages
[START] (4128) Found 17 total news, 1 pages
   Page 3/4: +25 news
   Page 2/3: +25 news
   Page 4/4: +10 news
[DONE] (3090) Saved 5 news items
   Page 3/3: +11 news
[START] (3581) Found 65 total news, 3 pages
[START] (3390) Found 25 total news, 1 pages
   Page 2/3: +25 news
[START] (5302) Found 16 total news, 1 pages
[DONE] (5302) Saved 2 news items
[START] (1506) Found 8 total news, 1 pages
   Page 3/3: +15 news
[DONE] (3581) Saved 2 news items
[START] (3006) Found 52 total news, 3 pages
[START] (4162) Found 7 total news, 1 pages
[START] (3131) Found 55 total news, 3 pages
[START] (1514) Found 40 total news, 2 pages
   Page 2/3: +25 news
   Page 2/3: +25 news
[START] (6640) Found 31 total news, 2 pages
   Page 2/2: +15 news
   Page 3/3: +2 news
[START] (1316) Found 20 total news, 1 pages
   Page 3/3: +5 news
   Page 2/2: +6 news
[START] (8476) Found 17 total news, 1 pages
[START] (6547) Found 10 total news, 1 pages
[START] (1477) Found 24 total news, 1 pages
[START] (4541) Found 14 total news, 1 pages
[START] (2303) Found 329 total news, 14 pages
[START] (4736) Found 10 total news, 1 pages
   Page 2/14: +25 news
[START] (4971) Found 69 total news, 3 pages
[START] (5388) Found 17 total news, 1 pages
   Page 3/14: +25 news
   Page 2/3: +25 news
[START] (6134) Found 21 total news, 1 pages
   Page 4/14: +25 news
[START] (6770) Found 115 total news, 5 pages
[START] (1434) Found 9 total news, 1 pages
   Page 3/3: +19 news
[DONE] (4971) Saved 1 news items
   Page 5/14: +25 news
   Page 2/5: +25 news
   Page 6/14: +25 news
[START] (4562) Found 44 total news, 2 pages
[START] (8070) Found 29 total news, 2 pages
   Page 3/5: +25 news
   Page 7/14: +25 news
   Page 2/2: +19 news
[START] (7788) Found 40 total news, 2 pages
   Page 2/2: +4 news
   Page 4/5: +25 news
   Page 8/14: +25 news
   Page 2/2: +15 news
[DONE] (7788) Saved 2 news items
   Page 9/14: +25 news
   Page 5/5: +15 news
[DONE] (6770) Saved 6 news items
[START] (3231) Found 116 total news, 5 pages
   Page 10/14: +25 news
   Page 2/5: +25 news
   Page 11/14: +25 news
   Page 3/5: +25 news
   Page 12/14: +25 news
   Page 4/5: +25 news
   Page 13/14: +25 news
   Page 5/5: +16 news
[DONE] (3231) Saved 3 news items
   Page 14/14: +4 news
[DONE] (2303) Saved 15 news items

[DONE] [熱門股] All processing complete!
[TIME] Total: 1308.98 seconds
[週二 2026/06/16 13:25:49.72] Hot crawlers done. 
[週二 2026/06/16 13:25:49.73] Fetching content... 
[週二 2026/06/16 13:25:49.75] Running nstock fetch_content... 
d:\StockPulse\stocks_news\nstock\fetch_content.py:222: DeprecationWarning: 'asyncio.WindowsSelectorEventLoopPolicy' is deprecated and slated for removal in Python 3.16
  asyncio.set_event_loop_policy(asyncio.WindowsSelectorEventLoopPolicy())
d:\StockPulse\stocks_news\nstock\fetch_content.py:222: DeprecationWarning: 'asyncio.set_event_loop_policy' is deprecated and slated for removal in Python 3.16
  asyncio.set_event_loop_policy(asyncio.WindowsSelectorEventLoopPolicy())

============================================================
NStock 新聞內文補抓
============================================================

[OK] 資料庫連線成功

[INFO] 找到 5845 筆需要補抓的新聞

開始處理 5845 筆新聞 (並發數: 5)...

  [OK] (1303) 更新成功 (837 字)
  [SKIP] (2317) 無實際內文，跳過
  [SKIP] (2317) 無實際內文，跳過
  [OK] (1303) 更新成功 (879 字)
  [SKIP] (2317) 無實際內文，跳過
  [SKIP] (3711) 無實際內文，跳過
  [SKIP] (3711) 無實際內文，跳過
  [SKIP] (7795) 無實際內文，跳過
  [SKIP] (7795) 無實際內文，跳過
  [SKIP] (7795) 無實際內文，跳過
  [SKIP] (6485) 無實際內文，跳過
  [SKIP] (1524) 無實際內文，跳過
  [SKIP] (1524) 無實際內文，跳過
  [SKIP] (6485) 無實際內文，跳過
  [SKIP] (1524) 無實際內文，跳過
  [SKIP] (5222) 無實際內文，跳過
  [SKIP] (5222) 無實際內文，跳過
  [SKIP] (1721) 無實際內文，跳過
  [SKIP] (3702) 無實際內文，跳過
  [SKIP] (3702) 無實際內文，跳過
  [SKIP] (1721) 無實際內文，跳過
  [SKIP] (1522) 無實際內文，跳過
  [SKIP] (3138) 無實際內文，跳過
  [SKIP] (1522) 無實際內文，跳過
  [SKIP] (3138) 無實際內文，跳過
  [SKIP] (4526) 無實際內文，跳過
  [SKIP] (8038) 無實際內文，跳過
  [SKIP] (4526) 無實際內文，跳過
  [SKIP] (4526) 無實際內文，跳過
  [SKIP] (2399) 無實際內文，跳過
  [SKIP] (8038) 無實際內文，跳過
  [SKIP] (6122) 無實際內文，跳過
  [SKIP] (2399) 無實際內文，跳過
  [SKIP] (6122) 無實際內文，跳過
  [SKIP] (6122) 無實際內文，跳過
  [SKIP] (6244) 無實際內文，跳過
  [SKIP] (6244) 無實際內文，跳過
  [SKIP] (6175) 無實際內文，跳過
  [SKIP] (6175) 無實際內文，跳過
  [SKIP] (3673) 無實際內文，跳過
  [SKIP] (3673) 無實際內文，跳過
  [SKIP] (6605) 無實際內文，跳過
  [SKIP] (6605) 無實際內文，跳過
  [SKIP] (6605) 無實際內文，跳過
  [SKIP] (3062) 無實際內文，跳過
  [SKIP] (3704) 無實際內文，跳過
  [SKIP] (6603) 無實際內文，跳過
  [SKIP] (3062) 無實際內文，跳過
  [SKIP] (6603) 無實際內文，跳過
  [SKIP] (3051) 無實際內文，跳過
  [SKIP] (3051) 無實際內文，跳過
  [SKIP] (1527) 無實際內文，跳過
  [SKIP] (1527) 無實際內文，跳過
  [SKIP] (3051) 無實際內文，跳過
  [SKIP] (4543) 無實際內文，跳過
  [SKIP] (4543) 無實際內文，跳過
  [SKIP] (4909) 無實際內文，跳過
  [SKIP] (4909) 無實際內文，跳過
  [SKIP] (3086) 無實際內文，跳過
  [SKIP] (3086) 無實際內文，跳過
  [SKIP] (2630) 無實際內文，跳過
  [SKIP] (4770) 無實際內文，跳過
  [SKIP] (2630) 無實際內文，跳過
  [SKIP] (2630) 無實際內文，跳過
  [SKIP] (4770) 無實際內文，跳過
  [SKIP] (1540) 無實際內文，跳過
  [SKIP] (3501) 無實際內文，跳過
  [SKIP] (1540) 無實際內文，跳過
  [SKIP] (3501) 無實際內文，跳過
  [SKIP] (3317) 無實際內文，跳過
  [SKIP] (3317) 無實際內文，跳過
  [SKIP] (6609) 無實際內文，跳過
  [SKIP] (3078) 無實際內文，跳過
  [SKIP] (6609) 無實際內文，跳過
  [SKIP] (6609) 無實際內文，跳過
  [SKIP] (3078) 無實際內文，跳過
  [SKIP] (3078) 無實際內文，跳過
  [SKIP] (4562) 無實際內文，跳過
  [SKIP] (4562) 無實際內文，跳過
  [SKIP] (6177) 無實際內文，跳過
  [SKIP] (6177) 無實際內文，跳過
  [SKIP] (8068) 無實際內文，跳過
  [SKIP] (6177) 無實際內文，跳過
  [SKIP] (8068) 無實際內文，跳過
  [SKIP] (3047) 無實際內文，跳過
  [SKIP] (8068) 無實際內文，跳過
  [SKIP] (6120) 無實際內文，跳過
  [SKIP] (6120) 無實際內文，跳過
  [SKIP] (6120) 無實際內文，跳過
  [SKIP] (3047) 無實際內文，跳過
  [SKIP] (6133) 無實際內文，跳過
  [SKIP] (3526) 無實際內文，跳過
  [SKIP] (6133) 無實際內文，跳過
  [SKIP] (3526) 無實際內文，跳過
  [SKIP] (6133) 無實際內文，跳過
  [SKIP] (4561) 無實際內文，跳過
  [SKIP] (4561) 無實際內文，跳過
  [SKIP] (4561) 無實際內文，跳過
  [SKIP] (4157) 無實際內文，跳過
  [SKIP] (4157) 無實際內文，跳過
  [SKIP] (3073) 無實際內文，跳過
  [SKIP] (3073) 無實際內文，跳過
  [SKIP] (4162) 無實際內文，跳過
  [SKIP] (4162) 無實際內文，跳過
  [SKIP] (4167) 無實際內文，跳過
  [SKIP] (1539) 無實際內文，跳過
  [SKIP] (4167) 無實際內文，跳過
  [SKIP] (1316) 無實際內文，跳過
  [SKIP] (1316) 無實際內文，跳過
  [SKIP] (6234) 無實際內文，跳過
  [SKIP] (6234) 無實際內文，跳過
  [SKIP] (1539) 無實際內文，跳過
  [SKIP] (6234) 無實際內文，跳過
  [SKIP] (1713) 無實際內文，跳過
  [SKIP] (2425) 無實際內文，跳過
  [SKIP] (1713) 無實際內文，跳過
  [SKIP] (2425) 無實際內文，跳過
  [SKIP] (8080) 無實際內文，跳過
  [SKIP] (2425) 無實際內文，跳過
  [SKIP] (2359) 無實際內文，跳過
  [SKIP] (2753) 無實際內文，跳過
  [SKIP] (8080) 無實際內文，跳過
  [SKIP] (1569) 無實際內文，跳過
  [SKIP] (3322) 無實際內文，跳過
  [SKIP] (3322) 無實際內文，跳過
  [SKIP] (1569) 無實際內文，跳過
  [SKIP] (1569) 無實際內文，跳過
  [SKIP] (6895) 無實際內文，跳過
  [SKIP] (6895) 無實際內文，跳過
  [SKIP] (3128) 無實際內文，跳過
  [SKIP] (3128) 無實際內文，跳過
  [SKIP] (2497) 無實際內文，跳過
  [SKIP] (1603) 無實際內文，跳過
  [SKIP] (2497) 無實際內文，跳過
  [SKIP] (2497) 無實際內文，跳過
  [SKIP] (1603) 無實際內文，跳過
  [SKIP] (1603) 無實際內文，跳過
  [SKIP] (3567) 無實際內文，跳過
  [SKIP] (3567) 無實際內文，跳過
  [SKIP] (6698) 無實際內文，跳過
  [SKIP] (3567) 無實際內文，跳過
  [SKIP] (6417) 無實際內文，跳過
  [SKIP] (2034) 無實際內文，跳過
  [SKIP] (6698) 無實際內文，跳過
  [SKIP] (6698) 無實際內文，跳過
  [SKIP] (2034) 無實際內文，跳過
  [SKIP] (6186) 無實際內文，跳過
  [SKIP] (6417) 無實際內文，跳過
  [SKIP] (6186) 無實際內文，跳過
  [SKIP] (5228) 無實際內文，跳過
  [SKIP] (5228) 無實際內文，跳過
  [OK] (6861) 更新成功 (139 字)
  [SKIP] (1231) 無實際內文，跳過
  [SKIP] (1231) 無實際內文，跳過
  [SKIP] (1442) 無實際內文，跳過
  [SKIP] (1231) 無實際內文，跳過
  [SKIP] (1442) 無實際內文，跳過
  [SKIP] (1227) 無實際內文，跳過
  [SKIP] (1227) 無實際內文，跳過
  [SKIP] (1506) 無實際內文，跳過
  [SKIP] (5302) 無實際內文，跳過
  [SKIP] (1506) 無實際內文，跳過
  [SKIP] (5302) 無實際內文，跳過
  [SKIP] (5302) 無實際內文，跳過
  [SKIP] (1526) 無實際內文，跳過
  [SKIP] (4104) 無實際內文，跳過
  [SKIP] (4104) 無實際內文，跳過
  [SKIP] (1526) 無實際內文，跳過
  [SKIP] (1526) 無實際內文，跳過
  [SKIP] (2539) 無實際內文，跳過
  [SKIP] (2539) 無實際內文，跳過
  [SKIP] (2539) 無實際內文，跳過
  [SKIP] (8107) 無實際內文，跳過
  [SKIP] (8107) 無實際內文，跳過
  [SKIP] (9942) 無實際內文，跳過
  [SKIP] (8107) 無實際內文，跳過
  [SKIP] (9942) 無實際內文，跳過
  [SKIP] (4588) 無實際內文，跳過
  [SKIP] (4588) 無實際內文，跳過
  [SKIP] (4588) 無實際內文，跳過
  [SKIP] (6875) 無實際內文，跳過
  [SKIP] (6875) 無實際內文，跳過
  [SKIP] (6875) 無實際內文，跳過
  [SKIP] (3339) 無實際內文，跳過
  [SKIP] (3339) 無實際內文，跳過
  [SKIP] (3339) 無實際內文，跳過
  [SKIP] (8927) 無實際內文，跳過
  [SKIP] (8927) 無實際內文，跳過
  [SKIP] (2387) 無實際內文，跳過
  [SKIP] (2387) 無實際內文，跳過
  [OK] (6625) 更新成功 (1293 字)
  [OK] (2408) 更新成功 (1059 字)
  [SKIP] (3379) 無實際內文，跳過
  [SKIP] (3379) 無實際內文，跳過
  [SKIP] (3379) 無實際內文，跳過
  [SKIP] (6151) 無實際內文，跳過
  [SKIP] (6151) 無實際內文，跳過
  [SKIP] (5245) 無實際內文，跳過
  [SKIP] (5245) 無實際內文，跳過
  [SKIP] (5245) 無實際內文，跳過
  [SKIP] (7736) 無實際內文，跳過
  [SKIP] (3685) 無實際內文，跳過
  [SKIP] (7736) 無實際內文，跳過
  [SKIP] (6230) 無實際內文，跳過
  [SKIP] (3685) 無實際內文，跳過
  [SKIP] (3609) 無實際內文，跳過
  [SKIP] (6230) 無實際內文，跳過
  [SKIP] (3321) 無實際內文，跳過
  [SKIP] (3609) 無實際內文，跳過
  [SKIP] (1795) 無實際內文，跳過
  [SKIP] (3321) 無實際內文，跳過
  [SKIP] (1795) 無實際內文，跳過
  [SKIP] (6823) 無實際內文，跳過
  [SKIP] (6823) 無實際內文，跳過
  [SKIP] (4976) 無實際內文，跳過
  [SKIP] (4976) 無實際內文，跳過
  [SKIP] (8284) 無實際內文，跳過
  [SKIP] (4976) 無實際內文，跳過
  [SKIP] (8284) 無實際內文，跳過
  [SKIP] (2527) 無實際內文，跳過
  [OK] (2345) 更新成功 (978 字)
  [SKIP] (2527) 無實際內文，跳過
  [SKIP] (2527) 無實際內文，跳過
  [SKIP] (2034) 無實際內文，跳過
  [OK] (2344) 更新成功 (650 字)
  [OK] (2337) 更新成功 (650 字)
  [OK] (2408) 更新成功 (650 字)
  [OK] (6763) 更新成功 (1100 字)
  [SKIP] (1470) 無實際內文，跳過
  [SKIP] (4413) 無實際內文，跳過
  [SKIP] (4413) 無實際內文，跳過
  [SKIP] (1470) 無實際內文，跳過
  [SKIP] (8077) 無實際內文，跳過
  [SKIP] (6103) 無實際內文，跳過
  [SKIP] (8077) 無實際內文，跳過
  [SKIP] (6103) 無實際內文，跳過
  [SKIP] (6103) 無實際內文，跳過
  [SKIP] (2073) 無實際內文，跳過
  [SKIP] (6874) 無實際內文，跳過
  [SKIP] (2073) 無實際內文，跳過
  [SKIP] (2073) 無實際內文，跳過
  [SKIP] (6874) 無實際內文，跳過
  [SKIP] (2008) 無實際內文，跳過
  [SKIP] (1512) 無實際內文，跳過
  [SKIP] (1512) 無實際內文，跳過
  [SKIP] (2008) 無實際內文，跳過
  [SKIP] (5490) 無實際內文，跳過
  [SKIP] (4737) 無實際內文，跳過
  [SKIP] (5490) 無實際內文，跳過
  [SKIP] (5490) 無實際內文，跳過
  [SKIP] (4737) 無實際內文，跳過
  [SKIP] (4737) 無實際內文，跳過
  [SKIP] (4580) 無實際內文，跳過
  [SKIP] (2743) 無實際內文，跳過
  [SKIP] (4580) 無實際內文，跳過
  [SKIP] (1531) 無實際內文，跳過
  [SKIP] (2743) 無實際內文，跳過
  [SKIP] (3434) 無實際內文，跳過
  [SKIP] (1531) 無實際內文，跳過
  [SKIP] (3434) 無實際內文，跳過
  [SKIP] (3434) 無實際內文，跳過
  [SKIP] (6167) 無實際內文，跳過
  [SKIP] (6167) 無實際內文，跳過
  [SKIP] (6167) 無實際內文，跳過
  [SKIP] (2516) 無實際內文，跳過
  [SKIP] (2516) 無實際內文，跳過
  [SKIP] (1414) 無實際內文，跳過
  [SKIP] (6229) 無實際內文，跳過
  [SKIP] (1414) 無實際內文，跳過
  [SKIP] (6229) 無實際內文，跳過
  [SKIP] (2414) 無實際內文，跳過
  [SKIP] (6229) 無實際內文，跳過
  [SKIP] (6158) 無實際內文，跳過
  [SKIP] (6158) 無實際內文，跳過
  [SKIP] (2414) 無實際內文，跳過
  [SKIP] (1604) 無實際內文，跳過
  [SKIP] (2414) 無實際內文，跳過
  [SKIP] (1604) 無實際內文，跳過
  [SKIP] (1604) 無實際內文，跳過
  [SKIP] (4113) 無實際內文，跳過
  [SKIP] (4113) 無實際內文，跳過
  [SKIP] (3325) 無實際內文，跳過
  [SKIP] (4113) 無實際內文，跳過
  [SKIP] (3325) 無實際內文，跳過
  [SKIP] (8433) 無實際內文，跳過
  [SKIP] (3043) 無實際內文，跳過
  [SKIP] (3043) 無實際內文，跳過
  [SKIP] (8433) 無實際內文，跳過
  [SKIP] (8433) 無實際內文，跳過
  [SKIP] (1614) 無實際內文，跳過
  [SKIP] (3043) 無實際內文，跳過
  [SKIP] (1614) 無實際內文，跳過
  [SKIP] (1614) 無實際內文，跳過
  [SKIP] (5481) 無實際內文，跳過
  [SKIP] (5481) 無實際內文，跳過
  [SKIP] (5481) 無實際內文，跳過
  [SKIP] (4528) 無實際內文，跳過
  [SKIP] (4528) 無實際內文，跳過
  [SKIP] (4528) 無實際內文，跳過
  [SKIP] (6221) 無實際內文，跳過
  [SKIP] (4552) 無實際內文，跳過
  [SKIP] (6221) 無實際內文，跳過
  [SKIP] (4552) 無實際內文，跳過
  [SKIP] (4552) 無實際內文，跳過
  [SKIP] (1110) 無實際內文，跳過
  [OK] (3624) 更新成功 (1341 字)
  [SKIP] (1110) 無實際內文，跳過
  [SKIP] (1110) 無實際內文，跳過
  [SKIP] (6743) 無實際內文，跳過
  [SKIP] (6743) 無實際內文，跳過
  [SKIP] (6743) 無實際內文，跳過
  [SKIP] (6118) 無實際內文，跳過
  [SKIP] (5251) 無實際內文，跳過
  [SKIP] (6118) 無實際內文，跳過
  [SKIP] (5251) 無實際內文，跳過
  [SKIP] (3188) 無實際內文，跳過
  [SKIP] (1438) 無實際內文，跳過
  [SKIP] (3188) 無實際內文，跳過
  [SKIP] (1438) 無實際內文，跳過
  [SKIP] (1438) 無實際內文，跳過
  [SKIP] (6128) 無實際內文，跳過
  [SKIP] (4171) 無實際內文，跳過
  [SKIP] (6128) 無實際內文，跳過
  [SKIP] (4171) 無實際內文，跳過
  [SKIP] (6128) 無實際內文，跳過
  [SKIP] (3508) 無實際內文，跳過
  [SKIP] (3508) 無實際內文，跳過
  [SKIP] (6703) 無實際內文，跳過
  [SKIP] (5531) 無實際內文，跳過
  [SKIP] (6703) 無實際內文，跳過
  [SKIP] (5531) 無實際內文，跳過
  [SKIP] (9908) 無實際內文，跳過
  [SKIP] (9908) 無實際內文，跳過
  [SKIP] (9908) 無實際內文，跳過
  [SKIP] (1451) 無實際內文，跳過
  [SKIP] (6136) 無實際內文，跳過
  [SKIP] (6136) 無實際內文，跳過
  [SKIP] (1451) 無實際內文，跳過
  [SKIP] (9943) 無實際內文，跳過
  [SKIP] (5460) 無實際內文，跳過
  [SKIP] (9943) 無實際內文，跳過
  [SKIP] (9943) 無實際內文，跳過
  [SKIP] (5460) 無實際內文，跳過
  [SKIP] (5460) 無實際內文，跳過
  [SKIP] (2536) 無實際內文，跳過
  [SKIP] (2536) 無實際內文，跳過
  [SKIP] (4420) 無實際內文，跳過
  [SKIP] (2064) 無實際內文，跳過
  [SKIP] (2064) 無實際內文，跳過
  [SKIP] (3499) 無實際內文，跳過
  [SKIP] (4161) 無實際內文，跳過
  [SKIP] (4420) 無實際內文，跳過
  [SKIP] (3499) 無實際內文，跳過
  [SKIP] (4161) 無實際內文，跳過
  [SKIP] (6160) 無實際內文，跳過
  [SKIP] (6160) 無實際內文，跳過
  [SKIP] (6160) 無實際內文，跳過
  [SKIP] (4160) 無實際內文，跳過
  [SKIP] (4160) 無實際內文，跳過
  [SKIP] (1446) 無實際內文，跳過
  [SKIP] (4160) 無實際內文，跳過
  [SKIP] (4131) 無實際內文，跳過
  [SKIP] (4131) 無實際內文，跳過
  [SKIP] (1446) 無實際內文，跳過
  [SKIP] (2028) 無實際內文，跳過
  [SKIP] (2028) 無實際內文，跳過
  [SKIP] (8411) 無實際內文，跳過
  [SKIP] (2028) 無實際內文，跳過
  [SKIP] (8411) 無實際內文，跳過
  [SKIP] (8411) 無實際內文，跳過
  [SKIP] (8410) 無實際內文，跳過
  [SKIP] (8410) 無實際內文，跳過
  [SKIP] (3287) 無實際內文，跳過
  [SKIP] (8410) 無實際內文，跳過
  [SKIP] (3287) 無實際內文，跳過
  [SKIP] (6674) 無實際內文，跳過
  [SKIP] (6674) 無實際內文，跳過
  [SKIP] (6674) 無實際內文，跳過
  [SKIP] (4728) 無實際內文，跳過
  [SKIP] (9918) 無實際內文，跳過
  [SKIP] (4173) 無實際內文，跳過
  [SKIP] (9918) 無實際內文，跳過
  [SKIP] (4728) 無實際內文，跳過
  [SKIP] (4173) 無實際內文，跳過
  [SKIP] (3570) 無實際內文，跳過
  [SKIP] (3570) 無實際內文，跳過
  [SKIP] (4173) 無實際內文，跳過
  [OK] (6811) 更新成功 (623 字)
  [OK] (3231) 更新成功 (648 字)
  [OK] (3548) 更新成功 (515 字)
  [OK] (2327) 更新成功 (550 字)
  [OK] (1532) 更新成功 (794 字)
  [OK] (6414) 更新成功 (385 字)
  [OK] (2413) 更新成功 (667 字)
  [SKIP] (2354) 無實際內文，跳過
  [SKIP] (6197) 無實際內文，跳過
  [OK] (5483) 更新成功 (667 字)
  [SKIP] (6265) 無實際內文，跳過
  [OK] (6182) 更新成功 (667 字)
  [OK] (3016) 更新成功 (667 字)
  [OK] (3532) 更新成功 (667 字)
  [OK] (5274) 更新成功 (496 字)
  [OK] (6488) 更新成功 (667 字)
  [OK] (3042) 更新成功 (817 字)
  [OK] (2303) 更新成功 (717 字)
  [OK] (3008) 更新成功 (670 字)
  [OK] (2330) 更新成功 (670 字)
  [OK] (2330) 更新成功 (717 字)
  [OK] (3711) 更新成功 (717 字)
  [OK] (5498) 更新成功 (721 字)
  [OK] (8096) 更新成功 (216 字)
  [OK] (8261) 更新成功 (212 字)
  [OK] (7769) 更新成功 (659 字)
  [OK] (8042) 更新成功 (419 字)
  [OK] (8027) 更新成功 (214 字)
  [OK] (7734) 更新成功 (210 字)
  [OK] (8021) 更新成功 (286 字)
  [OK] (6806) 更新成功 (181 字)
  [OK] (6691) 更新成功 (223 字)
  [OK] (6449) 更新成功 (208 字)
  [OK] (6613) 更新成功 (289 字)
  [OK] (6488) 更新成功 (225 字)
  [OK] (6209) 更新成功 (201 字)
  [OK] (6141) 更新成功 (165 字)
  [OK] (6173) 更新成功 (388 字)
  [OK] (6187) 更新成功 (221 字)
  [OK] (6207) 更新成功 (217 字)
  [OK] (6139) 更新成功 (220 字)
  [OK] (5536) 更新成功 (223 字)
  [OK] (2344) 更新成功 (859 字)
  [OK] (2337) 更新成功 (859 字)
  [OK] (8049) 更新成功 (615 字)
  [OK] (1215) 更新成功 (664 字)
  [OK] (8942) 更新成功 (144 字)
  [OK] (5478) 更新成功 (726 字)
  [OK] (8431) 更新成功 (795 字)
  [OK] (8464) 更新成功 (602 字)
  [OK] (3533) 更新成功 (738 字)
  [OK] (2328) 更新成功 (602 字)
  [OK] (2404) 更新成功 (537 字)
  [OK] (2059) 更新成功 (537 字)
  [OK] (2408) 更新成功 (879 字)
  [OK] (3362) 更新成功 (757 字)
  [OK] (2887) 更新成功 (837 字)
  [OK] (1326) 更新成功 (879 字)
  [OK] (2382) 更新成功 (837 字)
  [OK] (3008) 更新成功 (757 字)
  [OK] (3504) 更新成功 (757 字)
  [OK] (1301) 更新成功 (879 字)
  [OK] (6505) 更新成功 (879 字)
  [OK] (3406) 更新成功 (757 字)
  [OK] (5871) 更新成功 (837 字)
  [OK] (2243) 更新成功 (260 字)
  [OK] (3491) 更新成功 (440 字)
  [OK] (3363) 更新成功 (241 字)
  [OK] (2105) 更新成功 (255 字)
  [OK] (3236) 更新成功 (350 字)
  [OK] (2484) 更新成功 (244 字)
  [OK] (3026) 更新成功 (319 字)
  [OK] (3090) 更新成功 (290 字)
  [OK] (2313) 更新成功 (237 字)
  [OK] (3167) 更新成功 (227 字)
  [OK] (3036) 更新成功 (262 字)
  [OK] (3081) 更新成功 (223 字)
  [OK] (2383) 更新成功 (200 字)
  [OK] (2404) 更新成功 (222 字)
  [OK] (2493) 更新成功 (219 字)
  [OK] (2455) 更新成功 (236 字)
  [OK] (2327) 更新成功 (228 字)
  [OK] (1714) 更新成功 (189 字)
  [OK] (4542) 更新成功 (243 字)
  [OK] (4931) 更新成功 (216 字)
  [OK] (4991) 更新成功 (348 字)
  [OK] (2467) 更新成功 (837 字)
  [OK] (6640) 更新成功 (951 字)
  [OK] (5227) 更新成功 (176 字)
  [OK] (2610) 更新成功 (658 字)
  [OK] (2646) 更新成功 (658 字)
  [OK] (6640) 更新成功 (510 字)
  [OK] (2467) 更新成功 (510 字)
  [OK] (6757) 更新成功 (658 字)
  [OK] (2618) 更新成功 (658 字)
  [OK] (8431) 更新成功 (510 字)
  [OK] (1215) 更新成功 (510 字)
  [OK] (3037) 更新成功 (823 字)
  [OK] (3008) 更新成功 (676 字)
  [OK] (8431) 更新成功 (722 字)
  [OK] (6488) 更新成功 (872 字)
  [OK] (6023) 更新成功 (549 字)
  [OK] (2327) 更新成功 (872 字)
  [SKIP] (3708) 無實際內文，跳過
  [SKIP] (4953) 無實際內文，跳過
  [OK] (2344) 更新成功 (62 字)
  [SKIP] (3045) 無實際內文，跳過
  [SKIP] (3037) 無實際內文，跳過
  [SKIP] (1301) 無實際內文，跳過
  [SKIP] (3008) 無實際內文，跳過
  [OK] (2330) 更新成功 (76 字)
  [SKIP] (2353) 無實際內文，跳過
  [SKIP] (1303) 無實際內文，跳過
  [SKIP] (2317) 無實際內文，跳過
  [SKIP] (2458) 無實際內文，跳過
  [SKIP] (2345) 無實際內文，跳過
  [OK] (2330) 更新成功 (94 字)
  [SKIP] (3008) 無實際內文，跳過
  [SKIP] (3711) 無實際內文，跳過
  [OK] (2330) 更新成功 (54 字)
  [SKIP] (2885) 無實際內文，跳過
  [SKIP] (2317) 無實際內文，跳過
  [SKIP] (4958) 無實際內文，跳過
  [SKIP] (2303) 無實際內文，跳過
  [SKIP] (6126) 無實際內文，跳過
  [SKIP] (2412) 無實際內文，跳過
  [SKIP] (2314) 無實際內文，跳過
  [SKIP] (3372) 無實際內文，跳過
  [SKIP] (7777) 無實際內文，跳過
  [SKIP] (3265) 無實際內文，跳過
  [SKIP] (3213) 無實際內文，跳過
  [SKIP] (2230) 無實際內文，跳過
  [SKIP] (6693) 無實際內文，跳過
  [SKIP] (6203) 無實際內文，跳過
  [SKIP] (6472) 無實際內文，跳過
  [SKIP] (7769) 無實際內文，跳過
  [SKIP] (6213) 無實際內文，跳過
  [SKIP] (6203) 無實際內文，跳過
  [SKIP] (6126) 無實際內文，跳過
  [SKIP] (6126) 無實際內文，跳過
  [SKIP] (6126) 無實際內文，跳過
  [SKIP] (6203) 無實際內文，跳過
  [SKIP] (6203) 無實際內文，跳過
  [SKIP] (6203) 無實際內文，跳過
  [SKIP] (4721) 無實際內文，跳過
  [SKIP] (5353) 無實際內文，跳過
  [SKIP] (1314) 無實際內文，跳過
  [SKIP] (4721) 無實際內文，跳過
  [SKIP] (5880) 無實際內文，跳過
  [SKIP] (5880) 無實際內文，跳過
  [SKIP] (5880) 無實際內文，跳過
  [SKIP] (5880) 無實際內文，跳過
  [SKIP] (9917) 無實際內文，跳過
  [SKIP] (8431) 無實際內文，跳過
  [SKIP] (5880) 無實際內文，跳過
  [SKIP] (8088) 無實際內文，跳過
  [SKIP] (2889) 無實際內文，跳過
  [SKIP] (3522) 無實際內文，跳過
  [SKIP] (2887) 無實際內文，跳過
  [SKIP] (3522) 無實際內文，跳過
  [SKIP] (7769) 無實際內文，跳過
  [SKIP] (7769) 無實際內文，跳過
  [SKIP] (5536) 無實際內文，跳過
  [SKIP] (3711) 無實際內文，跳過
  [SKIP] (7769) 無實際內文，跳過
  [SKIP] (4931) 無實際內文，跳過
  [SKIP] (1777) 無實際內文，跳過
  [SKIP] (4541) 無實際內文，跳過
  [SKIP] (4523) 無實際內文，跳過
  [SKIP] (7711) 無實際內文，跳過
  [SKIP] (3227) 無實際內文，跳過
  [SKIP] (7777) 無實際內文，跳過
  [SKIP] (5398) 無實際內文，跳過
  [SKIP] (2903) 無實際內文，跳過
  [SKIP] (2013) 無實際內文，跳過
  [SKIP] (3045) 無實際內文，跳過
  [SKIP] (2462) 無實際內文，跳過
  [SKIP] (2537) 無實際內文，跳過
  [SKIP] (6965) 無實際內文，跳過
  [SKIP] (3518) 無實際內文，跳過
  [SKIP] (2891) 無實際內文，跳過
  [SKIP] (2881) 無實際內文，跳過
  [SKIP] (9933) 無實際內文，跳過
  [SKIP] (2347) 無實際內文，跳過
  [SKIP] (8499) 無實際內文，跳過
  [SKIP] (6456) 無實際內文，跳過
  [SKIP] (5522) 無實際內文，跳過
  [OK] (2362) 更新成功 (87 字)
  [SKIP] (2323) 無實際內文，跳過
  [OK] (2504) 更新成功 (70 字)
  [SKIP] (3605) 無實際內文，跳過
  [SKIP] (2882) 無實際內文，跳過
  [SKIP] (2504) 無實際內文，跳過
  [SKIP] (4728) 無實際內文，跳過
  [SKIP] (2362) 無實際內文，跳過
  [SKIP] (6763) 無實際內文，跳過
  [SKIP] (2332) 無實際內文，跳過
  [OK] (2357) 更新成功 (1029 字)
  [SKIP] (6271) 無實際內文，跳過
  [OK] (6669) 更新成功 (1029 字)
  [OK] (6757) 更新成功 (86 字)
  [SKIP] (5398) 無實際內文，跳過
  [SKIP] (2881) 無實際內文，跳過
  [SKIP] (5398) 無實際內文，跳過
  [OK] (6281) 更新成功 (1645 字)
  [SKIP] (2882) 無實際內文，跳過
  [SKIP] (2884) 無實際內文，跳過
  [SKIP] (2882) 無實際內文，跳過
  [SKIP] (2882) 無實際內文，跳過
  [SKIP] (6757) 無實際內文，跳過
  [SKIP] (2883) 無實際內文，跳過
  [SKIP] (6456) 無實際內文，跳過
  [SKIP] (2883) 無實際內文，跳過
  [SKIP] (8255) 無實際內文，跳過
  [SKIP] (1102) 無實際內文，跳過
  [SKIP] (6425) 無實際內文，跳過
  [SKIP] (1102) 無實際內文，跳過
  [SKIP] (6965) 無實際內文，跳過
  [SKIP] (4523) 無實際內文，跳過
  [SKIP] (6965) 無實際內文，跳過
  [SKIP] (6965) 無實際內文，跳過
  [SKIP] (6965) 無實際內文，跳過
  [SKIP] (3701) 無實際內文，跳過
  [OK] (4967) 更新成功 (924 字)
  [SKIP] (2401) 無實際內文，跳過
  [OK] (8942) 更新成功 (156 字)
  [OK] (2881) 更新成功 (82 字)
  [SKIP] (2401) 無實際內文，跳過
  [SKIP] (5398) 無實際內文，跳過
  [SKIP] (2885) 無實際內文，跳過
  [OK] (3013) 更新成功 (83 字)
  [OK] (3042) 更新成功 (156 字)
  [OK] (6949) 更新成功 (839 字)
  [SKIP] (5398) 無實際內文，跳過
  [SKIP] (3003) 無實際內文，跳過
  [SKIP] (3708) 無實際內文，跳過
  [SKIP] (3708) 無實際內文，跳過
  [SKIP] (2611) 無實際內文，跳過
  [SKIP] (2881) 無實際內文，跳過
  [SKIP] (3708) 無實際內文，跳過
  [SKIP] (5474) 無實際內文，跳過
  [SKIP] (6843) 無實際內文，跳過
  [SKIP] (6170) 無實際內文，跳過
  [SKIP] (6233) 無實際內文，跳過
  [SKIP] (2611) 無實際內文，跳過
  [SKIP] (3128) 無實際內文，跳過
  [SKIP] (6150) 無實際內文，跳過
  [SKIP] (6843) 無實際內文，跳過
  [SKIP] (8271) 無實際內文，跳過
  [SKIP] (6207) 無實際內文，跳過
  [SKIP] (6285) 無實際內文，跳過
  [SKIP] (1101) 無實際內文，跳過
  [SKIP] (2302) 無實際內文，跳過
  [SKIP] (1101) 無實際內文，跳過
  [SKIP] (8028) 無實際內文，跳過
  [SKIP] (3014) 無實際內文，跳過
  [SKIP] (2891) 無實際內文，跳過
  [SKIP] (2462) 無實際內文，跳過
  [SKIP] (6843) 無實際內文，跳過
  [SKIP] (8064) 無實際內文，跳過
  [SKIP] (1616) 無實際內文，跳過
  [SKIP] (6843) 無實際內文，跳過
  [SKIP] (8473) 無實際內文，跳過
  [SKIP] (6843) 無實際內文，跳過
  [OK] (2206) 更新成功 (1405 字)
  [SKIP] (1409) 無實際內文，跳過
  [OK] (3010) 更新成功 (95 字)
  [SKIP] (3013) 無實際內文，跳過
  [SKIP] (6715) 無實際內文，跳過
  [SKIP] (3042) 無實際內文，跳過
  [SKIP] (2013) 無實際內文，跳過
  [OK] (2883) 更新成功 (159 字)
  [SKIP] (2881) 無實際內文，跳過
  [SKIP] (2883) 無實際內文，跳過
  [SKIP] (3010) 無實際內文，跳過
  [OK] (2354) 更新成功 (78 字)
  [OK] (6285) 更新成功 (166 字)
  [SKIP] (2885) 無實際內文，跳過
  [SKIP] (3010) 無實際內文，跳過
  [OK] (8271) 更新成功 (136 字)
  [SKIP] (8942) 無實際內文，跳過
  [OK] (5864) 更新成功 (59 字)
  [SKIP] (2354) 無實際內文，跳過
  [OK] (7805) 更新成功 (46 字)
  [SKIP] (6213) 無實際內文，跳過
  [OK] (6257) 更新成功 (52 字)
  [SKIP] (2354) 無實際內文，跳過
  [SKIP] (1616) 無實際內文，跳過
  [SKIP] (1616) 無實際內文，跳過
  [SKIP] (9933) 無實際內文，跳過
  [SKIP] (1616) 無實際內文，跳過
  [OK] (3045) 更新成功 (683 字)
  [SKIP] (3702) 無實際內文，跳過
  [SKIP] (3702) 無實際內文，跳過
  [OK] (3265) 更新成功 (84 字)
  [SKIP] (6285) 無實際內文，跳過
  [SKIP] (7805) 無實際內文，跳過
  [OK] (2408) 更新成功 (56 字)
  [SKIP] (6257) 無實際內文，跳過
  [SKIP] (6150) 無實際內文，跳過
  [OK] (7799) 更新成功 (289 字)
  [SKIP] (6150) 無實際內文，跳過
  [SKIP] (8271) 無實際內文，跳過
  [SKIP] (6150) 無實際內文，跳過
  [SKIP] (6150) 無實際內文，跳過
  [SKIP] (5864) 無實際內文，跳過
  [SKIP] (2890) 無實際內文，跳過
  [SKIP] (2890) 無實際內文，跳過
  [SKIP] (8473) 無實際內文，跳過
  [SKIP] (2890) 無實際內文，跳過
  [OK] (3017) 更新成功 (95 字)
  [SKIP] (2408) 無實際內文，跳過
  [SKIP] (3265) 無實際內文，跳過
  [OK] (2851) 更新成功 (151 字)
  [OK] (6830) 更新成功 (94 字)
  [OK] (5478) 更新成功 (1003 字)
  [OK] (2836) 更新成功 (450 字)
  [SKIP] (2851) 無實際內文，跳過
  [OK] (2850) 更新成功 (145 字)
  [SKIP] (7799) 無實際內文，跳過
  [SKIP] (2850) 無實際內文，跳過
  [SKIP] (3017) 無實際內文，跳過
  [OK] (2885) 更新成功 (155 字)
  [OK] (2049) 更新成功 (79 字)
  [OK] (2880) 更新成功 (150 字)
  [SKIP] (2880) 無實際內文，跳過
  [SKIP] (6830) 無實際內文，跳過
  [SKIP] (2885) 無實際內文，跳過
  [SKIP] (8049) 無實際內文，跳過
  [SKIP] (6477) 無實際內文，跳過
  [SKIP] (2103) 無實際內文，跳過
  [SKIP] (2049) 無實際內文，跳過
  [SKIP] (1414) 無實際內文，跳過
  [SKIP] (8942) 無實際內文，跳過
  [SKIP] (6584) 無實際內文，跳過
  [SKIP] (2412) 無實際內文，跳過
  [SKIP] (6199) 無實際內文，跳過
  [SKIP] (1319) 無實際內文，跳過
  [SKIP] (6770) 無實際內文，跳過
  [SKIP] (6770) 無實際內文，跳過
  [SKIP] (1101) 無實際內文，跳過
  [SKIP] (5452) 無實際內文，跳過
  [SKIP] (3014) 無實際內文，跳過
  [SKIP] (2230) 無實際內文，跳過
  [OK] (3704) 更新成功 (79 字)
  [SKIP] (2302) 無實際內文，跳過
  [SKIP] (3704) 無實際內文，跳過
  [SKIP] (6693) 無實際內文，跳過
  [SKIP] (6693) 無實際內文，跳過
  [SKIP] (3704) 無實際內文，跳過
  [SKIP] (1615) 無實際內文，跳過
  [SKIP] (3704) 無實際內文，跳過
  [SKIP] (6584) 無實際內文，跳過
  [OK] (2610) 更新成功 (722 字)
  [OK] (6757) 更新成功 (722 字)
  [OK] (2618) 更新成功 (722 字)
  [OK] (2646) 更新成功 (722 字)
  [OK] (6202) 更新成功 (501 字)
  [OK] (2401) 更新成功 (501 字)
  [OK] (6532) 更新成功 (831 字)
  [OK] (4958) 更新成功 (741 字)
  [OK] (4919) 更新成功 (501 字)
  [SKIP] (3264) 無實際內文，跳過
  [SKIP] (4953) 無實際內文，跳過
  [OK] (2207) 更新成功 (864 字)
  [SKIP] (8431) 無實際內文，跳過
  [OK] (8131) 更新成功 (396 字)
  [SKIP] (5478) 無實際內文，跳過
  [SKIP] (4722) 無實際內文，跳過
  [SKIP] (4722) 無實際內文，跳過
  [OK] (2610) 更新成功 (463 字)
  [SKIP] (3014) 無實際內文，跳過
  [SKIP] (3533) 無實際內文，跳過
  [SKIP] (1736) 無實際內文，跳過
  [OK] (6116) 更新成功 (540 字)
  [OK] (2409) 更新成功 (540 字)
  [OK] (2816) 更新成功 (146 字)
  [OK] (2015) 更新成功 (360 字)
  [SKIP] (2816) 無實際內文，跳過
  [SKIP] (1527) 無實際內文，跳過
  [OK] (2324) 更新成功 (790 字)
  [OK] (3362) 更新成功 (895 字)
  [SKIP] (5478) 無實際內文，跳過
  [OK] (3406) 更新成功 (895 字)
  [OK] (3504) 更新成功 (895 字)
  [SKIP] (5478) 無實際內文，跳過
  [OK] (2610) 更新成功 (601 字)
  [SKIP] (2891) 無實際內文，跳過
  [OK] (1303) 更新成功 (685 字)
  [OK] (1301) 更新成功 (890 字)
  [OK] (6781) 更新成功 (890 字)
  [OK] (5227) 更新成功 (890 字)
  [OK] (1101) 更新成功 (890 字)
  [SKIP] (1598) 無實際內文，跳過
  [OK] (6121) 更新成功 (890 字)
  [SKIP] (1303) 無實際內文，跳過
  [OK] (1319) 更新成功 (308 字)
  [SKIP] (2332) 無實際內文，跳過
  [OK] (3491) 更新成功 (909 字)
  [OK] (4939) 更新成功 (905 字)
  [SKIP] (6757) 無實際內文，跳過
  [OK] (8112) 更新成功 (215 字)
  [OK] (2303) 更新成功 (629 字)
  [OK] (8043) 更新成功 (220 字)
  [SKIP] (2377) 無實際內文，跳過
  [OK] (6830) 更新成功 (208 字)
  [OK] (6515) 更新成功 (218 字)
  [OK] (6517) 更新成功 (248 字)
  [OK] (6485) 更新成功 (204 字)
  [OK] (6451) 更新成功 (205 字)
  [OK] (6175) 更新成功 (214 字)
  [OK] (6223) 更新成功 (222 字)
  [OK] (5321) 更新成功 (179 字)
  [OK] (6127) 更新成功 (203 字)
  [SKIP] (2013) 無實際內文，跳過
  [SKIP] (2013) 無實際內文，跳過
  [SKIP] (2002) 無實際內文，跳過
  [OK] (2367) 更新成功 (227 字)
  [OK] (3048) 更新成功 (236 字)
  [OK] (2406) 更新成功 (197 字)
  [OK] (2413) 更新成功 (202 字)
  [OK] (5228) 更新成功 (244 字)
  [OK] (2483) 更新成功 (212 字)
  [OK] (2059) 更新成功 (264 字)
  [OK] (3441) 更新成功 (255 字)
  [OK] (4916) 更新成功 (206 字)
  [OK] (3537) 更新成功 (245 字)
  [OK] (2481) 更新成功 (248 字)
  [OK] (4967) 更新成功 (200 字)
  [OK] (3221) 更新成功 (218 字)
  [OK] (8416) 更新成功 (909 字)
  [OK] (8938) 更新成功 (829 字)
  [OK] (6670) 更新成功 (829 字)
  [SKIP] (3045) 無實際內文，跳過
  [OK] (8454) 更新成功 (998 字)
  [OK] (6231) 更新成功 (874 字)
  [OK] (6870) 更新成功 (998 字)
  [OK] (6770) 更新成功 (1450 字)
  [OK] (5347) 更新成功 (1450 字)
  [OK] (2303) 更新成功 (1450 字)
  [OK] (8044) 更新成功 (998 字)
  [OK] (2603) 更新成功 (799 字)
  [OK] (1476) 更新成功 (767 字)
  [OK] (1434) 更新成功 (767 字)
  [OK] (1464) 更新成功 (767 字)
  [OK] (1590) 更新成功 (541 字)
  [OK] (1597) 更新成功 (541 字)
  [OK] (5274) 更新成功 (735 字)
  [OK] (3260) 更新成功 (1077 字)
  [OK] (8086) 更新成功 (619 字)
  [OK] (3105) 更新成功 (619 字)
  [OK] (3017) 更新成功 (783 字)
  [OK] (2313) 更新成功 (1019 字)
  [OK] (3324) 更新成功 (783 字)
  [OK] (4958) 更新成功 (1019 字)
  [OK] (3376) 更新成功 (1019 字)
  [OK] (1301) 更新成功 (792 字)
  [OK] (3289) 更新成功 (846 字)
  [OK] (4744) 更新成功 (285 字)
  [SKIP] (8069) 無實際內文，跳過
  [OK] (6231) 更新成功 (568 字)
  [OK] (3289) 更新成功 (568 字)
  [OK] (5274) 更新成功 (568 字)
  [SKIP] (2880) 無實際內文，跳過
  [SKIP] (2344) 無實際內文，跳過
  [SKIP] (2207) 無實際內文，跳過
  [SKIP] (2353) 無實際內文，跳過
  [SKIP] (2207) 無實際內文，跳過
  [SKIP] (2377) 無實際內文，跳過
  [SKIP] (2344) 無實際內文，跳過
  [SKIP] (7711) 無實際內文，跳過
  [SKIP] (6182) 無實際內文，跳過
  [OK] (2610) 更新成功 (65 字)
  [SKIP] (2324) 無實際內文，跳過
  [SKIP] (1301) 無實際內文，跳過
  [SKIP] (2324) 無實際內文，跳過
  [SKIP] (1402) 無實際內文，跳過
  [OK] (2412) 更新成功 (56 字)
  [SKIP] (2207) 無實際內文，跳過
  [OK] (3045) 更新成功 (56 字)
  [SKIP] (2880) 無實際內文，跳過
  [SKIP] (2401) 無實際內文，跳過
  [SKIP] (2327) 無實際內文，跳過
  [SKIP] (8069) 無實際內文，跳過
  [OK] (4938) 更新成功 (48 字)
  [SKIP] (2395) 無實際內文，跳過
  [OK] (5483) 更新成功 (54 字)
  [SKIP] (3702) 無實際內文，跳過
  [SKIP] (1419) 無實際內文，跳過
  [SKIP] (5315) 無實際內文，跳過
  [SKIP] (7402) 無實際內文，跳過
  [OK] (3042) 更新成功 (272 字)
  [OK] (2542) 更新成功 (248 字)
  [OK] (2886) 更新成功 (276 字)
  [OK] (2412) 更新成功 (277 字)
  [OK] (2377) 更新成功 (308 字)
  [OK] (2105) 更新成功 (287 字)
  [OK] (1605) 更新成功 (270 字)
  [OK] (2002) 更新成功 (274 字)
  [OK] (2597) 更新成功 (274 字)
  [OK] (1210) 更新成功 (291 字)
  [OK] (6196) 更新成功 (251 字)
  [OK] (8016) 更新成功 (267 字)
  [OK] (2890) 更新成功 (278 字)
  [OK] (1319) 更新成功 (276 字)
  [OK] (5871) 更新成功 (275 字)
  [OK] (2059) 更新成功 (272 字)
  [OK] (6890) 更新成功 (297 字)
  [SKIP] (8463) 無實際內文，跳過
  [OK] (8074) 更新成功 (479 字)
  [SKIP] (8049) 無實際內文，跳過
  [OK] (2327) 更新成功 (268 字)
  [SKIP] (5315) 無實際內文，跳過
  [SKIP] (2377) 無實際內文，跳過
  [SKIP] (2376) 無實際內文，跳過
  [SKIP] (6859) 無實際內文，跳過
  [SKIP] (8049) 無實際內文，跳過
  [OK] (6928) 更新成功 (867 字)
  [OK] (4994) 更新成功 (339 字)
  [OK] (4755) 更新成功 (682 字)
  [OK] (2882) 更新成功 (683 字)
  [OK] (1802) 更新成功 (623 字)
  [OK] (1519) 更新成功 (852 字)
  [OK] (6667) 更新成功 (506 字)
  [OK] (7402) 更新成功 (754 字)
  [OK] (4532) 更新成功 (831 字)
  [OK] (3016) 更新成功 (933 字)
  [OK] (2301) 更新成功 (523 字)
  [OK] (2308) 更新成功 (523 字)
  [OK] (6515) 更新成功 (658 字)
  [OK] (3081) 更新成功 (772 字)
  [DEL] (4744|熱門股) 太舊: 4 天
  [DEL] (4744|熱門股) 太舊: 4 天
  [OK] (1907) 更新成功 (888 字)
  [DEL] (4414|熱門股) 太舊: 4 天
  [DEL] (4414|熱門股) 太舊: 4 天
  [DEL] (8489|熱門股) 太舊: 4 天
  [DEL] (8489|熱門股) 太舊: 4 天
  [DEL] (8489|熱門股) 太舊: 4 天
  [DEL] (3441|熱門股) 太舊: 4 天
  [DEL] (2611|熱門股) 太舊: 4 天
  [DEL] (7547|熱門股) 太舊: 4 天
  [DEL] (8442|熱門股) 太舊: 4 天
  [DEL] (3276|熱門股) 太舊: 4 天
  [DEL] (6136|熱門股) 太舊: 4 天
  [DEL] (2433|熱門股) 太舊: 4 天
  [DEL] (3276|熱門股) 太舊: 4 天
  [DEL] (3276|熱門股) 太舊: 4 天
  [DEL] (3276|熱門股) 太舊: 4 天
  [DEL] (3276|熱門股) 太舊: 4 天
  [DEL] (1598|熱門股) 太舊: 4 天
  [DEL] (6523|熱門股) 太舊: 4 天
  [DEL] (8916|熱門股) 太舊: 5 天
  [DEL] (2536|熱門股) 太舊: 5 天
  [DEL] (3021|熱門股) 太舊: 5 天
  [DEL] (2314|熱門股) 太舊: 4 天
  [DEL] (2373|熱門股) 太舊: 5 天
  [DEL] (1295|熱門股) 太舊: 5 天
  [DEL] (1295|熱門股) 太舊: 5 天
  [DEL] (4716|熱門股) 太舊: 5 天
  [DEL] (4716|熱門股) 太舊: 5 天
  [DEL] (5202|熱門股) 太舊: 5 天
  [DEL] (4716|熱門股) 太舊: 5 天
  [DEL] (4716|熱門股) 太舊: 5 天
  [DEL] (4716|熱門股) 太舊: 5 天
  [DEL] (6733|熱門股) 太舊: 5 天
  [DEL] (1295|熱門股) 太舊: 5 天
  [DEL] (4707|熱門股) 太舊: 5 天
  [DEL] (2450|熱門股) 太舊: 5 天
  [DEL] (4707|熱門股) 太舊: 5 天
  [DEL] (4401|熱門股) 太舊: 5 天
  [DEL] (4707|熱門股) 太舊: 5 天
  [DEL] (4707|熱門股) 太舊: 5 天
  [DEL] (4707|熱門股) 太舊: 5 天
  [DEL] (3284|熱門股) 太舊: 5 天
  [DEL] (4171|熱門股) 太舊: 5 天
  [DEL] (4994|熱門股) 太舊: 5 天
  [DEL] (2415|熱門股) 太舊: 5 天
  [DEL] (6498|熱門股) 太舊: 5 天
  [DEL] (2516|熱門股) 太舊: 5 天
  [DEL] (3114|熱門股) 太舊: 5 天
  [DEL] (3083|熱門股) 太舊: 5 天
  [DEL] (2243|熱門股) 太舊: 5 天
  [DEL] (6791|熱門股) 太舊: 5 天
  [DEL] (1530|熱門股) 太舊: 6 天
  [DEL] (1570|熱門股) 太舊: 6 天
  [DEL] (8047|熱門股) 太舊: 6 天
  [DEL] (1725|熱門股) 太舊: 6 天
  [DEL] (2739|熱門股) 太舊: 6 天
  [DEL] (6419|熱門股) 太舊: 6 天
  [DEL] (4744|熱門股) 太舊: 6 天
  [DEL] (5903|熱門股) 太舊: 6 天
  [DEL] (5312|熱門股) 太舊: 6 天
  [DEL] (6859|熱門股) 太舊: 6 天
  [DEL] (1598|熱門股) 太舊: 6 天
  [DEL] (6743|熱門股) 太舊: 6 天
  [DEL] (4946|熱門股) 太舊: 6 天
  [DEL] (6743|熱門股) 太舊: 6 天
  [DEL] (4946|熱門股) 太舊: 6 天
  [DEL] (2239|熱門股) 太舊: 6 天
  [DEL] (8403|熱門股) 太舊: 6 天
  [DEL] (6281|熱門股) 太舊: 6 天
  [DEL] (8403|熱門股) 太舊: 6 天
  [DEL] (2239|熱門股) 太舊: 6 天
  [DEL] (1530|熱門股) 太舊: 6 天
  [DEL] (6419|熱門股) 太舊: 6 天
  [DEL] (6419|熱門股) 太舊: 6 天
  [DEL] (3499|熱門股) 太舊: 6 天
  [DEL] (3499|熱門股) 太舊: 6 天
  [DEL] (6614|熱門股) 太舊: 6 天
  [DEL] (6614|熱門股) 太舊: 6 天
  [DEL] (3570|熱門股) 太舊: 6 天
  [DEL] (4401|熱門股) 太舊: 6 天
  [DEL] (5202|熱門股) 太舊: 6 天
  [DEL] (4401|熱門股) 太舊: 6 天
  [DEL] (4728|熱門股) 太舊: 6 天
  [DEL] (5531|熱門股) 太舊: 6 天
  [DEL] (5202|熱門股) 太舊: 6 天
  [DEL] (8047|熱門股) 太舊: 6 天
  [DEL] (4728|熱門股) 太舊: 6 天
  [DEL] (6141|熱門股) 太舊: 6 天
  [DEL] (1598|熱門股) 太舊: 6 天
  [DEL] (3570|熱門股) 太舊: 6 天
  [DEL] (1598|熱門股) 太舊: 6 天
  [DEL] (4113|熱門股) 太舊: 6 天
  [DEL] (6796|熱門股) 太舊: 6 天
  [DEL] (6141|熱門股) 太舊: 6 天
  [DEL] (5531|熱門股) 太舊: 6 天
  [DEL] (4113|熱門股) 太舊: 6 天
  [DEL] (8489|熱門股) 太舊: 6 天
  [DEL] (1512|熱門股) 太舊: 6 天
  [DEL] (5244|熱門股) 太舊: 6 天
  [DEL] (8489|熱門股) 太舊: 6 天
  [DEL] (6118|熱門股) 太舊: 6 天
  [DEL] (2227|熱門股) 太舊: 6 天
  [DEL] (1512|熱門股) 太舊: 6 天
  [DEL] (2227|熱門股) 太舊: 6 天
  [DEL] (6118|熱門股) 太舊: 6 天
  [DEL] (1446|熱門股) 太舊: 6 天
  [DEL] (3325|熱門股) 太舊: 6 天
  [DEL] (7718|熱門股) 太舊: 6 天
  [DEL] (1446|熱門股) 太舊: 6 天
  [DEL] (1103|熱門股) 太舊: 6 天
  [DEL] (3325|熱門股) 太舊: 6 天
  [DEL] (3508|熱門股) 太舊: 6 天
  [DEL] (7718|熱門股) 太舊: 6 天
  [DEL] (1103|熱門股) 太舊: 6 天
  [DEL] (6167|熱門股) 太舊: 6 天
  [DEL] (9924|熱門股) 太舊: 6 天
  [DEL] (9924|熱門股) 太舊: 6 天
  [DEL] (6167|熱門股) 太舊: 6 天
  [DEL] (3508|熱門股) 太舊: 6 天
  [DEL] (1110|熱門股) 太舊: 6 天
  [DEL] (3522|熱門股) 太舊: 6 天
  [DEL] (4414|熱門股) 太舊: 6 天
  [DEL] (6573|熱門股) 太舊: 6 天
  [DEL] (5321|熱門股) 太舊: 6 天
  [DEL] (6160|熱門股) 太舊: 6 天
  [DEL] (1447|熱門股) 太舊: 6 天
  [DEL] (2314|熱門股) 太舊: 6 天
  [DEL] (4414|熱門股) 太舊: 6 天
  [DEL] (4503|熱門股) 太舊: 6 天
  [DEL] (6573|熱門股) 太舊: 6 天
  [DEL] (3083|熱門股) 太舊: 6 天
  [DEL] (6614|熱門股) 太舊: 6 天
  [DEL] (2739|熱門股) 太舊: 6 天
  [DEL] (1268|熱門股) 太舊: 6 天
  [DEL] (3522|熱門股) 太舊: 6 天
  [DEL] (6160|熱門股) 太舊: 6 天
  [DEL] (2314|熱門股) 太舊: 6 天
  [DEL] (5321|熱門股) 太舊: 6 天
  [DEL] (1447|熱門股) 太舊: 6 天
  [DEL] (6614|熱門股) 太舊: 6 天
  [DEL] (1444|熱門股) 太舊: 6 天
  [DEL] (1110|熱門股) 太舊: 6 天
  [DEL] (1234|熱門股) 太舊: 6 天
  [DEL] (1530|熱門股) 太舊: 6 天
  [DEL] (1570|熱門股) 太舊: 6 天
  [DEL] (3083|熱門股) 太舊: 6 天
  [DEL] (2739|熱門股) 太舊: 6 天
  [DEL] (4111|熱門股) 太舊: 6 天
  [DEL] (4503|熱門股) 太舊: 6 天
  [DEL] (1444|熱門股) 太舊: 6 天
  [DEL] (3313|熱門股) 太舊: 6 天
  [DEL] (1530|熱門股) 太舊: 6 天
  [DEL] (3557|熱門股) 太舊: 6 天
  [DEL] (1570|熱門股) 太舊: 6 天
  [DEL] (1234|熱門股) 太舊: 6 天
  [DEL] (1416|熱門股) 太舊: 6 天
  [DEL] (8908|熱門股) 太舊: 6 天
  [DEL] (6136|熱門股) 太舊: 6 天
  [DEL] (1416|熱門股) 太舊: 6 天
  [DEL] (6136|熱門股) 太舊: 6 天
  [DEL] (4737|熱門股) 太舊: 6 天
  [DEL] (3313|熱門股) 太舊: 6 天
  [DEL] (2461|熱門股) 太舊: 6 天
  [DEL] (6654|熱門股) 太舊: 6 天
  [DEL] (6796|熱門股) 太舊: 6 天
  [DEL] (7757|熱門股) 太舊: 6 天
  [DEL] (6229|熱門股) 太舊: 6 天
  [DEL] (3434|熱門股) 太舊: 6 天
  [DEL] (3388|熱門股) 太舊: 6 天
  [DEL] (6498|熱門股) 太舊: 6 天
  [DEL] (2461|熱門股) 太舊: 6 天
  [DEL] (8908|熱門股) 太舊: 6 天
  [DEL] (4744|熱門股) 太舊: 6 天
  [DEL] (4737|熱門股) 太舊: 6 天
  [DEL] (7757|熱門股) 太舊: 6 天
  [DEL] (6229|熱門股) 太舊: 6 天
  [DEL] (2461|熱門股) 太舊: 6 天
  [DEL] (3229|熱門股) 太舊: 6 天
  [DEL] (1799|熱門股) 太舊: 6 天
  [DEL] (3434|熱門股) 太舊: 6 天
  [DEL] (3388|熱門股) 太舊: 6 天
  [DEL] (1799|熱門股) 太舊: 6 天
  [DEL] (3229|熱門股) 太舊: 6 天
  [DEL] (3130|熱門股) 太舊: 6 天
  [DEL] (6796|熱門股) 太舊: 6 天
  [DEL] (1268|熱門股) 太舊: 6 天
  [DEL] (6498|熱門股) 太舊: 6 天
  [DEL] (2611|熱門股) 太舊: 6 天
  [DEL] (6654|熱門股) 太舊: 6 天
  [DEL] (3130|熱門股) 太舊: 6 天
  [DEL] (4580|熱門股) 太舊: 6 天
  [DEL] (4160|熱門股) 太舊: 6 天
  [DEL] (8916|熱門股) 太舊: 6 天
  [DEL] (2373|熱門股) 太舊: 6 天
  [DEL] (4580|熱門股) 太舊: 6 天
  [DEL] (2373|熱門股) 太舊: 6 天
  [DEL] (4160|熱門股) 太舊: 6 天
  [DEL] (1268|熱門股) 太舊: 6 天
  [DEL] (6790|熱門股) 太舊: 6 天
  [DEL] (2611|熱門股) 太舊: 6 天
  [DEL] (6184|熱門股) 太舊: 6 天
  [DEL] (7547|熱門股) 太舊: 6 天
  [DEL] (1788|熱門股) 太舊: 6 天
  [DEL] (8916|熱門股) 太舊: 6 天
  [DEL] (6791|熱門股) 太舊: 6 天
  [DEL] (6184|熱門股) 太舊: 6 天
  [DEL] (2433|熱門股) 太舊: 6 天
  [DEL] (6790|熱門股) 太舊: 6 天
  [DEL] (1788|熱門股) 太舊: 6 天
  [DEL] (6791|熱門股) 太舊: 6 天
  [DEL] (7721|熱門股) 太舊: 6 天
  [DEL] (2433|熱門股) 太舊: 6 天
  [DEL] (8923|熱門股) 太舊: 6 天
  [DEL] (4133|熱門股) 太舊: 6 天
  [DEL] (7721|熱門股) 太舊: 6 天
  [DEL] (4106|熱門股) 太舊: 6 天
  [DEL] (4106|熱門股) 太舊: 6 天
  [DEL] (4133|熱門股) 太舊: 6 天
  [DEL] (8923|熱門股) 太舊: 6 天
  [DEL] (5244|熱門股) 太舊: 6 天
  [DEL] (4413|熱門股) 太舊: 6 天
  [DEL] (3577|熱門股) 太舊: 6 天
  [DEL] (6277|熱門股) 太舊: 6 天
  [DEL] (1752|熱門股) 太舊: 6 天
  [DEL] (4166|熱門股) 太舊: 6 天
  [DEL] (4413|熱門股) 太舊: 6 天
  [DEL] (6794|熱門股) 太舊: 6 天
  [DEL] (5548|熱門股) 太舊: 6 天
  [DEL] (6140|熱門股) 太舊: 6 天
  [DEL] (1315|熱門股) 太舊: 6 天
  [DEL] (5903|熱門股) 太舊: 6 天
  [DEL] (1752|熱門股) 太舊: 6 天
  [DEL] (2505|熱門股) 太舊: 6 天
  [DEL] (2064|熱門股) 太舊: 6 天
  [DEL] (2743|熱門股) 太舊: 6 天
  [DEL] (4946|熱門股) 太舊: 6 天
  [DEL] (4173|熱門股) 太舊: 6 天
  [DEL] (8032|熱門股) 太舊: 6 天
  [DEL] (1464|熱門股) 太舊: 7 天
  [DEL] (4166|熱門股) 太舊: 7 天
  [DEL] (6140|熱門股) 太舊: 7 天
  [DEL] (2064|熱門股) 太舊: 7 天
  [DEL] (1464|熱門股) 太舊: 7 天
  [DEL] (1464|熱門股) 太舊: 7 天
  [DEL] (1464|熱門股) 太舊: 7 天
  [DEL] (1315|熱門股) 太舊: 7 天
  [DEL] (5548|熱門股) 太舊: 7 天
  [DEL] (2505|熱門股) 太舊: 7 天
  [DEL] (6649|熱門股) 太舊: 7 天
  [DEL] (4106|熱門股) 太舊: 7 天
  [DEL] (1416|熱門股) 太舊: 7 天
  [DEL] (1416|熱門股) 太舊: 7 天
  [DEL] (6649|熱門股) 太舊: 7 天
  [DEL] (1752|熱門股) 太舊: 7 天
  [DEL] (6649|熱門股) 太舊: 7 天
  [DEL] (6649|熱門股) 太舊: 7 天
  [DEL] (6649|熱門股) 太舊: 7 天
  [DEL] (4173|熱門股) 太舊: 7 天
  [DEL] (1752|熱門股) 太舊: 7 天
  [DEL] (2505|熱門股) 太舊: 7 天
  [DEL] (2505|熱門股) 太舊: 7 天
  [DEL] (4106|熱門股) 太舊: 7 天
  [DEL] (2505|熱門股) 太舊: 7 天
  [DEL] (1725|熱門股) 太舊: 7 天
  [DEL] (2743|熱門股) 太舊: 7 天
  [DEL] (1570|熱門股) 太舊: 7 天
  [DEL] (8032|熱門股) 太舊: 7 天
  [DEL] (8032|熱門股) 太舊: 7 天
  [DEL] (5903|熱門股) 太舊: 7 天
  [DEL] (6859|熱門股) 太舊: 7 天
  [DEL] (6859|熱門股) 太舊: 7 天
  [DEL] (5903|熱門股) 太舊: 7 天
  [DEL] (6128|熱門股) 太舊: 7 天
  [DEL] (4171|熱門股) 太舊: 7 天
  [DEL] (4133|熱門股) 太舊: 7 天
  [DEL] (2704|熱門股) 太舊: 7 天
  [DEL] (6281|熱門股) 太舊: 7 天
  [DEL] (6128|熱門股) 太舊: 7 天
  [DEL] (3303|熱門股) 太舊: 7 天
  [DEL] (6874|熱門股) 太舊: 7 天
  [DEL] (6281|熱門股) 太舊: 7 天
  [DEL] (8077|熱門股) 太舊: 7 天
  [DEL] (6874|熱門股) 太舊: 7 天
  [DEL] (4171|熱門股) 太舊: 7 天
  [DEL] (2008|熱門股) 太舊: 7 天
  [DEL] (5907|熱門股) 太舊: 7 天
  [DEL] (8077|熱門股) 太舊: 7 天
  [DEL] (1438|熱門股) 太舊: 7 天
  [DEL] (2743|熱門股) 太舊: 7 天
  [DEL] (2008|熱門股) 太舊: 7 天
  [DEL] (3303|熱門股) 太舊: 7 天
  [DEL] (5907|熱門股) 太舊: 7 天
  [DEL] (2756|熱門股) 太舊: 7 天
  [DEL] (1437|熱門股) 太舊: 7 天
  [DEL] (6674|熱門股) 太舊: 7 天
  [DEL] (6674|熱門股) 太舊: 7 天
  [DEL] (1437|熱門股) 太舊: 7 天
  [DEL] (6023|熱門股) 太舊: 7 天
  [DEL] (1437|熱門股) 太舊: 7 天
  [DEL] (3679|熱門股) 太舊: 7 天
  [DEL] (1437|熱門股) 太舊: 7 天
  [DEL] (1437|熱門股) 太舊: 7 天
  [DEL] (9946|熱門股) 太舊: 7 天
  [DEL] (5251|熱門股) 太舊: 7 天
  [DEL] (6023|熱門股) 太舊: 7 天
  [DEL] (5251|熱門股) 太舊: 7 天
  [DEL] (8935|熱門股) 太舊: 7 天
  [DEL] (9946|熱門股) 太舊: 7 天
  [DEL] (3557|熱門股) 太舊: 7 天
  [DEL] (8935|熱門股) 太舊: 7 天
  [DEL] (1604|熱門股) 太舊: 7 天
  [DEL] (3557|熱門股) 太舊: 7 天
  [DEL] (3679|熱門股) 太舊: 7 天
  [DEL] (1604|熱門股) 太舊: 7 天
  [DEL] (6221|熱門股) 太舊: 7 天
  [DEL] (1444|熱門股) 太舊: 7 天
  [DEL] (3043|熱門股) 太舊: 7 天
  [DEL] (6221|熱門股) 太舊: 7 天
  [DEL] (1447|熱門股) 太舊: 7 天
  [DEL] (2483|熱門股) 太舊: 7 天
  [DEL] (9103|熱門股) 太舊: 7 天
  [DEL] (3043|熱門股) 太舊: 7 天
  [DEL] (5460|熱門股) 太舊: 7 天
  [DEL] (6184|熱門股) 太舊: 7 天
  [DEL] (5460|熱門股) 太舊: 7 天
  [DEL] (8416|熱門股) 太舊: 7 天
  [DEL] (2227|熱門股) 太舊: 7 天
  [DEL] (8416|熱門股) 太舊: 7 天
  [DEL] (3577|熱門股) 太舊: 7 天
  [DEL] (3259|熱門股) 太舊: 7 天
  [DEL] (2073|熱門股) 太舊: 7 天
  [DEL] (2073|熱門股) 太舊: 7 天
  [DEL] (8433|熱門股) 太舊: 7 天
  [DEL] (3577|熱門股) 太舊: 7 天
  [DEL] (3259|熱門股) 太舊: 7 天
  [DEL] (7704|熱門股) 太舊: 7 天
  [DEL] (1444|熱門股) 太舊: 7 天
  [DEL] (3284|熱門股) 太舊: 7 天
  [DEL] (7704|熱門股) 太舊: 7 天
  [DEL] (8433|熱門股) 太舊: 7 天
  [DEL] (3284|熱門股) 太舊: 7 天
  [DEL] (1799|熱門股) 太舊: 7 天
  [DEL] (3518|熱門股) 太舊: 7 天
  [DEL] (8277|熱門股) 太舊: 7 天
  [DEL] (2450|熱門股) 太舊: 7 天
  [DEL] (2516|熱門股) 太舊: 7 天
  [DEL] (8277|熱門股) 太舊: 7 天
  [DEL] (8277|熱門股) 太舊: 7 天
  [DEL] (8277|熱門股) 太舊: 7 天
  [DEL] (1219|熱門股) 太舊: 7 天
  [DEL] (1234|熱門股) 太舊: 7 天
  [DEL] (5481|熱門股) 太舊: 7 天
  [DEL] (8277|熱門股) 太舊: 7 天
  [DEL] (9908|熱門股) 太舊: 7 天
  [DEL] (1447|熱門股) 太舊: 7 天
  [DEL] (2516|熱門股) 太舊: 7 天
  [DEL] (1219|熱門股) 太舊: 7 天
  [DEL] (8463|熱門股) 太舊: 7 天
  [DEL] (5481|熱門股) 太舊: 7 天
  [DEL] (6277|熱門股) 太舊: 7 天
  [DEL] (8935|熱門股) 太舊: 7 天
  [DEL] (9908|熱門股) 太舊: 7 天
  [DEL] (3310|熱門股) 太舊: 7 天
  [DEL] (5014|熱門股) 太舊: 7 天
  [DEL] (8463|熱門股) 太舊: 7 天
  [DEL] (8935|熱門股) 太舊: 7 天
  [DEL] (5014|熱門股) 太舊: 7 天
  [DEL] (8047|熱門股) 太舊: 7 天
  [DEL] (8047|熱門股) 太舊: 7 天
  [DEL] (3229|熱門股) 太舊: 7 天
  [DEL] (2705|熱門股) 太舊: 7 天
  [DEL] (3021|熱門股) 太舊: 7 天
  [DEL] (2705|熱門股) 太舊: 7 天
  [DEL] (1232|熱門股) 太舊: 7 天
  [DEL] (1232|熱門股) 太舊: 7 天
  [DEL] (3021|熱門股) 太舊: 7 天
  [DEL] (6124|熱門股) 太舊: 7 天
  [DEL] (2739|熱門股) 太舊: 7 天
  [DEL] (6124|熱門股) 太舊: 7 天
  [DEL] (2756|熱門股) 太舊: 7 天
  [DEL] (1531|熱門股) 太舊: 7 天
  [DEL] (2756|熱門股) 太舊: 7 天
  [DEL] (2756|熱門股) 太舊: 7 天
  [DEL] (1531|熱門股) 太舊: 7 天
  [DEL] (6523|熱門股) 太舊: 7 天
  [DEL] (2756|熱門股) 太舊: 7 天
  [DEL] (1531|熱門股) 太舊: 7 天
  [DEL] (6523|熱門股) 太舊: 7 天
  [DEL] (1234|熱門股) 太舊: 7 天
  [DEL] (6690|熱門股) 太舊: 7 天
  [DEL] (9906|熱門股) 太舊: 7 天
  [DEL] (1470|熱門股) 太舊: 7 天
  [DEL] (3441|熱門股) 太舊: 7 天
  [DEL] (1470|熱門股) 太舊: 7 天
  [DEL] (2321|熱門股) 太舊: 7 天
  [DEL] (2321|熱門股) 太舊: 8 天
  [DEL] (5548|熱門股) 太舊: 8 天
  [DEL] (5548|熱門股) 太舊: 11 天
  [DEL] (5548|熱門股) 太舊: 11 天
  [DEL] (6103|熱門股) 太舊: 12 天
  [DEL] (6103|熱門股) 太舊: 12 天
  [DEL] (4413|熱門股) 太舊: 15 天
  [DEL] (6874|熱門股) 太舊: 20 天
  [DEL] (8923|熱門股) 太舊: 18 天
  [DEL] (2321|熱門股) 太舊: 21 天
  [DEL] (2321|熱門股) 太舊: 21 天
  [DEL] (2008|熱門股) 太舊: 22 天
  [DEL] (8077|熱門股) 太舊: 25 天
  [DEL] (1470|熱門股) 太舊: 26 天
  [DEL] (2432|熱門股) 太舊: 27 天
  [DEL] (2432|熱門股) 太舊: 27 天
  [DEL] (2432|熱門股) 太舊: 27 天
  [DEL] (2904|熱門股) 太舊: 27 天
  [DEL] (2904|熱門股) 太舊: 27 天
  [DEL] (2904|熱門股) 太舊: 27 天
  [DEL] (4402|熱門股) 太舊: 27 天
  [DEL] (4402|熱門股) 太舊: 27 天
  [DEL] (2221|熱門股) 太舊: 27 天
  [DEL] (4402|熱門股) 太舊: 27 天
  [DEL] (2221|熱門股) 太舊: 27 天
  [DEL] (2754|熱門股) 太舊: 27 天
  [DEL] (2221|熱門股) 太舊: 27 天
  [DEL] (4804|熱門股) 太舊: 27 天
  [DEL] (4804|熱門股) 太舊: 27 天
  [DEL] (2754|熱門股) 太舊: 27 天
  [DEL] (2754|熱門股) 太舊: 27 天
  [DEL] (7743|熱門股) 太舊: 27 天
  [DEL] (7743|熱門股) 太舊: 27 天
  [DEL] (7743|熱門股) 太舊: 27 天
  [DEL] (6872|熱門股) 太舊: 27 天
  [DEL] (6872|熱門股) 太舊: 27 天
  [DEL] (6872|熱門股) 太舊: 27 天
  [DEL] (8424|熱門股) 太舊: 27 天
  [DEL] (8424|熱門股) 太舊: 27 天
  [DEL] (8424|熱門股) 太舊: 27 天
  [DEL] (4175|熱門股) 太舊: 27 天
  [DEL] (2926|熱門股) 太舊: 27 天
  [DEL] (4175|熱門股) 太舊: 27 天
  [DEL] (4175|熱門股) 太舊: 27 天
  [DEL] (2926|熱門股) 太舊: 27 天
  [DEL] (2722|熱門股) 太舊: 27 天
  [DEL] (2926|熱門股) 太舊: 27 天
  [DEL] (2722|熱門股) 太舊: 27 天
  [DEL] (2722|熱門股) 太舊: 27 天
  [DEL] (5701|熱門股) 太舊: 27 天
  [DEL] (5701|熱門股) 太舊: 27 天
  [DEL] (5701|熱門股) 太舊: 27 天
  [DEL] (8093|熱門股) 太舊: 27 天
  [DEL] (8093|熱門股) 太舊: 27 天
  [DEL] (8093|熱門股) 太舊: 27 天
  [DEL] (6527|熱門股) 太舊: 27 天
  [DEL] (6527|熱門股) 太舊: 27 天
  [DEL] (6264|熱門股) 太舊: 27 天
  [DEL] (6264|熱門股) 太舊: 27 天
  [DEL] (1538|熱門股) 太舊: 27 天
  [DEL] (1538|熱門股) 太舊: 27 天
  [DEL] (1538|熱門股) 太舊: 27 天
  [DEL] (1453|熱門股) 太舊: 27 天
  [DEL] (1453|熱門股) 太舊: 27 天
  [DEL] (1453|熱門股) 太舊: 27 天
  [DEL] (2947|熱門股) 太舊: 27 天
  [DEL] (1475|熱門股) 太舊: 27 天
  [DEL] (2947|熱門股) 太舊: 27 天
  [DEL] (2947|熱門股) 太舊: 27 天
  [DEL] (1475|熱門股) 太舊: 27 天
  [DEL] (1475|熱門股) 太舊: 27 天
  [DEL] (6662|熱門股) 太舊: 27 天
  [DEL] (6662|熱門股) 太舊: 27 天
  [DEL] (6662|熱門股) 太舊: 27 天
  [DEL] (2380|熱門股) 太舊: 27 天
  [DEL] (2380|熱門股) 太舊: 27 天
  [DEL] (2380|熱門股) 太舊: 27 天
  [DEL] (1472|熱門股) 太舊: 27 天
  [DEL] (1472|熱門股) 太舊: 27 天
  [DEL] (5013|熱門股) 太舊: 27 天
  [DEL] (5013|熱門股) 太舊: 27 天
  [DEL] (1472|熱門股) 太舊: 27 天
  [DEL] (6887|熱門股) 太舊: 27 天
  [DEL] (6887|熱門股) 太舊: 27 天
  [DEL] (6887|熱門股) 太舊: 27 天
  [DEL] (1413|熱門股) 太舊: 27 天
  [DEL] (1413|熱門股) 太舊: 27 天
  [DEL] (1413|熱門股) 太舊: 27 天
  [DEL] (6210|熱門股) 太舊: 27 天
  [DEL] (6210|熱門股) 太舊: 27 天
  [DEL] (6210|熱門股) 太舊: 27 天
  [DEL] (1324|熱門股) 太舊: 27 天
  [DEL] (4153|熱門股) 太舊: 27 天
  [DEL] (1324|熱門股) 太舊: 27 天
  [DEL] (1324|熱門股) 太舊: 27 天
  [DEL] (4972|熱門股) 太舊: 27 天
  [DEL] (4153|熱門股) 太舊: 27 天
  [DEL] (4972|熱門股) 太舊: 27 天
  [DEL] (6645|熱門股) 太舊: 27 天
  [DEL] (6645|熱門股) 太舊: 27 天
  [DEL] (6512|熱門股) 太舊: 27 天
  [DEL] (6512|熱門股) 太舊: 27 天
  [DEL] (6512|熱門股) 太舊: 27 天
  [DEL] (1781|熱門股) 太舊: 27 天
  [DEL] (1781|熱門股) 太舊: 27 天
  [DEL] (1781|熱門股) 太舊: 27 天
  [DEL] (2751|熱門股) 太舊: 27 天
  [DEL] (2751|熱門股) 太舊: 27 天
  [DEL] (3516|熱門股) 太舊: 27 天
  [DEL] (3516|熱門股) 太舊: 27 天
  [DEL] (4148|熱門股) 太舊: 27 天
  [DEL] (4148|熱門股) 太舊: 27 天
  [DEL] (3516|熱門股) 太舊: 27 天
  [DEL] (4148|熱門股) 太舊: 27 天
  [DEL] (3672|熱門股) 太舊: 27 天
  [DEL] (3672|熱門股) 太舊: 27 天
  [DEL] (3672|熱門股) 太舊: 27 天
  [DEL] (3252|熱門股) 太舊: 27 天
  [DEL] (3252|熱門股) 太舊: 27 天
  [DEL] (3252|熱門股) 太舊: 27 天
  [DEL] (8354|熱門股) 太舊: 27 天
  [DEL] (8354|熱門股) 太舊: 27 天
  [DEL] (1906|熱門股) 太舊: 27 天
  [DEL] (6474|熱門股) 太舊: 27 天
  [DEL] (1906|熱門股) 太舊: 27 天
  [DEL] (1906|熱門股) 太舊: 27 天
  [DEL] (6474|熱門股) 太舊: 27 天
  [DEL] (6474|熱門股) 太舊: 27 天
  [DEL] (7782|熱門股) 太舊: 27 天
  [DEL] (7782|熱門股) 太舊: 27 天
  [DEL] (4950|熱門股) 太舊: 27 天
  [DEL] (4950|熱門股) 太舊: 27 天
  [DEL] (4950|熱門股) 太舊: 27 天
  [DEL] (6171|熱門股) 太舊: 27 天
  [DEL] (6171|熱門股) 太舊: 27 天
  [DEL] (9926|熱門股) 太舊: 27 天
  [DEL] (9926|熱門股) 太舊: 27 天
  [DEL] (6171|熱門股) 太舊: 27 天
  [DEL] (9926|熱門股) 太舊: 27 天
  [DEL] (5604|熱門股) 太舊: 27 天
  [DEL] (5604|熱門股) 太舊: 27 天
  [DEL] (5604|熱門股) 太舊: 27 天
  [DEL] (4535|熱門股) 太舊: 27 天
  [DEL] (4535|熱門股) 太舊: 27 天
  [DEL] (4535|熱門股) 太舊: 27 天
  [DEL] (1465|熱門股) 太舊: 27 天
  [DEL] (1465|熱門股) 太舊: 27 天
  [DEL] (1465|熱門股) 太舊: 27 天
  [DEL] (2434|熱門股) 太舊: 27 天
  [DEL] (2434|熱門股) 太舊: 27 天
  [DEL] (2434|熱門股) 太舊: 27 天
  [DEL] (6958|熱門股) 太舊: 27 天
  [DEL] (6958|熱門股) 太舊: 27 天
  [DEL] (6844|熱門股) 太舊: 27 天
  [DEL] (6844|熱門股) 太舊: 27 天
  [DEL] (6958|熱門股) 太舊: 27 天
  [DEL] (2024|熱門股) 太舊: 27 天
  [DEL] (2024|熱門股) 太舊: 27 天
  [DEL] (2024|熱門股) 太舊: 27 天
  [DEL] (4924|熱門股) 太舊: 27 天
  [DEL] (4924|熱門股) 太舊: 27 天
  [DEL] (4924|熱門股) 太舊: 27 天
  [DEL] (1441|熱門股) 太舊: 27 天
  [DEL] (1441|熱門股) 太舊: 27 天
  [DEL] (1441|熱門股) 太舊: 27 天
  [DEL] (2719|熱門股) 太舊: 27 天
  [DEL] (2719|熱門股) 太舊: 27 天
  [DEL] (2719|熱門股) 太舊: 27 天
  [DEL] (2726|熱門股) 太舊: 27 天
  [DEL] (2726|熱門股) 太舊: 27 天
  [DEL] (2726|熱門股) 太舊: 27 天
  [DEL] (6616|熱門股) 太舊: 27 天
  [DEL] (6616|熱門股) 太舊: 27 天
  [DEL] (6615|熱門股) 太舊: 27 天
  [DEL] (6616|熱門股) 太舊: 27 天
  [DEL] (6615|熱門股) 太舊: 27 天
  [DEL] (9944|熱門股) 太舊: 27 天
  [DEL] (6615|熱門股) 太舊: 27 天
  [DEL] (9944|熱門股) 太舊: 27 天
  [DEL] (9944|熱門股) 太舊: 27 天
  [DEL] (1454|熱門股) 太舊: 27 天
  [DEL] (3232|熱門股) 太舊: 27 天
  [DEL] (1454|熱門股) 太舊: 27 天
  [DEL] (1454|熱門股) 太舊: 27 天
  [DEL] (3232|熱門股) 太舊: 27 天
  [DEL] (8477|熱門股) 太舊: 27 天
  [DEL] (3232|熱門股) 太舊: 27 天
  [DEL] (8477|熱門股) 太舊: 27 天
  [DEL] (8477|熱門股) 太舊: 27 天
  [DEL] (4529|熱門股) 太舊: 27 天
  [DEL] (4529|熱門股) 太舊: 27 天
  [DEL] (4529|熱門股) 太舊: 27 天
  [DEL] (6767|熱門股) 太舊: 27 天
  [DEL] (6767|熱門股) 太舊: 27 天
  [DEL] (6767|熱門股) 太舊: 27 天
  [DEL] (1233|熱門股) 太舊: 27 天
  [DEL] (1233|熱門股) 太舊: 27 天
  [DEL] (5455|熱門股) 太舊: 27 天
  [DEL] (1233|熱門股) 太舊: 27 天
  [DEL] (5455|熱門股) 太舊: 27 天
  [DEL] (5455|熱門股) 太舊: 27 天
  [DEL] (3095|熱門股) 太舊: 27 天
  [DEL] (3095|熱門股) 太舊: 27 天
  [DEL] (3095|熱門股) 太舊: 27 天
  [DEL] (8409|熱門股) 太舊: 27 天
  [DEL] (8409|熱門股) 太舊: 27 天
  [DEL] (6730|熱門股) 太舊: 27 天
  [DEL] (6730|熱門股) 太舊: 27 天
  [DEL] (8409|熱門股) 太舊: 27 天
  [DEL] (6730|熱門股) 太舊: 27 天
  [DEL] (5520|熱門股) 太舊: 27 天
  [DEL] (4183|熱門股) 太舊: 27 天
  [DEL] (4183|熱門股) 太舊: 27 天
  [DEL] (5520|熱門股) 太舊: 27 天
  [DEL] (5520|熱門股) 太舊: 27 天
  [DEL] (6661|熱門股) 太舊: 27 天
  [DEL] (6661|熱門股) 太舊: 27 天
  [DEL] (4430|熱門股) 太舊: 27 天
  [DEL] (6661|熱門股) 太舊: 27 天
  [DEL] (4430|熱門股) 太舊: 27 天
  [DEL] (4430|熱門股) 太舊: 27 天
  [DEL] (2740|熱門股) 太舊: 27 天
  [DEL] (2740|熱門股) 太舊: 27 天
  [DEL] (2740|熱門股) 太舊: 27 天
  [DEL] (6997|熱門股) 太舊: 27 天
  [DEL] (6997|熱門股) 太舊: 27 天
  [DEL] (6997|熱門股) 太舊: 27 天
  [DEL] (1203|熱門股) 太舊: 27 天
  [DEL] (1203|熱門股) 太舊: 27 天
  [DEL] (1203|熱門股) 太舊: 27 天
  [DEL] (4304|熱門股) 太舊: 27 天
  [DEL] (4304|熱門股) 太舊: 27 天
  [DEL] (4304|熱門股) 太舊: 27 天
  [DEL] (1443|熱門股) 太舊: 27 天
  [DEL] (6506|熱門股) 太舊: 27 天
  [DEL] (1443|熱門股) 太舊: 27 天
  [DEL] (6506|熱門股) 太舊: 27 天
  [DEL] (3629|熱門股) 太舊: 27 天
  [DEL] (6506|熱門股) 太舊: 27 天
  [DEL] (3629|熱門股) 太舊: 27 天
  [DEL] (3629|熱門股) 太舊: 27 天
  [DEL] (1468|熱門股) 太舊: 27 天
  [DEL] (1468|熱門股) 太舊: 27 天
  [DEL] (1468|熱門股) 太舊: 27 天
  [DEL] (3426|熱門股) 太舊: 27 天
  [DEL] (3426|熱門股) 太舊: 27 天
  [DEL] (6542|熱門股) 太舊: 27 天
  [DEL] (3426|熱門股) 太舊: 27 天
  [DEL] (6542|熱門股) 太舊: 27 天
  [DEL] (6542|熱門股) 太舊: 27 天
  [DEL] (8929|熱門股) 太舊: 27 天
  [DEL] (8929|熱門股) 太舊: 27 天
  [DEL] (7753|熱門股) 太舊: 27 天
  [DEL] (7753|熱門股) 太舊: 27 天
  [DEL] (2248|熱門股) 太舊: 27 天
  [DEL] (7753|熱門股) 太舊: 27 天
  [DEL] (2248|熱門股) 太舊: 27 天
  [DEL] (4943|熱門股) 太舊: 27 天
  [DEL] (2248|熱門股) 太舊: 27 天
  [DEL] (4943|熱門股) 太舊: 27 天
  [DEL] (4943|熱門股) 太舊: 27 天
  [DEL] (8423|熱門股) 太舊: 27 天
  [DEL] (3018|熱門股) 太舊: 27 天
  [DEL] (8423|熱門股) 太舊: 27 天
  [DEL] (8423|熱門股) 太舊: 27 天
  [DEL] (3018|熱門股) 太舊: 27 天
  [DEL] (8066|熱門股) 太舊: 27 天
  [DEL] (8066|熱門股) 太舊: 27 天
  [DEL] (3018|熱門股) 太舊: 27 天
  [DEL] (8066|熱門股) 太舊: 27 天
  [DEL] (3465|熱門股) 太舊: 27 天
  [DEL] (3593|熱門股) 太舊: 27 天
  [DEL] (3465|熱門股) 太舊: 27 天
  [DEL] (3593|熱門股) 太舊: 27 天
  [DEL] (3465|熱門股) 太舊: 27 天
  [DEL] (1341|熱門股) 太舊: 27 天
  [DEL] (1341|熱門股) 太舊: 27 天
  [DEL] (3593|熱門股) 太舊: 27 天
  [DEL] (1341|熱門股) 太舊: 27 天
  [DEL] (5906|熱門股) 太舊: 27 天
  [DEL] (5906|熱門股) 太舊: 27 天
  [DEL] (9912|熱門股) 太舊: 27 天
  [DEL] (9912|熱門股) 太舊: 27 天
  [DEL] (5906|熱門股) 太舊: 27 天
  [DEL] (9912|熱門股) 太舊: 27 天
  [DEL] (3191|熱門股) 太舊: 27 天
  [DEL] (8443|熱門股) 太舊: 27 天
  [DEL] (3191|熱門股) 太舊: 27 天
  [DEL] (3191|熱門股) 太舊: 27 天
  [DEL] (8443|熱門股) 太舊: 27 天
  [DEL] (8443|熱門股) 太舊: 27 天
  [DEL] (1259|熱門股) 太舊: 27 天
  [DEL] (1259|熱門股) 太舊: 27 天
  [DEL] (8941|熱門股) 太舊: 27 天
  [DEL] (1259|熱門股) 太舊: 27 天
  [DEL] (8941|熱門股) 太舊: 27 天
  [DEL] (8941|熱門股) 太舊: 27 天
  [DEL] (6721|熱門股) 太舊: 27 天
  [DEL] (6721|熱門股) 太舊: 27 天
  [DEL] (6721|熱門股) 太舊: 27 天
  [DEL] (1813|熱門股) 太舊: 27 天
  [DEL] (6807|熱門股) 太舊: 27 天
  [DEL] (1813|熱門股) 太舊: 27 天
  [DEL] (1813|熱門股) 太舊: 27 天
  [DEL] (6807|熱門股) 太舊: 27 天
  [DEL] (6496|熱門股) 太舊: 27 天
  [DEL] (6496|熱門股) 太舊: 27 天
  [DEL] (6228|熱門股) 太舊: 27 天
  [DEL] (6496|熱門股) 太舊: 27 天
  [DEL] (6228|熱門股) 太舊: 27 天
  [DEL] (6228|熱門股) 太舊: 27 天
  [DEL] (2939|熱門股) 太舊: 27 天
  [DEL] (8455|熱門股) 太舊: 27 天
  [DEL] (8455|熱門股) 太舊: 27 天
  [DEL] (8455|熱門股) 太舊: 27 天
  [DEL] (2949|熱門股) 太舊: 27 天
  [DEL] (2939|熱門股) 太舊: 27 天
  [DEL] (2949|熱門股) 太舊: 27 天
  [DEL] (2939|熱門股) 太舊: 27 天
  [DEL] (2949|熱門股) 太舊: 27 天
  [DEL] (8067|熱門股) 太舊: 27 天
  [DEL] (8067|熱門股) 太舊: 27 天
  [DEL] (6988|熱門股) 太舊: 27 天
  [DEL] (8067|熱門股) 太舊: 27 天
  [DEL] (4406|熱門股) 太舊: 27 天
  [DEL] (6988|熱門股) 太舊: 27 天
  [DEL] (6988|熱門股) 太舊: 27 天
  [DEL] (4406|熱門股) 太舊: 27 天
  [DEL] (4406|熱門股) 太舊: 27 天
  [DEL] (6899|熱門股) 太舊: 27 天
  [DEL] (6899|熱門股) 太舊: 27 天
  [DEL] (4432|熱門股) 太舊: 27 天
  [DEL] (4432|熱門股) 太舊: 27 天
  [DEL] (6899|熱門股) 太舊: 27 天
  [DEL] (4432|熱門股) 太舊: 27 天
  [DEL] (6020|熱門股) 太舊: 27 天
  [DEL] (6020|熱門股) 太舊: 27 天
  [DEL] (3288|熱門股) 太舊: 27 天
  [DEL] (6020|熱門股) 太舊: 27 天
  [DEL] (3288|熱門股) 太舊: 27 天
  [DEL] (3288|熱門股) 太舊: 27 天
  [DEL] (8917|熱門股) 太舊: 27 天
  [DEL] (8917|熱門股) 太舊: 27 天
  [DEL] (8917|熱門股) 太舊: 27 天
  [DEL] (4767|熱門股) 太舊: 27 天
  [DEL] (4767|熱門股) 太舊: 27 天
  [DEL] (2235|熱門股) 太舊: 27 天
  [DEL] (2235|熱門股) 太舊: 27 天
  [DEL] (4767|熱門股) 太舊: 27 天
  [DEL] (2235|熱門股) 太舊: 27 天
  [DEL] (6556|熱門股) 太舊: 27 天
  [DEL] (6556|熱門股) 太舊: 27 天
  [DEL] (6212|熱門股) 太舊: 27 天
  [DEL] (6556|熱門股) 太舊: 27 天
  [DEL] (6212|熱門股) 太舊: 27 天
  [DEL] (6212|熱門股) 太舊: 27 天
  [DEL] (5276|熱門股) 太舊: 27 天
  [DEL] (5276|熱門股) 太舊: 27 天
  [DEL] (5276|熱門股) 太舊: 27 天
  [DEL] (4807|熱門股) 太舊: 27 天
  [DEL] (4807|熱門股) 太舊: 27 天
  [DEL] (2948|熱門股) 太舊: 27 天
  [DEL] (4807|熱門股) 太舊: 27 天
  [DEL] (2948|熱門股) 太舊: 27 天
  [DEL] (2948|熱門股) 太舊: 27 天
  [DEL] (6222|熱門股) 太舊: 27 天
  [DEL] (6222|熱門股) 太舊: 27 天
  [DEL] (6222|熱門股) 太舊: 27 天
  [DEL] (4192|熱門股) 太舊: 27 天
  [DEL] (4192|熱門股) 太舊: 27 天
  [DEL] (4192|熱門股) 太舊: 27 天
  [DEL] (1423|熱門股) 太舊: 27 天
  [DEL] (1423|熱門股) 太舊: 27 天
  [DEL] (1423|熱門股) 太舊: 27 天
  [DEL] (6574|熱門股) 太舊: 27 天
  [DEL] (6574|熱門股) 太舊: 27 天
  [DEL] (6574|熱門股) 太舊: 27 天
  [DEL] (3523|熱門股) 太舊: 27 天
  [DEL] (3523|熱門股) 太舊: 27 天
  [DEL] (8342|熱門股) 太舊: 27 天
  [DEL] (8342|熱門股) 太舊: 27 天
  [DEL] (3523|熱門股) 太舊: 27 天
  [DEL] (5601|熱門股) 太舊: 27 天
  [DEL] (8342|熱門股) 太舊: 27 天
  [DEL] (5601|熱門股) 太舊: 27 天
  [DEL] (5601|熱門股) 太舊: 27 天
  [DEL] (6929|熱門股) 太舊: 27 天
  [DEL] (6929|熱門股) 太舊: 27 天
  [DEL] (4706|熱門股) 太舊: 27 天
  [DEL] (6929|熱門股) 太舊: 27 天
  [DEL] (4706|熱門股) 太舊: 27 天
  [DEL] (4706|熱門股) 太舊: 27 天
  [DEL] (7732|熱門股) 太舊: 27 天
  [DEL] (7732|熱門股) 太舊: 27 天
  [DEL] (2911|熱門股) 太舊: 27 天
  [DEL] (2911|熱門股) 太舊: 27 天
  [DEL] (7732|熱門股) 太舊: 27 天
  [DEL] (2911|熱門股) 太舊: 27 天
  [DEL] (3632|熱門股) 太舊: 27 天
  [DEL] (3632|熱門股) 太舊: 27 天
  [DEL] (3285|熱門股) 太舊: 27 天
  [DEL] (3632|熱門股) 太舊: 27 天
  [DEL] (3285|熱門股) 太舊: 27 天
  [DEL] (5878|熱門股) 太舊: 27 天
  [DEL] (3285|熱門股) 太舊: 27 天
  [DEL] (2910|熱門股) 太舊: 27 天
  [DEL] (5878|熱門股) 太舊: 27 天
  [DEL] (5878|熱門股) 太舊: 27 天
  [DEL] (2910|熱門股) 太舊: 27 天
  [DEL] (2910|熱門股) 太舊: 27 天
  [DEL] (7716|熱門股) 太舊: 27 天
  [DEL] (7716|熱門股) 太舊: 27 天
  [DEL] (7716|熱門股) 太舊: 27 天
  [DEL] (1418|熱門股) 太舊: 27 天
  [DEL] (1418|熱門股) 太舊: 27 天
  [DEL] (2724|熱門股) 太舊: 27 天
  [DEL] (2724|熱門股) 太舊: 27 天
  [DEL] (1418|熱門股) 太舊: 27 天
  [DEL] (2724|熱門股) 太舊: 27 天
  [DEL] (4139|熱門股) 太舊: 27 天
  [DEL] (4139|熱門股) 太舊: 27 天
  [DEL] (4806|熱門股) 太舊: 27 天
  [DEL] (4139|熱門股) 太舊: 27 天
  [DEL] (4806|熱門股) 太舊: 27 天
  [DEL] (5345|熱門股) 太舊: 27 天
  [DEL] (4806|熱門股) 太舊: 27 天
  [DEL] (5345|熱門股) 太舊: 27 天
  [DEL] (3531|熱門股) 太舊: 27 天
  [DEL] (3531|熱門股) 太舊: 27 天
  [DEL] (3531|熱門股) 太舊: 27 天
  [DEL] (5016|熱門股) 太舊: 27 天
  [DEL] (5016|熱門股) 太舊: 27 天
  [DEL] (5016|熱門股) 太舊: 27 天
  [DEL] (5301|熱門股) 太舊: 27 天
  [DEL] (4305|熱門股) 太舊: 27 天
  [DEL] (4305|熱門股) 太舊: 27 天
  [DEL] (4305|熱門股) 太舊: 27 天
  [DEL] (5301|熱門股) 太舊: 27 天
  [DEL] (6904|熱門股) 太舊: 27 天
  [DEL] (5301|熱門股) 太舊: 27 天
  [DEL] (6904|熱門股) 太舊: 27 天
  [DEL] (4905|熱門股) 太舊: 27 天
  [DEL] (6904|熱門股) 太舊: 27 天
  [DEL] (4905|熱門股) 太舊: 27 天
  [DEL] (3115|熱門股) 太舊: 27 天
  [DEL] (3115|熱門股) 太舊: 27 天
  [DEL] (4905|熱門股) 太舊: 27 天
  [DEL] (3115|熱門股) 太舊: 27 天
  [DEL] (6240|熱門股) 太舊: 27 天
  [DEL] (6240|熱門股) 太舊: 27 天
  [DEL] (6240|熱門股) 太舊: 27 天
  [DEL] (6144|熱門股) 太舊: 27 天
  [DEL] (6144|熱門股) 太舊: 27 天
  [DEL] (6144|熱門股) 太舊: 27 天
  [DEL] (4609|熱門股) 太舊: 27 天
  [DEL] (4609|熱門股) 太舊: 27 天
  [DEL] (4609|熱門股) 太舊: 27 天
  [DEL] (1213|熱門股) 太舊: 27 天
  [DEL] (8921|熱門股) 太舊: 27 天
  [DEL] (8921|熱門股) 太舊: 27 天
  [DEL] (1213|熱門股) 太舊: 27 天
  [DEL] (1213|熱門股) 太舊: 27 天
  [DEL] (8921|熱門股) 太舊: 27 天
  [DEL] (6581|熱門股) 太舊: 27 天
  [DEL] (6581|熱門股) 太舊: 27 天
  [DEL] (6581|熱門股) 太舊: 27 天
  [DEL] (2901|熱門股) 太舊: 27 天
  [DEL] (2901|熱門股) 太舊: 27 天
  [DEL] (4198|熱門股) 太舊: 27 天
  [DEL] (4198|熱門股) 太舊: 27 天
  [DEL] (3064|熱門股) 太舊: 27 天
  [DEL] (2901|熱門股) 太舊: 27 天
  [DEL] (3064|熱門股) 太舊: 27 天
  [DEL] (6225|熱門股) 太舊: 27 天
  [DEL] (3064|熱門股) 太舊: 27 天
  [DEL] (6225|熱門股) 太舊: 27 天
  [DEL] (6225|熱門股) 太舊: 27 天
  [DEL] (5703|熱門股) 太舊: 27 天
  [DEL] (5703|熱門股) 太舊: 27 天
  [DEL] (5703|熱門股) 太舊: 27 天
  [DEL] (2941|熱門股) 太舊: 27 天
  [DEL] (2941|熱門股) 太舊: 27 天
  [DEL] (5514|熱門股) 太舊: 27 天
  [DEL] (2941|熱門股) 太舊: 27 天
  [DEL] (5514|熱門股) 太舊: 27 天
  [DEL] (2924|熱門股) 太舊: 27 天
  [DEL] (2924|熱門股) 太舊: 27 天
  [DEL] (9929|熱門股) 太舊: 27 天
  [DEL] (9929|熱門股) 太舊: 27 天
  [DEL] (9929|熱門股) 太舊: 27 天
  [DEL] (2924|熱門股) 太舊: 27 天
  [DEL] (4154|熱門股) 太舊: 27 天
  [DEL] (4154|熱門股) 太舊: 27 天
  [DEL] (4154|熱門股) 太舊: 27 天
  [DEL] (2035|熱門股) 太舊: 27 天
  [DEL] (2035|熱門股) 太舊: 27 天
  [DEL] (3067|熱門股) 太舊: 27 天
  [DEL] (3067|熱門股) 太舊: 27 天
  [DEL] (6856|熱門股) 太舊: 27 天
  [DEL] (6856|熱門股) 太舊: 27 天
  [DEL] (3067|熱門股) 太舊: 27 天
  [DEL] (6856|熱門股) 太舊: 27 天
  [DEL] (4419|熱門股) 太舊: 27 天
  [DEL] (4419|熱門股) 太舊: 27 天
  [DEL] (4419|熱門股) 太舊: 27 天
  [DEL] (4584|熱門股) 太舊: 27 天
  [DEL] (4584|熱門股) 太舊: 27 天
  [DEL] (4584|熱門股) 太舊: 27 天
  [DEL] (8488|熱門股) 太舊: 27 天
  [DEL] (8488|熱門股) 太舊: 27 天
  [DEL] (5348|熱門股) 太舊: 27 天
  [DEL] (5348|熱門股) 太舊: 27 天
  [DEL] (8488|熱門股) 太舊: 27 天
  [DEL] (5205|熱門股) 太舊: 27 天
  [DEL] (5348|熱門股) 太舊: 27 天
  [DEL] (5205|熱門股) 太舊: 27 天
  [DEL] (6236|熱門股) 太舊: 27 天
  [DEL] (5205|熱門股) 太舊: 27 天
  [DEL] (6236|熱門股) 太舊: 27 天
  [DEL] (4413|熱門股) 太舊: 27 天
  [DEL] (2321|熱門股) 太舊: 27 天
  [DEL] (2321|熱門股) 太舊: 27 天
  [DEL] (8077|熱門股) 太舊: 27 天
  [DEL] (2321|熱門股) 太舊: 27 天
  [DEL] (5701|熱門股) 太舊: 27 天
  [DEL] (1470|熱門股) 太舊: 27 天
  [DEL] (3447|熱門股) 太舊: 28 天
  [DEL] (5878|熱門股) 太舊: 27 天
  [DEL] (3447|熱門股) 太舊: 28 天
  [DEL] (5515|熱門股) 太舊: 28 天
  [DEL] (3447|熱門股) 太舊: 28 天
  [DEL] (6606|熱門股) 太舊: 28 天
  [DEL] (6606|熱門股) 太舊: 28 天
  [DEL] (5515|熱門股) 太舊: 28 天
  [DEL] (6606|熱門股) 太舊: 28 天
  [DEL] (5515|熱門股) 太舊: 28 天
  [DEL] (1702|熱門股) 太舊: 28 天
  [DEL] (1702|熱門股) 太舊: 28 天
  [DEL] (9911|熱門股) 太舊: 28 天
  [DEL] (1702|熱門股) 太舊: 28 天
  [DEL] (9911|熱門股) 太舊: 28 天
  [DEL] (9902|熱門股) 太舊: 28 天
  [DEL] (9911|熱門股) 太舊: 28 天
  [DEL] (9902|熱門股) 太舊: 28 天
  [DEL] (9902|熱門股) 太舊: 28 天
  [DEL] (2913|熱門股) 太舊: 28 天
  [DEL] (2913|熱門股) 太舊: 28 天
  [DEL] (2913|熱門股) 太舊: 28 天
  [DEL] (2364|熱門股) 太舊: 28 天
  [DEL] (2364|熱門股) 太舊: 28 天
  [DEL] (2364|熱門股) 太舊: 28 天
  [DEL] (3002|熱門股) 太舊: 28 天
  [DEL] (3002|熱門股) 太舊: 28 天
  [DEL] (3002|熱門股) 太舊: 28 天
  [DEL] (8059|熱門股) 太舊: 28 天
  [DEL] (8059|熱門股) 太舊: 28 天
  [DEL] (8059|熱門股) 太舊: 28 天
  [DEL] (4726|熱門股) 太舊: 28 天
  [DEL] (4726|熱門股) 太舊: 28 天
  [DEL] (4726|熱門股) 太舊: 28 天
  [DEL] (8404|熱門股) 太舊: 28 天
  [DEL] (8404|熱門股) 太舊: 28 天
  [DEL] (1720|熱門股) 太舊: 28 天
  [DEL] (8404|熱門股) 太舊: 28 天
  [DEL] (1720|熱門股) 太舊: 28 天
  [DEL] (2524|熱門股) 太舊: 28 天
  [DEL] (2524|熱門股) 太舊: 28 天
  [DEL] (1720|熱門股) 太舊: 28 天
  [DEL] (2524|熱門股) 太舊: 28 天
  [DEL] (3550|熱門股) 太舊: 28 天
  [DEL] (3550|熱門股) 太舊: 28 天
  [DEL] (3550|熱門股) 太舊: 28 天
  [DEL] (6742|熱門股) 太舊: 28 天
  [DEL] (6742|熱門股) 太舊: 28 天
  [DEL] (1321|熱門股) 太舊: 28 天
  [DEL] (6742|熱門股) 太舊: 28 天
  [DEL] (1321|熱門股) 太舊: 28 天
  [DEL] (1321|熱門股) 太舊: 28 天
  [DEL] (1218|熱門股) 太舊: 28 天
  [DEL] (1218|熱門股) 太舊: 28 天
  [DEL] (1218|熱門股) 太舊: 28 天
  [DEL] (4908|熱門股) 太舊: 28 天
  [DEL] (4956|熱門股) 太舊: 28 天
  [DEL] (4908|熱門股) 太舊: 28 天
  [DEL] (4908|熱門股) 太舊: 28 天
  [DEL] (8440|熱門股) 太舊: 28 天
  [DEL] (8440|熱門股) 太舊: 28 天
  [DEL] (4956|熱門股) 太舊: 28 天
  [DEL] (4956|熱門股) 太舊: 28 天
  [DEL] (8440|熱門股) 太舊: 28 天
  [DEL] (8182|熱門股) 太舊: 28 天
  [DEL] (8182|熱門股) 太舊: 28 天
  [DEL] (8182|熱門股) 太舊: 28 天
  [DEL] (1521|熱門股) 太舊: 28 天
  [DEL] (1521|熱門股) 太舊: 28 天
  [DEL] (1521|熱門股) 太舊: 28 天
  [DEL] (4934|熱門股) 太舊: 28 天
  [DEL] (4934|熱門股) 太舊: 28 天
  [DEL] (4934|熱門股) 太舊: 28 天
  [DEL] (6432|熱門股) 太舊: 28 天
  [DEL] (6432|熱門股) 太舊: 28 天
  [DEL] (6432|熱門股) 太舊: 28 天
  [DEL] (6111|熱門股) 太舊: 28 天
  [DEL] (6111|熱門股) 太舊: 28 天
  [DEL] (6111|熱門股) 太舊: 28 天
  [DEL] (4306|熱門股) 太舊: 28 天
  [DEL] (4306|熱門股) 太舊: 28 天
  [DEL] (5299|熱門股) 太舊: 28 天
  [DEL] (4306|熱門股) 太舊: 28 天
  [DEL] (5299|熱門股) 太舊: 28 天
  [DEL] (5484|熱門股) 太舊: 28 天
  [DEL] (5484|熱門股) 太舊: 28 天
  [DEL] (3437|熱門股) 太舊: 28 天
  [DEL] (5484|熱門股) 太舊: 28 天
  [DEL] (3437|熱門股) 太舊: 28 天
  [DEL] (3437|熱門股) 太舊: 28 天
  [DEL] (5493|熱門股) 太舊: 28 天
  [DEL] (5493|熱門股) 太舊: 28 天
  [DEL] (5493|熱門股) 太舊: 28 天
  [DEL] (4107|熱門股) 太舊: 28 天
  [DEL] (4107|熱門股) 太舊: 28 天
  [DEL] (4107|熱門股) 太舊: 28 天
  [DEL] (5287|熱門股) 太舊: 28 天
  [DEL] (5287|熱門股) 太舊: 28 天
  [DEL] (5287|熱門股) 太舊: 28 天
  [DEL] (1565|熱門股) 太舊: 28 天
  [DEL] (1565|熱門股) 太舊: 28 天
  [DEL] (1565|熱門股) 太舊: 28 天
  [DEL] (2065|熱門股) 太舊: 28 天
  [DEL] (2065|熱門股) 太舊: 28 天
  [DEL] (2065|熱門股) 太舊: 28 天
  [DEL] (4729|熱門股) 太舊: 28 天
  [DEL] (4729|熱門股) 太舊: 28 天
  [DEL] (4729|熱門股) 太舊: 28 天
  [DEL] (2832|熱門股) 太舊: 28 天
  [DEL] (2832|熱門股) 太舊: 28 天
  [DEL] (3040|熱門股) 太舊: 28 天
  [DEL] (2832|熱門股) 太舊: 28 天
  [DEL] (3040|熱門股) 太舊: 28 天
  [DEL] (3484|熱門股) 太舊: 28 天
  [DEL] (3484|熱門股) 太舊: 28 天
  [DEL] (3040|熱門股) 太舊: 28 天
  [DEL] (3484|熱門股) 太舊: 28 天
  [DEL] (2431|熱門股) 太舊: 28 天
  [DEL] (2431|熱門股) 太舊: 28 天
  [DEL] (2431|熱門股) 太舊: 28 天
  [DEL] (3311|熱門股) 太舊: 28 天
  [DEL] (3311|熱門股) 太舊: 28 天
  [DEL] (3311|熱門股) 太舊: 28 天
  [DEL] (1541|熱門股) 太舊: 28 天
  [DEL] (1256|熱門股) 太舊: 28 天
  [DEL] (1541|熱門股) 太舊: 28 天
  [DEL] (1541|熱門股) 太舊: 28 天
  [DEL] (1256|熱門股) 太舊: 28 天
  [DEL] (6641|熱門股) 太舊: 28 天
  [DEL] (1256|熱門股) 太舊: 28 天
  [DEL] (6641|熱門股) 太舊: 28 天
  [DEL] (6641|熱門股) 太舊: 28 天
  [DEL] (6263|熱門股) 太舊: 28 天
  [DEL] (6263|熱門股) 太舊: 28 天
  [DEL] (6263|熱門股) 太舊: 28 天
  [DEL] (8937|熱門股) 太舊: 28 天
  [DEL] (8937|熱門股) 太舊: 28 天
  [DEL] (8937|熱門股) 太舊: 28 天
  [DEL] (4564|熱門股) 太舊: 28 天
  [DEL] (4564|熱門股) 太舊: 28 天
  [DEL] (4564|熱門股) 太舊: 28 天
  [DEL] (4119|熱門股) 太舊: 28 天
  [DEL] (4119|熱門股) 太舊: 28 天
  [DEL] (4119|熱門股) 太舊: 28 天
  [DEL] (5471|熱門股) 太舊: 28 天
  [DEL] (5471|熱門股) 太舊: 28 天
  [DEL] (5471|熱門股) 太舊: 28 天
  [DEL] (8076|熱門股) 太舊: 28 天
  [DEL] (8076|熱門股) 太舊: 28 天
  [DEL] (3058|熱門股) 太舊: 28 天
  [DEL] (3058|熱門股) 太舊: 28 天
  [DEL] (8076|熱門股) 太舊: 28 天
  [DEL] (3058|熱門股) 太舊: 28 天
  [DEL] (1537|熱門股) 太舊: 28 天
  [DEL] (1537|熱門股) 太舊: 28 天
  [DEL] (5011|熱門股) 太舊: 28 天
  [DEL] (5011|熱門股) 太舊: 28 天
  [DEL] (1537|熱門股) 太舊: 28 天
  [DEL] (5011|熱門股) 太舊: 28 天
  [DEL] (5278|熱門股) 太舊: 28 天
  [DEL] (5278|熱門股) 太舊: 28 天
  [DEL] (5278|熱門股) 太舊: 28 天
  [DEL] (3615|熱門股) 太舊: 28 天
  [DEL] (3615|熱門股) 太舊: 28 天
  [DEL] (3615|熱門股) 太舊: 28 天
  [DEL] (6156|熱門股) 太舊: 28 天
  [DEL] (3209|熱門股) 太舊: 28 天
  [DEL] (3209|熱門股) 太舊: 28 天
  [DEL] (6156|熱門股) 太舊: 28 天
  [DEL] (6156|熱門股) 太舊: 28 天
  [DEL] (3209|熱門股) 太舊: 28 天
  [DEL] (5356|熱門股) 太舊: 28 天
  [DEL] (5356|熱門股) 太舊: 28 天
  [DEL] (5356|熱門股) 太舊: 28 天
  [DEL] (8349|熱門股) 太舊: 28 天
  [DEL] (8349|熱門股) 太舊: 28 天
  [DEL] (8349|熱門股) 太舊: 28 天
  [DEL] (4549|熱門股) 太舊: 28 天
  [DEL] (6164|熱門股) 太舊: 28 天
  [DEL] (4549|熱門股) 太舊: 28 天
  [DEL] (4549|熱門股) 太舊: 28 天
  [DEL] (6164|熱門股) 太舊: 28 天
  [DEL] (6164|熱門股) 太舊: 28 天
  [DEL] (3290|熱門股) 太舊: 28 天
  [DEL] (3290|熱門股) 太舊: 28 天
  [DEL] (3290|熱門股) 太舊: 28 天
  [DEL] (7738|熱門股) 太舊: 28 天
  [DEL] (3607|熱門股) 太舊: 28 天
  [DEL] (7738|熱門股) 太舊: 28 天
  [DEL] (7738|熱門股) 太舊: 28 天
  [DEL] (3607|熱門股) 太舊: 28 天
  [DEL] (3607|熱門股) 太舊: 28 天
  [DEL] (5236|熱門股) 太舊: 28 天
  [DEL] (5236|熱門股) 太舊: 28 天
  [DEL] (2066|熱門股) 太舊: 28 天
  [DEL] (2066|熱門股) 太舊: 28 天
  [DEL] (2460|熱門股) 太舊: 28 天
  [DEL] (2066|熱門股) 太舊: 28 天
  [DEL] (2460|熱門股) 太舊: 28 天
  [DEL] (6756|熱門股) 太舊: 28 天
  [DEL] (2460|熱門股) 太舊: 28 天
  [DEL] (6756|熱門股) 太舊: 28 天
  [DEL] (6756|熱門股) 太舊: 28 天
  [DEL] (2471|熱門股) 太舊: 28 天
  [DEL] (6165|熱門股) 太舊: 28 天
  [DEL] (6165|熱門股) 太舊: 28 天
  [DEL] (6165|熱門股) 太舊: 28 天
  [DEL] (2471|熱門股) 太舊: 28 天
  [DEL] (6431|熱門股) 太舊: 28 天
  [DEL] (6431|熱門股) 太舊: 28 天
  [DEL] (6431|熱門股) 太舊: 28 天
  [DEL] (8084|熱門股) 太舊: 28 天
  [DEL] (8084|熱門股) 太舊: 28 天
  [DEL] (8383|熱門股) 太舊: 28 天
  [DEL] (8383|熱門股) 太舊: 28 天
  [DEL] (8383|熱門股) 太舊: 28 天
  [DEL] (8084|熱門股) 太舊: 28 天
  [DEL] (5609|熱門股) 太舊: 28 天
  [DEL] (5609|熱門股) 太舊: 28 天
  [DEL] (7765|熱門股) 太舊: 28 天
  [DEL] (7765|熱門股) 太舊: 28 天
  [DEL] (5609|熱門股) 太舊: 28 天
  [DEL] (6418|熱門股) 太舊: 28 天
  [DEL] (6418|熱門股) 太舊: 28 天
  [DEL] (3360|熱門股) 太舊: 28 天
  [DEL] (3360|熱門股) 太舊: 28 天
  [DEL] (6024|熱門股) 太舊: 28 天
  [DEL] (6418|熱門股) 太舊: 28 天
  [DEL] (3360|熱門股) 太舊: 28 天
  [DEL] (6024|熱門股) 太舊: 28 天
  [DEL] (6024|熱門股) 太舊: 28 天
  [DEL] (3687|熱門股) 太舊: 28 天
  [DEL] (3687|熱門股) 太舊: 28 天
  [DEL] (3687|熱門股) 太舊: 28 天
  [DEL] (3147|熱門股) 太舊: 28 天
  [DEL] (3147|熱門股) 太舊: 28 天
  [DEL] (4933|熱門股) 太舊: 28 天
  [DEL] (3147|熱門股) 太舊: 28 天
  [DEL] (4933|熱門股) 太舊: 28 天
  [DEL] (6684|熱門股) 太舊: 28 天
  [DEL] (6684|熱門股) 太舊: 28 天
  [DEL] (6684|熱門股) 太舊: 28 天
  [DEL] (6237|熱門股) 太舊: 28 天
  [DEL] (6237|熱門股) 太舊: 28 天
  [DEL] (6885|熱門股) 太舊: 28 天
  [DEL] (6237|熱門股) 太舊: 28 天
  [DEL] (6885|熱門股) 太舊: 28 天
  [DEL] (3527|熱門股) 太舊: 28 天
  [DEL] (6885|熱門股) 太舊: 28 天
  [DEL] (3527|熱門股) 太舊: 28 天
  [DEL] (3597|熱門股) 太舊: 28 天
  [DEL] (3527|熱門股) 太舊: 28 天
  [DEL] (3597|熱門股) 太舊: 28 天
  [DEL] (6538|熱門股) 太舊: 28 天
  [DEL] (3597|熱門股) 太舊: 28 天
  [DEL] (6538|熱門股) 太舊: 28 天
  [DEL] (6538|熱門股) 太舊: 28 天
  [DEL] (6216|熱門股) 太舊: 28 天
  [DEL] (6216|熱門股) 太舊: 28 天
  [DEL] (6552|熱門股) 太舊: 28 天
  [DEL] (6216|熱門股) 太舊: 28 天
  [DEL] (6552|熱門股) 太舊: 28 天
  [DEL] (6552|熱門股) 太舊: 28 天
  [DEL] (6219|熱門股) 太舊: 28 天
  [DEL] (6219|熱門股) 太舊: 28 天
  [DEL] (6219|熱門股) 太舊: 28 天
  [DEL] (3169|熱門股) 太舊: 28 天
  [DEL] (3169|熱門股) 太舊: 28 天
  [DEL] (2905|熱門股) 太舊: 28 天
  [DEL] (2905|熱門股) 太舊: 28 天
  [DEL] (2468|熱門股) 太舊: 28 天
  [DEL] (2468|熱門股) 太舊: 28 天
  [DEL] (2468|熱門股) 太舊: 28 天
  [DEL] (3703|熱門股) 太舊: 28 天
  [DEL] (2440|熱門股) 太舊: 28 天
  [DEL] (3703|熱門股) 太舊: 28 天
  [DEL] (2440|熱門股) 太舊: 28 天
  [DEL] (7728|熱門股) 太舊: 28 天
  [DEL] (2440|熱門股) 太舊: 28 天
  [DEL] (7728|熱門股) 太舊: 28 天
  [DEL] (7728|熱門股) 太舊: 28 天
  [DEL] (6933|熱門股) 太舊: 28 天
  [DEL] (6933|熱門股) 太舊: 28 天
  [DEL] (6933|熱門股) 太舊: 28 天
  [DEL] (6470|熱門股) 太舊: 28 天
  [DEL] (6470|熱門股) 太舊: 28 天
  [DEL] (6470|熱門股) 太舊: 28 天
  [DEL] (6668|熱門股) 太舊: 28 天
  [DEL] (6668|熱門股) 太舊: 28 天
  [DEL] (6668|熱門股) 太舊: 28 天
  [DEL] (5465|熱門股) 太舊: 28 天
  [DEL] (5465|熱門股) 太舊: 28 天
  [DEL] (2491|熱門股) 太舊: 28 天
  [DEL] (5465|熱門股) 太舊: 28 天
  [DEL] (2491|熱門股) 太舊: 28 天
  [DEL] (2491|熱門股) 太舊: 28 天
  [DEL] (6931|熱門股) 太舊: 28 天
  [DEL] (6931|熱門股) 太舊: 28 天
  [DEL] (6931|熱門股) 太舊: 28 天
  [DEL] (2511|熱門股) 太舊: 28 天
  [DEL] (2511|熱門股) 太舊: 28 天
  [DEL] (2511|熱門股) 太舊: 28 天
  [DEL] (4572|熱門股) 太舊: 28 天
  [DEL] (5519|熱門股) 太舊: 28 天
  [DEL] (4572|熱門股) 太舊: 28 天
  [DEL] (9935|熱門股) 太舊: 28 天
  [DEL] (5519|熱門股) 太舊: 28 天
  [DEL] (9935|熱門股) 太舊: 28 天
  [DEL] (9935|熱門股) 太舊: 28 天
  [DEL] (5519|熱門股) 太舊: 28 天
  [DEL] (2852|熱門股) 太舊: 28 天
  [DEL] (2852|熱門股) 太舊: 28 天
  [DEL] (2852|熱門股) 太舊: 28 天
  [DEL] (3625|熱門股) 太舊: 28 天
  [DEL] (3625|熱門股) 太舊: 28 天
  [DEL] (2397|熱門股) 太舊: 28 天
  [DEL] (2397|熱門股) 太舊: 28 天
  [DEL] (3625|熱門股) 太舊: 28 天
  [DEL] (1533|熱門股) 太舊: 28 天
  [DEL] (1533|熱門股) 太舊: 28 天
  [DEL] (4506|熱門股) 太舊: 28 天
  [DEL] (1533|熱門股) 太舊: 28 天
  [DEL] (4506|熱門股) 太舊: 28 天
  [DEL] (4506|熱門股) 太舊: 28 天
  [DEL] (1309|熱門股) 太舊: 28 天
  [DEL] (1309|熱門股) 太舊: 28 天
  [DEL] (1309|熱門股) 太舊: 28 天
  [DEL] (6492|熱門股) 太舊: 28 天
  [DEL] (6492|熱門股) 太舊: 28 天
  [DEL] (2390|熱門股) 太舊: 28 天
  [DEL] (2390|熱門股) 太舊: 28 天
  [DEL] (2390|熱門股) 太舊: 28 天
  [DEL] (2755|熱門股) 太舊: 28 天
  [DEL] (6492|熱門股) 太舊: 28 天
  [DEL] (2755|熱門股) 太舊: 28 天
  [DEL] (3031|熱門股) 太舊: 28 天
  [DEL] (3031|熱門股) 太舊: 28 天
  [DEL] (2755|熱門股) 太舊: 28 天
  [DEL] (3031|熱門股) 太舊: 28 天
  [DEL] (8099|熱門股) 太舊: 28 天
  [DEL] (3297|熱門股) 太舊: 28 天
  [DEL] (8099|熱門股) 太舊: 28 天
  [DEL] (3297|熱門股) 太舊: 28 天
  [DEL] (8099|熱門股) 太舊: 28 天
  [DEL] (3297|熱門股) 太舊: 28 天
  [DEL] (1707|熱門股) 太舊: 28 天
  [DEL] (1707|熱門股) 太舊: 28 天
  [DEL] (1707|熱門股) 太舊: 28 天
  [DEL] (3296|熱門股) 太舊: 28 天
  [DEL] (3296|熱門股) 太舊: 28 天
  [DEL] (3296|熱門股) 太舊: 28 天
  [DEL] (8213|熱門股) 太舊: 28 天
  [DEL] (8213|熱門股) 太舊: 28 天
  [DEL] (8213|熱門股) 太舊: 28 天
  [DEL] (6901|熱門股) 太舊: 28 天
  [DEL] (6901|熱門股) 太舊: 28 天
  [DEL] (6161|熱門股) 太舊: 28 天
  [DEL] (6266|熱門股) 太舊: 28 天
  [DEL] (6161|熱門股) 太舊: 28 天
  [DEL] (6266|熱門股) 太舊: 28 天
  [DEL] (6266|熱門股) 太舊: 28 天
  [DEL] (2546|熱門股) 太舊: 28 天
  [DEL] (2546|熱門股) 太舊: 28 天
  [DEL] (3552|熱門股) 太舊: 28 天
  [DEL] (3552|熱門股) 太舊: 28 天
  [DEL] (3552|熱門股) 太舊: 28 天
  [DEL] (6168|熱門股) 太舊: 28 天
  [DEL] (6168|熱門股) 太舊: 28 天
  [DEL] (6617|熱門股) 太舊: 28 天
  [DEL] (6168|熱門股) 太舊: 28 天
  [DEL] (6617|熱門股) 太舊: 28 天
  [DEL] (6617|熱門股) 太舊: 28 天
  [DEL] (2032|熱門股) 太舊: 28 天
  [DEL] (2032|熱門股) 太舊: 28 天
  [DEL] (2032|熱門股) 太舊: 28 天
  [DEL] (3623|熱門股) 太舊: 28 天
  [DEL] (3623|熱門股) 太舊: 28 天
  [DEL] (3623|熱門股) 太舊: 28 天
  [DEL] (6224|熱門股) 太舊: 28 天
  [DEL] (6224|熱門股) 太舊: 28 天
  [DEL] (6224|熱門股) 太舊: 28 天
  [DEL] (4137|熱門股) 太舊: 28 天
  [DEL] (2820|熱門股) 太舊: 28 天
  [DEL] (4137|熱門股) 太舊: 28 天
  [DEL] (2820|熱門股) 太舊: 28 天
  [DEL] (2820|熱門股) 太舊: 28 天
  [DEL] (3046|熱門股) 太舊: 28 天
  [DEL] (3046|熱門股) 太舊: 28 天
  [DEL] (2545|熱門股) 太舊: 28 天
  [DEL] (3046|熱門股) 太舊: 28 天
  [DEL] (2545|熱門股) 太舊: 28 天
  [DEL] (2613|熱門股) 太舊: 28 天
  [DEL] (2545|熱門股) 太舊: 28 天
  [DEL] (2613|熱門股) 太舊: 28 天
  [DEL] (2613|熱門股) 太舊: 28 天
  [DEL] (6218|熱門股) 太舊: 28 天
  [DEL] (6218|熱門股) 太舊: 28 天
  [DEL] (7642|熱門股) 太舊: 28 天
  [DEL] (6218|熱門股) 太舊: 28 天
  [DEL] (7642|熱門股) 太舊: 28 天
  [DEL] (7642|熱門股) 太舊: 28 天
  [DEL] (6148|熱門股) 太舊: 28 天
  [DEL] (6148|熱門股) 太舊: 28 天
  [DEL] (5203|熱門股) 太舊: 28 天
  [DEL] (6148|熱門股) 太舊: 28 天
  [DEL] (5203|熱門股) 太舊: 28 天
  [DEL] (5203|熱門股) 太舊: 28 天
  [DEL] (4557|熱門股) 太舊: 28 天
  [DEL] (4557|熱門股) 太舊: 28 天
  [DEL] (4557|熱門股) 太舊: 28 天
  [DEL] (4987|熱門股) 太舊: 28 天
  [DEL] (3306|熱門股) 太舊: 28 天
  [DEL] (4987|熱門股) 太舊: 28 天
  [DEL] (4987|熱門股) 太舊: 28 天
  [DEL] (3306|熱門股) 太舊: 28 天
  [DEL] (3306|熱門股) 太舊: 28 天
  [DEL] (5905|熱門股) 太舊: 28 天
  [DEL] (5905|熱門股) 太舊: 28 天
  [DEL] (5905|熱門股) 太舊: 28 天
  [DEL] (5457|熱門股) 太舊: 28 天
  [DEL] (6142|熱門股) 太舊: 28 天
  [DEL] (5457|熱門股) 太舊: 28 天
  [DEL] (6142|熱門股) 太舊: 28 天
  [DEL] (6142|熱門股) 太舊: 28 天
  [DEL] (9927|熱門股) 太舊: 28 天
  [DEL] (3052|熱門股) 太舊: 28 天
  [DEL] (9927|熱門股) 太舊: 28 天
  [DEL] (9927|熱門股) 太舊: 28 天
  [DEL] (3052|熱門股) 太舊: 28 天
  [DEL] (3052|熱門股) 太舊: 28 天
  [DEL] (6922|熱門股) 太舊: 28 天
  [DEL] (3205|熱門股) 太舊: 28 天
  [DEL] (6922|熱門股) 太舊: 28 天
  [DEL] (6922|熱門股) 太舊: 28 天
  [DEL] (3205|熱門股) 太舊: 28 天
  [DEL] (3205|熱門股) 太舊: 28 天
  [DEL] (3094|熱門股) 太舊: 28 天
  [DEL] (3094|熱門股) 太舊: 28 天
  [DEL] (3094|熱門股) 太舊: 28 天
  [DEL] (3705|熱門股) 太舊: 28 天
  [DEL] (1732|熱門股) 太舊: 28 天
  [DEL] (3705|熱門股) 太舊: 28 天
  [DEL] (8446|熱門股) 太舊: 28 天
  [DEL] (1732|熱門股) 太舊: 28 天
  [DEL] (1732|熱門股) 太舊: 28 天
  [DEL] (8446|熱門股) 太舊: 28 天
  [DEL] (1783|熱門股) 太舊: 28 天
  [DEL] (8446|熱門股) 太舊: 28 天
  [DEL] (1783|熱門股) 太舊: 28 天
  [DEL] (3555|熱門股) 太舊: 28 天
  [DEL] (3555|熱門股) 太舊: 28 天
  [DEL] (2022|熱門股) 太舊: 28 天
  [DEL] (3349|熱門股) 太舊: 28 天
  [DEL] (3349|熱門股) 太舊: 28 天
  [DEL] (2022|熱門股) 太舊: 28 天
  [DEL] (2022|熱門股) 太舊: 28 天
  [DEL] (9937|熱門股) 太舊: 28 天
  [DEL] (3349|熱門股) 太舊: 28 天
  [DEL] (9937|熱門股) 太舊: 28 天
  [DEL] (2250|熱門股) 太舊: 28 天
  [DEL] (9937|熱門股) 太舊: 28 天
  [DEL] (3226|熱門股) 太舊: 28 天
  [DEL] (2250|熱門股) 太舊: 28 天
  [DEL] (3226|熱門股) 太舊: 28 天
  [DEL] (2250|熱門股) 太舊: 28 天
  [DEL] (3226|熱門股) 太舊: 28 天
  [DEL] (6465|熱門股) 太舊: 28 天
  [DEL] (6465|熱門股) 太舊: 28 天
  [DEL] (6465|熱門股) 太舊: 28 天
  [DEL] (2601|熱門股) 太舊: 28 天
  [DEL] (2601|熱門股) 太舊: 28 天
  [DEL] (2601|熱門股) 太舊: 28 天
  [DEL] (3230|熱門股) 太舊: 28 天
  [DEL] (3230|熱門股) 太舊: 28 天
  [DEL] (3230|熱門股) 太舊: 28 天
  [DEL] (6243|熱門股) 太舊: 28 天
  [DEL] (6243|熱門股) 太舊: 28 天
  [DEL] (8048|熱門股) 太舊: 28 天
  [DEL] (8048|熱門股) 太舊: 28 天
  [DEL] (6243|熱門股) 太舊: 28 天
  [DEL] (8048|熱門股) 太舊: 28 天
  [DEL] (3594|熱門股) 太舊: 28 天
  [DEL] (3594|熱門股) 太舊: 28 天
  [DEL] (3594|熱門股) 太舊: 28 天
  [DEL] (3669|熱門股) 太舊: 28 天
  [DEL] (3669|熱門股) 太舊: 28 天
  [DEL] (4560|熱門股) 太舊: 28 天
  [DEL] (3669|熱門股) 太舊: 28 天
  [DEL] (4560|熱門股) 太舊: 28 天
  [DEL] (4560|熱門股) 太舊: 28 天
  [DEL] (6509|熱門股) 太舊: 28 天
  [DEL] (6509|熱門股) 太舊: 28 天
  [DEL] (6174|熱門股) 太舊: 28 天
  [DEL] (6509|熱門股) 太舊: 28 天
  [DEL] (6174|熱門股) 太舊: 28 天
  [DEL] (6174|熱門股) 太舊: 28 天
  [DEL] (3272|熱門股) 太舊: 28 天
  [DEL] (5285|熱門股) 太舊: 28 天
  [DEL] (3272|熱門股) 太舊: 28 天
  [DEL] (3272|熱門股) 太舊: 28 天
  [DEL] (5285|熱門股) 太舊: 28 天
  [DEL] (5285|熱門股) 太舊: 28 天
  [DEL] (2025|熱門股) 太舊: 28 天
  [DEL] (1734|熱門股) 太舊: 28 天
  [DEL] (2025|熱門股) 太舊: 28 天
  [DEL] (1734|熱門股) 太舊: 28 天
  [DEL] (2025|熱門股) 太舊: 28 天
  [DEL] (1734|熱門股) 太舊: 28 天
  [DEL] (1104|熱門股) 太舊: 28 天
  [DEL] (1104|熱門股) 太舊: 28 天
  [DEL] (4952|熱門股) 太舊: 28 天
  [DEL] (1104|熱門股) 太舊: 28 天
  [DEL] (4952|熱門股) 太舊: 28 天
  [DEL] (4952|熱門股) 太舊: 28 天
  [DEL] (3564|熱門股) 太舊: 28 天
  [DEL] (3564|熱門股) 太舊: 28 天
  [DEL] (3564|熱門股) 太舊: 28 天
  [DEL] (1201|熱門股) 太舊: 28 天
  [DEL] (3176|熱門股) 太舊: 28 天
  [DEL] (3176|熱門股) 太舊: 28 天
  [DEL] (1201|熱門股) 太舊: 28 天
  [DEL] (1201|熱門股) 太舊: 28 天
  [DEL] (3176|熱門股) 太舊: 28 天
  [DEL] (1806|熱門股) 太舊: 28 天
  [DEL] (2254|熱門股) 太舊: 28 天
  [DEL] (1806|熱門股) 太舊: 28 天
  [DEL] (1806|熱門股) 太舊: 28 天
  [DEL] (2254|熱門股) 太舊: 28 天
  [DEL] (2477|熱門股) 太舊: 28 天
  [DEL] (2477|熱門股) 太舊: 28 天
  [DEL] (2477|熱門股) 太舊: 28 天
  [DEL] (4556|熱門股) 太舊: 28 天
  [DEL] (4556|熱門股) 太舊: 28 天
  [DEL] (4556|熱門股) 太舊: 28 天
  [DEL] (9919|熱門股) 太舊: 28 天
  [DEL] (9919|熱門股) 太舊: 28 天
  [DEL] (9919|熱門股) 太舊: 28 天
  [DEL] (5213|熱門股) 太舊: 28 天
  [DEL] (5213|熱門股) 太舊: 28 天
  [DEL] (5201|熱門股) 太舊: 28 天
  [DEL] (5213|熱門股) 太舊: 28 天
  [DEL] (5201|熱門股) 太舊: 28 天
  [DEL] (1471|熱門股) 太舊: 28 天
  [DEL] (5201|熱門股) 太舊: 28 天
  [DEL] (1471|熱門股) 太舊: 28 天
  [DEL] (1471|熱門股) 太舊: 28 天
  [DEL] (5283|熱門股) 太舊: 28 天
  [DEL] (5283|熱門股) 太舊: 28 天
  [DEL] (2102|熱門股) 太舊: 28 天
  [DEL] (5283|熱門股) 太舊: 28 天
  [DEL] (2102|熱門股) 太舊: 28 天
  [DEL] (2102|熱門股) 太舊: 28 天
  [DEL] (8072|熱門股) 太舊: 28 天
  [DEL] (6863|熱門股) 太舊: 28 天
  [DEL] (8072|熱門股) 太舊: 28 天
  [DEL] (8072|熱門股) 太舊: 28 天
  [DEL] (6863|熱門股) 太舊: 28 天
  [DEL] (6863|熱門股) 太舊: 28 天
  [DEL] (2107|熱門股) 太舊: 28 天
  [DEL] (2107|熱門股) 太舊: 28 天
  [DEL] (2107|熱門股) 太舊: 28 天
  [DEL] (4771|熱門股) 太舊: 28 天
  [DEL] (6689|熱門股) 太舊: 28 天
  [DEL] (6689|熱門股) 太舊: 28 天
  [DEL] (6689|熱門股) 太舊: 28 天
  [DEL] (4771|熱門股) 太舊: 28 天
  [DEL] (4771|熱門股) 太舊: 28 天
  [DEL] (6283|熱門股) 太舊: 28 天
  [DEL] (6283|熱門股) 太舊: 28 天
  [DEL] (5468|熱門股) 太舊: 28 天
  [DEL] (6283|熱門股) 太舊: 28 天
  [DEL] (5468|熱門股) 太舊: 28 天
  [DEL] (1217|熱門股) 太舊: 28 天
  [DEL] (5468|熱門股) 太舊: 28 天
  [DEL] (1217|熱門股) 太舊: 28 天
  [DEL] (1217|熱門股) 太舊: 28 天
  [DEL] (3438|熱門股) 太舊: 28 天
  [DEL] (3438|熱門股) 太舊: 28 天
  [DEL] (3556|熱門股) 太舊: 28 天
  [DEL] (3438|熱門股) 太舊: 28 天
  [DEL] (3556|熱門股) 太舊: 28 天
  [DEL] (2608|熱門股) 太舊: 28 天
  [DEL] (2608|熱門股) 太舊: 28 天
  [DEL] (3556|熱門股) 太舊: 28 天
  [DEL] (2608|熱門股) 太舊: 28 天
  [DEL] (5511|熱門股) 太舊: 28 天
  [DEL] (3511|熱門股) 太舊: 28 天
  [DEL] (5511|熱門股) 太舊: 28 天
  [DEL] (5511|熱門股) 太舊: 28 天
  [DEL] (3511|熱門股) 太舊: 28 天
  [DEL] (9925|熱門股) 太舊: 28 天
  [DEL] (3511|熱門股) 太舊: 28 天
  [DEL] (9925|熱門股) 太舊: 28 天
  [DEL] (9925|熱門股) 太舊: 28 天
  [DEL] (2534|熱門股) 太舊: 28 天
  [DEL] (2534|熱門股) 太舊: 28 天
  [DEL] (1455|熱門股) 太舊: 28 天
  [DEL] (2534|熱門股) 太舊: 28 天
  [DEL] (1455|熱門股) 太舊: 28 天
  [DEL] (1455|熱門股) 太舊: 28 天
  [DEL] (1339|熱門股) 太舊: 28 天
  [DEL] (1339|熱門股) 太舊: 28 天
  [DEL] (1339|熱門股) 太舊: 28 天
  [DEL] (3057|熱門股) 太舊: 28 天
  [DEL] (3057|熱門股) 太舊: 28 天
  [DEL] (3057|熱門股) 太舊: 28 天
  [DEL] (5209|熱門股) 太舊: 28 天
  [DEL] (5209|熱門股) 太舊: 28 天
  [DEL] (5209|熱門股) 太舊: 28 天
  [DEL] (3071|熱門股) 太舊: 28 天
  [DEL] (3071|熱門股) 太舊: 28 天
  [DEL] (3528|熱門股) 太舊: 28 天
  [DEL] (3528|熱門股) 太舊: 28 天
  [DEL] (3071|熱門股) 太舊: 28 天
  [DEL] (2423|熱門股) 太舊: 28 天
  [DEL] (3528|熱門股) 太舊: 28 天
  [DEL] (2423|熱門股) 太舊: 28 天
  [DEL] (7556|熱門股) 太舊: 28 天
  [DEL] (2423|熱門股) 太舊: 28 天
  [DEL] (6130|熱門股) 太舊: 28 天
  [DEL] (7556|熱門股) 太舊: 28 天
  [DEL] (7556|熱門股) 太舊: 28 天
  [DEL] (6130|熱門股) 太舊: 28 天
  [DEL] (3492|熱門股) 太舊: 28 天
  [DEL] (6130|熱門股) 太舊: 28 天
  [DEL] (3492|熱門股) 太舊: 28 天
  [DEL] (1762|熱門股) 太舊: 28 天
  [DEL] (1762|熱門股) 太舊: 28 天
  [DEL] (1432|熱門股) 太舊: 28 天
  [DEL] (1762|熱門股) 太舊: 28 天
  [DEL] (1432|熱門股) 太舊: 28 天
  [DEL] (1432|熱門股) 太舊: 28 天
  [DEL] (2488|熱門股) 太舊: 28 天
  [DEL] (2488|熱門股) 太舊: 28 天
  [DEL] (2017|熱門股) 太舊: 28 天
  [DEL] (2488|熱門股) 太舊: 28 天
  [DEL] (2017|熱門股) 太舊: 28 天
  [DEL] (6220|熱門股) 太舊: 28 天
  [DEL] (6220|熱門股) 太舊: 28 天
  [DEL] (1760|熱門股) 太舊: 28 天
  [DEL] (6220|熱門股) 太舊: 28 天
  [DEL] (2017|熱門股) 太舊: 28 天
  [DEL] (1760|熱門股) 太舊: 28 天
  [DEL] (3631|熱門股) 太舊: 28 天
  [DEL] (1760|熱門股) 太舊: 28 天
  [DEL] (3631|熱門股) 太舊: 28 天
  [DEL] (3631|熱門股) 太舊: 28 天
  [DEL] (8040|熱門股) 太舊: 28 天
  [DEL] (8040|熱門股) 太舊: 28 天
  [DEL] (8040|熱門股) 太舊: 28 天
  [DEL] (1583|熱門股) 太舊: 28 天
  [DEL] (1583|熱門股) 太舊: 28 天
  [DEL] (1709|熱門股) 太舊: 28 天
  [DEL] (1709|熱門股) 太舊: 28 天
  [DEL] (1583|熱門股) 太舊: 28 天
  [DEL] (6910|熱門股) 太舊: 28 天
  [DEL] (1709|熱門股) 太舊: 28 天
  [DEL] (6910|熱門股) 太舊: 28 天
  [DEL] (6910|熱門股) 太舊: 28 天
  [DEL] (5438|熱門股) 太舊: 28 天
  [DEL] (5438|熱門股) 太舊: 28 天
  [DEL] (5438|熱門股) 太舊: 28 天
  [DEL] (6916|熱門股) 太舊: 28 天
  [DEL] (6916|熱門股) 太舊: 28 天
  [DEL] (6916|熱門股) 太舊: 28 天
  [DEL] (4951|熱門股) 太舊: 28 天
  [DEL] (4951|熱門股) 太舊: 28 天
  [DEL] (4951|熱門股) 太舊: 28 天
  [DEL] (6835|熱門股) 太舊: 28 天
  [DEL] (1580|熱門股) 太舊: 28 天
  [DEL] (6835|熱門股) 太舊: 28 天
  [DEL] (6835|熱門股) 太舊: 28 天
  [DEL] (1580|熱門股) 太舊: 28 天
  [DEL] (1580|熱門股) 太舊: 28 天
  [DEL] (5272|熱門股) 太舊: 28 天
  [DEL] (5272|熱門股) 太舊: 28 天
  [DEL] (5272|熱門股) 太舊: 28 天
  [DEL] (2038|熱門股) 太舊: 28 天
  [DEL] (2038|熱門股) 太舊: 28 天
  [DEL] (2038|熱門股) 太舊: 28 天
  [DEL] (2020|熱門股) 太舊: 28 天
  [DEL] (2020|熱門股) 太舊: 28 天
  [DEL] (2020|熱門股) 太舊: 28 天
  [DEL] (3432|熱門股) 太舊: 28 天
  [DEL] (6914|熱門股) 太舊: 28 天
  [DEL] (6914|熱門股) 太舊: 28 天
  [DEL] (3432|熱門股) 太舊: 28 天
  [DEL] (6914|熱門股) 太舊: 28 天
  [DEL] (6967|熱門股) 太舊: 28 天
  [DEL] (6967|熱門股) 太舊: 28 天
  [DEL] (6423|熱門股) 太舊: 28 天
  [DEL] (6967|熱門股) 太舊: 28 天
  [DEL] (6423|熱門股) 太舊: 28 天
  [DEL] (8071|熱門股) 太舊: 28 天
  [DEL] (6423|熱門股) 太舊: 28 天
  [DEL] (8071|熱門股) 太舊: 28 天
  [DEL] (8071|熱門股) 太舊: 28 天
  [DEL] (2514|熱門股) 太舊: 28 天
  [DEL] (2514|熱門股) 太舊: 28 天
  [DEL] (2069|熱門股) 太舊: 28 天
  [DEL] (2069|熱門股) 太舊: 28 天
  [DEL] (2514|熱門股) 太舊: 28 天
  [DEL] (1225|熱門股) 太舊: 28 天
  [DEL] (1225|熱門股) 太舊: 28 天
  [DEL] (2069|熱門股) 太舊: 28 天
  [DEL] (1225|熱門股) 太舊: 28 天
  [DEL] (5310|熱門股) 太舊: 28 天
  [DEL] (5310|熱門股) 太舊: 28 天
  [DEL] (5512|熱門股) 太舊: 28 天
  [DEL] (5512|熱門股) 太舊: 28 天
  [DEL] (5310|熱門股) 太舊: 28 天
  [DEL] (5512|熱門股) 太舊: 28 天
  [DEL] (9930|熱門股) 太舊: 28 天
  [DEL] (8089|熱門股) 太舊: 28 天
  [DEL] (9930|熱門股) 太舊: 28 天
  [DEL] (8089|熱門股) 太舊: 28 天
  [DEL] (8089|熱門股) 太舊: 28 天
  [DEL] (6570|熱門股) 太舊: 28 天
  [DEL] (6570|熱門股) 太舊: 28 天
  [DEL] (3611|熱門股) 太舊: 28 天
  [DEL] (6570|熱門股) 太舊: 28 天
  [DEL] (3611|熱門股) 太舊: 28 天
  [DEL] (3611|熱門股) 太舊: 28 天
  [DEL] (6115|熱門股) 太舊: 28 天
  [DEL] (4417|熱門股) 太舊: 28 天
  [DEL] (6115|熱門股) 太舊: 28 天
  [DEL] (4417|熱門股) 太舊: 28 天
  [DEL] (6115|熱門股) 太舊: 28 天
  [DEL] (5410|熱門股) 太舊: 28 天
  [DEL] (4417|熱門股) 太舊: 28 天
  [DEL] (5410|熱門股) 太舊: 28 天
  [DEL] (5410|熱門股) 太舊: 28 天
  [DEL] (3303|熱門股) 太舊: 28 天
  [DEL] (3303|熱門股) 太舊: 28 天
  [DEL] (9924|熱門股) 太舊: 28 天
  [DEL] (3303|熱門股) 太舊: 28 天
  [DEL] (9924|熱門股) 太舊: 28 天
  [DEL] (9924|熱門股) 太舊: 28 天
  [DEL] (6614|熱門股) 太舊: 28 天
  [DEL] (6614|熱門股) 太舊: 28 天
  [DEL] (1512|熱門股) 太舊: 28 天
  [DEL] (6614|熱門股) 太舊: 28 天
  [DEL] (8279|熱門股) 太舊: 28 天
  [DEL] (8279|熱門股) 太舊: 28 天
  [DEL] (8049|熱門股) 太舊: 28 天
  [DEL] (8049|熱門股) 太舊: 28 天
  [DEL] (8279|熱門股) 太舊: 28 天
  [DEL] (8049|熱門股) 太舊: 28 天
  [DEL] (2063|熱門股) 太舊: 28 天
  [DEL] (2063|熱門股) 太舊: 28 天
  [DEL] (2063|熱門股) 太舊: 28 天
  [DEL] (2415|熱門股) 太舊: 28 天
  [DEL] (6796|熱門股) 太舊: 28 天
  [DEL] (2415|熱門股) 太舊: 28 天
  [DEL] (6796|熱門股) 太舊: 28 天
  [DEL] (6796|熱門股) 太舊: 28 天
  [DEL] (3083|熱門股) 太舊: 28 天
  [DEL] (3083|熱門股) 太舊: 28 天
  [DEL] (1464|熱門股) 太舊: 28 天
  [DEL] (3083|熱門股) 太舊: 28 天
  [DEL] (1464|熱門股) 太舊: 28 天
  [DEL] (1464|熱門股) 太舊: 28 天
  [DEL] (4555|熱門股) 太舊: 28 天
  [DEL] (4555|熱門股) 太舊: 28 天
  [DEL] (2611|熱門股) 太舊: 28 天
  [DEL] (4555|熱門股) 太舊: 28 天
  [DEL] (2611|熱門股) 太舊: 28 天
  [DEL] (2611|熱門股) 太舊: 28 天
  [DEL] (3178|熱門股) 太舊: 28 天
  [DEL] (2505|熱門股) 太舊: 28 天
  [DEL] (2505|熱門股) 太舊: 28 天
  [DEL] (3178|熱門股) 太舊: 28 天
  [DEL] (2505|熱門股) 太舊: 28 天
  [DEL] (3518|熱門股) 太舊: 28 天
  [DEL] (3518|熱門股) 太舊: 28 天
  [DEL] (3518|熱門股) 太舊: 28 天
  [DEL] (4580|熱門股) 太舊: 28 天
  [DEL] (2743|熱門股) 太舊: 28 天
  [DEL] (1531|熱門股) 太舊: 28 天
  [DEL] (2461|熱門股) 太舊: 28 天
  [DEL] (2461|熱門股) 太舊: 28 天
  [DEL] (2461|熱門股) 太舊: 28 天
  [DEL] (6532|熱門股) 太舊: 28 天
  [DEL] (6532|熱門股) 太舊: 28 天
  [DEL] (6532|熱門股) 太舊: 28 天
  [DEL] (2704|熱門股) 太舊: 28 天
  [DEL] (2704|熱門股) 太舊: 28 天
  [DEL] (2704|熱門股) 太舊: 28 天
  [DEL] (1444|熱門股) 太舊: 28 天
  [DEL] (1444|熱門股) 太舊: 28 天
  [DEL] (1444|熱門股) 太舊: 28 天
  [DEL] (7718|熱門股) 太舊: 28 天
  [DEL] (7718|熱門股) 太舊: 28 天
  [DEL] (7718|熱門股) 太舊: 28 天
  [DEL] (2516|熱門股) 太舊: 28 天
  [DEL] (2013|熱門股) 太舊: 28 天
  [DEL] (2013|熱門股) 太舊: 28 天
  [DEL] (5202|熱門股) 太舊: 28 天
  [DEL] (5202|熱門股) 太舊: 28 天
  [DEL] (5202|熱門股) 太舊: 28 天
  [DEL] (2739|熱門股) 太舊: 28 天
  [DEL] (2739|熱門股) 太舊: 28 天
  [DEL] (3577|熱門股) 太舊: 28 天
  [DEL] (2739|熱門股) 太舊: 28 天
  [DEL] (3577|熱門股) 太舊: 28 天
  [DEL] (6649|熱門股) 太舊: 28 天
  [DEL] (3577|熱門股) 太舊: 28 天
  [DEL] (6649|熱門股) 太舊: 28 天
  [DEL] (6649|熱門股) 太舊: 28 天
  [DEL] (1530|熱門股) 太舊: 28 天
  [DEL] (1530|熱門股) 太舊: 28 天
  [DEL] (1530|熱門股) 太舊: 28 天
  [DEL] (4716|熱門股) 太舊: 28 天
  [DEL] (4716|熱門股) 太舊: 28 天
  [DEL] (4716|熱門股) 太舊: 28 天
  [DEL] (6877|熱門股) 太舊: 28 天
  [DEL] (6877|熱門股) 太舊: 28 天
  [DEL] (6877|熱門股) 太舊: 28 天
  [DEL] (6859|熱門股) 太舊: 28 天
  [DEL] (6859|熱門股) 太舊: 28 天
  [DEL] (6859|熱門股) 太舊: 28 天
  [DEL] (3325|熱門股) 太舊: 28 天
  [DEL] (6728|熱門股) 太舊: 28 天
  [DEL] (7704|熱門股) 太舊: 28 天
  [DEL] (6728|熱門股) 太舊: 28 天
  [DEL] (7704|熱門股) 太舊: 28 天
  [DEL] (6728|熱門股) 太舊: 28 天
  [DEL] (6573|熱門股) 太舊: 28 天
  [DEL] (6573|熱門股) 太舊: 28 天
  [DEL] (6573|熱門股) 太舊: 28 天
  [DEL] (6498|熱門股) 太舊: 28 天
  [DEL] (6498|熱門股) 太舊: 28 天
  [DEL] (4946|熱門股) 太舊: 28 天
  [DEL] (6498|熱門股) 太舊: 28 天
  [DEL] (4946|熱門股) 太舊: 28 天
  [DEL] (4946|熱門股) 太舊: 28 天
  [DEL] (4744|熱門股) 太舊: 28 天
  [DEL] (4744|熱門股) 太舊: 28 天
  [DEL] (4744|熱門股) 太舊: 28 天
  [DEL] (2314|熱門股) 太舊: 28 天
  [DEL] (2314|熱門股) 太舊: 28 天
  [DEL] (2314|熱門股) 太舊: 28 天
  [DEL] (4942|熱門股) 太舊: 28 天
  [DEL] (4942|熱門股) 太舊: 28 天
  [DEL] (4942|熱門股) 太舊: 28 天
  [DEL] (4414|熱門股) 太舊: 28 天
  [DEL] (4414|熱門股) 太舊: 28 天
  [DEL] (1725|熱門股) 太舊: 28 天
  [DEL] (1725|熱門股) 太舊: 28 天
  [DEL] (4414|熱門股) 太舊: 28 天
  [DEL] (1725|熱門股) 太舊: 28 天
  [DEL] (2243|熱門股) 太舊: 28 天
  [DEL] (2243|熱門股) 太舊: 28 天
  [DEL] (6140|熱門股) 太舊: 28 天
  [DEL] (2243|熱門股) 太舊: 28 天
  [DEL] (6140|熱門股) 太舊: 28 天
  [DEL] (6140|熱門股) 太舊: 28 天
  [DEL] (1752|熱門股) 太舊: 28 天
  [DEL] (1752|熱門股) 太舊: 28 天
  [DEL] (1752|熱門股) 太舊: 28 天
  [DEL] (6752|熱門股) 太舊: 28 天
  [DEL] (6752|熱門股) 太舊: 28 天
  [DEL] (6752|熱門股) 太舊: 28 天
  [DEL] (3229|熱門股) 太舊: 28 天
  [DEL] (3229|熱門股) 太舊: 28 天
  [DEL] (3229|熱門股) 太舊: 28 天
  [DEL] (6751|熱門股) 太舊: 28 天
  [DEL] (6751|熱門股) 太舊: 28 天
  [DEL] (6751|熱門股) 太舊: 28 天
  [DEL] (1264|熱門股) 太舊: 28 天
  [DEL] (1264|熱門股) 太舊: 28 天
  [DEL] (1264|熱門股) 太舊: 28 天
  [DEL] (2482|熱門股) 太舊: 28 天
  [DEL] (2482|熱門股) 太舊: 28 天
  [DEL] (6277|熱門股) 太舊: 28 天
  [DEL] (2482|熱門股) 太舊: 28 天
  [DEL] (6277|熱門股) 太舊: 28 天
  [DEL] (6277|熱門股) 太舊: 28 天
  [DEL] (8935|熱門股) 太舊: 28 天
  [DEL] (8935|熱門股) 太舊: 28 天
  [DEL] (8935|熱門股) 太舊: 28 天
  [DEL] (6221|熱門股) 太舊: 28 天
  [DEL] (3276|熱門股) 太舊: 28 天
  [DEL] (3276|熱門股) 太舊: 28 天
  [DEL] (3276|熱門股) 太舊: 28 天
  [DEL] (4994|熱門股) 太舊: 28 天
  [DEL] (4994|熱門股) 太舊: 28 天
  [DEL] (4994|熱門股) 太舊: 28 天
  [DEL] (6651|熱門股) 太舊: 28 天
  [DEL] (6651|熱門股) 太舊: 28 天
  [DEL] (6651|熱門股) 太舊: 28 天
  [DEL] (5244|熱門股) 太舊: 28 天
  [DEL] (5244|熱門股) 太舊: 28 天
  [DEL] (5244|熱門股) 太舊: 28 天
  [DEL] (6124|熱門股) 太舊: 28 天
  [DEL] (6124|熱門股) 太舊: 28 天
  [DEL] (6124|熱門股) 太舊: 28 天
  [DEL] (6965|熱門股) 太舊: 28 天
  [DEL] (6965|熱門股) 太舊: 28 天
  [DEL] (6965|熱門股) 太舊: 28 天
  [DEL] (1315|熱門股) 太舊: 28 天
  [DEL] (1315|熱門股) 太舊: 28 天
  [DEL] (1315|熱門股) 太舊: 28 天
  [DEL] (3130|熱門股) 太舊: 28 天
  [DEL] (3130|熱門股) 太舊: 28 天
  [DEL] (2373|熱門股) 太舊: 28 天
  [DEL] (3130|熱門股) 太舊: 28 天
  [DEL] (2373|熱門股) 太舊: 28 天
  [DEL] (2373|熱門股) 太舊: 28 天
  [DEL] (3679|熱門股) 太舊: 28 天
  [DEL] (3679|熱門股) 太舊: 28 天
  [DEL] (3679|熱門股) 太舊: 28 天
  [DEL] (6794|熱門股) 太舊: 28 天
  [DEL] (6794|熱門股) 太舊: 28 天
  [DEL] (1595|熱門股) 太舊: 28 天
  [DEL] (6794|熱門股) 太舊: 28 天
  [DEL] (1595|熱門股) 太舊: 28 天
  [DEL] (1595|熱門股) 太舊: 28 天
  [DEL] (6843|熱門股) 太舊: 28 天
  [DEL] (6843|熱門股) 太舊: 28 天
  [DEL] (6733|熱門股) 太舊: 28 天
  [DEL] (6733|熱門股) 太舊: 28 天
  [DEL] (6843|熱門股) 太舊: 28 天
  [DEL] (8416|熱門股) 太舊: 28 天
  [DEL] (8416|熱門股) 太舊: 28 天
  [DEL] (6733|熱門股) 太舊: 28 天
  [DEL] (6118|熱門股) 太舊: 28 天
  [DEL] (8416|熱門股) 太舊: 28 天
  [DEL] (5251|熱門股) 太舊: 28 天
  [DEL] (6534|熱門股) 太舊: 28 天
  [DEL] (6534|熱門股) 太舊: 28 天
  [DEL] (3188|熱門股) 太舊: 28 天
  [DEL] (8908|熱門股) 太舊: 28 天
  [DEL] (6534|熱門股) 太舊: 28 天
  [DEL] (8403|熱門股) 太舊: 28 天
  [DEL] (8908|熱門股) 太舊: 28 天
  [DEL] (8908|熱門股) 太舊: 28 天
  [DEL] (8403|熱門股) 太舊: 28 天
  [DEL] (8403|熱門股) 太舊: 28 天
  [DEL] (3114|熱門股) 太舊: 28 天
  [DEL] (3114|熱門股) 太舊: 28 天
  [DEL] (3114|熱門股) 太舊: 28 天
  [DEL] (4171|熱門股) 太舊: 28 天
  [DEL] (1103|熱門股) 太舊: 28 天
  [DEL] (1103|熱門股) 太舊: 28 天
  [DEL] (1103|熱門股) 太舊: 28 天
  [DEL] (3508|熱門股) 太舊: 28 天
  [DEL] (1437|熱門股) 太舊: 28 天
  [DEL] (1437|熱門股) 太舊: 28 天
  [DEL] (1437|熱門股) 太舊: 28 天
  [DEL] (6560|熱門股) 太舊: 28 天
  [DEL] (6703|熱門股) 太舊: 28 天
  [DEL] (6560|熱門股) 太舊: 28 天
  [DEL] (6560|熱門股) 太舊: 28 天
  [DEL] (3310|熱門股) 太舊: 28 天
  [DEL] (3310|熱門股) 太舊: 28 天
  [DEL] (3310|熱門股) 太舊: 28 天
  [DEL] (4707|熱門股) 太舊: 28 天
  [DEL] (4707|熱門股) 太舊: 28 天
  [DEL] (4707|熱門股) 太舊: 28 天
  [DEL] (1570|熱門股) 太舊: 28 天
  [DEL] (1570|熱門股) 太舊: 28 天
  [DEL] (5531|熱門股) 太舊: 28 天
  [DEL] (6612|熱門股) 太舊: 28 天
  [DEL] (6612|熱門股) 太舊: 28 天
  [DEL] (5398|熱門股) 太舊: 28 天
  [DEL] (5398|熱門股) 太舊: 28 天
  [DEL] (5398|熱門股) 太舊: 28 天
  [DEL] (1799|熱門股) 太舊: 28 天
  [DEL] (1799|熱門股) 太舊: 28 天
  [DEL] (1799|熱門股) 太舊: 28 天
  [DEL] (2509|熱門股) 太舊: 28 天
  [DEL] (2509|熱門股) 太舊: 28 天
  [DEL] (2509|熱門股) 太舊: 28 天
  [DEL] (6951|熱門股) 太舊: 28 天
  [DEL] (6951|熱門股) 太舊: 28 天
  [DEL] (6951|熱門股) 太舊: 28 天
  [DEL] (6281|熱門股) 太舊: 28 天
  [DEL] (6281|熱門股) 太舊: 28 天
  [DEL] (6281|熱門股) 太舊: 28 天
  [DEL] (1234|熱門股) 太舊: 28 天
  [DEL] (6136|熱門股) 太舊: 28 天
  [DEL] (1234|熱門股) 太舊: 28 天
  [DEL] (1234|熱門股) 太舊: 28 天
  [DEL] (9906|熱門股) 太舊: 28 天
  [DEL] (9906|熱門股) 太舊: 28 天
  [DEL] (9906|熱門股) 太舊: 28 天
  [DEL] (1447|熱門股) 太舊: 28 天
  [DEL] (1447|熱門股) 太舊: 28 天
  [DEL] (1447|熱門股) 太舊: 28 天
  [DEL] (5230|熱門股) 太舊: 28 天
  [DEL] (1451|熱門股) 太舊: 28 天
  [DEL] (5230|熱門股) 太舊: 28 天
  [DEL] (5230|熱門股) 太舊: 28 天
  [DEL] (5907|熱門股) 太舊: 28 天
  [DEL] (5907|熱門股) 太舊: 28 天
  [DEL] (5907|熱門股) 太舊: 28 天
  [DEL] (2756|熱門股) 太舊: 28 天
  [DEL] (2756|熱門股) 太舊: 28 天
  [DEL] (2756|熱門股) 太舊: 28 天
  [DEL] (8916|熱門股) 太舊: 28 天
  [DEL] (8916|熱門股) 太舊: 28 天
  [DEL] (8916|熱門股) 太舊: 28 天
  [DEL] (4166|熱門股) 太舊: 28 天
  [DEL] (4166|熱門股) 太舊: 28 天
  [DEL] (4166|熱門股) 太舊: 28 天
  [DEL] (8489|熱門股) 太舊: 28 天
  [DEL] (8489|熱門股) 太舊: 28 天
  [DEL] (8489|熱門股) 太舊: 28 天
  [DEL] (8277|熱門股) 太舊: 28 天
  [DEL] (2536|熱門股) 太舊: 28 天
  [DEL] (8277|熱門股) 太舊: 28 天
  [DEL] (8277|熱門股) 太舊: 28 天
  [DEL] (2064|熱門股) 太舊: 28 天
  [DEL] (3284|熱門股) 太舊: 28 天
  [DEL] (3284|熱門股) 太舊: 28 天
  [DEL] (3284|熱門股) 太舊: 28 天
  [DEL] (4133|熱門股) 太舊: 28 天
  [DEL] (4133|熱門股) 太舊: 28 天
  [DEL] (4133|熱門股) 太舊: 28 天
  [DEL] (2239|熱門股) 太舊: 28 天
  [DEL] (2239|熱門股) 太舊: 28 天
  [DEL] (2239|熱門股) 太舊: 28 天
  [DEL] (3259|熱門股) 太舊: 28 天
  [DEL] (3259|熱門股) 太舊: 28 天
  [DEL] (6791|熱門股) 太舊: 28 天
  [DEL] (3259|熱門股) 太舊: 28 天
  [DEL] (6791|熱門股) 太舊: 28 天
  [DEL] (4106|熱門股) 太舊: 28 天
  [DEL] (4106|熱門股) 太舊: 28 天
  [DEL] (6791|熱門股) 太舊: 28 天
  [DEL] (4106|熱門股) 太舊: 28 天
  [DEL] (4401|熱門股) 太舊: 28 天
  [DEL] (4401|熱門股) 太舊: 28 天
  [DEL] (7547|熱門股) 太舊: 28 天
  [DEL] (4401|熱門股) 太舊: 28 天
  [DEL] (7547|熱門股) 太舊: 28 天
  [DEL] (7547|熱門股) 太舊: 28 天
  [DEL] (1108|熱門股) 太舊: 28 天
  [DEL] (1416|熱門股) 太舊: 28 天
  [DEL] (3499|熱門股) 太舊: 28 天
  [DEL] (1108|熱門股) 太舊: 28 天
  [DEL] (1108|熱門股) 太舊: 28 天
  [DEL] (1416|熱門股) 太舊: 28 天
  [DEL] (5312|熱門股) 太舊: 28 天
  [DEL] (5312|熱門股) 太舊: 28 天
  [DEL] (1416|熱門股) 太舊: 28 天
  [DEL] (5312|熱門股) 太舊: 28 天
  [DEL] (4163|熱門股) 太舊: 28 天
  [DEL] (4163|熱門股) 太舊: 28 天
  [DEL] (4163|熱門股) 太舊: 28 天
  [DEL] (6654|熱門股) 太舊: 28 天
  [DEL] (6654|熱門股) 太舊: 28 天
  [DEL] (6654|熱門股) 太舊: 28 天
  [DEL] (6141|熱門股) 太舊: 28 天
  [DEL] (6141|熱門股) 太舊: 28 天
  [DEL] (4131|熱門股) 太舊: 28 天
  [DEL] (6141|熱門股) 太舊: 28 天
  [DEL] (1446|熱門股) 太舊: 28 天
  [DEL] (9946|熱門股) 太舊: 28 天
  [DEL] (9946|熱門股) 太舊: 28 天
  [DEL] (5321|熱門股) 太舊: 28 天
  [DEL] (9946|熱門股) 太舊: 28 天
  [DEL] (5321|熱門股) 太舊: 28 天
  [DEL] (5321|熱門股) 太舊: 28 天
  [DEL] (3713|熱門股) 太舊: 28 天
  [DEL] (3713|熱門股) 太舊: 28 天
  [DEL] (3713|熱門股) 太舊: 28 天
  [DEL] (8032|熱門股) 太舊: 28 天
  [DEL] (8032|熱門股) 太舊: 28 天
  [DEL] (8032|熱門股) 太舊: 28 天
  [DEL] (1777|熱門股) 太舊: 28 天
  [DEL] (7721|熱門股) 太舊: 28 天
  [DEL] (1777|熱門股) 太舊: 28 天
  [DEL] (1777|熱門股) 太舊: 28 天
  [DEL] (7721|熱門股) 太舊: 28 天
  [DEL] (7721|熱門股) 太舊: 28 天
  [DEL] (3522|熱門股) 太舊: 28 天
  [DEL] (3522|熱門股) 太舊: 28 天
  [DEL] (3441|熱門股) 太舊: 28 天
  [DEL] (3522|熱門股) 太舊: 28 天
  [DEL] (3441|熱門股) 太舊: 28 天
  [DEL] (3441|熱門股) 太舊: 28 天
  [DEL] (5353|熱門股) 太舊: 28 天
  [DEL] (5353|熱門股) 太舊: 28 天
  [DEL] (5353|熱門股) 太舊: 28 天
  [DEL] (2483|熱門股) 太舊: 28 天
  [DEL] (2483|熱門股) 太舊: 28 天
  [DEL] (1219|熱門股) 太舊: 28 天
  [DEL] (1219|熱門股) 太舊: 28 天
  [DEL] (2483|熱門股) 太舊: 28 天
  [DEL] (1219|熱門股) 太舊: 28 天
  [DEL] (2816|熱門股) 太舊: 28 天
  [DEL] (2816|熱門股) 太舊: 28 天
  [DEL] (4111|熱門股) 太舊: 28 天
  [DEL] (4111|熱門股) 太舊: 28 天
  [DEL] (2816|熱門股) 太舊: 28 天
  [DEL] (3332|熱門股) 太舊: 28 天
  [DEL] (3332|熱門股) 太舊: 28 天
  [DEL] (3332|熱門股) 太舊: 28 天
  [DEL] (4111|熱門股) 太舊: 28 天
  [DEL] (8442|熱門股) 太舊: 28 天
  [DEL] (8442|熱門股) 太舊: 28 天
  [DEL] (3287|熱門股) 太舊: 28 天
  [DEL] (8442|熱門股) 太舊: 28 天
  [DEL] (3313|熱門股) 太舊: 28 天
  [DEL] (3313|熱門股) 太舊: 28 天
  [DEL] (3313|熱門股) 太舊: 28 天
  [DEL] (4728|熱門股) 太舊: 28 天
  [DEL] (1788|熱門股) 太舊: 28 天
  [DEL] (1788|熱門股) 太舊: 28 天
  [DEL] (1788|熱門股) 太舊: 28 天
  [DEL] (1598|熱門股) 太舊: 28 天
  [DEL] (1598|熱門股) 太舊: 28 天
  [DEL] (1598|熱門股) 太舊: 28 天
  [DEL] (6792|熱門股) 太舊: 28 天
  [DEL] (6792|熱門股) 太舊: 28 天
  [DEL] (6792|熱門股) 太舊: 28 天
  [DEL] (6441|熱門股) 太舊: 28 天
  [DEL] (6441|熱門股) 太舊: 28 天
  [DEL] (7757|熱門股) 太舊: 28 天
  [DEL] (6441|熱門股) 太舊: 28 天
  [DEL] (9918|熱門股) 太舊: 28 天
  [DEL] (7757|熱門股) 太舊: 28 天
  [DEL] (1735|熱門股) 太舊: 28 天
  [DEL] (7757|熱門股) 太舊: 28 天
  [DEL] (1735|熱門股) 太舊: 28 天
  [DEL] (1733|熱門股) 太舊: 28 天
  [DEL] (1735|熱門股) 太舊: 28 天
  [DEL] (1733|熱門股) 太舊: 28 天
  [DEL] (3021|熱門股) 太舊: 28 天
  [DEL] (3021|熱門股) 太舊: 28 天
  [DEL] (1733|熱門股) 太舊: 28 天
  [DEL] (3021|熱門股) 太舊: 28 天
  [DEL] (2433|熱門股) 太舊: 28 天
  [DEL] (3570|熱門股) 太舊: 28 天
  [DEL] (2433|熱門股) 太舊: 28 天
  [DEL] (2433|熱門股) 太舊: 28 天
  [DEL] (5014|熱門股) 太舊: 28 天
  [DEL] (5014|熱門股) 太舊: 28 天
  [DEL] (1295|熱門股) 太舊: 28 天
  [DEL] (5014|熱門股) 太舊: 28 天
  [DEL] (5523|熱門股) 太舊: 28 天
  [DEL] (1295|熱門股) 太舊: 28 天
  [DEL] (1295|熱門股) 太舊: 28 天
  [DEL] (5210|熱門股) 太舊: 28 天
  [DEL] (5523|熱門股) 太舊: 28 天
  [DEL] (5210|熱門股) 太舊: 28 天
  [DEL] (4109|熱門股) 太舊: 28 天
  [DEL] (5210|熱門股) 太舊: 28 天
  [DEL] (4109|熱門股) 太舊: 28 天
  [DEL] (4109|熱門股) 太舊: 28 天
  [DEL] (4438|熱門股) 太舊: 28 天
  [DEL] (4438|熱門股) 太舊: 28 天
  [DEL] (6598|熱門股) 太舊: 28 天
  [DEL] (4438|熱門股) 太舊: 28 天
  [DEL] (6598|熱門股) 太舊: 28 天
  [DEL] (6598|熱門股) 太舊: 28 天
  [DEL] (6504|熱門股) 太舊: 28 天
  [DEL] (6504|熱門股) 太舊: 28 天
  [DEL] (6504|熱門股) 太舊: 28 天
  [DEL] (2752|熱門股) 太舊: 28 天
  [DEL] (2752|熱門股) 太舊: 28 天
  [DEL] (2752|熱門股) 太舊: 28 天
  [DEL] (2029|熱門股) 太舊: 28 天
  [DEL] (2029|熱門股) 太舊: 28 天
  [DEL] (2029|熱門股) 太舊: 28 天
  [DEL] (2916|熱門股) 太舊: 28 天
  [DEL] (2916|熱門股) 太舊: 28 天
  [DEL] (6259|熱門股) 太舊: 28 天
  [DEL] (2916|熱門股) 太舊: 28 天
  [DEL] (6259|熱門股) 太舊: 28 天
  [DEL] (6259|熱門股) 太舊: 28 天
  [DEL] (3066|熱門股) 太舊: 28 天
  [DEL] (3066|熱門股) 太舊: 28 天
  [DEL] (3066|熱門股) 太舊: 28 天
  [DEL] (4442|熱門股) 太舊: 28 天
  [DEL] (4442|熱門股) 太舊: 28 天
  [DEL] (4442|熱門股) 太舊: 28 天
  [DEL] (1796|熱門股) 太舊: 28 天
  [DEL] (1796|熱門股) 太舊: 28 天
  [DEL] (6821|熱門股) 太舊: 28 天
  [DEL] (6821|熱門股) 太舊: 28 天
  [DEL] (2459|熱門股) 太舊: 28 天
  [DEL] (6821|熱門股) 太舊: 28 天
  [DEL] (2459|熱門股) 太舊: 28 天
  [DEL] (6906|熱門股) 太舊: 28 天
  [DEL] (2459|熱門股) 太舊: 28 天
  [DEL] (6906|熱門股) 太舊: 28 天
  [DEL] (6906|熱門股) 太舊: 28 天
  [DEL] (3520|熱門股) 太舊: 28 天
  [DEL] (3520|熱門股) 太舊: 28 天
  [DEL] (3520|熱門股) 太舊: 28 天
  [DEL] (2906|熱門股) 太舊: 28 天
  [DEL] (2906|熱門股) 太舊: 28 天
  [DEL] (2906|熱門股) 太舊: 28 天
  [DEL] (2538|熱門股) 太舊: 28 天
  [DEL] (2538|熱門股) 太舊: 28 天
  [DEL] (2538|熱門股) 太舊: 28 天
  [DEL] (2438|熱門股) 太舊: 28 天
  [DEL] (2438|熱門股) 太舊: 28 天
  [DEL] (2438|熱門股) 太舊: 28 天
  [DEL] (4127|熱門股) 太舊: 28 天
  [DEL] (4127|熱門股) 太舊: 28 天
  [DEL] (4127|熱門股) 太舊: 28 天
  [DEL] (9949|熱門股) 太舊: 28 天
  [DEL] (9949|熱門股) 太舊: 28 天
  [DEL] (6637|熱門股) 太舊: 28 天
  [DEL] (9949|熱門股) 太舊: 28 天
  [DEL] (6637|熱門股) 太舊: 28 天
  [DEL] (6637|熱門股) 太舊: 28 天
  [DEL] (1535|熱門股) 太舊: 28 天
  [DEL] (1535|熱門股) 太舊: 28 天
  [DEL] (1535|熱門股) 太舊: 28 天
  [DEL] (4935|熱門股) 太舊: 28 天
  [DEL] (4935|熱門股) 太舊: 28 天
  [DEL] (6593|熱門股) 太舊: 28 天
  [DEL] (4935|熱門股) 太舊: 28 天
  [DEL] (3494|熱門股) 太舊: 28 天
  [DEL] (6593|熱門股) 太舊: 28 天
  [DEL] (6593|熱門股) 太舊: 28 天
  [DEL] (3494|熱門股) 太舊: 28 天
  [DEL] (3494|熱門股) 太舊: 28 天
  [DEL] (6108|熱門股) 太舊: 28 天
  [DEL] (6108|熱門股) 太舊: 28 天
  [DEL] (6108|熱門股) 太舊: 28 天
  [DEL] (6198|熱門股) 太舊: 28 天
  [DEL] (6198|熱門股) 太舊: 28 天
  [DEL] (6198|熱門股) 太舊: 28 天
  [DEL] (6123|熱門股) 太舊: 28 天
  [DEL] (6123|熱門股) 太舊: 28 天
  [DEL] (6569|熱門股) 太舊: 28 天
  [DEL] (6123|熱門股) 太舊: 28 天
  [DEL] (6569|熱門股) 太舊: 28 天
  [DEL] (2012|熱門股) 太舊: 28 天
  [DEL] (2012|熱門股) 太舊: 28 天
  [DEL] (1805|熱門股) 太舊: 28 天
  [DEL] (2012|熱門股) 太舊: 28 天
  [DEL] (1805|熱門股) 太舊: 28 天
  [DEL] (1805|熱門股) 太舊: 28 天
  [DEL] (2007|熱門股) 太舊: 28 天
  [DEL] (2007|熱門股) 太舊: 28 天
  [DEL] (2007|熱門股) 太舊: 28 天
  [DEL] (6982|熱門股) 太舊: 28 天
  [DEL] (6982|熱門股) 太舊: 28 天
  [DEL] (3716|熱門股) 太舊: 28 天
  [DEL] (1338|熱門股) 太舊: 28 天
  [DEL] (6982|熱門股) 太舊: 28 天
  [DEL] (3716|熱門股) 太舊: 28 天
  [DEL] (3716|熱門股) 太舊: 28 天
  [DEL] (1338|熱門股) 太舊: 28 天
  [DEL] (1338|熱門股) 太舊: 28 天
  [DEL] (5215|熱門股) 太舊: 28 天
  [DEL] (5215|熱門股) 太舊: 28 天
  [DEL] (5215|熱門股) 太舊: 28 天
  [DEL] (5603|熱門股) 太舊: 28 天
  [DEL] (5603|熱門股) 太舊: 28 天
  [DEL] (5603|熱門股) 太舊: 28 天
  [DEL] (8435|熱門股) 太舊: 28 天
  [DEL] (8435|熱門股) 太舊: 28 天
  [DEL] (2945|熱門股) 太舊: 28 天
  [DEL] (2945|熱門股) 太舊: 28 天
  [DEL] (8435|熱門股) 太舊: 28 天
  [DEL] (4205|熱門股) 太舊: 28 天
  [DEL] (4205|熱門股) 太舊: 28 天
  [DEL] (4205|熱門股) 太舊: 28 天
  [DEL] (7631|熱門股) 太舊: 28 天
  [DEL] (7631|熱門股) 太舊: 28 天
  [DEL] (7631|熱門股) 太舊: 28 天
  [DEL] (4930|熱門股) 太舊: 28 天
  [DEL] (4930|熱門股) 太舊: 28 天
  [DEL] (4930|熱門股) 太舊: 28 天
  [DEL] (4126|熱門股) 太舊: 28 天
  [DEL] (4126|熱門股) 太舊: 28 天
  [DEL] (4126|熱門股) 太舊: 28 天
  [DEL] (3666|熱門股) 太舊: 28 天
  [DEL] (4711|熱門股) 太舊: 28 天
  [DEL] (3666|熱門股) 太舊: 28 天
  [DEL] (4711|熱門股) 太舊: 28 天
  [DEL] (3666|熱門股) 太舊: 28 天
  [DEL] (4711|熱門股) 太舊: 28 天
  [DEL] (5487|熱門股) 太舊: 28 天
  [DEL] (5487|熱門股) 太舊: 28 天
  [DEL] (5487|熱門股) 太舊: 28 天
  [DEL] (3419|熱門股) 太舊: 28 天
  [DEL] (3419|熱門股) 太舊: 28 天
  [DEL] (6582|熱門股) 太舊: 28 天
  [DEL] (6582|熱門股) 太舊: 28 天
  [DEL] (3419|熱門股) 太舊: 28 天
  [DEL] (6582|熱門股) 太舊: 28 天
  [DEL] (6969|熱門股) 太舊: 28 天
  [DEL] (6969|熱門股) 太舊: 28 天
  [DEL] (3541|熱門股) 太舊: 28 天
  [DEL] (3541|熱門股) 太舊: 28 天
  [DEL] (6969|熱門股) 太舊: 28 天
  [DEL] (3541|熱門股) 太舊: 28 天
  [DEL] (3373|熱門股) 太舊: 28 天
  [DEL] (3373|熱門股) 太舊: 28 天
  [DEL] (6241|熱門股) 太舊: 28 天
  [DEL] (3373|熱門股) 太舊: 28 天
  [DEL] (6241|熱門股) 太舊: 28 天
  [DEL] (6241|熱門股) 太舊: 28 天
  [DEL] (5525|熱門股) 太舊: 28 天
  [DEL] (5525|熱門股) 太舊: 28 天
  [DEL] (4581|熱門股) 太舊: 28 天
  [DEL] (4581|熱門股) 太舊: 28 天
  [DEL] (4581|熱門股) 太舊: 28 天
  [DEL] (7705|熱門股) 太舊: 28 天
  [DEL] (7705|熱門股) 太舊: 28 天
  [DEL] (7705|熱門股) 太舊: 28 天
  [DEL] (4907|熱門股) 太舊: 28 天
  [DEL] (4907|熱門股) 太舊: 28 天
  [DEL] (3710|熱門股) 太舊: 28 天
  [DEL] (4907|熱門股) 太舊: 28 天
  [DEL] (3710|熱門股) 太舊: 28 天
  [DEL] (3710|熱門股) 太舊: 28 天
  [DEL] (4108|熱門股) 太舊: 28 天
  [DEL] (4108|熱門股) 太舊: 28 天
  [DEL] (4108|熱門股) 太舊: 28 天
  [DEL] (8481|熱門股) 太舊: 28 天
  [DEL] (8481|熱門股) 太舊: 28 天
  [DEL] (2732|熱門股) 太舊: 28 天
  [DEL] (8481|熱門股) 太舊: 28 天
  [DEL] (2732|熱門股) 太舊: 28 天
  [DEL] (2732|熱門股) 太舊: 28 天
  [DEL] (8466|熱門股) 太舊: 28 天
  [DEL] (8466|熱門股) 太舊: 28 天
  [DEL] (9905|熱門股) 太舊: 28 天
  [DEL] (9905|熱門股) 太舊: 28 天
  [DEL] (9905|熱門股) 太舊: 28 天
  [DEL] (8097|熱門股) 太舊: 28 天
  [DEL] (3521|熱門股) 太舊: 28 天
  [DEL] (8097|熱門股) 太舊: 28 天
  [DEL] (8097|熱門股) 太舊: 28 天
  [DEL] (3521|熱門股) 太舊: 28 天
  [DEL] (3521|熱門股) 太舊: 28 天
  [DEL] (2642|熱門股) 太舊: 28 天
  [DEL] (2642|熱門股) 太舊: 28 天
  [DEL] (2642|熱門股) 太舊: 28 天
  [DEL] (7708|熱門股) 太舊: 28 天
  [DEL] (7708|熱門股) 太舊: 28 天
  [DEL] (7708|熱門股) 太舊: 28 天
  [DEL] (6194|熱門股) 太舊: 28 天
  [DEL] (6194|熱門股) 太舊: 28 天
  [DEL] (6194|熱門股) 太舊: 28 天
  [DEL] (5324|熱門股) 太舊: 28 天
  [DEL] (5324|熱門股) 太舊: 28 天
  [DEL] (1731|熱門股) 太舊: 28 天
  [DEL] (5324|熱門股) 太舊: 28 天
  [DEL] (1731|熱門股) 太舊: 28 天
  [DEL] (1731|熱門股) 太舊: 28 天
  [DEL] (1558|熱門股) 太舊: 28 天
  [DEL] (1558|熱門股) 太舊: 28 天
  [DEL] (2596|熱門股) 太舊: 28 天
  [DEL] (1558|熱門股) 太舊: 28 天
  [DEL] (3206|熱門股) 太舊: 28 天
  [DEL] (3206|熱門股) 太舊: 28 天
  [DEL] (2596|熱門股) 太舊: 28 天
  [DEL] (2596|熱門股) 太舊: 28 天
  [DEL] (3206|熱門股) 太舊: 28 天
  [DEL] (6921|熱門股) 太舊: 28 天
  [DEL] (6921|熱門股) 太舊: 28 天
  [DEL] (6921|熱門股) 太舊: 28 天
  [DEL] (2114|熱門股) 太舊: 28 天
  [DEL] (2114|熱門股) 太舊: 28 天
  [DEL] (7730|熱門股) 太舊: 28 天
  [DEL] (2114|熱門股) 太舊: 28 天
  [DEL] (7730|熱門股) 太舊: 28 天
  [DEL] (7730|熱門股) 太舊: 28 天
  [DEL] (3652|熱門股) 太舊: 28 天
  [DEL] (3652|熱門股) 太舊: 28 天
  [DEL] (3652|熱門股) 太舊: 28 天
  [DEL] (7723|熱門股) 太舊: 28 天
  [DEL] (7723|熱門股) 太舊: 28 天
  [DEL] (7723|熱門股) 太舊: 28 天
  [DEL] (1473|熱門股) 太舊: 28 天
  [DEL] (1593|熱門股) 太舊: 28 天
  [DEL] (1593|熱門股) 太舊: 28 天
  [DEL] (1593|熱門股) 太舊: 28 天
  [DEL] (1473|熱門股) 太舊: 28 天
  [DEL] (1473|熱門股) 太舊: 28 天
  [DEL] (6185|熱門股) 太舊: 28 天
  [DEL] (6185|熱門股) 太舊: 28 天
  [DEL] (8024|熱門股) 太舊: 28 天
  [DEL] (8024|熱門股) 太舊: 28 天
  [DEL] (8024|熱門股) 太舊: 28 天
  [DEL] (8102|熱門股) 太舊: 28 天
  [DEL] (9962|熱門股) 太舊: 28 天
  [DEL] (8102|熱門股) 太舊: 28 天
  [DEL] (9962|熱門股) 太舊: 28 天
  [DEL] (8102|熱門股) 太舊: 28 天
  [DEL] (9962|熱門股) 太舊: 28 天
  [DEL] (4741|熱門股) 太舊: 28 天
  [DEL] (4741|熱門股) 太舊: 28 天
  [DEL] (7791|熱門股) 太舊: 28 天
  [DEL] (4741|熱門股) 太舊: 28 天
  [DEL] (7791|熱門股) 太舊: 28 天
  [DEL] (5364|熱門股) 太舊: 28 天
  [DEL] (7791|熱門股) 太舊: 28 天
  [DEL] (5364|熱門股) 太舊: 28 天
  [DEL] (1457|熱門股) 太舊: 28 天
  [DEL] (5364|熱門股) 太舊: 28 天
  [DEL] (5533|熱門股) 太舊: 28 天
  [DEL] (1457|熱門股) 太舊: 28 天
  [DEL] (5533|熱門股) 太舊: 28 天
  [DEL] (1457|熱門股) 太舊: 28 天
  [DEL] (1109|熱門股) 太舊: 28 天
  [DEL] (5533|熱門股) 太舊: 28 天
  [DEL] (4747|熱門股) 太舊: 28 天
  [DEL] (4747|熱門股) 太舊: 28 天
  [DEL] (4747|熱門股) 太舊: 28 天
  [DEL] (1109|熱門股) 太舊: 28 天
  [DEL] (6494|熱門股) 太舊: 28 天
  [DEL] (1109|熱門股) 太舊: 28 天
  [DEL] (6494|熱門股) 太舊: 28 天
  [DEL] (6494|熱門股) 太舊: 28 天
  [DEL] (3164|熱門股) 太舊: 28 天
  [DEL] (3164|熱門股) 太舊: 28 天
  [DEL] (8450|熱門股) 太舊: 28 天
  [DEL] (3164|熱門股) 太舊: 28 天
  [DEL] (8450|熱門股) 太舊: 28 天
  [DEL] (8450|熱門股) 太舊: 28 天
  [DEL] (4433|熱門股) 太舊: 28 天
  [DEL] (4433|熱門股) 太舊: 28 天
  [DEL] (4433|熱門股) 太舊: 28 天
  [DEL] (3158|熱門股) 太舊: 28 天
  [DEL] (3158|熱門股) 太舊: 28 天
  [DEL] (2729|熱門股) 太舊: 28 天
  [DEL] (3158|熱門股) 太舊: 28 天
  [DEL] (2729|熱門股) 太舊: 28 天
  [DEL] (8487|熱門股) 太舊: 28 天
  [DEL] (5488|熱門股) 太舊: 28 天
  [DEL] (5488|熱門股) 太舊: 28 天
  [DEL] (5488|熱門股) 太舊: 28 天
  [DEL] (8487|熱門股) 太舊: 28 天
  [DEL] (1466|熱門股) 太舊: 28 天
  [DEL] (8487|熱門股) 太舊: 28 天
  [DEL] (6208|熱門股) 太舊: 28 天
  [DEL] (1466|熱門股) 太舊: 28 天
  [DEL] (6208|熱門股) 太舊: 28 天
  [DEL] (6208|熱門股) 太舊: 28 天
  [DEL] (2734|熱門股) 太舊: 28 天
  [DEL] (2734|熱門股) 太舊: 28 天
  [DEL] (5516|熱門股) 太舊: 28 天
  [DEL] (2734|熱門股) 太舊: 28 天
  [DEL] (5516|熱門股) 太舊: 28 天
  [DEL] (5516|熱門股) 太舊: 28 天
  [DEL] (8401|熱門股) 太舊: 28 天
  [DEL] (8401|熱門股) 太舊: 28 天
  [DEL] (8401|熱門股) 太舊: 28 天
  [DEL] (1474|熱門股) 太舊: 28 天
  [DEL] (1474|熱門股) 太舊: 28 天
  [DEL] (1474|熱門股) 太舊: 28 天
  [DEL] (8930|熱門股) 太舊: 28 天
  [DEL] (8930|熱門股) 太舊: 28 天
  [DEL] (8930|熱門股) 太舊: 28 天
  [DEL] (4439|熱門股) 太舊: 28 天
  [DEL] (4439|熱門股) 太舊: 28 天
  [DEL] (6936|熱門股) 太舊: 28 天
  [DEL] (4439|熱門股) 太舊: 28 天
  [DEL] (6936|熱門股) 太舊: 28 天
  [DEL] (6936|熱門股) 太舊: 28 天
  [DEL] (1445|熱門股) 太舊: 28 天
  [DEL] (1445|熱門股) 太舊: 28 天
  [DEL] (6666|熱門股) 太舊: 28 天
  [DEL] (6666|熱門股) 太舊: 28 天
  [DEL] (1445|熱門股) 太舊: 28 天
  [DEL] (6697|熱門股) 太舊: 28 天
  [DEL] (6666|熱門股) 太舊: 28 天
  [DEL] (6697|熱門股) 太舊: 28 天
  [DEL] (6697|熱門股) 太舊: 28 天
  [DEL] (6708|熱門股) 太舊: 28 天
  [DEL] (6708|熱門股) 太舊: 28 天
  [DEL] (6708|熱門股) 太舊: 28 天
  [DEL] (2718|熱門股) 太舊: 28 天
  [DEL] (2718|熱門股) 太舊: 28 天
  [DEL] (2718|熱門股) 太舊: 28 天
  [DEL] (6971|熱門股) 太舊: 28 天
  [DEL] (2929|熱門股) 太舊: 28 天
  [DEL] (6971|熱門股) 太舊: 28 天
  [DEL] (6971|熱門股) 太舊: 28 天
  [DEL] (2929|熱門股) 太舊: 28 天
  [DEL] (2929|熱門股) 太舊: 28 天
  [DEL] (4120|熱門股) 太舊: 28 天
  [DEL] (4120|熱門股) 太舊: 28 天
  [DEL] (4120|熱門股) 太舊: 28 天
  [DEL] (6294|熱門股) 太舊: 28 天
  [DEL] (6294|熱門股) 太舊: 28 天
  [DEL] (6294|熱門股) 太舊: 28 天
  [DEL] (6968|熱門股) 太舊: 28 天
  [DEL] (6968|熱門股) 太舊: 28 天
  [DEL] (6968|熱門股) 太舊: 28 天
  [DEL] (1460|熱門股) 太舊: 28 天
  [DEL] (7747|熱門股) 太舊: 28 天
  [DEL] (1460|熱門股) 太舊: 28 天
  [DEL] (1460|熱門股) 太舊: 28 天
  [DEL] (7747|熱門股) 太舊: 28 天
  [DEL] (6516|熱門股) 太舊: 28 天
  [DEL] (7747|熱門股) 太舊: 28 天
  [DEL] (6516|熱門股) 太舊: 28 天
  [DEL] (6578|熱門股) 太舊: 28 天
  [DEL] (4554|熱門股) 太舊: 28 天
  [DEL] (6578|熱門股) 太舊: 28 天
  [DEL] (6578|熱門股) 太舊: 28 天
  [DEL] (4554|熱門股) 太舊: 28 天
  [DEL] (4554|熱門股) 太舊: 28 天
  [DEL] (3150|熱門股) 太舊: 28 天
  [DEL] (3150|熱門股) 太舊: 28 天
  [DEL] (3150|熱門股) 太舊: 28 天
  [DEL] (1417|熱門股) 太舊: 28 天
  [DEL] (3093|熱門股) 太舊: 28 天
  [DEL] (3093|熱門股) 太舊: 28 天
  [DEL] (3093|熱門股) 太舊: 28 天
  [DEL] (1417|熱門股) 太舊: 28 天
  [DEL] (1417|熱門股) 太舊: 28 天
  [DEL] (8905|熱門股) 太舊: 28 天
  [DEL] (8905|熱門股) 太舊: 28 天
  [DEL] (8905|熱門股) 太舊: 28 天
  [DEL] (1525|熱門股) 太舊: 28 天
  [DEL] (8201|熱門股) 太舊: 28 天
  [DEL] (1525|熱門股) 太舊: 28 天
  [DEL] (1525|熱門股) 太舊: 28 天
  [DEL] (2706|熱門股) 太舊: 28 天
  [DEL] (8201|熱門股) 太舊: 28 天
  [DEL] (8201|熱門股) 太舊: 28 天
  [DEL] (2706|熱門股) 太舊: 28 天
  [DEL] (2706|熱門股) 太舊: 28 天
  [DEL] (4155|熱門股) 太舊: 28 天
  [DEL] (4155|熱門股) 太舊: 28 天
  [DEL] (4155|熱門股) 太舊: 28 天
  [DEL] (4121|熱門股) 太舊: 28 天
  [DEL] (4121|熱門股) 太舊: 28 天
  [DEL] (1467|熱門股) 太舊: 28 天
  [DEL] (1340|熱門股) 太舊: 28 天
  [DEL] (1467|熱門股) 太舊: 28 天
  [DEL] (1467|熱門股) 太舊: 28 天
  [DEL] (4121|熱門股) 太舊: 28 天
  [DEL] (1340|熱門股) 太舊: 28 天
  [DEL] (4569|熱門股) 太舊: 28 天
  [DEL] (5223|熱門股) 太舊: 28 天
  [DEL] (5223|熱門股) 太舊: 28 天
  [DEL] (5223|熱門股) 太舊: 28 天
  [DEL] (4569|熱門股) 太舊: 28 天
  [DEL] (1817|熱門股) 太舊: 28 天
  [DEL] (6577|熱門股) 太舊: 28 天
  [DEL] (1817|熱門股) 太舊: 28 天
  [DEL] (1817|熱門股) 太舊: 28 天
  [DEL] (5344|熱門股) 太舊: 28 天
  [DEL] (5344|熱門股) 太舊: 28 天
  [DEL] (6577|熱門股) 太舊: 28 天
  [DEL] (5344|熱門股) 太舊: 28 天
  [DEL] (6577|熱門股) 太舊: 28 天
  [DEL] (4911|熱門股) 太舊: 28 天
  [DEL] (4911|熱門股) 太舊: 28 天
  [DEL] (6482|熱門股) 太舊: 28 天
  [DEL] (4911|熱門股) 太舊: 28 天
  [DEL] (6482|熱門股) 太舊: 28 天
  [DEL] (1337|熱門股) 太舊: 28 天
  [DEL] (1337|熱門股) 太舊: 28 天
  [DEL] (6902|熱門股) 太舊: 28 天
  [DEL] (1337|熱門股) 太舊: 28 天
  [DEL] (6902|熱門股) 太舊: 28 天
  [DEL] (4440|熱門股) 太舊: 28 天
  [DEL] (4440|熱門股) 太舊: 28 天
  [DEL] (6902|熱門股) 太舊: 28 天
  [DEL] (4440|熱門股) 太舊: 28 天
  [DEL] (2908|熱門股) 太舊: 28 天
  [DEL] (2908|熱門股) 太舊: 28 天
  [DEL] (2033|熱門股) 太舊: 28 天
  [DEL] (2908|熱門股) 太舊: 28 天
  [DEL] (2033|熱門股) 太舊: 28 天
  [DEL] (5489|熱門股) 太舊: 28 天
  [DEL] (5489|熱門股) 太舊: 28 天
  [DEL] (5489|熱門股) 太舊: 28 天
  [DEL] (4745|熱門股) 太舊: 28 天
  [DEL] (4745|熱門股) 太舊: 28 天
  [DEL] (3512|熱門股) 太舊: 28 天
  [DEL] (4745|熱門股) 太舊: 28 天
  [DEL] (3512|熱門股) 太舊: 28 天
  [DEL] (3512|熱門股) 太舊: 28 天
  [DEL] (4188|熱門股) 太舊: 28 天
  [DEL] (4188|熱門股) 太舊: 28 天
  [DEL] (4188|熱門股) 太舊: 28 天
  [DEL] (9960|熱門股) 太舊: 28 天
  [DEL] (9960|熱門股) 太舊: 28 天
  [DEL] (9960|熱門股) 太舊: 28 天
  [DEL] (8429|熱門股) 太舊: 28 天
  [DEL] (1294|熱門股) 太舊: 28 天
  [DEL] (8429|熱門股) 太舊: 28 天
  [DEL] (1294|熱門股) 太舊: 28 天
  [DEL] (1235|熱門股) 太舊: 28 天
  [DEL] (1235|熱門股) 太舊: 28 天
  [DEL] (1294|熱門股) 太舊: 28 天
  [DEL] (7709|熱門股) 太舊: 28 天
  [DEL] (1235|熱門股) 太舊: 28 天
  [DEL] (7709|熱門股) 太舊: 28 天
  [DEL] (5704|熱門股) 太舊: 28 天
  [DEL] (7709|熱門股) 太舊: 28 天
  [DEL] (5704|熱門股) 太舊: 28 天
  [DEL] (5704|熱門股) 太舊: 28 天
  [DEL] (1323|熱門股) 太舊: 28 天
  [DEL] (1323|熱門股) 太舊: 28 天
  [DEL] (6590|熱門股) 太舊: 28 天
  [DEL] (6590|熱門股) 太舊: 28 天
  [DEL] (6590|熱門股) 太舊: 28 天
  [DEL] (6955|熱門股) 太舊: 28 天
  [DEL] (6955|熱門股) 太舊: 28 天
  [DEL] (6955|熱門股) 太舊: 28 天
  [DEL] (4754|熱門股) 太舊: 28 天
  [DEL] (4754|熱門股) 太舊: 28 天
  [DEL] (8176|熱門股) 太舊: 28 天
  [DEL] (4754|熱門股) 太舊: 28 天
  [DEL] (8176|熱門股) 太舊: 28 天
  [DEL] (2109|熱門股) 太舊: 28 天
  [DEL] (8176|熱門股) 太舊: 28 天
  [DEL] (2109|熱門股) 太舊: 28 天
  [DEL] (2109|熱門股) 太舊: 28 天
  [DEL] (4138|熱門股) 太舊: 28 天
  [DEL] (4138|熱門股) 太舊: 28 天
  [DEL] (4138|熱門股) 太舊: 28 天
  [DEL] (8437|熱門股) 太舊: 28 天
  [DEL] (8437|熱門股) 太舊: 28 天
  [DEL] (8437|熱門股) 太舊: 28 天
  [DEL] (7770|熱門股) 太舊: 28 天
  [DEL] (7770|熱門股) 太舊: 28 天
  [DEL] (7770|熱門股) 太舊: 28 天
  [DEL] (5464|熱門股) 太舊: 28 天
  [DEL] (5464|熱門股) 太舊: 28 天
  [DEL] (8906|熱門股) 太舊: 28 天
  [DEL] (8906|熱門股) 太舊: 28 天
  [DEL] (3664|熱門股) 太舊: 28 天
  [DEL] (8906|熱門股) 太舊: 28 天
  [DEL] (3664|熱門股) 太舊: 28 天
  [DEL] (4527|熱門股) 太舊: 28 天
  [DEL] (3664|熱門股) 太舊: 28 天
  [DEL] (4527|熱門股) 太舊: 28 天
  [DEL] (4527|熱門股) 太舊: 28 天
  [DEL] (6952|熱門股) 太舊: 28 天
  [DEL] (6952|熱門股) 太舊: 28 天
  [DEL] (6952|熱門股) 太舊: 28 天
  [DEL] (2430|熱門股) 太舊: 28 天
  [DEL] (2430|熱門股) 太舊: 28 天
  [DEL] (2430|熱門股) 太舊: 28 天
  [DEL] (4550|熱門股) 太舊: 28 天
  [DEL] (4550|熱門股) 太舊: 28 天
  [DEL] (6597|熱門股) 太舊: 28 天
  [DEL] (6597|熱門股) 太舊: 28 天
  [DEL] (4550|熱門股) 太舊: 28 天
  [DEL] (6597|熱門股) 太舊: 28 天
  [DEL] (4190|熱門股) 太舊: 28 天
  [DEL] (4190|熱門股) 太舊: 28 天
  [DEL] (4568|熱門股) 太舊: 28 天
  [DEL] (4190|熱門股) 太舊: 28 天
  [DEL] (4568|熱門股) 太舊: 28 天
  [DEL] (4568|熱門股) 太舊: 28 天
  [DEL] (6276|熱門股) 太舊: 28 天
  [DEL] (6276|熱門股) 太舊: 28 天
  [DEL] (5206|熱門股) 太舊: 28 天
  [DEL] (6276|熱門股) 太舊: 28 天
  [DEL] (5206|熱門股) 太舊: 28 天
  [DEL] (6169|熱門股) 太舊: 28 天
  [DEL] (5206|熱門股) 太舊: 28 天
  [DEL] (6169|熱門股) 太舊: 28 天
  [DEL] (6169|熱門股) 太舊: 28 天
  [DEL] (2061|熱門股) 太舊: 28 天
  [DEL] (2061|熱門股) 太舊: 28 天
  [DEL] (3054|熱門股) 太舊: 28 天
  [DEL] (2061|熱門股) 太舊: 28 天
  [DEL] (6846|熱門股) 太舊: 28 天
  [DEL] (3054|熱門股) 太舊: 28 天
  [DEL] (6846|熱門股) 太舊: 28 天
  [DEL] (4999|熱門股) 太舊: 28 天
  [DEL] (6846|熱門股) 太舊: 28 天
  [DEL] (4999|熱門股) 太舊: 28 天
  [DEL] (4999|熱門股) 太舊: 28 天
  [DEL] (6855|熱門股) 太舊: 28 天
  [DEL] (6855|熱門股) 太舊: 28 天
  [DEL] (6855|熱門股) 太舊: 28 天
  [DEL] (1516|熱門股) 太舊: 28 天
  [DEL] (1516|熱門股) 太舊: 28 天
  [DEL] (1516|熱門股) 太舊: 28 天
  [DEL] (9928|熱門股) 太舊: 28 天
  [DEL] (9928|熱門股) 太舊: 28 天
  [DEL] (9928|熱門股) 太舊: 28 天
  [DEL] (6865|熱門股) 太舊: 28 天
  [DEL] (6865|熱門股) 太舊: 28 天
  [DEL] (6865|熱門股) 太舊: 28 天
  [DEL] (8472|熱門股) 太舊: 28 天
  [DEL] (8472|熱門股) 太舊: 28 天
  [DEL] (1236|熱門股) 太舊: 28 天
  [DEL] (8472|熱門股) 太舊: 28 天
  [DEL] (1236|熱門股) 太舊: 28 天
  [DEL] (1236|熱門股) 太舊: 28 天
  [DEL] (6154|熱門股) 太舊: 28 天
  [DEL] (6154|熱門股) 太舊: 28 天
  [DEL] (1452|熱門股) 太舊: 28 天
  [DEL] (6154|熱門股) 太舊: 28 天
  [DEL] (1452|熱門股) 太舊: 28 天
  [DEL] (1452|熱門股) 太舊: 28 天
  [DEL] (8162|熱門股) 太舊: 28 天
  [DEL] (8162|熱門股) 太舊: 28 天
  [DEL] (8162|熱門股) 太舊: 28 天
  [DEL] (2616|熱門股) 太舊: 28 天
  [DEL] (2616|熱門股) 太舊: 28 天
  [DEL] (7767|熱門股) 太舊: 28 天
  [DEL] (7767|熱門股) 太舊: 28 天
  [DEL] (7767|熱門股) 太舊: 28 天
  [DEL] (2616|熱門股) 太舊: 28 天
  [DEL] (1730|熱門股) 太舊: 28 天
  [DEL] (1730|熱門股) 太舊: 28 天
  [DEL] (1730|熱門股) 太舊: 28 天
  [DEL] (5529|熱門股) 太舊: 28 天
  [DEL] (5529|熱門股) 太舊: 28 天
  [DEL] (4426|熱門股) 太舊: 28 天
  [DEL] (4426|熱門股) 太舊: 28 天
  [DEL] (5529|熱門股) 太舊: 28 天
  [DEL] (6671|熱門股) 太舊: 28 天
  [DEL] (6671|熱門股) 太舊: 28 天
  [DEL] (4426|熱門股) 太舊: 28 天
  [DEL] (3171|熱門股) 太舊: 28 天
  [DEL] (6671|熱門股) 太舊: 28 天
  [DEL] (3171|熱門股) 太舊: 28 天
  [DEL] (3171|熱門股) 太舊: 28 天
  [DEL] (4702|熱門股) 太舊: 28 天
  [DEL] (4702|熱門股) 太舊: 28 天
  [DEL] (4702|熱門股) 太舊: 28 天
  [DEL] (6629|熱門股) 太舊: 28 天
  [DEL] (6629|熱門股) 太舊: 28 天
  [DEL] (8272|熱門股) 太舊: 28 天
  [DEL] (6629|熱門股) 太舊: 28 天
  [DEL] (8272|熱門股) 太舊: 28 天
  [DEL] (3266|熱門股) 太舊: 28 天
  [DEL] (8272|熱門股) 太舊: 28 天
  [DEL] (3266|熱門股) 太舊: 28 天
  [DEL] (4207|熱門股) 太舊: 28 天
  [DEL] (3266|熱門股) 太舊: 28 天
  [DEL] (4207|熱門股) 太舊: 28 天
  [DEL] (4207|熱門股) 太舊: 28 天
  [DEL] (8940|熱門股) 太舊: 28 天
  [DEL] (8940|熱門股) 太舊: 28 天
  [DEL] (1439|熱門股) 太舊: 28 天
  [DEL] (8940|熱門股) 太舊: 28 天
  [DEL] (1439|熱門股) 太舊: 28 天
  [DEL] (1439|熱門股) 太舊: 28 天
  [DEL] (5212|熱門股) 太舊: 28 天
  [DEL] (5212|熱門股) 太舊: 28 天
  [DEL] (5212|熱門股) 太舊: 28 天
  [DEL] (2496|熱門股) 太舊: 28 天
  [DEL] (2496|熱門股) 太舊: 28 天
  [DEL] (2496|熱門股) 太舊: 28 天
  [DEL] (2067|熱門股) 太舊: 28 天
  [DEL] (2067|熱門股) 太舊: 28 天
  [DEL] (2067|熱門股) 太舊: 28 天
  [DEL] (4735|熱門股) 太舊: 28 天
  [DEL] (4735|熱門股) 太舊: 28 天
  [DEL] (6114|熱門股) 太舊: 28 天
  [DEL] (4735|熱門股) 太舊: 28 天
  [DEL] (6114|熱門股) 太舊: 28 天
  [DEL] (6114|熱門股) 太舊: 28 天
  [DEL] (3268|熱門股) 太舊: 28 天
  [DEL] (3268|熱門股) 太舊: 28 天
  [DEL] (2702|熱門股) 太舊: 28 天
  [DEL] (2702|熱門股) 太舊: 28 天
  [DEL] (3268|熱門股) 太舊: 28 天
  [DEL] (2702|熱門股) 太舊: 28 天
  [DEL] (2712|熱門股) 太舊: 28 天
  [DEL] (2712|熱門股) 太舊: 28 天
  [DEL] (6655|熱門股) 太舊: 28 天
  [DEL] (2712|熱門股) 太舊: 28 天
  [DEL] (6655|熱門股) 太舊: 28 天
  [DEL] (4102|熱門股) 太舊: 28 天
  [DEL] (4102|熱門股) 太舊: 28 天
  [DEL] (4102|熱門股) 太舊: 28 天
  [DEL] (6655|熱門股) 太舊: 28 天
  [DEL] (2701|熱門股) 太舊: 28 天
  [DEL] (2701|熱門股) 太舊: 28 天
  [DEL] (2701|熱門股) 太舊: 28 天
  [DEL] (1742|熱門股) 太舊: 28 天
  [DEL] (1742|熱門股) 太舊: 28 天
  [DEL] (6246|熱門股) 太舊: 28 天
  [DEL] (1742|熱門股) 太舊: 28 天
  [DEL] (6246|熱門股) 太舊: 28 天
  [DEL] (6246|熱門股) 太舊: 28 天
  [DEL] (2923|熱門股) 太舊: 28 天
  [DEL] (2923|熱門股) 太舊: 28 天
  [DEL] (6771|熱門股) 太舊: 28 天
  [DEL] (2923|熱門股) 太舊: 28 天
  [DEL] (6771|熱門股) 太舊: 28 天
  [DEL] (6771|熱門股) 太舊: 28 天
  [DEL] (3118|熱門股) 太舊: 28 天
  [DEL] (3118|熱門股) 太舊: 28 天
  [DEL] (3118|熱門股) 太舊: 28 天
  [DEL] (4530|熱門股) 太舊: 28 天
  [DEL] (4530|熱門股) 太舊: 28 天
  [DEL] (4530|熱門股) 太舊: 28 天
  [DEL] (5015|熱門股) 太舊: 28 天
  [DEL] (5015|熱門股) 太舊: 28 天
  [DEL] (5015|熱門股) 太舊: 28 天
  [DEL] (3489|熱門股) 太舊: 28 天
  [DEL] (3489|熱門股) 太舊: 28 天
  [DEL] (3168|熱門股) 太舊: 28 天
  [DEL] (3489|熱門股) 太舊: 28 天
  [DEL] (8482|熱門股) 太舊: 28 天
  [DEL] (3168|熱門股) 太舊: 28 天
  [DEL] (8482|熱門股) 太舊: 28 天
  [DEL] (8482|熱門股) 太舊: 28 天
  [DEL] (4538|熱門股) 太舊: 28 天
  [DEL] (4538|熱門股) 太舊: 28 天
  [DEL] (8426|熱門股) 太舊: 28 天
  [DEL] (8426|熱門股) 太舊: 28 天
  [DEL] (4538|熱門股) 太舊: 28 天
  [DEL] (8426|熱門股) 太舊: 28 天
  [DEL] (8421|熱門股) 太舊: 28 天
  [DEL] (8421|熱門股) 太舊: 28 天
  [DEL] (8421|熱門股) 太舊: 28 天
  [DEL] (8092|熱門股) 太舊: 28 天
  [DEL] (8092|熱門股) 太舊: 28 天
  [DEL] (8092|熱門股) 太舊: 28 天
  [DEL] (7584|熱門股) 太舊: 28 天
  [DEL] (7584|熱門股) 太舊: 28 天
  [DEL] (7584|熱門股) 太舊: 28 天
  [DEL] (1463|熱門股) 太舊: 28 天
  [DEL] (1463|熱門股) 太舊: 28 天
  [DEL] (3646|熱門股) 太舊: 28 天
  [DEL] (1463|熱門股) 太舊: 28 天
  [DEL] (3646|熱門股) 太舊: 28 天
  [DEL] (3646|熱門股) 太舊: 28 天
  [DEL] (6195|熱門股) 太舊: 28 天
  [DEL] (6195|熱門股) 太舊: 28 天
  [DEL] (6195|熱門股) 太舊: 28 天
  [DEL] (6101|熱門股) 太舊: 28 天
  [DEL] (6101|熱門股) 太舊: 28 天
  [DEL] (6101|熱門股) 太舊: 28 天
  [DEL] (6804|熱門股) 太舊: 28 天
  [DEL] (6804|熱門股) 太舊: 28 天
  [DEL] (1726|熱門股) 太舊: 28 天
  [DEL] (1726|熱門股) 太舊: 28 天
  [DEL] (6804|熱門股) 太舊: 28 天
  [DEL] (5355|熱門股) 太舊: 28 天
  [DEL] (1726|熱門股) 太舊: 28 天
  [DEL] (5355|熱門股) 太舊: 28 天
  [DEL] (5355|熱門股) 太舊: 28 天
  [DEL] (5546|熱門股) 太舊: 28 天
  [DEL] (5546|熱門股) 太舊: 28 天
  [DEL] (5546|熱門股) 太舊: 28 天
  [DEL] (4502|熱門股) 太舊: 28 天
  [DEL] (4502|熱門股) 太舊: 28 天
  [DEL] (4502|熱門股) 太舊: 28 天
  [DEL] (5538|熱門股) 太舊: 28 天
  [DEL] (5538|熱門股) 太舊: 28 天
  [DEL] (5538|熱門股) 太舊: 28 天
  [DEL] (2849|熱門股) 太舊: 28 天
  [DEL] (2849|熱門股) 太舊: 28 天
  [DEL] (2849|熱門股) 太舊: 28 天
  [DEL] (6680|熱門股) 太舊: 28 天
  [DEL] (6680|熱門股) 太舊: 28 天
  [DEL] (1240|熱門股) 太舊: 28 天
  [DEL] (1240|熱門股) 太舊: 28 天
  [DEL] (1240|熱門股) 太舊: 28 天
  [DEL] (7713|熱門股) 太舊: 28 天
  [DEL] (7713|熱門股) 太舊: 28 天
  [DEL] (7713|熱門股) 太舊: 28 天
  [DEL] (5220|熱門股) 太舊: 28 天
  [DEL] (5220|熱門股) 太舊: 28 天
  [DEL] (5220|熱門股) 太舊: 28 天
  [DEL] (5450|熱門股) 太舊: 28 天
  [DEL] (5450|熱門股) 太舊: 28 天
  [DEL] (5450|熱門股) 太舊: 28 天
  [DEL] (1456|熱門股) 太舊: 28 天
  [DEL] (1456|熱門股) 太舊: 28 天
  [DEL] (8087|熱門股) 太舊: 28 天
  [DEL] (1456|熱門股) 太舊: 28 天
  [DEL] (8087|熱門股) 太舊: 28 天
  [DEL] (5211|熱門股) 太舊: 28 天
  [DEL] (5211|熱門股) 太舊: 28 天
  [DEL] (8087|熱門股) 太舊: 28 天
  [DEL] (6884|熱門股) 太舊: 28 天
  [DEL] (5211|熱門股) 太舊: 28 天
  [DEL] (6884|熱門股) 太舊: 28 天
  [DEL] (6884|熱門股) 太舊: 28 天
  [DEL] (1776|熱門股) 太舊: 28 天
  [DEL] (1776|熱門股) 太舊: 28 天
  [DEL] (6464|熱門股) 太舊: 28 天
  [DEL] (6464|熱門股) 太舊: 28 天
  [DEL] (1776|熱門股) 太舊: 28 天
  [DEL] (6464|熱門股) 太舊: 28 天
  [DEL] (6692|熱門股) 太舊: 28 天
  [DEL] (6692|熱門股) 太舊: 28 天
  [DEL] (6692|熱門股) 太舊: 28 天
  [DEL] (9950|熱門股) 太舊: 28 天
  [DEL] (9950|熱門股) 太舊: 28 天
  [DEL] (9950|熱門股) 太舊: 28 天
  [DEL] (6754|熱門股) 太舊: 28 天
  [DEL] (6754|熱門股) 太舊: 28 天
  [DEL] (6754|熱門股) 太舊: 28 天
  [DEL] (4558|熱門股) 太舊: 28 天
  [DEL] (4558|熱門股) 太舊: 28 天
  [DEL] (4558|熱門股) 太舊: 28 天
  [DEL] (9931|熱門股) 太舊: 28 天
  [DEL] (9931|熱門股) 太舊: 28 天
  [DEL] (6508|熱門股) 太舊: 28 天
  [DEL] (9931|熱門股) 太舊: 28 天
  [DEL] (6508|熱門股) 太舊: 28 天
  [DEL] (6508|熱門股) 太舊: 28 天
  [DEL] (2736|熱門股) 太舊: 28 天
  [DEL] (2736|熱門股) 太舊: 28 天
  [DEL] (6874|熱門股) 太舊: 28 天
  [DEL] (2736|熱門股) 太舊: 28 天
  [DEL] (5548|熱門股) 太舊: 28 天
  [DEL] (5548|熱門股) 太舊: 28 天
  [DEL] (1256|熱門股) 太舊: 28 天
  [DEL] (5548|熱門股) 太舊: 28 天
  [DEL] (2008|熱門股) 太舊: 28 天
  [DEL] (4503|熱門股) 太舊: 28 天
  [DEL] (1256|熱門股) 太舊: 28 天
  [DEL] (1599|熱門股) 太舊: 28 天
  [DEL] (5464|熱門股) 太舊: 28 天
  [DEL] (4946|熱門股) 太舊: 28 天
  [DEL] (8916|熱門股) 太舊: 28 天
  [DEL] (5548|熱門股) 太舊: 28 天
  [DEL] (6419|熱門股) 太舊: 28 天
  [DEL] (910861|熱門股) 太舊: 28 天
  [DEL] (5215|熱門股) 太舊: 28 天
  [DEL] (4127|熱門股) 太舊: 28 天
  [DEL] (4416|熱門股) 太舊: 28 天
  [DEL] (2491|熱門股) 太舊: 28 天
  [DEL] (8422|熱門股) 太舊: 28 天
  [DEL] (8422|熱門股) 太舊: 28 天
  [DEL] (8422|熱門股) 太舊: 28 天
  [DEL] (1815|熱門股) 太舊: 28 天
  [DEL] (1815|熱門股) 太舊: 28 天
  [DEL] (1815|熱門股) 太舊: 28 天
  [DEL] (2313|熱門股) 太舊: 28 天
  [DEL] (2313|熱門股) 太舊: 28 天
  [DEL] (2313|熱門股) 太舊: 28 天
  [DEL] (1519|熱門股) 太舊: 28 天
  [DEL] (1519|熱門股) 太舊: 28 天
  [DEL] (2312|熱門股) 太舊: 28 天
  [DEL] (1519|熱門股) 太舊: 28 天
  [DEL] (2312|熱門股) 太舊: 28 天
  [DEL] (2409|熱門股) 太舊: 28 天
  [DEL] (2312|熱門股) 太舊: 28 天
  [DEL] (2409|熱門股) 太舊: 28 天
  [DEL] (2409|熱門股) 太舊: 28 天
  [DEL] (1802|熱門股) 太舊: 28 天
  [DEL] (1802|熱門股) 太舊: 28 天
  [DEL] (1802|熱門股) 太舊: 28 天
  [DEL] (1717|熱門股) 太舊: 28 天
  [DEL] (1717|熱門股) 太舊: 28 天
  [DEL] (1717|熱門股) 太舊: 28 天
  [DEL] (2449|熱門股) 太舊: 28 天
  [DEL] (8110|熱門股) 太舊: 28 天
  [DEL] (2449|熱門股) 太舊: 28 天
  [DEL] (1514|熱門股) 太舊: 28 天
  [DEL] (8110|熱門股) 太舊: 28 天
  [DEL] (1514|熱門股) 太舊: 28 天
  [DEL] (8110|熱門股) 太舊: 28 天
  [DEL] (1514|熱門股) 太舊: 28 天
  [DEL] (1513|熱門股) 太舊: 28 天
  [DEL] (1513|熱門股) 太舊: 28 天
  [DEL] (3491|熱門股) 太舊: 28 天
  [DEL] (1513|熱門股) 太舊: 28 天
  [DEL] (3491|熱門股) 太舊: 28 天
  [DEL] (4979|熱門股) 太舊: 28 天
  [DEL] (4979|熱門股) 太舊: 28 天
  [DEL] (3491|熱門股) 太舊: 28 天
  [DEL] (2404|熱門股) 太舊: 28 天
  [DEL] (4979|熱門股) 太舊: 28 天
  [DEL] (2404|熱門股) 太舊: 28 天
  [DEL] (1503|熱門股) 太舊: 28 天
  [DEL] (1503|熱門股) 太舊: 28 天
  [DEL] (2404|熱門股) 太舊: 28 天
  [DEL] (1503|熱門股) 太舊: 28 天
  [DEL] (2485|熱門股) 太舊: 28 天
  [DEL] (2485|熱門股) 太舊: 28 天
  [DEL] (2485|熱門股) 太舊: 28 天
  [DEL] (3715|熱門股) 太舊: 28 天
  [DEL] (3715|熱門股) 太舊: 28 天
  [DEL] (6443|熱門股) 太舊: 28 天
  [DEL] (6443|熱門股) 太舊: 28 天
  [DEL] (6443|熱門股) 太舊: 28 天
  [DEL] (3105|熱門股) 太舊: 28 天
  [DEL] (3105|熱門股) 太舊: 28 天
  [DEL] (1795|熱門股) 太舊: 28 天
  [DEL] (1795|熱門股) 太舊: 28 天
  [DEL] (3105|熱門股) 太舊: 28 天
  [DEL] (6805|熱門股) 太舊: 28 天
  [DEL] (6805|熱門股) 太舊: 28 天
  [DEL] (6805|熱門股) 太舊: 28 天
  [DEL] (2360|熱門股) 太舊: 28 天
  [DEL] (5536|熱門股) 太舊: 28 天
  [DEL] (2360|熱門股) 太舊: 28 天
  [DEL] (2360|熱門股) 太舊: 28 天
  [DEL] (5536|熱門股) 太舊: 28 天
  [DEL] (5536|熱門股) 太舊: 28 天
  [DEL] (2324|熱門股) 太舊: 28 天
  [DEL] (2324|熱門股) 太舊: 28 天
  [DEL] (2324|熱門股) 太舊: 28 天
  [DEL] (6442|熱門股) 太舊: 28 天
  [DEL] (6442|熱門股) 太舊: 28 天
  [DEL] (6442|熱門股) 太舊: 28 天
  [DEL] (3533|熱門股) 太舊: 28 天
  [DEL] (3533|熱門股) 太舊: 28 天
  [DEL] (3533|熱門股) 太舊: 28 天
  [DEL] (2375|熱門股) 太舊: 28 天
  [DEL] (2375|熱門股) 太舊: 28 天
  [DEL] (2375|熱門股) 太舊: 28 天
  [DEL] (5340|熱門股) 太舊: 28 天
  [DEL] (5340|熱門股) 太舊: 28 天
  [DEL] (5498|熱門股) 太舊: 28 天
  [DEL] (5498|熱門股) 太舊: 28 天
  [DEL] (5340|熱門股) 太舊: 28 天
  [DEL] (5498|熱門股) 太舊: 28 天
  [DEL] (2379|熱門股) 太舊: 28 天
  [DEL] (4989|熱門股) 太舊: 28 天
  [DEL] (2379|熱門股) 太舊: 28 天
  [DEL] (4989|熱門股) 太舊: 28 天
  [DEL] (4989|熱門股) 太舊: 28 天
  [DEL] (3305|熱門股) 太舊: 28 天
  [DEL] (3305|熱門股) 太舊: 28 天
  [DEL] (6515|熱門股) 太舊: 28 天
  [DEL] (3305|熱門股) 太舊: 28 天
  [DEL] (6515|熱門股) 太舊: 28 天
  [DEL] (6515|熱門股) 太舊: 28 天
  [DEL] (8039|熱門股) 太舊: 28 天
  [DEL] (8039|熱門股) 太舊: 28 天
  [DEL] (3535|熱門股) 太舊: 28 天
  [DEL] (3535|熱門股) 太舊: 28 天
  [DEL] (3535|熱門股) 太舊: 28 天
  [DEL] (2457|熱門股) 太舊: 28 天
  [DEL] (2457|熱門股) 太舊: 28 天
  [DEL] (2441|熱門股) 太舊: 28 天
  [DEL] (2441|熱門股) 太舊: 28 天
  [DEL] (2441|熱門股) 太舊: 28 天
  [DEL] (5274|熱門股) 太舊: 28 天
  [DEL] (5274|熱門股) 太舊: 28 天
  [DEL] (1301|熱門股) 太舊: 28 天
  [DEL] (1301|熱門股) 太舊: 28 天
  [DEL] (5274|熱門股) 太舊: 28 天
  [DEL] (6706|熱門股) 太舊: 28 天
  [DEL] (3706|熱門股) 太舊: 28 天
  [DEL] (6706|熱門股) 太舊: 28 天
  [DEL] (3706|熱門股) 太舊: 28 天
  [DEL] (6706|熱門股) 太舊: 28 天
  [DEL] (3706|熱門股) 太舊: 28 天
  [DEL] (3131|熱門股) 太舊: 28 天
  [DEL] (4991|熱門股) 太舊: 28 天
  [DEL] (4991|熱門股) 太舊: 28 天
  [DEL] (3131|熱門股) 太舊: 28 天
  [DEL] (3131|熱門股) 太舊: 28 天
  [DEL] (3149|熱門股) 太舊: 28 天
  [DEL] (3149|熱門股) 太舊: 28 天
  [DEL] (3149|熱門股) 太舊: 28 天
  [DEL] (5269|熱門股) 太舊: 28 天
  [DEL] (3532|熱門股) 太舊: 28 天
  [DEL] (5269|熱門股) 太舊: 28 天
  [DEL] (5269|熱門股) 太舊: 28 天
  [DEL] (3532|熱門股) 太舊: 28 天
  [DEL] (3532|熱門股) 太舊: 28 天
  [DEL] (5425|熱門股) 太舊: 28 天
  [DEL] (5425|熱門股) 太舊: 28 天
  [DEL] (5425|熱門股) 太舊: 28 天
  [DEL] (5439|熱門股) 太舊: 28 天
  [DEL] (5439|熱門股) 太舊: 28 天
  [DEL] (5439|熱門股) 太舊: 28 天
  [DEL] (6163|熱門股) 太舊: 28 天
  [DEL] (6163|熱門股) 太舊: 28 天
  [DEL] (6163|熱門股) 太舊: 28 天
  [DEL] (8131|熱門股) 太舊: 28 天
  [DEL] (8131|熱門股) 太舊: 28 天
  [DEL] (8131|熱門股) 太舊: 28 天
  [DEL] (2884|熱門股) 太舊: 28 天
  [DEL] (2884|熱門股) 太舊: 28 天
  [DEL] (6155|熱門股) 太舊: 28 天
  [DEL] (2884|熱門股) 太舊: 28 天
  [DEL] (6155|熱門股) 太舊: 28 天
  [DEL] (6155|熱門股) 太舊: 28 天
  [DEL] (5475|熱門股) 太舊: 28 天
  [DEL] (5475|熱門股) 太舊: 28 天
  [DEL] (5475|熱門股) 太舊: 28 天
  [DEL] (3376|熱門股) 太舊: 28 天
  [DEL] (3376|熱門股) 太舊: 28 天
  [DEL] (3376|熱門股) 太舊: 28 天
  [DEL] (6438|熱門股) 太舊: 28 天
  [DEL] (6438|熱門股) 太舊: 28 天
  [DEL] (6438|熱門股) 太舊: 28 天
  [DEL] (2472|熱門股) 太舊: 28 天
  [DEL] (2472|熱門股) 太舊: 28 天
  [DEL] (2472|熱門股) 太舊: 28 天
  [DEL] (3019|熱門股) 太舊: 28 天
  [DEL] (2609|熱門股) 太舊: 28 天
  [DEL] (3019|熱門股) 太舊: 28 天
  [DEL] (2609|熱門股) 太舊: 28 天
  [DEL] (2369|熱門股) 太舊: 28 天
  [DEL] (2369|熱門股) 太舊: 28 天
  [DEL] (2609|熱門股) 太舊: 28 天
  [DEL] (2369|熱門股) 太舊: 28 天
  [DEL] (3293|熱門股) 太舊: 28 天
  [DEL] (3293|熱門股) 太舊: 28 天
  [DEL] (3293|熱門股) 太舊: 28 天
  [DEL] (6683|熱門股) 太舊: 28 天
  [DEL] (6683|熱門股) 太舊: 28 天
  [DEL] (6683|熱門股) 太舊: 28 天
  [DEL] (3035|熱門股) 太舊: 28 天
  [DEL] (2331|熱門股) 太舊: 28 天
  [DEL] (3035|熱門股) 太舊: 28 天
  [DEL] (2331|熱門股) 太舊: 28 天
  [DEL] (2331|熱門股) 太舊: 28 天
  [DEL] (8074|熱門股) 太舊: 28 天
  [DEL] (5871|熱門股) 太舊: 28 天
  [DEL] (5871|熱門股) 太舊: 28 天
  [DEL] (8074|熱門股) 太舊: 28 天
  [DEL] (8074|熱門股) 太舊: 28 天
  [DEL] (8088|熱門股) 太舊: 28 天
  [DEL] (8088|熱門股) 太舊: 28 天
  [DEL] (8088|熱門股) 太舊: 28 天
  [DEL] (1319|熱門股) 太舊: 28 天
  [DEL] (8996|熱門股) 太舊: 28 天
  [DEL] (1319|熱門股) 太舊: 28 天
  [DEL] (8996|熱門股) 太舊: 28 天
  [DEL] (1319|熱門股) 太舊: 28 天
  [DEL] (4533|熱門股) 太舊: 28 天
  [DEL] (8996|熱門股) 太舊: 28 天
  [DEL] (4533|熱門股) 太舊: 28 天
  [DEL] (4533|熱門股) 太舊: 28 天
  [DEL] (5469|熱門股) 太舊: 28 天
  [DEL] (5469|熱門股) 太舊: 28 天
  [DEL] (2945|熱門股) 太舊: 28 天
  [DEL] (3090|熱門股) 太舊: 28 天
  [DEL] (5469|熱門股) 太舊: 28 天
  [DEL] (3090|熱門股) 太舊: 28 天
  [DEL] (3036|熱門股) 太舊: 28 天
  [DEL] (3036|熱門股) 太舊: 28 天
  [DEL] (3036|熱門股) 太舊: 28 天
  [DEL] (1785|熱門股) 太舊: 28 天
  [DEL] (1785|熱門股) 太舊: 28 天
  [DEL] (1785|熱門股) 太舊: 28 天
  [DEL] (6869|熱門股) 太舊: 28 天
  [DEL] (6869|熱門股) 太舊: 28 天
  [DEL] (8358|熱門股) 太舊: 28 天
  [DEL] (8358|熱門股) 太舊: 28 天
  [DEL] (6869|熱門股) 太舊: 28 天
  [DEL] (8358|熱門股) 太舊: 28 天
  [DEL] (6944|熱門股) 太舊: 28 天
  [DEL] (6944|熱門股) 太舊: 28 天
  [DEL] (3260|熱門股) 太舊: 28 天
  [DEL] (6944|熱門股) 太舊: 28 天
  [DEL] (3260|熱門股) 太舊: 28 天
  [DEL] (3260|熱門股) 太舊: 28 天
  [DEL] (4510|熱門股) 太舊: 28 天
  [DEL] (4510|熱門股) 太舊: 28 天
  [DEL] (2406|熱門股) 太舊: 28 天
  [DEL] (2406|熱門股) 太舊: 28 天
  [DEL] (4510|熱門股) 太舊: 28 天
  [DEL] (2406|熱門股) 太舊: 28 天
  [DEL] (2328|熱門股) 太舊: 28 天
  [DEL] (2328|熱門股) 太舊: 28 天
  [DEL] (2328|熱門股) 太舊: 28 天
  [DEL] (7780|熱門股) 太舊: 28 天
  [DEL] (7780|熱門股) 太舊: 28 天
  [DEL] (6127|熱門股) 太舊: 28 天
  [DEL] (6127|熱門股) 太舊: 28 天
  [DEL] (7780|熱門股) 太舊: 28 天
  [DEL] (5483|熱門股) 太舊: 28 天
  [DEL] (6127|熱門股) 太舊: 28 天
  [DEL] (5483|熱門股) 太舊: 28 天
  [DEL] (5483|熱門股) 太舊: 28 天
  [DEL] (5452|熱門股) 太舊: 28 天
  [DEL] (2363|熱門股) 太舊: 28 天
  [DEL] (5452|熱門股) 太舊: 28 天
  [DEL] (5452|熱門股) 太舊: 28 天
  [DEL] (2363|熱門股) 太舊: 28 天
  [DEL] (2363|熱門股) 太舊: 28 天
  [DEL] (3363|熱門股) 太舊: 28 天
  [DEL] (2615|熱門股) 太舊: 28 天
  [DEL] (3363|熱門股) 太舊: 28 天
  [DEL] (3363|熱門股) 太舊: 28 天
  [DEL] (2615|熱門股) 太舊: 28 天
  [DEL] (5371|熱門股) 太舊: 28 天
  [DEL] (2615|熱門股) 太舊: 28 天
  [DEL] (5371|熱門股) 太舊: 28 天
  [DEL] (5371|熱門股) 太舊: 28 天
  [DEL] (6788|熱門股) 太舊: 28 天
  [DEL] (6788|熱門股) 太舊: 28 天
  [DEL] (2495|熱門股) 太舊: 28 天
  [DEL] (3680|熱門股) 太舊: 28 天
  [DEL] (2495|熱門股) 太舊: 28 天
  [DEL] (2495|熱門股) 太舊: 28 天
  [DEL] (3680|熱門股) 太舊: 28 天
  [DEL] (6691|熱門股) 太舊: 28 天
  [DEL] (3680|熱門股) 太舊: 28 天
  [DEL] (6691|熱門股) 太舊: 28 天
  [DEL] (6691|熱門股) 太舊: 28 天
  [DEL] (1528|熱門股) 太舊: 28 天
  [DEL] (1528|熱門股) 太舊: 28 天
  [DEL] (1528|熱門股) 太舊: 28 天
  [DEL] (2486|熱門股) 太舊: 28 天
  [DEL] (2486|熱門股) 太舊: 28 天
  [DEL] (2486|熱門股) 太舊: 28 天
  [DEL] (3362|熱門股) 太舊: 28 天
  [DEL] (3362|熱門股) 太舊: 28 天
  [DEL] (6213|熱門股) 太舊: 28 天
  [DEL] (6213|熱門股) 太舊: 28 天
  [DEL] (6213|熱門股) 太舊: 28 天
  [DEL] (3362|熱門股) 太舊: 28 天
  [DEL] (9914|熱門股) 太舊: 28 天
  [DEL] (9914|熱門股) 太舊: 28 天
  [DEL] (2027|熱門股) 太舊: 28 天
  [DEL] (2027|熱門股) 太舊: 28 天
  [DEL] (2027|熱門股) 太舊: 28 天
  [DEL] (5210|熱門股) 太舊: 28 天
  [DEL] (2478|熱門股) 太舊: 28 天
  [DEL] (2478|熱門股) 太舊: 28 天
  [DEL] (5222|熱門股) 太舊: 28 天
  [DEL] (3701|熱門股) 太舊: 28 天
  [DEL] (3236|熱門股) 太舊: 28 天
  [DEL] (3701|熱門股) 太舊: 28 天
  [DEL] (3701|熱門股) 太舊: 28 天
  [DEL] (3236|熱門股) 太舊: 28 天
  [DEL] (3236|熱門股) 太舊: 28 天
  [DEL] (1536|熱門股) 太舊: 28 天
  [DEL] (2476|熱門股) 太舊: 28 天
  [DEL] (2476|熱門股) 太舊: 28 天
  [DEL] (1536|熱門股) 太舊: 28 天
  [DEL] (6903|熱門股) 太舊: 28 天
  [DEL] (6903|熱門股) 太舊: 28 天
  [DEL] (6903|熱門股) 太舊: 28 天
  [DEL] (8932|熱門股) 太舊: 28 天
  [DEL] (8932|熱門股) 太舊: 28 天
  [DEL] (8932|熱門股) 太舊: 28 天
  [DEL] (5328|熱門股) 太舊: 28 天
  [DEL] (5328|熱門股) 太舊: 28 天
  [DEL] (3691|熱門股) 太舊: 28 天
  [DEL] (5328|熱門股) 太舊: 28 天
  [DEL] (3691|熱門股) 太舊: 28 天
  [DEL] (3691|熱門股) 太舊: 28 天
  [DEL] (4927|熱門股) 太舊: 28 天
  [DEL] (2645|熱門股) 太舊: 28 天
  [DEL] (4927|熱門股) 太舊: 28 天
  [DEL] (4927|熱門股) 太舊: 28 天
  [DEL] (2645|熱門股) 太舊: 28 天
  [DEL] (2645|熱門股) 太舊: 28 天
  [DEL] (6284|熱門股) 太舊: 28 天
  [DEL] (6284|熱門股) 太舊: 28 天
  [DEL] (6284|熱門股) 太舊: 28 天
  [DEL] (3645|熱門股) 太舊: 28 天
  [DEL] (3645|熱門股) 太舊: 28 天
  [DEL] (3645|熱門股) 太舊: 28 天
  [DEL] (4768|熱門股) 太舊: 28 天
  [DEL] (4768|熱門股) 太舊: 28 天
  [DEL] (4768|熱門股) 太舊: 28 天
  [DEL] (3707|熱門股) 太舊: 28 天
  [DEL] (3707|熱門股) 太舊: 28 天
  [DEL] (2233|熱門股) 太舊: 28 天
  [DEL] (3707|熱門股) 太舊: 28 天
  [DEL] (2233|熱門股) 太舊: 28 天
  [DEL] (8114|熱門股) 太舊: 28 天
  [DEL] (7717|熱門股) 太舊: 28 天
  [DEL] (8114|熱門股) 太舊: 28 天
  [DEL] (8114|熱門股) 太舊: 28 天
  [DEL] (7717|熱門股) 太舊: 28 天
  [DEL] (7717|熱門股) 太舊: 28 天
  [DEL] (8096|熱門股) 太舊: 28 天
  [DEL] (8096|熱門股) 太舊: 28 天
  [DEL] (8054|熱門股) 太舊: 28 天
  [DEL] (8054|熱門股) 太舊: 28 天
  [DEL] (8096|熱門股) 太舊: 28 天
  [DEL] (4760|熱門股) 太舊: 28 天
  [DEL] (8103|熱門股) 太舊: 28 天
  [DEL] (4760|熱門股) 太舊: 28 天
  [DEL] (8054|熱門股) 太舊: 28 天
  [DEL] (8103|熱門股) 太舊: 28 天
  [DEL] (1477|熱門股) 太舊: 28 天
  [DEL] (4904|熱門股) 太舊: 28 天
  [DEL] (8103|熱門股) 太舊: 28 天
  [DEL] (1477|熱門股) 太舊: 28 天
  [DEL] (4904|熱門股) 太舊: 28 天
  [DEL] (5234|熱門股) 太舊: 28 天
  [DEL] (4904|熱門股) 太舊: 28 天
  [DEL] (5234|熱門股) 太舊: 28 天
  [DEL] (5386|熱門股) 太舊: 28 天
  [DEL] (3689|熱門股) 太舊: 28 天
  [DEL] (5234|熱門股) 太舊: 28 天
  [DEL] (3689|熱門股) 太舊: 28 天
  [DEL] (3689|熱門股) 太舊: 28 天
  [DEL] (6215|熱門股) 太舊: 28 天
  [DEL] (6215|熱門股) 太舊: 28 天
  [DEL] (5386|熱門股) 太舊: 28 天
  [DEL] (2388|熱門股) 太舊: 28 天
  [DEL] (6215|熱門股) 太舊: 28 天
  [DEL] (1476|熱門股) 太舊: 28 天
  [DEL] (2388|熱門股) 太舊: 28 天
  [DEL] (6190|熱門股) 太舊: 28 天
  [DEL] (1476|熱門股) 太舊: 28 天
  [DEL] (6190|熱門股) 太舊: 28 天
  [DEL] (6275|熱門股) 太舊: 28 天
  [DEL] (6275|熱門股) 太舊: 28 天
  [DEL] (8064|熱門股) 太舊: 28 天
  [DEL] (8064|熱門股) 太舊: 28 天
  [DEL] (6275|熱門股) 太舊: 28 天
  [DEL] (8064|熱門股) 太舊: 28 天
  [DEL] (4577|熱門股) 太舊: 28 天
  [DEL] (3413|熱門股) 太舊: 28 天
  [DEL] (4577|熱門股) 太舊: 28 天
  [DEL] (4577|熱門股) 太舊: 28 天
  [DEL] (3413|熱門股) 太舊: 28 天
  [DEL] (3413|熱門股) 太舊: 28 天
  [DEL] (4583|熱門股) 太舊: 28 天
  [DEL] (4583|熱門股) 太舊: 28 天
  [DEL] (6188|熱門股) 太舊: 28 天
  [DEL] (4764|熱門股) 太舊: 28 天
  [DEL] (6188|熱門股) 太舊: 28 天
  [DEL] (4764|熱門股) 太舊: 28 天
  [DEL] (6188|熱門股) 太舊: 28 天
  [DEL] (6005|熱門股) 太舊: 28 天
  [DEL] (6005|熱門股) 太舊: 28 天
  [DEL] (6873|熱門股) 太舊: 28 天
  [DEL] (6005|熱門股) 太舊: 28 天
  [DEL] (6873|熱門股) 太舊: 28 天
  [DEL] (5388|熱門股) 太舊: 28 天
  [DEL] (5388|熱門股) 太舊: 28 天
  [DEL] (5388|熱門股) 太舊: 28 天
  [DEL] (2009|熱門股) 太舊: 28 天
  [DEL] (1721|熱門股) 太舊: 28 天
  [DEL] (2009|熱門股) 太舊: 28 天
  [DEL] (2009|熱門股) 太舊: 28 天
  [DEL] (3048|熱門股) 太舊: 28 天
  [DEL] (3048|熱門股) 太舊: 28 天
  [DEL] (3048|熱門股) 太舊: 28 天
  [DEL] (1102|熱門股) 太舊: 28 天
  [DEL] (1102|熱門股) 太舊: 28 天
  [DEL] (1102|熱門股) 太舊: 28 天
  [DEL] (4743|熱門股) 太舊: 28 天
  [DEL] (4743|熱門股) 太舊: 28 天
  [DEL] (4743|熱門股) 太舊: 28 天
  [DEL] (2316|熱門股) 太舊: 28 天
  [DEL] (2316|熱門股) 太舊: 28 天
  [DEL] (8261|熱門股) 太舊: 28 天
  [DEL] (2316|熱門股) 太舊: 28 天
  [DEL] (8261|熱門股) 太舊: 28 天
  [DEL] (5381|熱門股) 太舊: 28 天
  [DEL] (2402|熱門股) 太舊: 28 天
  [DEL] (2402|熱門股) 太舊: 28 天
  [DEL] (5381|熱門股) 太舊: 28 天
  [DEL] (5381|熱門股) 太舊: 28 天
  [DEL] (3028|熱門股) 太舊: 28 天
  [DEL] (3028|熱門股) 太舊: 28 天
  [DEL] (8101|熱門股) 太舊: 28 天
  [DEL] (3028|熱門股) 太舊: 28 天
  [DEL] (4576|熱門股) 太舊: 28 天
  [DEL] (4576|熱門股) 太舊: 28 天
  [DEL] (2834|熱門股) 太舊: 28 天
  [DEL] (2834|熱門股) 太舊: 28 天
  [DEL] (4576|熱門股) 太舊: 28 天
  [DEL] (5314|熱門股) 太舊: 28 天
  [DEL] (2834|熱門股) 太舊: 28 天
  [DEL] (1522|熱門股) 太舊: 28 天
  [DEL] (5314|熱門股) 太舊: 28 天
  [DEL] (5314|熱門股) 太舊: 28 天
  [DEL] (3138|熱門股) 太舊: 28 天
  [DEL] (2105|熱門股) 太舊: 28 天
  [DEL] (2105|熱門股) 太舊: 28 天
  [DEL] (2105|熱門股) 太舊: 28 天
  [DEL] (9921|熱門股) 太舊: 28 天
  [DEL] (9921|熱門股) 太舊: 28 天
  [DEL] (9921|熱門股) 太舊: 28 天
  [DEL] (6409|熱門股) 太舊: 28 天
  [DEL] (6409|熱門股) 太舊: 28 天
  [DEL] (6409|熱門股) 太舊: 28 天
  [DEL] (2354|熱門股) 太舊: 28 天
  [DEL] (2354|熱門股) 太舊: 28 天
  [DEL] (1402|熱門股) 太舊: 28 天
  [DEL] (1402|熱門股) 太舊: 28 天
  [DEL] (1402|熱門股) 太舊: 28 天
  [DEL] (3551|熱門股) 太舊: 28 天
  [DEL] (3551|熱門股) 太舊: 28 天
  [DEL] (3551|熱門股) 太舊: 28 天
  [DEL] (1609|熱門股) 太舊: 28 天
  [DEL] (2349|熱門股) 太舊: 28 天
  [DEL] (1609|熱門股) 太舊: 28 天
  [DEL] (1609|熱門股) 太舊: 28 天
  [DEL] (2349|熱門股) 太舊: 28 天
  [DEL] (2349|熱門股) 太舊: 28 天
  [DEL] (2801|熱門股) 太舊: 28 天
  [DEL] (2605|熱門股) 太舊: 28 天
  [DEL] (2801|熱門股) 太舊: 28 天
  [DEL] (2605|熱門股) 太舊: 28 天
  [DEL] (2605|熱門股) 太舊: 28 天
  [DEL] (4916|熱門股) 太舊: 28 天
  [DEL] (4916|熱門股) 太舊: 28 天
  [DEL] (1711|熱門股) 太舊: 28 天
  [DEL] (4916|熱門股) 太舊: 28 天
  [DEL] (1711|熱門股) 太舊: 28 天
  [DEL] (1711|熱門股) 太舊: 28 天
  [DEL] (8476|熱門股) 太舊: 28 天
  [DEL] (8476|熱門股) 太舊: 28 天
  [DEL] (2489|熱門股) 太舊: 28 天
  [DEL] (8476|熱門股) 太舊: 28 天
  [DEL] (2489|熱門股) 太舊: 28 天
  [DEL] (2489|熱門股) 太舊: 28 天
  [DEL] (3013|熱門股) 太舊: 28 天
  [DEL] (3013|熱門股) 太舊: 28 天
  [DEL] (3013|熱門股) 太舊: 28 天
  [DEL] (8033|熱門股) 太舊: 28 天
  [DEL] (4931|熱門股) 太舊: 28 天
  [DEL] (8033|熱門股) 太舊: 28 天
  [DEL] (8033|熱門股) 太舊: 28 天
  [DEL] (4931|熱門股) 太舊: 28 天
  [DEL] (7751|熱門股) 太舊: 28 天
  [DEL] (4931|熱門股) 太舊: 28 天
  [DEL] (7751|熱門股) 太舊: 28 天
  [DEL] (1727|熱門股) 太舊: 28 天
  [DEL] (4540|熱門股) 太舊: 28 天
  [DEL] (4540|熱門股) 太舊: 28 天
  [DEL] (1727|熱門股) 太舊: 28 天
  [DEL] (1727|熱門股) 太舊: 28 天
  [DEL] (3162|熱門股) 太舊: 28 天
  [DEL] (3162|熱門股) 太舊: 28 天
  [DEL] (3162|熱門股) 太舊: 28 天
  [DEL] (2342|熱門股) 太舊: 28 天
  [DEL] (2342|熱門股) 太舊: 28 天
  [DEL] (2342|熱門股) 太舊: 28 天
  [DEL] (4939|熱門股) 太舊: 28 天
  [DEL] (4939|熱門股) 太舊: 28 天
  [DEL] (5309|熱門股) 太舊: 28 天
  [DEL] (5309|熱門股) 太舊: 28 天
  [DEL] (4939|熱門股) 太舊: 28 天
  [DEL] (5309|熱門股) 太舊: 28 天
  [DEL] (8111|熱門股) 太舊: 28 天
  [DEL] (8111|熱門股) 太舊: 28 天
  [DEL] (8111|熱門股) 太舊: 28 天
  [DEL] (6209|熱門股) 太舊: 28 天
  [DEL] (6209|熱門股) 太舊: 28 天
  [DEL] (5243|熱門股) 太舊: 28 天
  [DEL] (5243|熱門股) 太舊: 28 天
  [DEL] (6209|熱門股) 太舊: 28 天
  [DEL] (5243|熱門股) 太舊: 28 天
  [DEL] (3576|熱門股) 太舊: 28 天
  [DEL] (3576|熱門股) 太舊: 28 天
  [DEL] (3596|熱門股) 太舊: 28 天
  [DEL] (3576|熱門股) 太舊: 28 天
  [DEL] (3596|熱門股) 太舊: 28 天
  [DEL] (8431|熱門股) 太舊: 28 天
  [DEL] (8431|熱門股) 太舊: 28 天
  [DEL] (3596|熱門股) 太舊: 28 天
  [DEL] (3372|熱門股) 太舊: 28 天
  [DEL] (3372|熱門股) 太舊: 28 天
  [DEL] (8431|熱門股) 太舊: 28 天
  [DEL] (3372|熱門股) 太舊: 28 天
  [DEL] (3402|熱門股) 太舊: 28 天
  [DEL] (3402|熱門股) 太舊: 28 天
  [DEL] (5521|熱門股) 太舊: 28 天
  [DEL] (3402|熱門股) 太舊: 28 天
  [DEL] (5521|熱門股) 太舊: 28 天
  [DEL] (5521|熱門股) 太舊: 28 天
  [DEL] (8038|熱門股) 太舊: 28 天
  [DEL] (5392|熱門股) 太舊: 28 天
  [DEL] (5392|熱門股) 太舊: 28 天
  [DEL] (3663|熱門股) 太舊: 28 天
  [DEL] (5392|熱門股) 太舊: 28 天
  [DEL] (3663|熱門股) 太舊: 28 天
  [DEL] (3663|熱門股) 太舊: 28 天
  [DEL] (3545|熱門股) 太舊: 28 天
  [DEL] (3545|熱門股) 太舊: 28 天
  [DEL] (3545|熱門股) 太舊: 28 天
  [DEL] (1587|熱門股) 太舊: 28 天
  [DEL] (1587|熱門股) 太舊: 28 天
  [DEL] (1587|熱門股) 太舊: 28 天
  [DEL] (9910|熱門股) 太舊: 28 天
  [DEL] (9910|熱門股) 太舊: 28 天
  [DEL] (9910|熱門股) 太舊: 28 天
  [DEL] (3227|熱門股) 太舊: 28 天
  [DEL] (3227|熱門股) 太舊: 28 天
  [DEL] (3227|熱門股) 太舊: 28 天
  [DEL] (4977|熱門股) 太舊: 28 天
  [DEL] (4977|熱門股) 太舊: 28 天
  [DEL] (4977|熱門股) 太舊: 28 天
  [DEL] (9904|熱門股) 太舊: 28 天
  [DEL] (9904|熱門股) 太舊: 28 天
  [DEL] (2401|熱門股) 太舊: 28 天
  [DEL] (9904|熱門股) 太舊: 28 天
  [DEL] (8105|熱門股) 太舊: 28 天
  [DEL] (2401|熱門股) 太舊: 28 天
  [DEL] (8105|熱門股) 太舊: 28 天
  [DEL] (3152|熱門股) 太舊: 28 天
  [DEL] (8105|熱門股) 太舊: 28 天
  [DEL] (3152|熱門股) 太舊: 28 天
  [DEL] (3581|熱門股) 太舊: 28 天
  [DEL] (3152|熱門股) 太舊: 28 天
  [DEL] (3581|熱門股) 太舊: 28 天
  [DEL] (8436|熱門股) 太舊: 28 天
  [DEL] (3581|熱門股) 太舊: 28 天
  [DEL] (8436|熱門股) 太舊: 28 天
  [DEL] (2399|熱門股) 太舊: 28 天
  [DEL] (2413|熱門股) 太舊: 28 天
  [DEL] (2413|熱門股) 太舊: 28 天
  [DEL] (4763|熱門股) 太舊: 28 天
  [DEL] (2413|熱門股) 太舊: 28 天
  [DEL] (4763|熱門股) 太舊: 28 天
  [DEL] (4763|熱門股) 太舊: 28 天
  [DEL] (3709|熱門股) 太舊: 28 天
  [DEL] (3709|熱門股) 太舊: 28 天
  [DEL] (3709|熱門股) 太舊: 28 天
  [DEL] (2338|熱門股) 太舊: 28 天
  [DEL] (2338|熱門股) 太舊: 28 天
  [DEL] (3016|熱門股) 太舊: 28 天
  [DEL] (2338|熱門股) 太舊: 28 天
  [DEL] (3016|熱門股) 太舊: 28 天
  [DEL] (3027|熱門股) 太舊: 28 天
  [DEL] (3027|熱門股) 太舊: 28 天
  [DEL] (3027|熱門股) 太舊: 28 天
  [DEL] (3592|熱門股) 太舊: 28 天
  [DEL] (2542|熱門股) 太舊: 28 天
  [DEL] (3592|熱門股) 太舊: 28 天
  [DEL] (2542|熱門股) 太舊: 28 天
  [DEL] (3163|熱門股) 太舊: 28 天
  [DEL] (2542|熱門股) 太舊: 28 天
  [DEL] (3163|熱門股) 太舊: 28 天
  [DEL] (3163|熱門股) 太舊: 28 天
  [DEL] (5284|熱門股) 太舊: 28 天
  [DEL] (6776|熱門股) 太舊: 28 天
  [DEL] (5284|熱門股) 太舊: 28 天
  [DEL] (5284|熱門股) 太舊: 28 天
  [DEL] (8104|熱門股) 太舊: 28 天
  [DEL] (6776|熱門股) 太舊: 28 天
  [DEL] (8104|熱門股) 太舊: 28 天
  [DEL] (6776|熱門股) 太舊: 28 天
  [DEL] (8104|熱門股) 太舊: 28 天
  [DEL] (6244|熱門股) 太舊: 28 天
  [DEL] (9941|熱門股) 太舊: 28 天
  [DEL] (9941|熱門股) 太舊: 28 天
  [DEL] (6584|熱門股) 太舊: 28 天
  [DEL] (6584|熱門股) 太舊: 28 天
  [DEL] (6862|熱門股) 太舊: 28 天
  [DEL] (6862|熱門股) 太舊: 28 天
  [DEL] (6584|熱門股) 太舊: 28 天
  [DEL] (6862|熱門股) 太舊: 28 天
  [DEL] (2855|熱門股) 太舊: 28 天
  [DEL] (2855|熱門股) 太舊: 28 天
  [DEL] (6753|熱門股) 太舊: 28 天
  [DEL] (2855|熱門股) 太舊: 28 天
  [DEL] (6753|熱門股) 太舊: 28 天
  [DEL] (6753|熱門股) 太舊: 28 天
  [DEL] (6667|熱門股) 太舊: 28 天
  [DEL] (1582|熱門股) 太舊: 28 天
  [DEL] (1582|熱門股) 太舊: 28 天
  [DEL] (6667|熱門股) 太舊: 28 天
  [DEL] (6667|熱門股) 太舊: 28 天
  [DEL] (8390|熱門股) 太舊: 28 天
  [DEL] (6175|熱門股) 太舊: 28 天
  [DEL] (8390|熱門股) 太舊: 28 天
  [DEL] (8390|熱門股) 太舊: 28 天
  [DEL] (2637|熱門股) 太舊: 28 天
  [DEL] (2637|熱門股) 太舊: 28 天
  [DEL] (2637|熱門股) 太舊: 28 天
  [DEL] (6121|熱門股) 太舊: 28 天
  [DEL] (6121|熱門股) 太舊: 28 天
  [DEL] (6121|熱門股) 太舊: 28 天
  [DEL] (3673|熱門股) 太舊: 28 天
  [DEL] (3673|熱門股) 太舊: 28 天
  [DEL] (3673|熱門股) 太舊: 28 天
  [DEL] (4722|熱門股) 太舊: 28 天
  [DEL] (4722|熱門股) 太舊: 28 天
  [DEL] (3207|熱門股) 太舊: 28 天
  [DEL] (4722|熱門股) 太舊: 28 天
  [DEL] (3207|熱門股) 太舊: 28 天
  [DEL] (6207|熱門股) 太舊: 28 天
  [DEL] (3207|熱門股) 太舊: 28 天
  [DEL] (6207|熱門股) 太舊: 28 天
  [DEL] (6207|熱門股) 太舊: 28 天
  [DEL] (6152|熱門股) 太舊: 28 天
  [DEL] (2493|熱門股) 太舊: 28 天
  [DEL] (6152|熱門股) 太舊: 28 天
  [DEL] (6152|熱門股) 太舊: 28 天
  [DEL] (2493|熱門股) 太舊: 28 天
  [DEL] (2493|熱門股) 太舊: 28 天
  [DEL] (2211|熱門股) 太舊: 28 天
  [DEL] (2359|熱門股) 太舊: 28 天
  [DEL] (2211|熱門股) 太舊: 28 天
  [DEL] (2211|熱門股) 太舊: 28 天
  [DEL] (2359|熱門股) 太舊: 28 天
  [DEL] (2359|熱門股) 太舊: 28 天
  [DEL] (2419|熱門股) 太舊: 28 天
  [DEL] (2419|熱門股) 太舊: 28 天
  [DEL] (2419|熱門股) 太舊: 28 天
  [DEL] (6757|熱門股) 太舊: 28 天
  [DEL] (6757|熱門股) 太舊: 28 天
  [DEL] (6757|熱門股) 太舊: 28 天
  [DEL] (3062|熱門股) 太舊: 28 天
  [DEL] (6265|熱門股) 太舊: 28 天
  [DEL] (6265|熱門股) 太舊: 28 天
  [DEL] (6831|熱門股) 太舊: 28 天
  [DEL] (6831|熱門股) 太舊: 28 天
  [DEL] (3605|熱門股) 太舊: 28 天
  [DEL] (3605|熱門股) 太舊: 28 天
  [DEL] (6831|熱門股) 太舊: 28 天
  [DEL] (1736|熱門股) 太舊: 28 天
  [DEL] (6435|熱門股) 太舊: 28 天
  [DEL] (1736|熱門股) 太舊: 28 天
  [DEL] (6435|熱門股) 太舊: 28 天
  [DEL] (2231|熱門股) 太舊: 28 天
  [DEL] (2231|熱門股) 太舊: 28 天
  [DEL] (2231|熱門股) 太舊: 28 天
  [DEL] (8499|熱門股) 太舊: 28 天
  [DEL] (8499|熱門股) 太舊: 28 天
  [DEL] (4949|熱門股) 太舊: 28 天
  [DEL] (4949|熱門股) 太舊: 28 天
  [DEL] (4949|熱門股) 太舊: 28 天
  [DEL] (2915|熱門股) 太舊: 28 天
  [DEL] (2915|熱門股) 太舊: 28 天
  [DEL] (2915|熱門股) 太舊: 28 天
  [DEL] (6830|熱門股) 太舊: 28 天
  [DEL] (6830|熱門股) 太舊: 28 天
  [DEL] (6830|熱門股) 太舊: 28 天
  [DEL] (5292|熱門股) 太舊: 28 天
  [DEL] (6949|熱門股) 太舊: 28 天
  [DEL] (5292|熱門股) 太舊: 28 天
  [DEL] (5292|熱門股) 太舊: 28 天
  [DEL] (6603|熱門股) 太舊: 28 天
  [DEL] (2428|熱門股) 太舊: 28 天
  [DEL] (6949|熱門股) 太舊: 28 天
  [DEL] (2428|熱門股) 太舊: 28 天
  [DEL] (2428|熱門股) 太舊: 28 天
  [DEL] (6739|熱門股) 太舊: 28 天
  [DEL] (6739|熱門股) 太舊: 28 天
  [DEL] (6739|熱門股) 太舊: 28 天
  [DEL] (4541|熱門股) 太舊: 28 天
  [DEL] (4541|熱門股) 太舊: 28 天
  [DEL] (1612|熱門股) 太舊: 28 天
  [DEL] (1612|熱門股) 太舊: 28 天
  [DEL] (1612|熱門股) 太舊: 28 天
  [DEL] (5530|熱門股) 太舊: 28 天
  [DEL] (5530|熱門股) 太舊: 28 天
  [DEL] (5530|熱門股) 太舊: 28 天
  [DEL] (8155|熱門股) 太舊: 28 天
  [DEL] (8155|熱門股) 太舊: 28 天
  [DEL] (8155|熱門股) 太舊: 28 天
  [DEL] (3543|熱門股) 太舊: 28 天
  [DEL] (3543|熱門股) 太舊: 28 天
  [DEL] (8016|熱門股) 太舊: 28 天
  [DEL] (3543|熱門股) 太舊: 28 天
  [DEL] (8016|熱門股) 太舊: 28 天
  [DEL] (8016|熱門股) 太舊: 28 天
  [DEL] (6840|熱門股) 太舊: 28 天
  [DEL] (1722|熱門股) 太舊: 28 天
  [DEL] (1722|熱門股) 太舊: 28 天
  [DEL] (1722|熱門股) 太舊: 28 天
  [DEL] (6840|熱門股) 太舊: 28 天
  [DEL] (6533|熱門股) 太舊: 28 天
  [DEL] (1527|熱門股) 太舊: 28 天
  [DEL] (6533|熱門股) 太舊: 28 天
  [DEL] (6840|熱門股) 太舊: 28 天
  [DEL] (6533|熱門股) 太舊: 28 天
  [DEL] (2201|熱門股) 太舊: 28 天
  [DEL] (2201|熱門股) 太舊: 28 天
  [DEL] (4953|熱門股) 太舊: 28 天
  [DEL] (2201|熱門股) 太舊: 28 天
  [DEL] (4953|熱門股) 太舊: 28 天
  [DEL] (6269|熱門股) 太舊: 28 天
  [DEL] (6269|熱門股) 太舊: 28 天
  [DEL] (6269|熱門股) 太舊: 28 天
  [DEL] (2393|熱門股) 太舊: 28 天
  [DEL] (2393|熱門股) 太舊: 28 天
  [DEL] (4123|熱門股) 太舊: 28 天
  [DEL] (2393|熱門股) 太舊: 28 天
  [DEL] (4123|熱門股) 太舊: 28 天
  [DEL] (4123|熱門股) 太舊: 28 天
  [DEL] (1215|熱門股) 太舊: 28 天
  [DEL] (1215|熱門股) 太舊: 28 天
  [DEL] (4543|熱門股) 太舊: 28 天
  [DEL] (1215|熱門股) 太舊: 28 天
  [DEL] (4909|熱門股) 太舊: 28 天
  [DEL] (3010|熱門股) 太舊: 28 天
  [DEL] (3010|熱門股) 太舊: 28 天
  [DEL] (3010|熱門股) 太舊: 28 天
  [DEL] (3714|熱門股) 太舊: 28 天
  [DEL] (3714|熱門股) 太舊: 28 天
  [DEL] (3714|熱門股) 太舊: 28 天
  [DEL] (8086|熱門股) 太舊: 28 天
  [DEL] (8086|熱門股) 太舊: 28 天
  [DEL] (6517|熱門股) 太舊: 28 天
  [DEL] (6517|熱門股) 太舊: 28 天
  [DEL] (6517|熱門股) 太舊: 28 天
  [DEL] (1312|熱門股) 太舊: 28 天
  [DEL] (1312|熱門股) 太舊: 28 天
  [DEL] (1312|熱門股) 太舊: 28 天
  [DEL] (6125|熱門股) 太舊: 28 天
  [DEL] (6125|熱門股) 太舊: 28 天
  [DEL] (3086|熱門股) 太舊: 28 天
  [DEL] (4563|熱門股) 太舊: 28 天
  [DEL] (6125|熱門股) 太舊: 28 天
  [DEL] (4563|熱門股) 太舊: 28 天
  [DEL] (2365|熱門股) 太舊: 28 天
  [DEL] (4563|熱門股) 太舊: 28 天
  [DEL] (6197|熱門股) 太舊: 28 天
  [DEL] (6197|熱門股) 太舊: 28 天
  [DEL] (2365|熱門股) 太舊: 28 天
  [DEL] (2365|熱門股) 太舊: 28 天
  [DEL] (2543|熱門股) 太舊: 28 天
  [DEL] (2543|熱門股) 太舊: 28 天
  [DEL] (2543|熱門股) 太舊: 28 天
  [DEL] (6890|熱門股) 太舊: 28 天
  [DEL] (6890|熱門股) 太舊: 28 天
  [DEL] (2646|熱門股) 太舊: 28 天
  [DEL] (2646|熱門股) 太舊: 28 天
  [DEL] (2646|熱門股) 太舊: 28 天
  [DEL] (2845|熱門股) 太舊: 28 天
  [DEL] (2845|熱門股) 太舊: 28 天
  [DEL] (4739|熱門股) 太舊: 28 天
  [DEL] (2845|熱門股) 太舊: 28 天
  [DEL] (4739|熱門股) 太舊: 28 天
  [DEL] (4739|熱門股) 太舊: 28 天
  [DEL] (7402|熱門股) 太舊: 28 天
  [DEL] (7402|熱門股) 太舊: 28 天
  [DEL] (7402|熱門股) 太舊: 28 天
  [DEL] (1618|熱門股) 太舊: 28 天
  [DEL] (1618|熱門股) 太舊: 28 天
  [DEL] (1618|熱門股) 太舊: 28 天
  [DEL] (4551|熱門股) 太舊: 28 天
  [DEL] (4551|熱門股) 太舊: 28 天
  [DEL] (4551|熱門股) 太舊: 28 天
  [DEL] (4766|熱門股) 太舊: 28 天
  [DEL] (4766|熱門股) 太舊: 28 天
  [DEL] (4766|熱門股) 太舊: 28 天
  [DEL] (2228|熱門股) 太舊: 28 天
  [DEL] (2228|熱門股) 太舊: 28 天
  [DEL] (2228|熱門股) 太舊: 28 天
  [DEL] (6016|熱門股) 太舊: 28 天
  [DEL] (6016|熱門股) 太舊: 28 天
  [DEL] (6016|熱門股) 太舊: 28 天
  [DEL] (6104|熱門股) 太舊: 28 天
  [DEL] (6104|熱門股) 太舊: 28 天
  [DEL] (6104|熱門股) 太舊: 28 天
  [DEL] (2332|熱門股) 太舊: 28 天
  [DEL] (2332|熱門股) 太舊: 28 天
  [DEL] (1810|熱門股) 太舊: 28 天
  [DEL] (2332|熱門股) 太舊: 28 天
  [DEL] (1810|熱門股) 太舊: 28 天
  [DEL] (1810|熱門股) 太舊: 28 天
  [DEL] (6279|熱門股) 太舊: 28 天
  [DEL] (6279|熱門股) 太舊: 28 天
  [DEL] (6462|熱門股) 太舊: 28 天
  [DEL] (6279|熱門股) 太舊: 28 天
  [DEL] (6462|熱門股) 太舊: 28 天
  [DEL] (6462|熱門股) 太舊: 28 天
  [DEL] (9945|熱門股) 太舊: 28 天
  [DEL] (9945|熱門股) 太舊: 28 天
  [DEL] (9945|熱門股) 太舊: 28 天
  [DEL] (3294|熱門股) 太舊: 28 天
  [DEL] (3294|熱門股) 太舊: 28 天
  [DEL] (3294|熱門股) 太舊: 28 天
  [DEL] (4770|熱門股) 太舊: 28 天
  [DEL] (4585|熱門股) 太舊: 28 天
  [DEL] (1540|熱門股) 太舊: 28 天
  [DEL] (4585|熱門股) 太舊: 28 天
  [DEL] (4585|熱門股) 太舊: 28 天
  [DEL] (3501|熱門股) 太舊: 28 天
  [DEL] (3289|熱門股) 太舊: 28 天
  [DEL] (9955|熱門股) 太舊: 28 天
  [DEL] (3289|熱門股) 太舊: 28 天
  [DEL] (9955|熱門股) 太舊: 28 天
  [DEL] (9955|熱門股) 太舊: 28 天
  [DEL] (3289|熱門股) 太舊: 28 天
  [DEL] (3221|熱門股) 太舊: 28 天
  [DEL] (2867|熱門股) 太舊: 28 天
  [DEL] (3221|熱門股) 太舊: 28 天
  [DEL] (3221|熱門股) 太舊: 28 天
  [DEL] (2867|熱門股) 太舊: 28 天
  [DEL] (3317|熱門股) 太舊: 28 天
  [DEL] (8081|熱門股) 太舊: 28 天
  [DEL] (8081|熱門股) 太舊: 28 天
  [DEL] (3014|熱門股) 太舊: 28 天
  [DEL] (3014|熱門股) 太舊: 28 天
  [DEL] (5009|熱門股) 太舊: 28 天
  [DEL] (3014|熱門股) 太舊: 28 天
  [DEL] (5009|熱門股) 太舊: 28 天
  [DEL] (3049|熱門股) 太舊: 28 天
  [DEL] (5009|熱門股) 太舊: 28 天
  [DEL] (1409|熱門股) 太舊: 28 天
  [DEL] (3049|熱門股) 太舊: 28 天
  [DEL] (3049|熱門股) 太舊: 28 天
  [DEL] (2731|熱門股) 太舊: 28 天
  [DEL] (1409|熱門股) 太舊: 28 天
  [DEL] (1409|熱門股) 太舊: 28 天
  [DEL] (2731|熱門股) 太舊: 28 天
  [DEL] (2731|熱門股) 太舊: 28 天
  [DEL] (6725|熱門股) 太舊: 28 天
  [DEL] (1210|熱門股) 太舊: 28 天
  [DEL] (1210|熱門股) 太舊: 28 天
  [DEL] (6725|熱門股) 太舊: 28 天
  [DEL] (1210|熱門股) 太舊: 28 天
  [DEL] (6451|熱門股) 太舊: 28 天
  [DEL] (1809|熱門股) 太舊: 28 天
  [DEL] (6725|熱門股) 太舊: 28 天
  [DEL] (6451|熱門股) 太舊: 28 天
  [DEL] (4562|熱門股) 太舊: 28 天
  [DEL] (8473|熱門股) 太舊: 28 天
  [DEL] (8473|熱門股) 太舊: 28 天
  [DEL] (1809|熱門股) 太舊: 28 天
  [DEL] (1809|熱門股) 太舊: 28 天
  [DEL] (8473|熱門股) 太舊: 28 天
  [DEL] (6670|熱門股) 太舊: 28 天
  [DEL] (6670|熱門股) 太舊: 28 天
  [DEL] (6670|熱門股) 太舊: 28 天
  [DEL] (8936|熱門股) 太舊: 28 天
  [DEL] (8936|熱門股) 太舊: 28 天
  [DEL] (8936|熱門股) 太舊: 28 天
  [DEL] (6768|熱門股) 太舊: 28 天
  [DEL] (6768|熱門股) 太舊: 28 天
  [DEL] (6768|熱門股) 太舊: 28 天
  [DEL] (4903|熱門股) 太舊: 28 天
  [DEL] (4903|熱門股) 太舊: 28 天
  [DEL] (4903|熱門股) 太舊: 28 天
  [DEL] (2515|熱門股) 太舊: 28 天
  [DEL] (2515|熱門股) 太舊: 28 天
  [DEL] (2515|熱門股) 太舊: 28 天
  [DEL] (3047|熱門股) 太舊: 28 天
  [DEL] (2204|熱門股) 太舊: 28 天
  [DEL] (2204|熱門股) 太舊: 28 天
  [DEL] (6153|熱門股) 太舊: 28 天
  [DEL] (2204|熱門股) 太舊: 28 天
  [DEL] (6153|熱門股) 太舊: 28 天
  [DEL] (6153|熱門股) 太舊: 28 天
  [DEL] (4532|熱門股) 太舊: 28 天
  [DEL] (4532|熱門股) 太舊: 28 天
  [DEL] (3693|熱門股) 太舊: 28 天
  [DEL] (3693|熱門股) 太舊: 28 天
  [DEL] (3693|熱門股) 太舊: 28 天
  [DEL] (6205|熱門股) 太舊: 28 天
  [DEL] (6205|熱門股) 太舊: 28 天
  [DEL] (6205|熱門股) 太舊: 28 天
  [DEL] (2540|熱門股) 太舊: 28 天
  [DEL] (2540|熱門股) 太舊: 28 天
  [DEL] (2540|熱門股) 太舊: 28 天
  [DEL] (2838|熱門股) 太舊: 28 天
  [DEL] (2838|熱門股) 太舊: 28 天
  [DEL] (2838|熱門股) 太舊: 28 天
  [DEL] (2104|熱門股) 太舊: 28 天
  [DEL] (2104|熱門股) 太舊: 28 天
  [DEL] (2104|熱門股) 太舊: 28 天
  [DEL] (3059|熱門股) 太舊: 28 天
  [DEL] (3059|熱門股) 太舊: 28 天
  [DEL] (3059|熱門股) 太舊: 28 天
  [DEL] (3587|熱門股) 太舊: 28 天
  [DEL] (3025|熱門股) 太舊: 28 天
  [DEL] (3587|熱門股) 太舊: 28 天
  [DEL] (3025|熱門股) 太舊: 28 天
  [DEL] (3025|熱門股) 太舊: 28 天
  [DEL] (6235|熱門股) 太舊: 28 天
  [DEL] (6235|熱門股) 太舊: 28 天
  [DEL] (6235|熱門股) 太舊: 28 天
  [DEL] (8255|熱門股) 太舊: 28 天
  [DEL] (8255|熱門股) 太舊: 28 天
  [DEL] (8255|熱門股) 太舊: 28 天
  [DEL] (6192|熱門股) 太舊: 28 天
  [DEL] (6192|熱門股) 太舊: 28 天
  [DEL] (6192|熱門股) 太舊: 28 天
  [DEL] (6806|熱門股) 太舊: 28 天
  [DEL] (6806|熱門股) 太舊: 28 天
  [DEL] (7810|熱門股) 太舊: 28 天
  [DEL] (7810|熱門股) 太舊: 28 天
  [DEL] (4513|熱門股) 太舊: 28 天
  [DEL] (4513|熱門股) 太舊: 28 天
  [DEL] (7810|熱門股) 太舊: 28 天
  [DEL] (4513|熱門股) 太舊: 28 天
  [DEL] (8478|熱門股) 太舊: 28 天
  [DEL] (8478|熱門股) 太舊: 28 天
  [DEL] (6231|熱門股) 太舊: 28 天
  [DEL] (8478|熱門股) 太舊: 28 天
  [DEL] (6231|熱門股) 太舊: 28 天
  [DEL] (6231|熱門股) 太舊: 28 天
  [DEL] (1229|熱門股) 太舊: 28 天
  [DEL] (1229|熱門股) 太舊: 28 天
  [DEL] (1229|熱門股) 太舊: 28 天
  [DEL] (6411|熱門股) 太舊: 28 天
  [DEL] (6411|熱門股) 太舊: 28 天
  [DEL] (5864|熱門股) 太舊: 28 天
  [DEL] (5864|熱門股) 太舊: 28 天
  [DEL] (6411|熱門股) 太舊: 28 天
  [DEL] (5864|熱門股) 太舊: 28 天
  [DEL] (8234|熱門股) 太舊: 28 天
  [DEL] (8234|熱門股) 太舊: 28 天
  [DEL] (7722|熱門股) 太舊: 28 天
  [DEL] (8234|熱門股) 太舊: 28 天
  [DEL] (7722|熱門股) 太舊: 28 天
  [DEL] (7722|熱門股) 太舊: 28 天
  [DEL] (3717|熱門股) 太舊: 28 天
  [DEL] (3717|熱門股) 太舊: 28 天
  [DEL] (3717|熱門股) 太舊: 28 天
  [DEL] (3135|熱門股) 太舊: 28 天
  [DEL] (3135|熱門股) 太舊: 28 天
  [DEL] (2351|熱門股) 太舊: 28 天
  [DEL] (2351|熱門股) 太舊: 28 天
  [DEL] (2351|熱門股) 太舊: 28 天
  [DEL] (7734|熱門股) 太舊: 28 天
  [DEL] (2236|熱門股) 太舊: 28 天
  [DEL] (2236|熱門股) 太舊: 28 天
  [DEL] (7734|熱門股) 太舊: 28 天
  [DEL] (2236|熱門股) 太舊: 28 天
  [DEL] (3346|熱門股) 太舊: 28 天
  [DEL] (3346|熱門股) 太舊: 28 天
  [DEL] (3346|熱門股) 太舊: 28 天
  [DEL] (6937|熱門股) 太舊: 28 天
  [DEL] (6937|熱門股) 太舊: 28 天
  [DEL] (2302|熱門股) 太舊: 28 天
  [DEL] (2302|熱門股) 太舊: 28 天
  [DEL] (2302|熱門股) 太舊: 28 天
  [DEL] (6937|熱門股) 太舊: 28 天
  [DEL] (4571|熱門股) 太舊: 28 天
  [DEL] (3580|熱門股) 太舊: 28 天
  [DEL] (4571|熱門股) 太舊: 28 天
  [DEL] (4571|熱門股) 太舊: 28 天
  [DEL] (3580|熱門股) 太舊: 28 天
  [DEL] (3580|熱門股) 太舊: 28 天
  [DEL] (6227|熱門股) 太舊: 28 天
  [DEL] (6227|熱門股) 太舊: 28 天
  [DEL] (6227|熱門股) 太舊: 28 天
  [DEL] (5315|熱門股) 太舊: 28 天
  [DEL] (5315|熱門股) 太舊: 28 天
  [DEL] (6134|熱門股) 太舊: 28 天
  [DEL] (5315|熱門股) 太舊: 28 天
  [DEL] (6134|熱門股) 太舊: 28 天
  [DEL] (6134|熱門股) 太舊: 28 天
  [DEL] (3312|熱門股) 太舊: 28 天
  [DEL] (3312|熱門股) 太舊: 28 天
  [DEL] (3312|熱門股) 太舊: 28 天
  [DEL] (6526|熱門股) 太舊: 28 天
  [DEL] (6526|熱門股) 太舊: 28 天
  [DEL] (9938|熱門股) 太舊: 28 天
  [DEL] (9938|熱門股) 太舊: 28 天
  [DEL] (9938|熱門股) 太舊: 28 天
  [DEL] (3548|熱門股) 太舊: 28 天
  [DEL] (3548|熱門股) 太舊: 28 天
  [DEL] (2612|熱門股) 太舊: 28 天
  [DEL] (3548|熱門股) 太舊: 28 天
  [DEL] (2612|熱門股) 太舊: 28 天
  [DEL] (9939|熱門股) 太舊: 28 天
  [DEL] (9939|熱門股) 太舊: 28 天
  [DEL] (9939|熱門股) 太舊: 28 天
  [DEL] (3430|熱門股) 太舊: 28 天
  [DEL] (3430|熱門股) 太舊: 28 天
  [DEL] (3430|熱門股) 太舊: 28 天
  [DEL] (4534|熱門股) 太舊: 28 天
  [DEL] (1529|熱門股) 太舊: 28 天
  [DEL] (4534|熱門股) 太舊: 28 天
  [DEL] (1529|熱門股) 太舊: 28 天
  [DEL] (4534|熱門股) 太舊: 28 天
  [DEL] (1529|熱門股) 太舊: 28 天
  [DEL] (4536|熱門股) 太舊: 28 天
  [DEL] (4536|熱門股) 太舊: 28 天
  [DEL] (6469|熱門股) 太舊: 28 天
  [DEL] (4536|熱門股) 太舊: 28 天
  [DEL] (6469|熱門股) 太舊: 28 天
  [DEL] (6469|熱門股) 太舊: 28 天
  [DEL] (6953|熱門股) 太舊: 28 天
  [DEL] (6953|熱門股) 太舊: 28 天
  [DEL] (3483|熱門股) 太舊: 28 天
  [DEL] (6953|熱門股) 太舊: 28 天
  [DEL] (3483|熱門股) 太舊: 28 天
  [DEL] (1304|熱門股) 太舊: 28 天
  [DEL] (1304|熱門股) 太舊: 28 天
  [DEL] (1789|熱門股) 太舊: 28 天
  [DEL] (1789|熱門股) 太舊: 28 天
  [DEL] (1789|熱門股) 太舊: 28 天
  [DEL] (2206|熱門股) 太舊: 28 天
  [DEL] (2206|熱門股) 太舊: 28 天
  [DEL] (2206|熱門股) 太舊: 28 天
  [DEL] (6245|熱門股) 太舊: 28 天
  [DEL] (2442|熱門股) 太舊: 28 天
  [DEL] (6245|熱門股) 太舊: 28 天
  [DEL] (6245|熱門股) 太舊: 28 天
  [DEL] (2442|熱門股) 太舊: 28 天
  [DEL] (2442|熱門股) 太舊: 28 天
  [DEL] (7703|熱門股) 太舊: 28 天
  [DEL] (7703|熱門股) 太舊: 28 天
  [DEL] (7703|熱門股) 太舊: 28 天
  [DEL] (7750|熱門股) 太舊: 28 天
  [DEL] (7750|熱門股) 太舊: 28 天
  [DEL] (6143|熱門股) 太舊: 28 天
  [DEL] (7750|熱門股) 太舊: 28 天
  [DEL] (6143|熱門股) 太舊: 28 天
  [DEL] (4157|熱門股) 太舊: 28 天
  [DEL] (6143|熱門股) 太舊: 28 天
  [DEL] (1568|熱門股) 太舊: 28 天
  [DEL] (1568|熱門股) 太舊: 28 天
  [DEL] (1568|熱門股) 太舊: 28 天
  [DEL] (7749|熱門股) 太舊: 28 天
  [DEL] (7749|熱門股) 太舊: 28 天
  [DEL] (7749|熱門股) 太舊: 28 天
  [DEL] (6657|熱門股) 太舊: 28 天
  [DEL] (6657|熱門股) 太舊: 28 天
  [DEL] (6657|熱門股) 太舊: 28 天
  [DEL] (3622|熱門股) 太舊: 28 天
  [DEL] (3622|熱門股) 太舊: 28 天
  [DEL] (3622|熱門股) 太舊: 28 天
  [DEL] (3022|熱門股) 太舊: 28 天
  [DEL] (3022|熱門股) 太舊: 28 天
  [DEL] (3022|熱門股) 太舊: 28 天
  [DEL] (3073|熱門股) 太舊: 28 天
  [DEL] (9917|熱門股) 太舊: 28 天
  [DEL] (9917|熱門股) 太舊: 28 天
  [DEL] (9917|熱門股) 太舊: 28 天
  [DEL] (8942|熱門股) 太舊: 28 天
  [DEL] (8942|熱門股) 太舊: 28 天
  [DEL] (8942|熱門股) 太舊: 28 天
  [DEL] (2641|熱門股) 太舊: 28 天
  [DEL] (2641|熱門股) 太舊: 28 天
  [DEL] (4162|熱門股) 太舊: 28 天
  [DEL] (2405|熱門股) 太舊: 28 天
  [DEL] (2641|熱門股) 太舊: 28 天
  [DEL] (4167|熱門股) 太舊: 28 天
  [DEL] (2405|熱門股) 太舊: 28 天
  [DEL] (2405|熱門股) 太舊: 28 天
  [DEL] (1316|熱門股) 太舊: 28 天
  [DEL] (8091|熱門股) 太舊: 28 天
  [DEL] (8091|熱門股) 太舊: 28 天
  [DEL] (3591|熱門股) 太舊: 28 天
  [DEL] (3591|熱門股) 太舊: 28 天
  [DEL] (8091|熱門股) 太舊: 28 天
  [DEL] (8240|熱門股) 太舊: 28 天
  [DEL] (2062|熱門股) 太舊: 28 天
  [DEL] (2062|熱門股) 太舊: 28 天
  [DEL] (8240|熱門股) 太舊: 28 天
  [DEL] (8240|熱門股) 太舊: 28 天
  [DEL] (6456|熱門股) 太舊: 28 天
  [DEL] (6456|熱門股) 太舊: 28 天
  [DEL] (6456|熱門股) 太舊: 28 天
  [DEL] (6722|熱門股) 太舊: 28 天
  [DEL] (6722|熱門股) 太舊: 28 天
  [DEL] (6722|熱門股) 太舊: 28 天
  [DEL] (8341|熱門股) 太舊: 28 天
  [DEL] (8341|熱門股) 太舊: 28 天
  [DEL] (6763|熱門股) 太舊: 28 天
  [DEL] (6763|熱門股) 太舊: 28 天
  [DEL] (6763|熱門股) 太舊: 28 天
  [DEL] (9934|熱門股) 太舊: 28 天
  [DEL] (9934|熱門股) 太舊: 28 天
  [DEL] (9934|熱門股) 太舊: 28 天
  [DEL] (3711|熱門股) 太舊: 28 天
  [DEL] (8227|熱門股) 太舊: 28 天
  [DEL] (8227|熱門股) 太舊: 28 天
  [DEL] (8227|熱門股) 太舊: 28 天
  [DEL] (7777|熱門股) 太舊: 28 天
  [DEL] (7777|熱門股) 太舊: 28 天
  [DEL] (7777|熱門股) 太舊: 28 天
  [DEL] (6546|熱門股) 太舊: 28 天
  [DEL] (6546|熱門股) 太舊: 28 天
  [DEL] (6546|熱門股) 太舊: 28 天
  [DEL] (4542|熱門股) 太舊: 28 天
  [DEL] (4542|熱門股) 太舊: 28 天
  [DEL] (4542|熱門股) 太舊: 28 天
  [DEL] (2305|熱門股) 太舊: 28 天
  [DEL] (2305|熱門股) 太舊: 28 天
  [DEL] (2305|熱門股) 太舊: 28 天
  [DEL] (2903|熱門股) 太舊: 28 天
  [DEL] (2903|熱門股) 太舊: 28 天
  [DEL] (2903|熱門股) 太舊: 28 天
  [DEL] (4974|熱門股) 太舊: 28 天
  [DEL] (4974|熱門股) 太舊: 28 天
  [DEL] (6214|熱門股) 太舊: 28 天
  [DEL] (4974|熱門股) 太舊: 28 天
  [DEL] (6214|熱門股) 太舊: 28 天
  [DEL] (1905|熱門股) 太舊: 28 天
  [DEL] (1905|熱門股) 太舊: 28 天
  [DEL] (6214|熱門股) 太舊: 28 天
  [DEL] (1905|熱門股) 太舊: 28 天
  [DEL] (4142|熱門股) 太舊: 28 天
  [DEL] (6491|熱門股) 太舊: 28 天
  [DEL] (6491|熱門股) 太舊: 28 天
  [DEL] (4142|熱門股) 太舊: 28 天
  [DEL] (6491|熱門股) 太舊: 28 天
  [DEL] (2753|熱門股) 太舊: 28 天
  [DEL] (2753|熱門股) 太舊: 28 天
  [DEL] (6727|熱門股) 太舊: 28 天
  [DEL] (2753|熱門股) 太舊: 28 天
  [DEL] (3540|熱門股) 太舊: 28 天
  [DEL] (6727|熱門股) 太舊: 28 天
  [DEL] (6727|熱門股) 太舊: 28 天
  [DEL] (3540|熱門股) 太舊: 28 天
  [DEL] (4303|熱門股) 太舊: 28 天
  [DEL] (3540|熱門股) 太舊: 28 天
  [DEL] (4303|熱門股) 太舊: 28 天
  [DEL] (4303|熱門股) 太舊: 28 天
  [DEL] (4168|熱門股) 太舊: 28 天
  [DEL] (4168|熱門股) 太舊: 28 天
  [DEL] (5347|熱門股) 太舊: 28 天
  [DEL] (4168|熱門股) 太舊: 28 天
  [DEL] (1714|熱門股) 太舊: 28 天
  [DEL] (1714|熱門股) 太舊: 28 天
  [DEL] (6535|熱門股) 太舊: 28 天
  [DEL] (1714|熱門股) 太舊: 28 天
  [DEL] (8080|熱門股) 太舊: 28 天
  [DEL] (6535|熱門股) 太舊: 28 天
  [DEL] (6535|熱門股) 太舊: 28 天
  [DEL] (9907|熱門股) 太舊: 28 天
  [DEL] (9907|熱門股) 太舊: 28 天
  [DEL] (3694|熱門股) 太舊: 28 天
  [DEL] (3694|熱門股) 太舊: 28 天
  [DEL] (6499|熱門股) 太舊: 28 天
  [DEL] (3694|熱門股) 太舊: 28 天
  [DEL] (4147|熱門股) 太舊: 28 天
  [DEL] (6499|熱門股) 太舊: 28 天
  [DEL] (6499|熱門股) 太舊: 28 天
  [DEL] (6620|熱門股) 太舊: 28 天
  [DEL] (4147|熱門股) 太舊: 28 天
  [DEL] (6620|熱門股) 太舊: 28 天
  [DEL] (6620|熱門股) 太舊: 28 天
  [DEL] (4147|熱門股) 太舊: 28 天
  [DEL] (6547|熱門股) 太舊: 28 天
  [DEL] (6547|熱門股) 太舊: 28 天
  [DEL] (6547|熱門股) 太舊: 28 天
  [DEL] (1808|熱門股) 太舊: 28 天
  [DEL] (1808|熱門股) 太舊: 28 天
  [DEL] (6923|熱門股) 太舊: 28 天
  [DEL] (1808|熱門股) 太舊: 28 天
  [DEL] (6923|熱門股) 太舊: 28 天
  [DEL] (6923|熱門股) 太舊: 28 天
  [DEL] (8121|熱門股) 太舊: 28 天
  [DEL] (8121|熱門股) 太舊: 28 天
  [DEL] (7714|熱門股) 太舊: 28 天
  [DEL] (7714|熱門股) 太舊: 28 天
  [DEL] (2106|熱門股) 太舊: 28 天
  [DEL] (7714|熱門股) 太舊: 28 天
  [DEL] (3322|熱門股) 太舊: 28 天
  [DEL] (6735|熱門股) 太舊: 28 天
  [DEL] (6735|熱門股) 太舊: 28 天
  [DEL] (2106|熱門股) 太舊: 28 天
  [DEL] (2106|熱門股) 太舊: 28 天
  [DEL] (6735|熱門股) 太舊: 28 天
  [DEL] (8249|熱門股) 太舊: 28 天
  [DEL] (8249|熱門股) 太舊: 28 天
  [DEL] (1517|熱門股) 太舊: 28 天
  [DEL] (1517|熱門股) 太舊: 28 天
  [DEL] (8249|熱門股) 太舊: 28 天
  [DEL] (1517|熱門股) 太舊: 28 天
  [DEL] (7715|熱門股) 太舊: 28 天
  [DEL] (7715|熱門股) 太舊: 28 天
  [DEL] (7715|熱門股) 太舊: 28 天
  [DEL] (3537|熱門股) 太舊: 28 天
  [DEL] (3537|熱門股) 太舊: 28 天
  [DEL] (6426|熱門股) 太舊: 28 天
  [DEL] (3537|熱門股) 太舊: 28 天
  [DEL] (6426|熱門股) 太舊: 28 天
  [DEL] (6426|熱門股) 太舊: 28 天
  [DEL] (3128|熱門股) 太舊: 28 天
  [DEL] (6895|熱門股) 太舊: 28 天
  [DEL] (5291|熱門股) 太舊: 28 天
  [DEL] (5291|熱門股) 太舊: 28 天
  [DEL] (5291|熱門股) 太舊: 28 天
  [DEL] (5478|熱門股) 太舊: 28 天
  [DEL] (5478|熱門股) 太舊: 28 天
  [DEL] (8171|熱門股) 太舊: 28 天
  [DEL] (5478|熱門股) 太舊: 28 天
  [DEL] (8171|熱門股) 太舊: 28 天
  [DEL] (5432|熱門股) 太舊: 28 天
  [DEL] (8171|熱門股) 太舊: 28 天
  [DEL] (5432|熱門股) 太舊: 28 天
  [DEL] (5432|熱門股) 太舊: 28 天
  [DEL] (5426|熱門股) 太舊: 28 天
  [DEL] (4746|熱門股) 太舊: 28 天
  [DEL] (4746|熱門股) 太舊: 28 天
  [DEL] (5426|熱門股) 太舊: 28 天
  [DEL] (8222|熱門股) 太舊: 28 天
  [DEL] (8222|熱門股) 太舊: 28 天
  [DEL] (5426|熱門股) 太舊: 28 天
  [DEL] (8222|熱門股) 太舊: 28 天
  [DEL] (3092|熱門股) 太舊: 28 天
  [DEL] (3092|熱門股) 太舊: 28 天
  [DEL] (3356|熱門股) 太舊: 28 天
  [DEL] (3092|熱門股) 太舊: 28 天
  [DEL] (3356|熱門股) 太舊: 28 天
  [DEL] (3356|熱門股) 太舊: 28 天
  [DEL] (4566|熱門股) 太舊: 28 天
  [DEL] (7788|熱門股) 太舊: 28 天
  [DEL] (4566|熱門股) 太舊: 28 天
  [DEL] (4566|熱門股) 太舊: 28 天
  [DEL] (7788|熱門股) 太舊: 28 天
  [DEL] (7788|熱門股) 太舊: 28 天
  [DEL] (6150|熱門股) 太舊: 28 天
  [DEL] (6150|熱門股) 太舊: 28 天
  [DEL] (6150|熱門股) 太舊: 28 天
  [DEL] (1718|熱門股) 太舊: 28 天
  [DEL] (7805|熱門股) 太舊: 28 天
  [DEL] (1718|熱門股) 太舊: 28 天
  [DEL] (1718|熱門股) 太舊: 28 天
  [DEL] (7805|熱門股) 太舊: 28 天
  [DEL] (7805|熱門股) 太舊: 28 天
  [DEL] (2520|熱門股) 太舊: 28 天
  [DEL] (2520|熱門股) 太舊: 28 天
  [DEL] (2520|熱門股) 太舊: 28 天
  [DEL] (5608|熱門股) 太舊: 28 天
  [DEL] (5608|熱門股) 太舊: 28 天
  [DEL] (7740|熱門股) 太舊: 28 天
  [DEL] (5608|熱門股) 太舊: 28 天
  [DEL] (7740|熱門股) 太舊: 28 天
  [DEL] (5522|熱門股) 太舊: 28 天
  [DEL] (7740|熱門股) 太舊: 28 天
  [DEL] (5522|熱門股) 太舊: 28 天
  [DEL] (5522|熱門股) 太舊: 28 天
  [DEL] (3041|熱門股) 太舊: 28 天
  [DEL] (3041|熱門股) 太舊: 28 天
  [DEL] (3041|熱門股) 太舊: 28 天
  [DEL] (6179|熱門股) 太舊: 28 天
  [DEL] (6179|熱門股) 太舊: 28 天
  [DEL] (6179|熱門股) 太舊: 28 天
  [DEL] (2101|熱門股) 太舊: 28 天
  [DEL] (3338|熱門股) 太舊: 28 天
  [DEL] (2101|熱門股) 太舊: 28 天
  [DEL] (2101|熱門股) 太舊: 28 天
  [DEL] (3338|熱門股) 太舊: 28 天
  [DEL] (3338|熱門股) 太舊: 28 天
  [DEL] (7786|熱門股) 太舊: 28 天
  [DEL] (7786|熱門股) 太舊: 28 天
  [DEL] (6720|熱門股) 太舊: 28 天
  [DEL] (6720|熱門股) 太舊: 28 天
  [DEL] (7786|熱門股) 太舊: 28 天
  [DEL] (4164|熱門股) 太舊: 28 天
  [DEL] (4755|熱門股) 太舊: 28 天
  [DEL] (4164|熱門股) 太舊: 28 天
  [DEL] (4755|熱門股) 太舊: 28 天
  [DEL] (4755|熱門股) 太舊: 28 天
  [DEL] (3228|熱門股) 太舊: 28 天
  [DEL] (3228|熱門股) 太舊: 28 天
  [DEL] (3228|熱門股) 太舊: 28 天
  [DEL] (3323|熱門股) 太舊: 28 天
  [DEL] (3323|熱門股) 太舊: 28 天
  [DEL] (6589|熱門股) 太舊: 28 天
  [DEL] (3323|熱門股) 太舊: 28 天
  [DEL] (2247|熱門股) 太舊: 28 天
  [DEL] (6589|熱門股) 太舊: 28 天
  [DEL] (6589|熱門股) 太舊: 28 天
  [DEL] (2247|熱門股) 太舊: 28 天
  [DEL] (2247|熱門股) 太舊: 28 天
  [DEL] (1313|熱門股) 太舊: 28 天
  [DEL] (1313|熱門股) 太舊: 28 天
  [DEL] (8011|熱門股) 太舊: 28 天
  [DEL] (1313|熱門股) 太舊: 28 天
  [DEL] (8011|熱門股) 太舊: 28 天
  [DEL] (8011|熱門股) 太舊: 28 天
  [DEL] (6170|熱門股) 太舊: 28 天
  [DEL] (6596|熱門股) 太舊: 28 天
  [DEL] (6170|熱門股) 太舊: 28 天
  [DEL] (6170|熱門股) 太舊: 28 天
  [DEL] (6596|熱門股) 太舊: 28 天
  [DEL] (6026|熱門股) 太舊: 28 天
  [DEL] (6596|熱門股) 太舊: 28 天
  [DEL] (6026|熱門股) 太舊: 28 天
  [DEL] (6015|熱門股) 太舊: 28 天
  [DEL] (6026|熱門股) 太舊: 28 天
  [DEL] (6015|熱門股) 太舊: 28 天
  [DEL] (6015|熱門股) 太舊: 28 天
  [DEL] (2501|熱門股) 太舊: 28 天
  [DEL] (2501|熱門股) 太舊: 28 天
  [DEL] (2501|熱門股) 太舊: 28 天
  [DEL] (6625|熱門股) 太舊: 28 天
  [DEL] (6625|熱門股) 太舊: 28 天
  [DEL] (4523|熱門股) 太舊: 28 天
  [DEL] (6625|熱門股) 太舊: 28 天
  [DEL] (4523|熱門股) 太舊: 28 天
  [DEL] (6166|熱門股) 太舊: 28 天
  [DEL] (4523|熱門股) 太舊: 28 天
  [DEL] (6166|熱門股) 太舊: 28 天
  [DEL] (6166|熱門股) 太舊: 28 天
  [DEL] (3234|熱門股) 太舊: 28 天
  [DEL] (3234|熱門股) 太舊: 28 天
  [DEL] (3234|熱門股) 太舊: 28 天
  [DEL] (3055|熱門股) 太舊: 28 天
  [DEL] (3055|熱門股) 太舊: 28 天
  [DEL] (3055|熱門股) 太舊: 28 天
  [DEL] (2258|熱門股) 太舊: 28 天
  [DEL] (2258|熱門股) 太舊: 28 天
  [DEL] (6417|熱門股) 太舊: 28 天
  [DEL] (2465|熱門股) 太舊: 28 天
  [DEL] (2258|熱門股) 太舊: 28 天
  [DEL] (2465|熱門股) 太舊: 28 天
  [DEL] (6186|熱門股) 太舊: 28 天
  [DEL] (6189|熱門股) 太舊: 28 天
  [DEL] (6189|熱門股) 太舊: 28 天
  [DEL] (6189|熱門股) 太舊: 28 天
  [DEL] (6204|熱門股) 太舊: 28 天
  [DEL] (6204|熱門股) 太舊: 28 天
  [DEL] (6204|熱門股) 太舊: 28 天
  [DEL] (4960|熱門股) 太舊: 28 天
  [DEL] (4960|熱門股) 太舊: 28 天
  [DEL] (4960|熱門股) 太舊: 28 天
  [DEL] (2115|熱門股) 太舊: 28 天
  [DEL] (2115|熱門股) 太舊: 28 天
  [DEL] (2115|熱門股) 太舊: 28 天
  [DEL] (4128|熱門股) 太舊: 28 天
  [DEL] (4128|熱門股) 太舊: 28 天
  [DEL] (4128|熱門股) 太舊: 28 天
  [DEL] (2417|熱門股) 太舊: 28 天
  [DEL] (2417|熱門股) 太舊: 28 天
  [DEL] (3630|熱門股) 太舊: 28 天
  [DEL] (1584|熱門股) 太舊: 28 天
  [DEL] (1584|熱門股) 太舊: 28 天
  [DEL] (3630|熱門股) 太舊: 28 天
  [DEL] (3630|熱門股) 太舊: 28 天
  [DEL] (1584|熱門股) 太舊: 28 天
  [DEL] (4912|熱門股) 太舊: 28 天
  [DEL] (4912|熱門股) 太舊: 28 天
  [DEL] (2723|熱門股) 太舊: 28 天
  [DEL] (4912|熱門股) 太舊: 28 天
  [DEL] (2723|熱門股) 太舊: 28 天
  [DEL] (5228|熱門股) 太舊: 28 天
  [DEL] (2723|熱門股) 太舊: 28 天
  [DEL] (6112|熱門股) 太舊: 28 天
  [DEL] (6112|熱門股) 太舊: 28 天
  [DEL] (6112|熱門股) 太舊: 28 天
  [DEL] (1708|熱門股) 太舊: 28 天
  [DEL] (1708|熱門股) 太舊: 28 天
  [DEL] (1708|熱門股) 太舊: 28 天
  [DEL] (7744|熱門股) 太舊: 28 天
  [DEL] (7744|熱門股) 太舊: 28 天
  [DEL] (3032|熱門股) 太舊: 28 天
  [DEL] (2241|熱門股) 太舊: 28 天
  [DEL] (3032|熱門股) 太舊: 28 天
  [DEL] (3032|熱門股) 太舊: 28 天
  [DEL] (2241|熱門股) 太舊: 28 天
  [DEL] (2241|熱門股) 太舊: 28 天
  [DEL] (6270|熱門股) 太舊: 28 天
  [DEL] (6270|熱門股) 太舊: 28 天
  [DEL] (2010|熱門股) 太舊: 28 天
  [DEL] (6270|熱門股) 太舊: 28 天
  [DEL] (2010|熱門股) 太舊: 28 天
  [DEL] (6811|熱門股) 太舊: 28 天
  [DEL] (6591|熱門股) 太舊: 28 天
  [DEL] (6811|熱門股) 太舊: 28 天
  [DEL] (6591|熱門股) 太舊: 28 天
  [DEL] (6591|熱門股) 太舊: 28 天
  [DEL] (6261|熱門股) 太舊: 28 天
  [DEL] (6261|熱門股) 太舊: 28 天
  [DEL] (6261|熱門股) 太舊: 28 天
  [DEL] (2850|熱門股) 太舊: 28 天
  [DEL] (2850|熱門股) 太舊: 28 天
  [DEL] (2850|熱門股) 太舊: 28 天
  [DEL] (3213|熱門股) 太舊: 28 天
  [DEL] (3213|熱門股) 太舊: 28 天
  [DEL] (3213|熱門股) 太舊: 28 天
  [DEL] (3530|熱門股) 太舊: 28 天
  [DEL] (3530|熱門股) 太舊: 28 天
  [DEL] (3530|熱門股) 太舊: 28 天
  [DEL] (3444|熱門股) 太舊: 28 天
  [DEL] (3444|熱門股) 太舊: 28 天
  [DEL] (3056|熱門股) 太舊: 28 天
  [DEL] (3444|熱門股) 太舊: 28 天
  [DEL] (3056|熱門股) 太舊: 28 天
  [DEL] (6861|熱門股) 太舊: 28 天
  [DEL] (3056|熱門股) 太舊: 28 天
  [DEL] (6861|熱門股) 太舊: 28 天
  [DEL] (6541|熱門股) 太舊: 28 天
  [DEL] (6541|熱門股) 太舊: 28 天
  [DEL] (6861|熱門股) 太舊: 28 天
  [DEL] (6541|熱門股) 太舊: 28 天
  [DEL] (6588|熱門股) 太舊: 28 天
  [DEL] (6588|熱門股) 太舊: 28 天
  [DEL] (1410|熱門股) 太舊: 28 天
  [DEL] (1515|熱門股) 太舊: 28 天
  [DEL] (6588|熱門股) 太舊: 28 天
  [DEL] (1410|熱門股) 太舊: 28 天
  [DEL] (1515|熱門股) 太舊: 28 天
  [DEL] (1515|熱門股) 太舊: 28 天
  [DEL] (2230|熱門股) 太舊: 28 天
  [DEL] (2230|熱門股) 太舊: 28 天
  [DEL] (2230|熱門股) 太舊: 28 天
  [DEL] (4130|熱門股) 太舊: 28 天
  [DEL] (4130|熱門股) 太舊: 28 天
  [DEL] (4130|熱門股) 太舊: 28 天
  [DEL] (4114|熱門股) 太舊: 28 天
  [DEL] (8938|熱門股) 太舊: 28 天
  [DEL] (8938|熱門股) 太舊: 28 天
  [DEL] (4114|熱門股) 太舊: 28 天
  [DEL] (4114|熱門股) 太舊: 28 天
  [DEL] (4174|熱門股) 太舊: 28 天
  [DEL] (4174|熱門股) 太舊: 28 天
  [DEL] (2426|熱門股) 太舊: 28 天
  [DEL] (3257|熱門股) 太舊: 28 天
  [DEL] (2426|熱門股) 太舊: 28 天
  [DEL] (3257|熱門股) 太舊: 28 天
  [DEL] (3257|熱門股) 太舊: 28 天
  [DEL] (5225|熱門股) 太舊: 28 天
  [DEL] (5225|熱門股) 太舊: 28 天
  [DEL] (1307|熱門股) 太舊: 28 天
  [DEL] (5225|熱門股) 太舊: 28 天
  [DEL] (1307|熱門股) 太舊: 28 天
  [DEL] (1307|熱門股) 太舊: 28 天
  [DEL] (6021|熱門股) 太舊: 28 天
  [DEL] (6021|熱門股) 太舊: 28 天
  [DEL] (4721|熱門股) 太舊: 28 天
  [DEL] (6021|熱門股) 太舊: 28 天
  [DEL] (4721|熱門股) 太舊: 28 天
  [DEL] (4721|熱門股) 太舊: 28 天
  [DEL] (1616|熱門股) 太舊: 28 天
  [DEL] (1616|熱門股) 太舊: 28 天
  [DEL] (1442|熱門股) 太舊: 28 天
  [DEL] (1616|熱門股) 太舊: 28 天
  [DEL] (1909|熱門股) 太舊: 28 天
  [DEL] (1909|熱門股) 太舊: 28 天
  [DEL] (1532|熱門股) 太舊: 28 天
  [DEL] (1532|熱門股) 太舊: 28 天
  [DEL] (1909|熱門股) 太舊: 28 天
  [DEL] (1532|熱門股) 太舊: 28 天
  [DEL] (5534|熱門股) 太舊: 28 天
  [DEL] (5534|熱門股) 太舊: 28 天
  [DEL] (5534|熱門股) 太舊: 28 天
  [DEL] (1227|熱門股) 太舊: 28 天
  [DEL] (6841|熱門股) 太舊: 28 天
  [DEL] (6841|熱門股) 太舊: 28 天
  [DEL] (1712|熱門股) 太舊: 28 天
  [DEL] (6841|熱門股) 太舊: 28 天
  [DEL] (1712|熱門股) 太舊: 28 天
  [DEL] (1712|熱門股) 太舊: 28 天
  [DEL] (2453|熱門股) 太舊: 28 天
  [DEL] (2453|熱門股) 太舊: 28 天
  [DEL] (2348|熱門股) 太舊: 28 天
  [DEL] (2348|熱門股) 太舊: 28 天
  [DEL] (2348|熱門股) 太舊: 28 天
  [DEL] (2453|熱門股) 太舊: 28 天
  [DEL] (2607|熱門股) 太舊: 28 天
  [DEL] (2607|熱門股) 太舊: 28 天
  [DEL] (2607|熱門股) 太舊: 28 天
  [DEL] (1563|熱門股) 太舊: 28 天
  [DEL] (1563|熱門股) 太舊: 28 天
  [DEL] (6925|熱門股) 太舊: 28 天
  [DEL] (1563|熱門股) 太舊: 28 天
  [DEL] (6925|熱門股) 太舊: 28 天
  [DEL] (6925|熱門股) 太舊: 28 天
  [DEL] (5306|熱門股) 太舊: 28 天
  [DEL] (5306|熱門股) 太舊: 28 天
  [DEL] (5306|熱門股) 太舊: 28 天
  [DEL] (1506|熱門股) 太舊: 28 天
  [DEL] (4442|熱門股) 太舊: 28 天
  [DEL] (6785|熱門股) 太舊: 28 天
  [DEL] (2537|熱門股) 太舊: 28 天
  [DEL] (2537|熱門股) 太舊: 28 天
  [DEL] (6785|熱門股) 太舊: 28 天
  [DEL] (6785|熱門股) 太舊: 28 天
  [DEL] (6486|熱門股) 太舊: 28 天
  [DEL] (3479|熱門股) 太舊: 28 天
  [DEL] (6486|熱門股) 太舊: 28 天
  [DEL] (3479|熱門股) 太舊: 28 天
  [DEL] (6486|熱門股) 太舊: 28 天
  [DEL] (3479|熱門股) 太舊: 28 天
  [DEL] (2640|熱門股) 太舊: 28 天
  [DEL] (2640|熱門股) 太舊: 28 天
  [DEL] (2640|熱門股) 太舊: 28 天
  [DEL] (3390|熱門股) 太舊: 28 天
  [DEL] (3390|熱門股) 太舊: 28 天
  [DEL] (8109|熱門股) 太舊: 28 天
  [DEL] (3390|熱門股) 太舊: 28 天
  [DEL] (4736|熱門股) 太舊: 28 天
  [DEL] (8109|熱門股) 太舊: 28 天
  [DEL] (8109|熱門股) 太舊: 28 天
  [DEL] (4736|熱門股) 太舊: 28 天
  [DEL] (4736|熱門股) 太舊: 28 天
  [DEL] (1784|熱門股) 太舊: 28 天
  [DEL] (1784|熱門股) 太舊: 28 天
  [DEL] (4104|熱門股) 太舊: 28 天
  [DEL] (1784|熱門股) 太舊: 28 天
  [DEL] (6477|熱門股) 太舊: 28 天
  [DEL] (6477|熱門股) 太舊: 28 天
  [DEL] (6477|熱門股) 太舊: 28 天
  [DEL] (1786|熱門股) 太舊: 28 天
  [DEL] (1786|熱門股) 太舊: 28 天
  [DEL] (5902|熱門股) 太舊: 28 天
  [DEL] (8034|熱門股) 太舊: 28 天
  [DEL] (8034|熱門股) 太舊: 28 天
  [DEL] (1586|熱門股) 太舊: 28 天
  [DEL] (8034|熱門股) 太舊: 28 天
  [DEL] (1586|熱門股) 太舊: 28 天
  [DEL] (1586|熱門股) 太舊: 28 天
  [DEL] (4720|熱門股) 太舊: 28 天
  [DEL] (4720|熱門股) 太舊: 28 天
  [DEL] (4720|熱門股) 太舊: 28 天
  [DEL] (2614|熱門股) 太舊: 28 天
  [DEL] (2614|熱門股) 太舊: 28 天
  [DEL] (6918|熱門股) 太舊: 28 天
  [DEL] (6918|熱門股) 太舊: 28 天
  [DEL] (2614|熱門股) 太舊: 28 天
  [DEL] (6918|熱門股) 太舊: 28 天
  [DEL] (6732|熱門股) 太舊: 28 天
  [DEL] (6732|熱門股) 太舊: 28 天
  [DEL] (8083|熱門股) 太舊: 28 天
  [DEL] (8083|熱門股) 太舊: 28 天
  [DEL] (4129|熱門股) 太舊: 28 天
  [DEL] (4129|熱門股) 太舊: 28 天
  [DEL] (4129|熱門股) 太舊: 28 天
  [DEL] (6425|熱門股) 太舊: 28 天
  [DEL] (6425|熱門股) 太舊: 28 天
  [DEL] (6957|熱門股) 太舊: 28 天
  [DEL] (6957|熱門股) 太舊: 28 天
  [DEL] (6957|熱門股) 太舊: 28 天
  [DEL] (6226|熱門股) 太舊: 28 天
  [DEL] (6226|熱門股) 太舊: 28 天
  [DEL] (6226|熱門股) 太舊: 28 天
  [DEL] (3588|熱門股) 太舊: 28 天
  [DEL] (3588|熱門股) 太舊: 28 天
  [DEL] (8438|熱門股) 太舊: 28 天
  [DEL] (3588|熱門股) 太舊: 28 天
  [DEL] (5902|熱門股) 太舊: 28 天
  [DEL] (8438|熱門股) 太舊: 28 天
  [DEL] (8438|熱門股) 太舊: 28 天
  [DEL] (8462|熱門股) 太舊: 28 天
  [DEL] (4714|熱門股) 太舊: 28 天
  [DEL] (9942|熱門股) 太舊: 28 天
  [DEL] (8462|熱門股) 太舊: 28 天
  [DEL] (4714|熱門股) 太舊: 28 天
  [DEL] (2362|熱門股) 太舊: 28 天
  [DEL] (2362|熱門股) 太舊: 28 天
  [DEL] (2362|熱門股) 太舊: 28 天
  [DEL] (4714|熱門股) 太舊: 28 天
  [DEL] (5902|熱門股) 太舊: 28 天
  [DEL] (8085|熱門股) 太舊: 28 天
  [DEL] (8085|熱門股) 太舊: 28 天
  [DEL] (8085|熱門股) 太舊: 28 天
  [DEL] (8927|熱門股) 太舊: 28 天
  [DEL] (6928|熱門股) 太舊: 28 天
  [DEL] (6928|熱門股) 太舊: 28 天
  [DEL] (6928|熱門股) 太舊: 28 天
  [DEL] (6693|熱門股) 太舊: 28 天
  [DEL] (6693|熱門股) 太舊: 28 天
  [DEL] (6693|熱門股) 太舊: 28 天
  [DEL] (6576|熱門股) 太舊: 28 天
  [DEL] (6576|熱門股) 太舊: 28 天
  [DEL] (6113|熱門股) 太舊: 28 天
  [DEL] (6113|熱門股) 太舊: 28 天
  [DEL] (6576|熱門股) 太舊: 28 天
  [DEL] (6113|熱門股) 太舊: 28 天
  [DEL] (2387|熱門股) 太舊: 28 天
  [DEL] (2030|熱門股) 太舊: 28 天
  [DEL] (2030|熱門股) 太舊: 28 天
  [DEL] (2030|熱門股) 太舊: 28 天
  [DEL] (8415|熱門股) 太舊: 28 天
  [DEL] (8415|熱門股) 太舊: 28 天
  [DEL] (3628|熱門股) 太舊: 28 天
  [DEL] (3628|熱門股) 太舊: 28 天
  [DEL] (8415|熱門股) 太舊: 28 天
  [DEL] (3628|熱門股) 太舊: 28 天
  [DEL] (5902|熱門股) 太舊: 28 天
  [DEL] (1310|熱門股) 太舊: 28 天
  [DEL] (1310|熱門股) 太舊: 28 天
  [DEL] (1611|熱門股) 太舊: 28 天
  [DEL] (1310|熱門股) 太舊: 28 天
  [DEL] (3003|熱門股) 太舊: 28 天
  [DEL] (3003|熱門股) 太舊: 28 天
  [DEL] (1611|熱門股) 太舊: 28 天
  [DEL] (1611|熱門股) 太舊: 28 天
  [DEL] (3003|熱門股) 太舊: 28 天
  [DEL] (3050|熱門股) 太舊: 28 天
  [DEL] (3050|熱門股) 太舊: 28 天
  [DEL] (3050|熱門股) 太舊: 28 天
  [DEL] (7712|熱門股) 太舊: 28 天
  [DEL] (7712|熱門股) 太舊: 28 天
  [DEL] (7712|熱門股) 太舊: 28 天
  [DEL] (6461|熱門股) 太舊: 28 天
  [DEL] (6461|熱門股) 太舊: 28 天
  [DEL] (6461|熱門股) 太舊: 28 天
  [DEL] (1904|熱門股) 太舊: 28 天
  [DEL] (1904|熱門股) 太舊: 28 天
  [DEL] (1904|熱門股) 太舊: 28 天
  [DEL] (2528|熱門股) 太舊: 28 天
  [DEL] (2528|熱門股) 太舊: 28 天
  [DEL] (2528|熱門股) 太舊: 28 天
  [DEL] (6870|熱門股) 太舊: 28 天
  [DEL] (6870|熱門股) 太舊: 28 天
  [DEL] (6695|熱門股) 太舊: 28 天
  [DEL] (6870|熱門股) 太舊: 28 天
  [DEL] (6695|熱門股) 太舊: 28 天
  [DEL] (6695|熱門股) 太舊: 28 天
  [DEL] (1325|熱門股) 太舊: 28 天
  [DEL] (1325|熱門股) 太舊: 28 天
  [DEL] (1325|熱門股) 太舊: 28 天
  [DEL] (6416|熱門股) 太舊: 28 天
  [DEL] (6416|熱門股) 太舊: 28 天
  [DEL] (3011|熱門股) 太舊: 28 天
  [DEL] (3011|熱門股) 太舊: 28 天
  [DEL] (3011|熱門股) 太舊: 28 天
  [DEL] (2530|熱門股) 太舊: 28 天
  [DEL] (2530|熱門股) 太舊: 28 天
  [DEL] (2530|熱門股) 太舊: 28 天
  [DEL] (6996|熱門股) 太舊: 28 天
  [DEL] (5902|熱門股) 太舊: 28 天
  [DEL] (6996|熱門股) 太舊: 28 天
  [DEL] (6996|熱門股) 太舊: 28 天
  [DEL] (3466|熱門股) 太舊: 28 天
  [DEL] (3466|熱門股) 太舊: 28 天
  [DEL] (3466|熱門股) 太舊: 28 天
  [DEL] (6151|熱門股) 太舊: 28 天
  [DEL] (6803|熱門股) 太舊: 28 天
  [DEL] (6151|熱門股) 太舊: 28 天
  [DEL] (6803|熱門股) 太舊: 28 天
  [DEL] (6151|熱門股) 太舊: 28 天
  [DEL] (6803|熱門股) 太舊: 28 天
  [DEL] (6913|熱門股) 太舊: 28 天
  [DEL] (6913|熱門股) 太舊: 28 天
  [DEL] (6913|熱門股) 太舊: 28 天
  [DEL] (8467|熱門股) 太舊: 28 天
  [DEL] (8467|熱門股) 太舊: 28 天
  [DEL] (2070|熱門股) 太舊: 28 天
  [DEL] (2070|熱門股) 太舊: 28 天
  [DEL] (8467|熱門股) 太舊: 28 天
  [DEL] (2070|熱門股) 太舊: 28 天
  [DEL] (6203|熱門股) 太舊: 28 天
  [DEL] (7736|熱門股) 太舊: 28 天
  [DEL] (2420|熱門股) 太舊: 28 天
  [DEL] (6203|熱門股) 太舊: 28 天
  [DEL] (2420|熱門股) 太舊: 28 天
  [DEL] (2420|熱門股) 太舊: 28 天
  [DEL] (5706|熱門股) 太舊: 28 天
  [DEL] (1710|熱門股) 太舊: 28 天
  [DEL] (5706|熱門股) 太舊: 28 天
  [DEL] (1710|熱門股) 太舊: 28 天
  [DEL] (1710|熱門股) 太舊: 28 天
  [DEL] (6233|熱門股) 太舊: 28 天
  [DEL] (6233|熱門股) 太舊: 28 天
  [DEL] (6233|熱門股) 太舊: 28 天
  [DEL] (6272|熱門股) 太舊: 28 天
  [DEL] (6715|熱門股) 太舊: 28 天
  [DEL] (6272|熱門股) 太舊: 28 天
  [DEL] (6272|熱門股) 太舊: 28 天
  [DEL] (6715|熱門股) 太舊: 28 天
  [DEL] (6715|熱門股) 太舊: 28 天
  [DEL] (2023|熱門股) 太舊: 28 天
  [DEL] (2023|熱門股) 太舊: 28 天
  [DEL] (5258|熱門股) 太舊: 28 天
  [DEL] (5258|熱門股) 太舊: 28 天
  [DEL] (2023|熱門股) 太舊: 28 天
  [DEL] (6894|熱門股) 太舊: 28 天
  [DEL] (5258|熱門股) 太舊: 28 天
  [DEL] (6525|熱門股) 太舊: 28 天
  [DEL] (6525|熱門股) 太舊: 28 天
  [DEL] (6894|熱門股) 太舊: 28 天
  [DEL] (2427|熱門股) 太舊: 28 天
  [DEL] (6525|熱門股) 太舊: 28 天
  [DEL] (2427|熱門股) 太舊: 28 天
  [DEL] (2427|熱門股) 太舊: 28 天
  [DEL] (3685|熱門股) 太舊: 28 天
  [DEL] (6230|熱門股) 太舊: 28 天
  [DEL] (1436|熱門股) 太舊: 28 天
  [DEL] (1436|熱門股) 太舊: 28 天
  [DEL] (1436|熱門股) 太舊: 28 天
  [DEL] (2462|熱門股) 太舊: 28 天
  [DEL] (1440|熱門股) 太舊: 28 天
  [DEL] (2462|熱門股) 太舊: 28 天
  [DEL] (2462|熱門股) 太舊: 28 天
  [DEL] (3609|熱門股) 太舊: 28 天
  [DEL] (1440|熱門股) 太舊: 28 天
  [DEL] (2836|熱門股) 太舊: 28 天
  [DEL] (1440|熱門股) 太舊: 28 天
  [DEL] (2836|熱門股) 太舊: 28 天
  [DEL] (2836|熱門股) 太舊: 28 天
  [DEL] (2444|熱門股) 太舊: 28 天
  [DEL] (2444|熱門股) 太舊: 28 天
  [DEL] (8289|熱門股) 太舊: 28 天
  [DEL] (2444|熱門股) 太舊: 28 天
  [DEL] (8289|熱門股) 太舊: 28 天
  [DEL] (6838|熱門股) 太舊: 28 天
  [DEL] (8289|熱門股) 太舊: 28 天
  [DEL] (6838|熱門股) 太舊: 28 天
  [DEL] (3490|熱門股) 太舊: 28 天
  [DEL] (6838|熱門股) 太舊: 28 天
  [DEL] (3490|熱門股) 太舊: 28 天
  [DEL] (3490|熱門股) 太舊: 28 天
  [DEL] (3686|熱門股) 太舊: 28 天
  [DEL] (3686|熱門股) 太舊: 28 天
  [DEL] (3686|熱門股) 太舊: 28 天
  [DEL] (3038|熱門股) 太舊: 28 天
  [DEL] (6823|熱門股) 太舊: 28 天
  [DEL] (3038|熱門股) 太舊: 28 天
  [DEL] (3038|熱門股) 太舊: 28 天
  [DEL] (1617|熱門股) 太舊: 28 天
  [DEL] (6530|熱門股) 太舊: 28 天
  [DEL] (1617|熱門股) 太舊: 28 天
  [DEL] (1617|熱門股) 太舊: 28 天
  [DEL] (6530|熱門股) 太舊: 28 天
  [DEL] (6530|熱門股) 太舊: 28 天
  [DEL] (8284|熱門股) 太舊: 28 天
  [DEL] (1220|熱門股) 太舊: 28 天
  [DEL] (1220|熱門股) 太舊: 28 天
  [DEL] (1220|熱門股) 太舊: 28 天
  [DEL] (2897|熱門股) 太舊: 28 天
  [DEL] (2897|熱門股) 太舊: 28 天
  [DEL] (2897|熱門股) 太舊: 28 天
  [DEL] (6642|熱門股) 太舊: 28 天
  [DEL] (6642|熱門股) 太舊: 28 天
  [DEL] (1449|熱門股) 太舊: 28 天
  [DEL] (1449|熱門股) 太舊: 28 天
  [DEL] (2886|熱門股) 太舊: 28 天
  [DEL] (2886|熱門股) 太舊: 28 天
  [DEL] (2886|熱門股) 太舊: 28 天
  [DEL] (2886|熱門股) 太舊: 28 天
  [DEL] (2201|熱門股) 太舊: 28 天
  [DEL] (3615|熱門股) 太舊: 28 天
  [DEL] (2330|熱門股) 太舊: 28 天
  [DEL] (6239|熱門股) 太舊: 28 天
  [DEL] (1305|熱門股) 太舊: 28 天
  [DEL] (2471|熱門股) 太舊: 28 天
  [DEL] (3605|熱門股) 太舊: 28 天
  [DEL] (5871|熱門股) 太舊: 28 天
  [DEL] (1305|熱門股) 太舊: 28 天
  [DEL] (5871|熱門股) 太舊: 28 天
  [DEL] (7744|熱門股) 太舊: 28 天
  [DEL] (3264|熱門股) 太舊: 28 天
  [DEL] (5904|熱門股) 太舊: 28 天
  [DEL] (1786|熱門股) 太舊: 28 天
  [DEL] (7711|熱門股) 太舊: 28 天
  [DEL] (6640|熱門股) 太舊: 28 天
  [DEL] (6449|熱門股) 太舊: 28 天
  [DEL] (6640|熱門股) 太舊: 28 天
  [DEL] (6624|熱門股) 太舊: 28 天
  [DEL] (2897|熱門股) 太舊: 28 天
  [DEL] (2455|熱門股) 太舊: 28 天
  [DEL] (2031|熱門股) 太舊: 28 天
  [DEL] (1453|熱門股) 太舊: 28 天
  [DEL] (6640|熱門股) 太舊: 28 天
  [DEL] (1216|熱門股) 太舊: 28 天
  [DEL] (9905|熱門股) 太舊: 28 天
  [DEL] (2851|熱門股) 太舊: 28 天
  [DEL] (1599|熱門股) 太舊: 28 天
  [DEL] (6640|熱門股) 太舊: 28 天
  [DEL] (6640|熱門股) 太舊: 28 天
  [DEL] (8091|熱門股) 太舊: 28 天
  [DEL] (2204|熱門股) 太舊: 28 天
  [DEL] (1232|熱門股) 太舊: 28 天
  [DEL] (3557|熱門股) 太舊: 28 天
  [DEL] (9914|熱門股) 太舊: 28 天
  [DEL] (1232|熱門股) 太舊: 28 天
  [DEL] (6184|熱門股) 太舊: 28 天
  [DEL] (8374|熱門股) 太舊: 28 天
  [DEL] (3088|熱門股) 太舊: 28 天
  [DEL] (6184|熱門股) 太舊: 28 天
  [DEL] (3557|熱門股) 太舊: 28 天
  [DEL] (4568|熱門股) 太舊: 28 天
  [DEL] (2543|熱門股) 太舊: 28 天
  [DEL] (6129|熱門股) 太舊: 28 天
  [DEL] (3557|熱門股) 太舊: 28 天
  [DEL] (2883|熱門股) 太舊: 28 天
  [DEL] (5309|熱門股) 太舊: 28 天
  [DEL] (8499|熱門股) 太舊: 28 天
  [DEL] (5285|熱門股) 太舊: 28 天
  [DEL] (5880|熱門股) 太舊: 28 天
  [DEL] (8933|熱門股) 太舊: 28 天
  [DEL] (3095|熱門股) 太舊: 28 天
  [DEL] (3095|熱門股) 太舊: 28 天
  [DEL] (3073|熱門股) 太舊: 28 天
  [DEL] (5904|熱門股) 太舊: 28 天
  [DEL] (5880|熱門股) 太舊: 28 天
  [DEL] (1235|熱門股) 太舊: 28 天
  [DEL] (1608|熱門股) 太舊: 28 天
  [DEL] (3227|熱門股) 太舊: 28 天
  [DEL] (5904|熱門股) 太舊: 28 天
  [DEL] (5904|熱門股) 太舊: 28 天
  [DEL] (5904|熱門股) 太舊: 28 天
  [DEL] (8147|熱門股) 太舊: 28 天
  [DEL] (3388|熱門股) 太舊: 28 天
  [DEL] (3362|熱門股) 太舊: 28 天
  [DEL] (2207|熱門股) 太舊: 28 天
  [DEL] (5278|熱門股) 太舊: 28 天
  [DEL] (9955|熱門股) 太舊: 28 天
  [DEL] (5515|熱門股) 太舊: 28 天
  [DEL] (6712|熱門股) 太舊: 28 天
  [DEL] (2365|熱門股) 太舊: 28 天
  [DEL] (6196|熱門股) 太舊: 28 天
  [DEL] (6534|熱門股) 太舊: 28 天
  [DEL] (6712|熱門股) 太舊: 28 天
  [DEL] (1737|熱門股) 太舊: 28 天
  [DEL] (1710|熱門股) 太舊: 28 天
  [DEL] (6491|熱門股) 太舊: 28 天
  [DEL] (6672|熱門股) 太舊: 28 天
  [DEL] (5543|熱門股) 太舊: 28 天
  [DEL] (1737|熱門股) 太舊: 28 天
  [DEL] (2382|熱門股) 太舊: 28 天
  [DEL] (2303|熱門股) 太舊: 28 天
  [DEL] (5608|熱門股) 太舊: 28 天
  [DEL] (1737|熱門股) 太舊: 28 天
  [DEL] (6666|熱門股) 太舊: 28 天
  [DEL] (1436|熱門股) 太舊: 28 天
  [DEL] (6965|熱門股) 太舊: 28 天
  [DEL] (1737|熱門股) 太舊: 28 天
  [DEL] (5488|熱門股) 太舊: 28 天
  [DEL] (2889|熱門股) 太舊: 28 天
  [DEL] (6612|熱門股) 太舊: 28 天
  [DEL] (8367|熱門股) 太舊: 28 天
  [DEL] (3171|熱門股) 太舊: 28 天
  [DEL] (4416|熱門股) 太舊: 28 天
  [DEL] (3717|熱門股) 太舊: 28 天
  [DEL] (2049|熱門股) 太舊: 28 天
  [DEL] (5543|熱門股) 太舊: 28 天
  [DEL] (6592|熱門股) 太舊: 28 天
  [DEL] (9911|熱門股) 太舊: 28 天
  [DEL] (4569|熱門股) 太舊: 28 天
  [DEL] (2227|熱門股) 太舊: 28 天
  [DEL] (3498|熱門股) 太舊: 28 天
  [DEL] (8069|熱門股) 太舊: 28 天
  [DEL] (2397|熱門股) 太舊: 29 天
  [DEL] (3704|熱門股) 太舊: 29 天
  [DEL] (3045|熱門股) 太舊: 29 天
  [DEL] (6873|熱門股) 太舊: 29 天
  [DEL] (2454|熱門股) 太舊: 29 天
  [DEL] (2412|熱門股) 太舊: 29 天
  [DEL] (2454|熱門股) 太舊: 29 天
  [DEL] (2357|熱門股) 太舊: 29 天
  [DEL] (8147|熱門股) 太舊: 29 天
  [DEL] (8937|熱門股) 太舊: 29 天
  [DEL] (8069|熱門股) 太舊: 29 天
  [DEL] (6672|熱門股) 太舊: 29 天
  [DEL] (2207|熱門股) 太舊: 29 天
  [DEL] (2382|熱門股) 太舊: 29 天
  [DEL] (5543|熱門股) 太舊: 29 天
  [DEL] (2357|熱門股) 太舊: 29 天
  [DEL] (1536|熱門股) 太舊: 29 天
  [DEL] (1308|熱門股) 太舊: 29 天
  [DEL] (2633|熱門股) 太舊: 29 天
  [DEL] (1710|熱門股) 太舊: 29 天
  [DEL] (8299|熱門股) 太舊: 29 天
  [DEL] (3227|熱門股) 太舊: 29 天
  [DEL] (2408|熱門股) 太舊: 29 天
  [DEL] (3406|熱門股) 太舊: 29 天
  [DEL] (2401|熱門股) 太舊: 29 天
  [DEL] (8299|熱門股) 太舊: 29 天
  [DEL] (2002|熱門股) 太舊: 29 天
  [DEL] (2401|熱門股) 太舊: 29 天
  [DEL] (2002|熱門股) 太舊: 29 天
  [DEL] (2424|熱門股) 太舊: 29 天
  [DEL] (9136|熱門股) 太舊: 29 天
  [DEL] (2885|熱門股) 太舊: 29 天
  [DEL] (6846|熱門股) 太舊: 29 天
  [DEL] (9136|熱門股) 太舊: 29 天
  [DEL] (2412|熱門股) 太舊: 29 天
  [DEL] (3709|熱門股) 太舊: 29 天
  [DEL] (4912|熱門股) 太舊: 29 天
  [DEL] (2429|熱門股) 太舊: 29 天
  [DEL] (3694|熱門股) 太舊: 29 天
  [DEL] (6799|熱門股) 太舊: 29 天
  [DEL] (6799|熱門股) 太舊: 29 天
  [DEL] (3583|熱門股) 太舊: 29 天
  [DEL] (2342|熱門股) 太舊: 29 天
  [DEL] (2380|熱門股) 太舊: 29 天
  [DEL] (7610|熱門股) 太舊: 29 天
  [DEL] (8442|熱門股) 太舊: 29 天
  [DEL] (9940|熱門股) 太舊: 29 天
  [DEL] (3501|熱門股) 太舊: 29 天
  [DEL] (1101|熱門股) 太舊: 29 天
  [DEL] (3167|熱門股) 太舊: 29 天
  [DEL] (4958|熱門股) 太舊: 29 天
  [DEL] (3583|熱門股) 太舊: 29 天
  [DEL] (2433|熱門股) 太舊: 29 天
  [DEL] (2345|熱門股) 太舊: 29 天
  [DEL] (2323|熱門股) 太舊: 29 天
  [DEL] (2345|熱門股) 太舊: 29 天
  [DEL] (2345|熱門股) 太舊: 29 天
  [DEL] (2020|熱門股) 太舊: 29 天
  [DEL] (1589|熱門股) 太舊: 29 天
  [DEL] (8933|熱門股) 太舊: 29 天
  [DEL] (8444|熱門股) 太舊: 29 天
  [DEL] (1589|熱門股) 太舊: 29 天
  [DEL] (1591|熱門股) 太舊: 29 天
  [DEL] (4416|熱門股) 太舊: 29 天
  [DEL] (1435|熱門股) 太舊: 29 天
  [DEL] (1435|熱門股) 太舊: 29 天
  [DEL] (7610|熱門股) 太舊: 29 天
  [DEL] (2424|熱門股) 太舊: 29 天
  [DEL] (7714|熱門股) 太舊: 29 天
  [DEL] (8354|熱門股) 太舊: 29 天
  [DEL] (6788|熱門股) 太舊: 29 天
  [DEL] (2608|熱門股) 太舊: 29 天
  [DEL] (3712|熱門股) 太舊: 29 天
  [DEL] (8054|熱門股) 太舊: 29 天
  [DEL] (3712|熱門股) 太舊: 29 天
  [DEL] (3152|熱門股) 太舊: 29 天
  [DEL] (6242|熱門股) 太舊: 29 天
  [DEL] (3520|熱門股) 太舊: 29 天
  [DEL] (3085|熱門股) 太舊: 29 天
  [DEL] (3085|熱門股) 太舊: 29 天
  [DEL] (5468|熱門股) 太舊: 29 天
  [DEL] (3205|熱門股) 太舊: 29 天
  [DEL] (3207|熱門股) 太舊: 29 天
  [DEL] (3085|熱門股) 太舊: 29 天
  [DEL] (6023|熱門股) 太舊: 29 天
  [DEL] (3085|熱門股) 太舊: 29 天
  [DEL] (3583|熱門股) 太舊: 29 天
  [DEL] (3085|熱門股) 太舊: 29 天
  [DEL] (2380|熱門股) 太舊: 29 天
  [DEL] (4958|熱門股) 太舊: 29 天
  [DEL] (2467|熱門股) 太舊: 29 天
  [DEL] (4440|熱門股) 太舊: 29 天
  [DEL] (6461|熱門股) 太舊: 29 天
  [DEL] (4198|熱門股) 太舊: 29 天
  [DEL] (2887|熱門股) 太舊: 29 天
  [DEL] (3152|熱門股) 太舊: 29 天
  [DEL] (2911|熱門股) 太舊: 29 天
  [DEL] (8043|熱門股) 太舊: 29 天
  [DEL] (6919|熱門股) 太舊: 29 天
  [DEL] (4503|熱門股) 太舊: 29 天
  [DEL] (4503|熱門股) 太舊: 29 天
  [DEL] (8085|熱門股) 太舊: 29 天
  [DEL] (4503|熱門股) 太舊: 29 天
  [DEL] (4416|熱門股) 太舊: 29 天
  [DEL] (2613|熱門股) 太舊: 29 天
  [DEL] (3115|熱門股) 太舊: 29 天
  [DEL] (9940|熱門股) 太舊: 29 天
  [DEL] (1449|熱門股) 太舊: 29 天
  [DEL] (1449|熱門股) 太舊: 29 天
  [DEL] (2724|熱門股) 太舊: 29 天
  [DEL] (3587|熱門股) 太舊: 29 天
  [DEL] (2885|熱門股) 太舊: 29 天
  [DEL] (5426|熱門股) 太舊: 29 天
  [DEL] (2885|熱門股) 太舊: 29 天
  [DEL] (6492|熱門股) 太舊: 29 天
  [DEL] (6176|熱門股) 太舊: 29 天
  [DEL] (6176|熱門股) 太舊: 29 天
  [DEL] (2885|熱門股) 太舊: 29 天
  [DEL] (2606|熱門股) 太舊: 29 天
  [DEL] (2885|熱門股) 太舊: 29 天
  [DEL] (5227|熱門股) 太舊: 29 天
  [DEL] (6223|熱門股) 太舊: 29 天
  [DEL] (5236|熱門股) 太舊: 29 天
  [DEL] (4933|熱門股) 太舊: 29 天
  [DEL] (2548|熱門股) 太舊: 29 天
  [DEL] (6446|熱門股) 太舊: 29 天
  [DEL] (1783|熱門股) 太舊: 29 天
  [DEL] (8271|熱門股) 太舊: 29 天
  [DEL] (2455|熱門股) 太舊: 29 天
  [DEL] (2236|熱門股) 太舊: 29 天
  [DEL] (1201|熱門股) 太舊: 29 天
  [DEL] (8028|熱門股) 太舊: 29 天
  [DEL] (4772|熱門股) 太舊: 29 天
  [DEL] (2327|熱門股) 太舊: 29 天
  [DEL] (4109|熱門股) 太舊: 29 天
  [DEL] (6242|熱門股) 太舊: 29 天
  [DEL] (2645|熱門股) 太舊: 29 天
  [DEL] (6829|熱門股) 太舊: 29 天
  [DEL] (6242|熱門股) 太舊: 29 天
  [DEL] (6425|熱門股) 太舊: 29 天
  [DEL] (6425|熱門股) 太舊: 29 天
  [DEL] (6791|熱門股) 太舊: 29 天
  [DEL] (7704|熱門股) 太舊: 29 天
  [DEL] (5443|熱門股) 太舊: 29 天
  [DEL] (6242|熱門股) 太舊: 29 天
  [DEL] (6242|熱門股) 太舊: 29 天
  [DEL] (5443|熱門股) 太舊: 29 天
  [DEL] (3680|熱門股) 太舊: 29 天
  [DEL] (9907|熱門股) 太舊: 29 天
  [DEL] (2429|熱門股) 太舊: 29 天
  [DEL] (5013|熱門股) 太舊: 29 天
  [DEL] (5013|熱門股) 太舊: 29 天
  [DEL] (6716|熱門股) 太舊: 29 天
  [DEL] (3576|熱門股) 太舊: 29 天
  [DEL] (4545|熱門股) 太舊: 29 天
  [DEL] (6546|熱門股) 太舊: 29 天
  [DEL] (6788|熱門股) 太舊: 29 天
  [DEL] (6291|熱門股) 太舊: 29 天
  [DEL] (5269|熱門股) 太舊: 29 天
  [DEL] (6291|熱門股) 太舊: 29 天
  [DEL] (8103|熱門股) 太舊: 29 天
  [DEL] (3498|熱門股) 太舊: 29 天
  [DEL] (6785|熱門股) 太舊: 29 天
  [DEL] (2382|熱門股) 太舊: 29 天
  [DEL] (3704|熱門股) 太舊: 29 天
  [DEL] (2937|熱門股) 太舊: 29 天
  [DEL] (6199|熱門股) 太舊: 29 天
  [DEL] (3515|熱門股) 太舊: 29 天
  [DEL] (4123|熱門股) 太舊: 29 天
  [DEL] (7711|熱門股) 太舊: 29 天
  [DEL] (8341|熱門股) 太舊: 29 天
  [DEL] (2642|熱門股) 太舊: 29 天
  [DEL] (6873|熱門股) 太舊: 29 天
  [DEL] (6658|熱門股) 太舊: 29 天
  [DEL] (1717|熱門股) 太舊: 29 天
  [DEL] (2412|熱門股) 太舊: 29 天
  [DEL] (6414|熱門股) 太舊: 29 天
  [DEL] (1309|熱門股) 太舊: 29 天
  [DEL] (6569|熱門股) 太舊: 29 天
  [DEL] (2880|熱門股) 太舊: 29 天
  [DEL] (6264|熱門股) 太舊: 29 天
  [DEL] (2884|熱門股) 太舊: 29 天
  [DEL] (2002|熱門股) 太舊: 29 天
  [DEL] (2929|熱門股) 太舊: 29 天
  [DEL] (2762|熱門股) 太舊: 29 天
  [DEL] (4924|熱門股) 太舊: 29 天
  [DEL] (3494|熱門股) 太舊: 29 天
  [DEL] (2231|熱門股) 太舊: 29 天
  [DEL] (3260|熱門股) 太舊: 29 天
  [DEL] (6411|熱門股) 太舊: 29 天
  [DEL] (2327|熱門股) 太舊: 29 天
  [DEL] (4904|熱門股) 太舊: 30 天
  [DEL] (2401|熱門股) 太舊: 30 天
  [DEL] (2002|熱門股) 太舊: 30 天
  [DEL] (1216|熱門股) 太舊: 30 天
  [DEL] (6472|熱門股) 太舊: 30 天
  [DEL] (2353|熱門股) 太舊: 30 天
  [DEL] (2472|熱門股) 太舊: 30 天
  [DEL] (2395|熱門股) 太舊: 30 天
  [DEL] (2610|熱門股) 太舊: 30 天
  [DEL] (6741|熱門股) 太舊: 30 天
  [DEL] (3711|熱門股) 太舊: 30 天
  [DEL] (2615|熱門股) 太舊: 30 天
  [DEL] (3045|熱門股) 太舊: 30 天
  [DEL] (1308|熱門股) 太舊: 30 天
  [DEL] (1303|熱門股) 太舊: 30 天
  [DEL] (4304|熱門股) 太舊: 30 天
  [DEL] (1611|熱門股) 太舊: 30 天
  [DEL] (3029|熱門股) 太舊: 30 天
  [DEL] (3029|熱門股) 太舊: 30 天

============================================================
[OK] 內文補抓完成!
============================================================
處理新聞: 5845 筆
耗時: 4439.0 秒
============================================================

[週二 2026/06/16 14:39:50.02] Running yahoo fetch_content... 
d:\StockPulse\stocks_news\yahoo\fetch_content.py:266: DeprecationWarning: 'asyncio.WindowsSelectorEventLoopPolicy' is deprecated and slated for removal in Python 3.16
  asyncio.set_event_loop_policy(asyncio.WindowsSelectorEventLoopPolicy())
d:\StockPulse\stocks_news\yahoo\fetch_content.py:266: DeprecationWarning: 'asyncio.set_event_loop_policy' is deprecated and slated for removal in Python 3.16
  asyncio.set_event_loop_policy(asyncio.WindowsSelectorEventLoopPolicy())
[START] Fetching news content...
Found 6064 news items without content
\n[START] Processing 6064 tasks (max concurrency: 5)...\n
[DELETE] (6202|hot) Too old: 39 days (limit: 3)
[DELETE] (6202|hot) Too old: 63 days (limit: 3)
[DELETE] (6202|hot) Too old: 68 days (limit: 3)
[DELETE] (6202|hot) Too old: 48 days (limit: 3)
[DELETE] (6202|hot) Too old: 8 days (limit: 3)
[DELETE] (6526|hot) Too old: 19 days (limit: 3)
[DELETE] (6526|hot) Too old: 6 days (limit: 3)
[DELETE] (6526|hot) Too old: 18 days (limit: 3)
[DELETE] (6526|hot) Too old: 18 days (limit: 3)
[DELETE] (6526|hot) Too old: 6 days (limit: 3)
[DELETE] (1712|hot) Too old: 7 days (limit: 3)
[DELETE] (1712|hot) Too old: 7 days (limit: 3)
[DELETE] (1712|hot) Too old: 6 days (limit: 3)
[DELETE] (1712|hot) Too old: 7 days (limit: 3)
[DELETE] (1712|hot) Too old: 4 days (limit: 3)
[DELETE] (6558|hot) Too old: 67 days (limit: 3)
[DELETE] (6558|hot) Too old: 36 days (limit: 3)
[DELETE] (6558|hot) Too old: 98 days (limit: 3)
[DELETE] (6558|hot) Too old: 33 days (limit: 3)
[DELETE] (6558|hot) Too old: 6 days (limit: 3)
[DELETE] (3338|hot) Too old: 21 days (limit: 3)
[DELETE] (3338|hot) Too old: 21 days (limit: 3)
[DELETE] (3338|hot) Too old: 21 days (limit: 3)
[DELETE] (3338|hot) Too old: 8 days (limit: 3)
[DELETE] (3338|hot) Too old: 6 days (limit: 3)
[DELETE] (3033|hot) Too old: 68 days (limit: 3)
[DELETE] (3033|hot) Too old: 95 days (limit: 3)
[DELETE] (3033|hot) Too old: 39 days (limit: 3)
[DELETE] (3033|hot) Too old: 8 days (limit: 3)
[DELETE] (3033|hot) Too old: 22 days (limit: 3)
[DELETE] (6541|hot) Too old: 55 days (limit: 3)
[DELETE] (6541|hot) Too old: 43 days (limit: 3)
[DELETE] (6541|hot) Too old: 55 days (limit: 3)
[DELETE] (6541|hot) Too old: 39 days (limit: 3)
[DELETE] (6541|hot) Too old: 7 days (limit: 3)
[DELETE] (8111|hot) Too old: 102 days (limit: 3)
[DELETE] (8111|hot) Too old: 68 days (limit: 3)
[DELETE] (8111|hot) Too old: 46 days (limit: 3)
[DELETE] (8111|hot) Too old: 39 days (limit: 3)
[DELETE] (7722|hot) Too old: 21 days (limit: 3)
[DELETE] (8111|hot) Too old: 11 days (limit: 3)
[DELETE] (7722|hot) Too old: 21 days (limit: 3)
[DELETE] (3567|hot) Too old: 67 days (limit: 3)
[DELETE] (7722|hot) Too old: 6 days (limit: 3)
[DELETE] (7722|hot) Too old: 6 days (limit: 3)
[DELETE] (3567|hot) Too old: 55 days (limit: 3)
[DELETE] (7722|hot) Too old: 5 days (limit: 3)
[DELETE] (3567|hot) Too old: 39 days (limit: 3)
[DELETE] (3567|hot) Too old: 47 days (limit: 3)
[OK] (3567) Updated content (4083 chars)
[DELETE] (6715|hot) Too old: 8 days (limit: 3)
[DELETE] (6715|hot) Too old: 8 days (limit: 3)
[DELETE] (6715|hot) Too old: 5 days (limit: 3)
[DELETE] (8467|hot) Too old: 39 days (limit: 3)
[OK] (6715) Updated content (3477 chars)
[DELETE] (6715|hot) Too old: 5 days (limit: 3)
[DELETE] (8467|hot) Too old: 27 days (limit: 3)
[DELETE] (8467|hot) Too old: 27 days (limit: 3)
[DELETE] (8467|hot) Too old: 6 days (limit: 3)
[DELETE] (8467|hot) Too old: 19 days (limit: 3)
[DELETE] (1714|hot) Too old: 39 days (limit: 3)
[DELETE] (1714|hot) Too old: 20 days (limit: 3)
[DELETE] (1714|hot) Too old: 20 days (limit: 3)
[DELETE] (1714|hot) Too old: 11 days (limit: 3)
[DELETE] (1714|hot) Too old: 11 days (limit: 3)
[DELETE] (1514|hot) Too old: 6 days (limit: 3)
[DELETE] (1514|hot) Too old: 20 days (limit: 3)
[DELETE] (1514|hot) Too old: 6 days (limit: 3)
[DELETE] (1514|hot) Too old: 5 days (limit: 3)
[DELETE] (1514|hot) Too old: 5 days (limit: 3)
[DELETE] (8163|hot) Too old: 19 days (limit: 3)
[DELETE] (8163|hot) Too old: 20 days (limit: 3)
[DELETE] (8163|hot) Too old: 19 days (limit: 3)
[DELETE] (8163|hot) Too old: 20 days (limit: 3)
[DELETE] (8163|hot) Too old: 12 days (limit: 3)
[DELETE] (3028|hot) Too old: 69 days (limit: 3)
[DELETE] (3028|hot) Too old: 15 days (limit: 3)
[DELETE] (3028|hot) Too old: 39 days (limit: 3)
[DELETE] (3028|hot) Too old: 39 days (limit: 3)
[DELETE] (3028|hot) Too old: 8 days (limit: 3)
[DELETE] (6146|hot) Too old: 14 days (limit: 3)
[DELETE] (6146|hot) Too old: 22 days (limit: 3)
[DELETE] (6146|hot) Too old: 41 days (limit: 3)
[DELETE] (6146|hot) Too old: 34 days (limit: 3)
[DELETE] (6146|hot) Too old: 13 days (limit: 3)
[DELETE] (9955|hot) Too old: 11 days (limit: 3)
[DELETE] (9955|hot) Too old: 28 days (limit: 3)
[DELETE] (9955|hot) Too old: 15 days (limit: 3)
[DELETE] (9955|hot) Too old: 18 days (limit: 3)
[DELETE] (9955|hot) Too old: 7 days (limit: 3)
[DELETE] (6462|hot) Too old: 22 days (limit: 3)
[DELETE] (6462|hot) Too old: 27 days (limit: 3)
[DELETE] (6462|hot) Too old: 15 days (limit: 3)
[DELETE] (6462|hot) Too old: 20 days (limit: 3)
[DELETE] (6462|hot) Too old: 6 days (limit: 3)
[DELETE] (6803|hot) Too old: 39 days (limit: 3)
[DELETE] (6803|hot) Too old: 39 days (limit: 3)
[DELETE] (6803|hot) Too old: 36 days (limit: 3)
[DELETE] (6803|hot) Too old: 34 days (limit: 3)
[DELETE] (6803|hot) Too old: 8 days (limit: 3)
[DELETE] (6994|hot) Too old: 40 days (limit: 3)
[DELETE] (6994|hot) Too old: 40 days (limit: 3)
[DELETE] (6994|hot) Too old: 39 days (limit: 3)
[DELETE] (6994|hot) Too old: 25 days (limit: 3)
[DELETE] (2634|hot) Too old: 12 days (limit: 3)
[DELETE] (6994|hot) Too old: 6 days (limit: 3)
[DELETE] (2634|hot) Too old: 12 days (limit: 3)
[DELETE] (2634|hot) Too old: 7 days (limit: 3)
[DELETE] (2634|hot) Too old: 8 days (limit: 3)
[DELETE] (2634|hot) Too old: 6 days (limit: 3)
[DELETE] (2368|hot) Too old: 13 days (limit: 3)
[DELETE] (2368|hot) Too old: 12 days (limit: 3)
[DELETE] (2368|hot) Too old: 11 days (limit: 3)
[DELETE] (2368|hot) Too old: 11 days (limit: 3)
[DELETE] (2368|hot) Too old: 8 days (limit: 3)
[DELETE] (1308|hot) Too old: 28 days (limit: 3)
[DELETE] (1308|hot) Too old: 29 days (limit: 3)
[DELETE] (1308|hot) Too old: 28 days (limit: 3)
[DELETE] (1308|hot) Too old: 19 days (limit: 3)
[DELETE] (3027|hot) Too old: 39 days (limit: 3)
[DELETE] (3027|hot) Too old: 26 days (limit: 3)
[DELETE] (1308|hot) Too old: 11 days (limit: 3)
[DELETE] (3027|hot) Too old: 5 days (limit: 3)
[DELETE] (3027|hot) Too old: 8 days (limit: 3)
[DELETE] (3027|hot) Too old: 11 days (limit: 3)
[DELETE] (3374|hot) Too old: 98 days (limit: 3)
[DELETE] (3374|hot) Too old: 67 days (limit: 3)
[DELETE] (3374|hot) Too old: 6 days (limit: 3)
[DELETE] (3374|hot) Too old: 39 days (limit: 3)
[DELETE] (3374|hot) Too old: 53 days (limit: 3)
[DELETE] (5228|hot) Too old: 48 days (limit: 3)
[SKIP] (5228) Failed to fetch: https://tw.stock.yahoo.com/news/%E5%85%AC%E5%91%8A-%E9%88%BA%E9%8E%A7%E6%9C%89%E5%83%B9%E8%AD%89%E5%88%B8%E8%BF%91%E6%9C%9F%E8%82%A1%E5%83%B9%E9%87%8F%E7%95%B0%E5%B8%B8-%E6%95%85%E5%85%AC%E5%91%8A%E7%9B%B8%E9%97%9C%E8%A8%8A%E6%81%AF-%E4%BB%A5%E5%88%A9%E6%8A%95%E8%B3%87%E4%BA%BA%E5%8D%80%E5%88%A5%E6%9A%B8%E8%A7%A3-063920227.html
[DELETE] (5228|hot) Too old: 40 days (limit: 3)
[DELETE] (5228|hot) Too old: 11 days (limit: 3)
[DELETE] (5228|hot) Too old: 39 days (limit: 3)
[DELETE] (5871|hot) Too old: 6 days (limit: 3)
[DELETE] (5871|hot) Too old: 6 days (limit: 3)
[DELETE] (5871|hot) Too old: 5 days (limit: 3)
[DELETE] (5871|hot) Too old: 5 days (limit: 3)
[DELETE] (2537|hot) Too old: 98 days (limit: 3)
[DELETE] (5871|hot) Too old: 5 days (limit: 3)
[DELETE] (2537|hot) Too old: 97 days (limit: 3)
[DELETE] (2537|hot) Too old: 67 days (limit: 3)
[DELETE] (2537|hot) Too old: 39 days (limit: 3)
[DELETE] (2537|hot) Too old: 8 days (limit: 3)
[DELETE] (3533|hot) Too old: 21 days (limit: 3)
[DELETE] (3533|hot) Too old: 21 days (limit: 3)
[DELETE] (3533|hot) Too old: 21 days (limit: 3)
[DELETE] (3533|hot) Too old: 21 days (limit: 3)
[DELETE] (1612|hot) Too old: 68 days (limit: 3)
[DELETE] (3533|hot) Too old: 8 days (limit: 3)
[DELETE] (1612|hot) Too old: 40 days (limit: 3)
[DELETE] (1612|hot) Too old: 6 days (limit: 3)
[DELETE] (2472|hot) Too old: 7 days (limit: 3)
[DELETE] (1612|hot) Too old: 27 days (limit: 3)
[DELETE] (1612|hot) Too old: 11 days (limit: 3)
[DELETE] (2472|hot) Too old: 7 days (limit: 3)
[DELETE] (6895|hot) Too old: 106 days (limit: 3)
[DELETE] (2472|hot) Too old: 6 days (limit: 3)
[OK] (2472) Updated content (3477 chars)
[DELETE] (2472|hot) Too old: 4 days (limit: 3)
[DELETE] (6895|hot) Too old: 99 days (limit: 3)
[DELETE] (6895|hot) Too old: 39 days (limit: 3)
[DELETE] (6895|hot) Too old: 68 days (limit: 3)
[OK] (2308) Updated content (3692 chars)
[DELETE] (6895|hot) Too old: 6 days (limit: 3)
[OK] (2308) Updated content (3353 chars)
[OK] (2308) Updated content (3433 chars)
[OK] (2308) Updated content (3486 chars)
[OK] (2308) Updated content (3409 chars)
[DELETE] (6257|hot) Too old: 18 days (limit: 3)
[DELETE] (6257|hot) Too old: 12 days (limit: 3)
[DELETE] (6257|hot) Too old: 5 days (limit: 3)
[DELETE] (3693|hot) Too old: 42 days (limit: 3)
[DELETE] (6257|hot) Too old: 18 days (limit: 3)
[OK] (6257) Updated content (2896 chars)
[DELETE] (3693|hot) Too old: 40 days (limit: 3)
[DELETE] (3693|hot) Too old: 8 days (limit: 3)
[DELETE] (6206|hot) Too old: 47 days (limit: 3)
[DELETE] (3693|hot) Too old: 34 days (limit: 3)
[DELETE] (3693|hot) Too old: 18 days (limit: 3)
[DELETE] (6206|hot) Too old: 39 days (limit: 3)
[DELETE] (6206|hot) Too old: 19 days (limit: 3)
[DELETE] (6206|hot) Too old: 39 days (limit: 3)
[DELETE] (6152|hot) Too old: 39 days (limit: 3)
[DELETE] (6206|hot) Too old: 8 days (limit: 3)
[DELETE] (6152|hot) Too old: 8 days (limit: 3)
[DELETE] (6152|hot) Too old: 5 days (limit: 3)
[DELETE] (6152|hot) Too old: 5 days (limit: 3)
[DELETE] (3346|hot) Too old: 39 days (limit: 3)
[DELETE] (6152|hot) Too old: 5 days (limit: 3)
[DELETE] (3346|hot) Too old: 21 days (limit: 3)
[DELETE] (9921|hot) Too old: 20 days (limit: 3)
[DELETE] (9921|hot) Too old: 36 days (limit: 3)
[DELETE] (9921|hot) Too old: 11 days (limit: 3)
[DELETE] (3346|hot) Too old: 13 days (limit: 3)
[DELETE] (3346|hot) Too old: 20 days (limit: 3)
[DELETE] (9921|hot) Too old: 6 days (limit: 3)
[DELETE] (4562|hot) Too old: 68 days (limit: 3)
[DELETE] (9921|hot) Too old: 6 days (limit: 3)
[DELETE] (3346|hot) Too old: 6 days (limit: 3)
[DELETE] (4562|hot) Too old: 47 days (limit: 3)
[DELETE] (4562|hot) Too old: 39 days (limit: 3)
[DELETE] (3596|hot) Too old: 70 days (limit: 3)
[DELETE] (4562|hot) Too old: 6 days (limit: 3)
[DELETE] (3596|hot) Too old: 63 days (limit: 3)
[DELETE] (4562|hot) Too old: 36 days (limit: 3)
[DELETE] (3596|hot) Too old: 41 days (limit: 3)
[DELETE] (3596|hot) Too old: 12 days (limit: 3)
[DELETE] (2645|hot) Too old: 39 days (limit: 3)
[DELETE] (2645|hot) Too old: 67 days (limit: 3)
[DELETE] (3596|hot) Too old: 5 days (limit: 3)
[DELETE] (2645|hot) Too old: 36 days (limit: 3)
[DELETE] (2645|hot) Too old: 6 days (limit: 3)
[DELETE] (2645|hot) Too old: 29 days (limit: 3)
[DELETE] (8240|hot) Too old: 39 days (limit: 3)
[DELETE] (8240|hot) Too old: 36 days (limit: 3)
[DELETE] (8240|hot) Too old: 22 days (limit: 3)
[DELETE] (8240|hot) Too old: 11 days (limit: 3)
[DELETE] (8240|hot) Too old: 22 days (limit: 3)
[DELETE] (2845|hot) Too old: 19 days (limit: 3)
[DELETE] (2845|hot) Too old: 25 days (limit: 3)
[DELETE] (2845|hot) Too old: 8 days (limit: 3)
[DELETE] (2845|hot) Too old: 8 days (limit: 3)
[DELETE] (2374|hot) Too old: 35 days (limit: 3)
[OK] (2845) Updated content (4120 chars)
[DELETE] (2374|hot) Too old: 20 days (limit: 3)
[DELETE] (2374|hot) Too old: 35 days (limit: 3)
[DELETE] (2374|hot) Too old: 19 days (limit: 3)
[DELETE] (2374|hot) Too old: 8 days (limit: 3)
[DELETE] (4772|hot) Too old: 78 days (limit: 3)
[DELETE] (4772|hot) Too old: 39 days (limit: 3)
[DELETE] (4772|hot) Too old: 68 days (limit: 3)
[DELETE] (4772|hot) Too old: 11 days (limit: 3)
[DELETE] (4772|hot) Too old: 19 days (limit: 3)
[OK] (2317) Updated content (2917 chars)
[OK] (2317) Updated content (4850 chars)
[OK] (2317) Updated content (4816 chars)
[OK] (2317) Updated content (5193 chars)
[OK] (2317) Updated content (3409 chars)
[DELETE] (6903|hot) Too old: 33 days (limit: 3)
[DELETE] (6903|hot) Too old: 39 days (limit: 3)
[DELETE] (6903|hot) Too old: 11 days (limit: 3)
[DELETE] (6903|hot) Too old: 18 days (limit: 3)
[DELETE] (6903|hot) Too old: 6 days (limit: 3)
[DELETE] (3491|hot) Too old: 11 days (limit: 3)
[DELETE] (3491|hot) Too old: 19 days (limit: 3)
[DELETE] (3491|hot) Too old: 11 days (limit: 3)
[DELETE] (3491|hot) Too old: 18 days (limit: 3)
[DELETE] (3491|hot) Too old: 7 days (limit: 3)
[DELETE] (5425|hot) Too old: 67 days (limit: 3)
[DELETE] (5425|hot) Too old: 6 days (limit: 3)
[DELETE] (5425|hot) Too old: 47 days (limit: 3)
[DELETE] (5425|hot) Too old: 36 days (limit: 3)
[DELETE] (5483|hot) Too old: 6 days (limit: 3)
[DELETE] (5425|hot) Too old: 39 days (limit: 3)
[DELETE] (5483|hot) Too old: 4 days (limit: 3)
[OK] (5483) Updated content (3278 chars)
[OK] (5483) Updated content (3497 chars)
[OK] (5483) Updated content (3282 chars)
[DELETE] (6913|hot) Too old: 35 days (limit: 3)
[DELETE] (6913|hot) Too old: 35 days (limit: 3)
[DELETE] (6913|hot) Too old: 34 days (limit: 3)
[DELETE] (6913|hot) Too old: 26 days (limit: 3)
[DELETE] (6913|hot) Too old: 11 days (limit: 3)
[DELETE] (2836|hot) Too old: 39 days (limit: 3)
[DELETE] (2836|hot) Too old: 7 days (limit: 3)
[DELETE] (2836|hot) Too old: 6 days (limit: 3)
[DELETE] (2836|hot) Too old: 32 days (limit: 3)
[DELETE] (2836|hot) Too old: 5 days (limit: 3)
[DELETE] (6725|hot) Too old: 35 days (limit: 3)
[DELETE] (6725|hot) Too old: 35 days (limit: 3)
[DELETE] (6725|hot) Too old: 18 days (limit: 3)
[DELETE] (6725|hot) Too old: 34 days (limit: 3)
[DELETE] (6725|hot) Too old: 6 days (limit: 3)
[DELETE] (2382|hot) Too old: 4 days (limit: 3)
[OK] (2382) Updated content (4839 chars)
[OK] (2382) Updated content (3726 chars)
[OK] (2382) Updated content (3692 chars)
[OK] (2382) Updated content (3433 chars)
[DELETE] (5534|hot) Too old: 34 days (limit: 3)
[DELETE] (5534|hot) Too old: 12 days (limit: 3)
[DELETE] (5534|hot) Too old: 12 days (limit: 3)
[DELETE] (5534|hot) Too old: 12 days (limit: 3)
[DELETE] (1506|hot) Too old: 43 days (limit: 3)
[DELETE] (5534|hot) Too old: 6 days (limit: 3)
[DELETE] (1506|hot) Too old: 20 days (limit: 3)
[DELETE] (1506|hot) Too old: 35 days (limit: 3)
[DELETE] (1506|hot) Too old: 40 days (limit: 3)
[DELETE] (1506|hot) Too old: 8 days (limit: 3)
[DELETE] (3038|hot) Too old: 27 days (limit: 3)
[DELETE] (3038|hot) Too old: 42 days (limit: 3)
[DELETE] (3038|hot) Too old: 39 days (limit: 3)
[DELETE] (3038|hot) Too old: 20 days (limit: 3)
[DELETE] (3038|hot) Too old: 6 days (limit: 3)
[DELETE] (2535|hot) Too old: 7 days (limit: 3)
[DELETE] (2535|hot) Too old: 16 days (limit: 3)
[DELETE] (2535|hot) Too old: 7 days (limit: 3)
[DELETE] (2535|hot) Too old: 7 days (limit: 3)
[DELETE] (2535|hot) Too old: 6 days (limit: 3)
[DELETE] (5274|hot) Too old: 15 days (limit: 3)
[DELETE] (5274|hot) Too old: 13 days (limit: 3)
[DELETE] (5274|hot) Too old: 4 days (limit: 3)
[DELETE] (5274|hot) Too old: 11 days (limit: 3)
[DELETE] (5274|hot) Too old: 11 days (limit: 3)
[DELETE] (3665|hot) Too old: 6 days (limit: 3)
[DELETE] (3665|hot) Too old: 6 days (limit: 3)
[DELETE] (3665|hot) Too old: 5 days (limit: 3)
[DELETE] (3665|hot) Too old: 6 days (limit: 3)
[DELETE] (3665|hot) Too old: 5 days (limit: 3)
[DELETE] (3685|hot) Too old: 43 days (limit: 3)
[DELETE] (3685|hot) Too old: 37 days (limit: 3)
[DELETE] (3685|hot) Too old: 18 days (limit: 3)
[DELETE] (3685|hot) Too old: 35 days (limit: 3)
[DELETE] (3685|hot) Too old: 6 days (limit: 3)
[DELETE] (2201|hot) Too old: 20 days (limit: 3)
[DELETE] (2201|hot) Too old: 20 days (limit: 3)
[DELETE] (2201|hot) Too old: 6 days (limit: 3)
[DELETE] (2201|hot) Too old: 4 days (limit: 3)
[DELETE] (4739|hot) Too old: 22 days (limit: 3)
[DELETE] (2201|hot) Too old: 4 days (limit: 3)
[DELETE] (4739|hot) Too old: 22 days (limit: 3)
[DELETE] (4739|hot) Too old: 22 days (limit: 3)
[DELETE] (4739|hot) Too old: 13 days (limit: 3)
[DELETE] (8227|hot) Too old: 26 days (limit: 3)
[DELETE] (8227|hot) Too old: 21 days (limit: 3)
[DELETE] (4739|hot) Too old: 8 days (limit: 3)
[DELETE] (8227|hot) Too old: 26 days (limit: 3)
[DELETE] (5371|hot) Too old: 4 days (limit: 3)
[DELETE] (8227|hot) Too old: 13 days (limit: 3)
[DELETE] (5371|hot) Too old: 4 days (limit: 3)
[DELETE] (8227|hot) Too old: 8 days (limit: 3)
[DELETE] (5371|hot) Too old: 4 days (limit: 3)
[DELETE] (5371|hot) Too old: 4 days (limit: 3)
[DELETE] (5371|hot) Too old: 4 days (limit: 3)
[DELETE] (2329|hot) Too old: 21 days (limit: 3)
[DELETE] (2329|hot) Too old: 21 days (limit: 3)
[DELETE] (2329|hot) Too old: 18 days (limit: 3)
[DELETE] (2329|hot) Too old: 11 days (limit: 3)
[DELETE] (2329|hot) Too old: 12 days (limit: 3)
[DELETE] (4563|hot) Too old: 67 days (limit: 3)
[DELETE] (4563|hot) Too old: 83 days (limit: 3)
[DELETE] (4563|hot) Too old: 6 days (limit: 3)
[DELETE] (4563|hot) Too old: 40 days (limit: 3)
[DELETE] (4563|hot) Too old: 39 days (limit: 3)
[DELETE] (2834|hot) Too old: 5 days (limit: 3)
[DELETE] (2834|hot) Too old: 5 days (limit: 3)
[DELETE] (2834|hot) Too old: 5 days (limit: 3)
[DELETE] (2834|hot) Too old: 4 days (limit: 3)
[OK] (2834) Updated content (3425 chars)
[DELETE] (1325|hot) Too old: 67 days (limit: 3)
[DELETE] (1325|hot) Too old: 48 days (limit: 3)
[DELETE] (1325|hot) Too old: 39 days (limit: 3)
[DELETE] (1325|hot) Too old: 39 days (limit: 3)
[DELETE] (1325|hot) Too old: 6 days (limit: 3)
[DELETE] (6284|hot) Too old: 39 days (limit: 3)
[DELETE] (6284|hot) Too old: 26 days (limit: 3)
[DELETE] (6284|hot) Too old: 8 days (limit: 3)
[SKIP] (6284) Failed to fetch: https://tw.stock.yahoo.com/news/%E5%85%AC%E5%91%8A-%E4%BD%B3%E9%82%A6%E8%91%A3%E4%BA%8B%E7%95%B6%E7%84%B6%E8%A7%A3%E4%BB%BB-080320743.html
[DELETE] (4977|hot) Too old: 39 days (limit: 3)
[DELETE] (6284|hot) Too old: 4 days (limit: 3)
[DELETE] (4977|hot) Too old: 36 days (limit: 3)
[DELETE] (4977|hot) Too old: 8 days (limit: 3)
[DELETE] (4977|hot) Too old: 8 days (limit: 3)
[DELETE] (4927|hot) Too old: 69 days (limit: 3)
[DELETE] (4927|hot) Too old: 95 days (limit: 3)
[DELETE] (4977|hot) Too old: 6 days (limit: 3)
[DELETE] (4927|hot) Too old: 41 days (limit: 3)
[DELETE] (4927|hot) Too old: 48 days (limit: 3)
[DELETE] (4536|hot) Too old: 35 days (limit: 3)
[DELETE] (4927|hot) Too old: 11 days (limit: 3)
[DELETE] (4536|hot) Too old: 39 days (limit: 3)
[DELETE] (4536|hot) Too old: 35 days (limit: 3)
[DELETE] (4536|hot) Too old: 7 days (limit: 3)
[DELETE] (4536|hot) Too old: 6 days (limit: 3)
[DELETE] (3363|hot) Too old: 56 days (limit: 3)
[DELETE] (3363|hot) Too old: 21 days (limit: 3)
[DELETE] (3363|hot) Too old: 41 days (limit: 3)
[DELETE] (3363|hot) Too old: 19 days (limit: 3)
[DELETE] (3363|hot) Too old: 8 days (limit: 3)
[DELETE] (3305|hot) Too old: 41 days (limit: 3)
[DELETE] (3305|hot) Too old: 41 days (limit: 3)
[DELETE] (3305|hot) Too old: 8 days (limit: 3)
[DELETE] (3305|hot) Too old: 5 days (limit: 3)
[DELETE] (3305|hot) Too old: 5 days (limit: 3)
[DELETE] (6425|hot) Too old: 15 days (limit: 3)
[DELETE] (6425|hot) Too old: 12 days (limit: 3)
[DELETE] (6425|hot) Too old: 14 days (limit: 3)
[OK] (6425) Updated content (3824 chars)
[DELETE] (6026|hot) Too old: 47 days (limit: 3)
[DELETE] (6425|hot) Too old: 6 days (limit: 3)
[DELETE] (6026|hot) Too old: 39 days (limit: 3)
[SKIP] (6026) Failed to fetch: https://tw.stock.yahoo.com/news/%E5%85%AC%E5%91%8A-%E7%A6%8F%E9%82%A6%E8%AD%89%E8%91%A3%E4%BA%8B%E6%9C%83%E9%80%9A%E9%81%8E115%E5%B9%B4%E7%AC%AC1%E5%AD%A3%E5%90%88%E4%BD%B5%E8%B2%A1%E5%8B%99%E5%A0%B1%E5%91%8A-082919652.html
[DELETE] (6026|hot) Too old: 7 days (limit: 3)
[DELETE] (2465|hot) Too old: 36 days (limit: 3)
[DELETE] (6026|hot) Too old: 5 days (limit: 3)
[DELETE] (2465|hot) Too old: 33 days (limit: 3)
[DELETE] (2465|hot) Too old: 13 days (limit: 3)
[OK] (3711) Updated content (3119 chars)
[DELETE] (2465|hot) Too old: 13 days (limit: 3)
[OK] (3711) Updated content (4833 chars)
[DELETE] (2465|hot) Too old: 8 days (limit: 3)
[OK] (3711) Updated content (6089 chars)
[OK] (3711) Updated content (3433 chars)
[OK] (3711) Updated content (4851 chars)
[DELETE] (1528|hot) Too old: 25 days (limit: 3)
[DELETE] (1528|hot) Too old: 27 days (limit: 3)
[DELETE] (1528|hot) Too old: 25 days (limit: 3)
[DELETE] (1528|hot) Too old: 25 days (limit: 3)
[DELETE] (1528|hot) Too old: 6 days (limit: 3)
[DELETE] (3088|hot) Too old: 7 days (limit: 3)
[DELETE] (3088|hot) Too old: 15 days (limit: 3)
[DELETE] (3088|hot) Too old: 13 days (limit: 3)
[DELETE] (3088|hot) Too old: 6 days (limit: 3)
[DELETE] (3088|hot) Too old: 6 days (limit: 3)
[DELETE] (9938|hot) Too old: 7 days (limit: 3)
[DELETE] (9938|hot) Too old: 7 days (limit: 3)
[DELETE] (9938|hot) Too old: 7 days (limit: 3)
[DELETE] (9938|hot) Too old: 4 days (limit: 3)
[DELETE] (5508|hot) Too old: 50 days (limit: 3)
[DELETE] (9938|hot) Too old: 7 days (limit: 3)
[DELETE] (5508|hot) Too old: 76 days (limit: 3)
[DELETE] (5508|hot) Too old: 20 days (limit: 3)
[DELETE] (5508|hot) Too old: 43 days (limit: 3)
[DELETE] (6415|hot) Too old: 14 days (limit: 3)
[DELETE] (5508|hot) Too old: 15 days (limit: 3)
[DELETE] (6415|hot) Too old: 6 days (limit: 3)
[DELETE] (6415|hot) Too old: 5 days (limit: 3)
[DELETE] (6415|hot) Too old: 14 days (limit: 3)
[DELETE] (6415|hot) Too old: 14 days (limit: 3)
[DELETE] (7712|hot) Too old: 98 days (limit: 3)
[DELETE] (7712|hot) Too old: 67 days (limit: 3)
[DELETE] (7712|hot) Too old: 39 days (limit: 3)
[DELETE] (7712|hot) Too old: 42 days (limit: 3)
[DELETE] (7712|hot) Too old: 7 days (limit: 3)
[DELETE] (1597|hot) Too old: 50 days (limit: 3)
[DELETE] (1597|hot) Too old: 39 days (limit: 3)
[DELETE] (1597|hot) Too old: 20 days (limit: 3)
[DELETE] (1597|hot) Too old: 6 days (limit: 3)
[DELETE] (1597|hot) Too old: 20 days (limit: 3)
[DELETE] (2312|hot) Too old: 22 days (limit: 3)
[DELETE] (2312|hot) Too old: 22 days (limit: 3)
[DELETE] (2312|hot) Too old: 22 days (limit: 3)
[DELETE] (2312|hot) Too old: 20 days (limit: 3)
[DELETE] (2312|hot) Too old: 7 days (limit: 3)
[DELETE] (6561|hot) Too old: 36 days (limit: 3)
[DELETE] (6561|hot) Too old: 42 days (limit: 3)
[DELETE] (6561|hot) Too old: 22 days (limit: 3)
[DELETE] (6561|hot) Too old: 41 days (limit: 3)
[DELETE] (6561|hot) Too old: 8 days (limit: 3)
[DELETE] (1785|hot) Too old: 22 days (limit: 3)
[DELETE] (1785|hot) Too old: 22 days (limit: 3)
[DELETE] (1785|hot) Too old: 22 days (limit: 3)
[DELETE] (1785|hot) Too old: 22 days (limit: 3)
[DELETE] (1785|hot) Too old: 22 days (limit: 3)
[DELETE] (1582|hot) Too old: 15 days (limit: 3)
[DELETE] (1582|hot) Too old: 5 days (limit: 3)
[DELETE] (1582|hot) Too old: 8 days (limit: 3)
[DELETE] (1582|hot) Too old: 5 days (limit: 3)
[DELETE] (1582|hot) Too old: 5 days (limit: 3)
[DELETE] (6239|hot) Too old: 14 days (limit: 3)
[DELETE] (6239|hot) Too old: 13 days (limit: 3)
[DELETE] (6239|hot) Too old: 11 days (limit: 3)
[DELETE] (6239|hot) Too old: 6 days (limit: 3)
[OK] (6239) Updated content (3346 chars)
[DELETE] (6151|hot) Too old: 4 days (limit: 3)
[DELETE] (6151|hot) Too old: 4 days (limit: 3)
[DELETE] (6151|hot) Too old: 4 days (limit: 3)
[DELETE] (6151|hot) Too old: 4 days (limit: 3)
[DELETE] (6151|hot) Too old: 4 days (limit: 3)
[DELETE] (2520|hot) Too old: 39 days (limit: 3)
[DELETE] (2520|hot) Too old: 39 days (limit: 3)
[DELETE] (2520|hot) Too old: 20 days (limit: 3)
[DELETE] (2520|hot) Too old: 33 days (limit: 3)
[DELETE] (2520|hot) Too old: 6 days (limit: 3)
[DELETE] (8110|hot) Too old: 57 days (limit: 3)
[DELETE] (8110|hot) Too old: 49 days (limit: 3)
[DELETE] (8110|hot) Too old: 49 days (limit: 3)
[DELETE] (8110|hot) Too old: 39 days (limit: 3)
[DELETE] (6190|hot) Too old: 27 days (limit: 3)
[DELETE] (8110|hot) Too old: 6 days (limit: 3)
[DELETE] (6190|hot) Too old: 22 days (limit: 3)
[DELETE] (6190|hot) Too old: 18 days (limit: 3)
[DELETE] (6190|hot) Too old: 8 days (limit: 3)
[DELETE] (6190|hot) Too old: 6 days (limit: 3)
[DELETE] (1569|hot) Too old: 36 days (limit: 3)
[SKIP] (1569) Failed to fetch: https://tw.stock.yahoo.com/news/%E5%85%AC%E5%91%8A-%E6%BF%B1%E5%B7%9D115%E5%B9%B4%E7%AC%AC1%E5%AD%A3%E8%B2%A1%E5%8B%99%E5%A0%B1%E5%91%8A%E8%91%A3%E4%BA%8B%E6%9C%83%E9%A0%90%E8%A8%88%E5%8F%AC%E9%96%8B%E6%97%A5%E6%9C%9F%E7%82%BA115%E5%B9%B405%E6%9C%8812%E6%97%A5-064323697.html
[DELETE] (1569|hot) Too old: 35 days (limit: 3)
[DELETE] (1569|hot) Too old: 35 days (limit: 3)
[DELETE] (1569|hot) Too old: 7 days (limit: 3)
[DELETE] (3624|hot) Too old: 48 days (limit: 3)
[DELETE] (3624|hot) Too old: 40 days (limit: 3)
[DELETE] (3624|hot) Too old: 40 days (limit: 3)
[DELETE] (3624|hot) Too old: 8 days (limit: 3)
[DELETE] (3624|hot) Too old: 27 days (limit: 3)
[DELETE] (6919|hot) Too old: 25 days (limit: 3)
[DELETE] (6919|hot) Too old: 25 days (limit: 3)
[DELETE] (6919|hot) Too old: 19 days (limit: 3)
[DELETE] (6919|hot) Too old: 7 days (limit: 3)
[DELETE] (6919|hot) Too old: 13 days (limit: 3)
[DELETE] (5475|hot) Too old: 37 days (limit: 3)
[SKIP] (5475) Failed to fetch: https://tw.stock.yahoo.com/news/%E5%85%AC%E5%91%8A-%E5%BE%B7%E5%AE%8F%E6%9C%89%E5%83%B9%E8%AD%89%E5%88%B8%E8%BF%91%E6%9C%9F%E5%A4%9A%E6%AC%A1%E9%81%94%E5%85%AC%E5%B8%83%E6%B3%A8%E6%84%8F%E4%BA%A4%E6%98%93%E8%B3%87%E8%A8%8A%E6%A8%99%E6%BA%96-%E6%95%85%E5%85%AC%E5%91%8A%E7%9B%B8%E9%97%9C%E8%A8%8A%E6%81%AF-%E4%BB%A5%E5%88%A9%E6%8A%95%E8%B3%87%E4%BA%BA%E5%8D%80%E5%88%A5%E6%9A%B8%E8%A7%A3-125559929.html
[DELETE] (5475|hot) Too old: 32 days (limit: 3)
[DELETE] (5475|hot) Too old: 15 days (limit: 3)
[DELETE] (5475|hot) Too old: 6 days (limit: 3)
[DELETE] (3032|hot) Too old: 34 days (limit: 3)
[DELETE] (3032|hot) Too old: 4 days (limit: 3)
[DELETE] (3032|hot) Too old: 6 days (limit: 3)
[DELETE] (3032|hot) Too old: 6 days (limit: 3)
[DELETE] (3032|hot) Too old: 4 days (limit: 3)
[DELETE] (6477|hot) Too old: 21 days (limit: 3)
[DELETE] (6477|hot) Too old: 8 days (limit: 3)
[DELETE] (6477|hot) Too old: 21 days (limit: 3)
[DELETE] (6477|hot) Too old: 21 days (limit: 3)
[OK] (6477) Updated content (4167 chars)
[DELETE] (6785|hot) Too old: 40 days (limit: 3)
[DELETE] (6785|hot) Too old: 29 days (limit: 3)
[DELETE] (6785|hot) Too old: 22 days (limit: 3)
[DELETE] (6785|hot) Too old: 27 days (limit: 3)
[DELETE] (6785|hot) Too old: 15 days (limit: 3)
[DELETE] (2812|hot) Too old: 8 days (limit: 3)
[DELETE] (2812|hot) Too old: 8 days (limit: 3)
[DELETE] (2812|hot) Too old: 8 days (limit: 3)
[DELETE] (2812|hot) Too old: 8 days (limit: 3)
[DELETE] (2812|hot) Too old: 8 days (limit: 3)
[OK] (1402) Updated content (4029 chars)
[OK] (1402) Updated content (3797 chars)
[OK] (1402) Updated content (3166 chars)
[OK] (1402) Updated content (5206 chars)
[OK] (1402) Updated content (3777 chars)
[DELETE] (2897|hot) Too old: 6 days (limit: 3)
[OK] (2897) Updated content (4087 chars)
[OK] (2897) Updated content (6154 chars)
[OK] (2897) Updated content (5044 chars)
[DELETE] (3017|hot) Too old: 22 days (limit: 3)
[OK] (2897) Updated content (5311 chars)
[DELETE] (3017|hot) Too old: 14 days (limit: 3)
[DELETE] (3017|hot) Too old: 5 days (limit: 3)
[DELETE] (3017|hot) Too old: 8 days (limit: 3)
[OK] (3017) Updated content (2961 chars)
[DELETE] (2441|hot) Too old: 39 days (limit: 3)
[DELETE] (2441|hot) Too old: 18 days (limit: 3)
[DELETE] (2441|hot) Too old: 21 days (limit: 3)
[DELETE] (2441|hot) Too old: 11 days (limit: 3)
[DELETE] (2441|hot) Too old: 18 days (limit: 3)
[DELETE] (4441|hot) Too old: 36 days (limit: 3)
[DELETE] (4441|hot) Too old: 36 days (limit: 3)
[DELETE] (4441|hot) Too old: 13 days (limit: 3)
[DELETE] (4441|hot) Too old: 12 days (limit: 3)
[DELETE] (4441|hot) Too old: 7 days (limit: 3)
[DELETE] (7402|hot) Too old: 14 days (limit: 3)
[DELETE] (7402|hot) Too old: 11 days (limit: 3)
[DELETE] (7402|hot) Too old: 4 days (limit: 3)
[DELETE] (7402|hot) Too old: 4 days (limit: 3)
[OK] (7402) Updated content (3718 chars)
[DELETE] (4583|hot) Too old: 53 days (limit: 3)
[DELETE] (4583|hot) Too old: 40 days (limit: 3)
[DELETE] (4583|hot) Too old: 11 days (limit: 3)
[DELETE] (4583|hot) Too old: 6 days (limit: 3)
[DELETE] (4583|hot) Too old: 6 days (limit: 3)
[DELETE] (3443|hot) Too old: 26 days (limit: 3)
[DELETE] (3443|hot) Too old: 26 days (limit: 3)
[DELETE] (3443|hot) Too old: 11 days (limit: 3)
[DELETE] (3443|hot) Too old: 5 days (limit: 3)
[DELETE] (3443|hot) Too old: 26 days (limit: 3)
[DELETE] (6282|hot) Too old: 97 days (limit: 3)
[DELETE] (6282|hot) Too old: 67 days (limit: 3)
[DELETE] (6282|hot) Too old: 8 days (limit: 3)
[DELETE] (6282|hot) Too old: 39 days (limit: 3)
[DELETE] (6282|hot) Too old: 6 days (limit: 3)
[DELETE] (6150|hot) Too old: 39 days (limit: 3)
[DELETE] (6150|hot) Too old: 6 days (limit: 3)
[OK] (6150) Updated content (5750 chars)
[OK] (6150) Updated content (5398 chars)
[OK] (6150) Updated content (4867 chars)
[DELETE] (3406|hot) Too old: 6 days (limit: 3)
[DELETE] (3406|hot) Too old: 7 days (limit: 3)
[DELETE] (3406|hot) Too old: 5 days (limit: 3)
[DELETE] (3406|hot) Too old: 5 days (limit: 3)
[DELETE] (3406|hot) Too old: 5 days (limit: 3)
[DELETE] (2641|hot) Too old: 21 days (limit: 3)
[DELETE] (2641|hot) Too old: 20 days (limit: 3)
[DELETE] (2641|hot) Too old: 8 days (limit: 3)
[DELETE] (2641|hot) Too old: 8 days (limit: 3)
[DELETE] (1449|hot) Too old: 32 days (limit: 3)
[DELETE] (1449|hot) Too old: 29 days (limit: 3)
[DELETE] (2641|hot) Too old: 7 days (limit: 3)
[DELETE] (1449|hot) Too old: 29 days (limit: 3)
[DELETE] (1449|hot) Too old: 29 days (limit: 3)
[DELETE] (1449|hot) Too old: 6 days (limit: 3)
[DELETE] (6446|hot) Too old: 19 days (limit: 3)
[DELETE] (6446|hot) Too old: 14 days (limit: 3)
[DELETE] (6446|hot) Too old: 19 days (limit: 3)
[DELETE] (6446|hot) Too old: 6 days (limit: 3)
[DELETE] (6446|hot) Too old: 11 days (limit: 3)
[DELETE] (3535|hot) Too old: 64 days (limit: 3)
[DELETE] (3535|hot) Too old: 68 days (limit: 3)
[DELETE] (3535|hot) Too old: 39 days (limit: 3)
[DELETE] (3535|hot) Too old: 14 days (limit: 3)
[DELETE] (3535|hot) Too old: 7 days (limit: 3)
[DELETE] (4909|hot) Too old: 50 days (limit: 3)
[DELETE] (4909|hot) Too old: 69 days (limit: 3)
[DELETE] (4909|hot) Too old: 41 days (limit: 3)
[DELETE] (4909|hot) Too old: 12 days (limit: 3)
[DELETE] (4909|hot) Too old: 40 days (limit: 3)
[DELETE] (1717|hot) Too old: 29 days (limit: 3)
[DELETE] (1717|hot) Too old: 20 days (limit: 3)
[DELETE] (1717|hot) Too old: 7 days (limit: 3)
[DELETE] (1717|hot) Too old: 12 days (limit: 3)
[DELETE] (1717|hot) Too old: 7 days (limit: 3)
[DELETE] (8109|hot) Too old: 39 days (limit: 3)
[DELETE] (8109|hot) Too old: 19 days (limit: 3)
[DELETE] (8109|hot) Too old: 22 days (limit: 3)
[DELETE] (8109|hot) Too old: 14 days (limit: 3)
[DELETE] (8109|hot) Too old: 14 days (limit: 3)
[DELETE] (6831|hot) Too old: 35 days (limit: 3)
[DELETE] (6831|hot) Too old: 35 days (limit: 3)
[DELETE] (6831|hot) Too old: 35 days (limit: 3)
[DELETE] (6831|hot) Too old: 20 days (limit: 3)
[DELETE] (6831|hot) Too old: 11 days (limit: 3)
[DELETE] (8478|hot) Too old: 35 days (limit: 3)
[DELETE] (8478|hot) Too old: 18 days (limit: 3)
[DELETE] (8478|hot) Too old: 8 days (limit: 3)
[DELETE] (8478|hot) Too old: 6 days (limit: 3)
[DELETE] (8478|hot) Too old: 4 days (limit: 3)
[DELETE] (1618|hot) Too old: 68 days (limit: 3)
[DELETE] (1618|hot) Too old: 99 days (limit: 3)
[DELETE] (1618|hot) Too old: 50 days (limit: 3)
[DELETE] (1618|hot) Too old: 39 days (limit: 3)
[DELETE] (1618|hot) Too old: 8 days (limit: 3)
[DELETE] (5292|hot) Too old: 35 days (limit: 3)
[DELETE] (5292|hot) Too old: 7 days (limit: 3)
[DELETE] (5292|hot) Too old: 27 days (limit: 3)
[DELETE] (5292|hot) Too old: 27 days (limit: 3)
[DELETE] (5292|hot) Too old: 6 days (limit: 3)
[DELETE] (1608|hot) Too old: 43 days (limit: 3)
[DELETE] (1608|hot) Too old: 39 days (limit: 3)
[DELETE] (1608|hot) Too old: 53 days (limit: 3)
[DELETE] (1608|hot) Too old: 28 days (limit: 3)
[DELETE] (1608|hot) Too old: 7 days (limit: 3)
[DELETE] (5328|hot) Too old: 36 days (limit: 3)
[DELETE] (5328|hot) Too old: 39 days (limit: 3)
[DELETE] (5328|hot) Too old: 25 days (limit: 3)
[OK] (5328) Updated content (4623 chars)
[DELETE] (5328|hot) Too old: 6 days (limit: 3)
[DELETE] (7610|hot) Too old: 19 days (limit: 3)
[DELETE] (7610|hot) Too old: 12 days (limit: 3)
[DELETE] (7610|hot) Too old: 12 days (limit: 3)
[DELETE] (7610|hot) Too old: 11 days (limit: 3)
[DELETE] (7610|hot) Too old: 7 days (limit: 3)
[DELETE] (8027|hot) Too old: 28 days (limit: 3)
[DELETE] (8027|hot) Too old: 11 days (limit: 3)
[DELETE] (8027|hot) Too old: 12 days (limit: 3)
[DELETE] (8027|hot) Too old: 4 days (limit: 3)
[DELETE] (8027|hot) Too old: 4 days (limit: 3)
[DELETE] (5340|hot) Too old: 68 days (limit: 3)
[DELETE] (5340|hot) Too old: 62 days (limit: 3)
[DELETE] (5340|hot) Too old: 43 days (limit: 3)
[DELETE] (5340|hot) Too old: 39 days (limit: 3)
[DELETE] (5340|hot) Too old: 8 days (limit: 3)
[DELETE] (2883|hot) Too old: 4 days (limit: 3)
[OK] (2883) Updated content (5340 chars)
[OK] (2883) Updated content (2849 chars)
[OK] (2883) Updated content (3166 chars)
[OK] (2883) Updated content (4279 chars)
[DELETE] (2030|hot) Too old: 36 days (limit: 3)
[DELETE] (2030|hot) Too old: 27 days (limit: 3)
[DELETE] (2030|hot) Too old: 8 days (limit: 3)
[DELETE] (2030|hot) Too old: 20 days (limit: 3)
[DELETE] (2030|hot) Too old: 20 days (limit: 3)
[DELETE] (5474|hot) Too old: 39 days (limit: 3)
[DELETE] (5474|hot) Too old: 42 days (limit: 3)
[DELETE] (5474|hot) Too old: 6 days (limit: 3)
[DELETE] (5474|hot) Too old: 7 days (limit: 3)
[DELETE] (5474|hot) Too old: 4 days (limit: 3)
[DELETE] (6279|hot) Too old: 21 days (limit: 3)
[DELETE] (6279|hot) Too old: 21 days (limit: 3)
[DELETE] (6279|hot) Too old: 21 days (limit: 3)
[DELETE] (6279|hot) Too old: 21 days (limit: 3)
[DELETE] (6279|hot) Too old: 12 days (limit: 3)
[DELETE] (4755|hot) Too old: 41 days (limit: 3)
[DELETE] (4755|hot) Too old: 4 days (limit: 3)
[DELETE] (4755|hot) Too old: 4 days (limit: 3)
[DELETE] (4755|hot) Too old: 13 days (limit: 3)
[DELETE] (4755|hot) Too old: 4 days (limit: 3)
[DELETE] (3356|hot) Too old: 68 days (limit: 3)
[DELETE] (3356|hot) Too old: 67 days (limit: 3)
[DELETE] (3356|hot) Too old: 7 days (limit: 3)
[DELETE] (3356|hot) Too old: 47 days (limit: 3)
[DELETE] (1312|hot) Too old: 18 days (limit: 3)
[DELETE] (3356|hot) Too old: 39 days (limit: 3)
[DELETE] (1312|hot) Too old: 18 days (limit: 3)
[DELETE] (1312|hot) Too old: 12 days (limit: 3)
[DELETE] (1312|hot) Too old: 12 days (limit: 3)
[DELETE] (1312|hot) Too old: 6 days (limit: 3)
[DELETE] (7750|hot) Too old: 6 days (limit: 3)
[DELETE] (7750|hot) Too old: 6 days (limit: 3)
[DELETE] (7750|hot) Too old: 6 days (limit: 3)
[DELETE] (7750|hot) Too old: 4 days (limit: 3)
[OK] (7750) Updated content (1058 chars)
[OK] (2377) Updated content (3948 chars)
[DELETE] (2377|hot) Too old: 5 days (limit: 3)
[DELETE] (2377|hot) Too old: 5 days (limit: 3)
[OK] (2377) Updated content (3416 chars)
[OK] (2377) Updated content (3628 chars)
[DELETE] (8114|hot) Too old: 28 days (limit: 3)
[SKIP] (8114) Failed to fetch: https://tw.stock.yahoo.com/news/%E5%85%AC%E5%91%8A-%E6%8C%AF%E6%A8%BA%E9%9B%BB%E4%BB%A3%E5%AD%90%E5%85%AC%E5%8F%B8%E7%91%9E%E5%82%B3%E7%A7%91%E6%8A%80%E8%82%A1%E4%BB%BD%E6%9C%89%E9%99%90%E5%85%AC%E5%8F%B8%E5%85%AC%E5%91%8A%E8%91%A3%E4%BA%8B%E6%9C%83%E9%81%B8%E4%BB%BB%E8%91%A3%E4%BA%8B%E9%95%B7-093459154.html
[DELETE] (8114|hot) Too old: 28 days (limit: 3)
[DELETE] (8114|hot) Too old: 14 days (limit: 3)
[DELETE] (8114|hot) Too old: 11 days (limit: 3)
[DELETE] (6546|hot) Too old: 25 days (limit: 3)
[DELETE] (6546|hot) Too old: 14 days (limit: 3)
[DELETE] (6546|hot) Too old: 6 days (limit: 3)
[DELETE] (6546|hot) Too old: 8 days (limit: 3)
[DELETE] (6546|hot) Too old: 6 days (limit: 3)
[DELETE] (3049|hot) Too old: 18 days (limit: 3)
[DELETE] (3049|hot) Too old: 18 days (limit: 3)
[DELETE] (3049|hot) Too old: 11 days (limit: 3)
[DELETE] (3532|hot) Too old: 26 days (limit: 3)
[DELETE] (3049|hot) Too old: 4 days (limit: 3)
[DELETE] (3049|hot) Too old: 6 days (limit: 3)
[DELETE] (3532|hot) Too old: 8 days (limit: 3)
[DELETE] (3532|hot) Too old: 19 days (limit: 3)
[DELETE] (3532|hot) Too old: 5 days (limit: 3)
[DELETE] (6925|hot) Too old: 47 days (limit: 3)
[DELETE] (3532|hot) Too old: 5 days (limit: 3)
[DELETE] (6925|hot) Too old: 39 days (limit: 3)
[DELETE] (6925|hot) Too old: 39 days (limit: 3)
[DELETE] (6925|hot) Too old: 20 days (limit: 3)
[DELETE] (6925|hot) Too old: 20 days (limit: 3)
[DELETE] (2439|hot) Too old: 11 days (limit: 3)
[DELETE] (2439|hot) Too old: 11 days (limit: 3)
[DELETE] (2439|hot) Too old: 11 days (limit: 3)
[DELETE] (2439|hot) Too old: 11 days (limit: 3)
[DELETE] (2439|hot) Too old: 11 days (limit: 3)
[DELETE] (7744|hot) Too old: 33 days (limit: 3)
[DELETE] (7744|hot) Too old: 33 days (limit: 3)
[DELETE] (7744|hot) Too old: 33 days (limit: 3)
[DELETE] (7744|hot) Too old: 11 days (limit: 3)
[DELETE] (7744|hot) Too old: 33 days (limit: 3)
[DELETE] (6923|hot) Too old: 36 days (limit: 3)
[DELETE] (6923|hot) Too old: 34 days (limit: 3)
[DELETE] (6923|hot) Too old: 15 days (limit: 3)
[DELETE] (6923|hot) Too old: 14 days (limit: 3)
[DELETE] (6923|hot) Too old: 6 days (limit: 3)
[DELETE] (8042|hot) Too old: 19 days (limit: 3)
[DELETE] (8042|hot) Too old: 8 days (limit: 3)
[DELETE] (8042|hot) Too old: 8 days (limit: 3)
[DELETE] (8042|hot) Too old: 8 days (limit: 3)
[DELETE] (8042|hot) Too old: 8 days (limit: 3)
[DELETE] (3551|hot) Too old: 40 days (limit: 3)
[DELETE] (3551|hot) Too old: 55 days (limit: 3)
[DELETE] (3551|hot) Too old: 36 days (limit: 3)
[DELETE] (3551|hot) Too old: 5 days (limit: 3)
[DELETE] (3551|hot) Too old: 5 days (limit: 3)
[DELETE] (2034|hot) Too old: 8 days (limit: 3)
[DELETE] (2034|hot) Too old: 39 days (limit: 3)
[OK] (2034) Updated content (5492 chars)
[DELETE] (2034|hot) Too old: 39 days (limit: 3)
[OK] (2034) Updated content (4728 chars)
[DELETE] (9933|hot) Too old: 40 days (limit: 3)
[DELETE] (9933|hot) Too old: 34 days (limit: 3)
[DELETE] (9933|hot) Too old: 33 days (limit: 3)
[DELETE] (9933|hot) Too old: 8 days (limit: 3)
[OK] (9933) Updated content (5851 chars)
[DELETE] (2345|hot) Too old: 5 days (limit: 3)
[DELETE] (2345|hot) Too old: 5 days (limit: 3)
[DELETE] (2345|hot) Too old: 5 days (limit: 3)
[DELETE] (2345|hot) Too old: 5 days (limit: 3)
[OK] (2345) Updated content (3403 chars)
[DELETE] (3673|hot) Too old: 4 days (limit: 3)
[DELETE] (3673|hot) Too old: 20 days (limit: 3)
[DELETE] (3673|hot) Too old: 7 days (limit: 3)
[DELETE] (3673|hot) Too old: 4 days (limit: 3)
[DELETE] (3673|hot) Too old: 4 days (limit: 3)
[DELETE] (6667|hot) Too old: 40 days (limit: 3)
[DELETE] (6667|hot) Too old: 40 days (limit: 3)
[DELETE] (6667|hot) Too old: 40 days (limit: 3)
[DELETE] (6667|hot) Too old: 36 days (limit: 3)
[DELETE] (6667|hot) Too old: 6 days (limit: 3)
[DELETE] (7786|hot) Too old: 32 days (limit: 3)
[DELETE] (7786|hot) Too old: 32 days (limit: 3)
[DELETE] (7786|hot) Too old: 18 days (limit: 3)
[DELETE] (7786|hot) Too old: 6 days (limit: 3)
[DELETE] (7786|hot) Too old: 6 days (limit: 3)
[DELETE] (3416|hot) Too old: 27 days (limit: 3)
[DELETE] (3416|hot) Too old: 8 days (limit: 3)
[DELETE] (3416|hot) Too old: 4 days (limit: 3)
[DELETE] (3416|hot) Too old: 15 days (limit: 3)
[DELETE] (2342|hot) Too old: 27 days (limit: 3)
[DELETE] (3416|hot) Too old: 4 days (limit: 3)
[DELETE] (2342|hot) Too old: 27 days (limit: 3)
[DELETE] (2342|hot) Too old: 27 days (limit: 3)
[DELETE] (2342|hot) Too old: 6 days (limit: 3)
[DELETE] (2342|hot) Too old: 12 days (limit: 3)
[DELETE] (2539|hot) Too old: 39 days (limit: 3)
[DELETE] (2539|hot) Too old: 35 days (limit: 3)
[DELETE] (2539|hot) Too old: 35 days (limit: 3)
[DELETE] (2539|hot) Too old: 35 days (limit: 3)
[DELETE] (2539|hot) Too old: 6 days (limit: 3)
[DELETE] (7717|hot) Too old: 22 days (limit: 3)
[DELETE] (7717|hot) Too old: 7 days (limit: 3)
[DELETE] (7717|hot) Too old: 22 days (limit: 3)
[DELETE] (7717|hot) Too old: 22 days (limit: 3)
[DELETE] (2049|hot) Too old: 11 days (limit: 3)
[DELETE] (7717|hot) Too old: 6 days (limit: 3)
[DELETE] (2049|hot) Too old: 11 days (limit: 3)
[DELETE] (2049|hot) Too old: 11 days (limit: 3)
[DELETE] (2049|hot) Too old: 5 days (limit: 3)
[DELETE] (6227|hot) Too old: 21 days (limit: 3)
[OK] (2049) Updated content (5203 chars)
[DELETE] (6227|hot) Too old: 21 days (limit: 3)
[DELETE] (6227|hot) Too old: 39 days (limit: 3)
[DELETE] (6227|hot) Too old: 21 days (limit: 3)
[DELETE] (2375|hot) Too old: 39 days (limit: 3)
[DELETE] (2375|hot) Too old: 41 days (limit: 3)
[DELETE] (6227|hot) Too old: 6 days (limit: 3)
[DELETE] (2375|hot) Too old: 22 days (limit: 3)
[DELETE] (2375|hot) Too old: 22 days (limit: 3)
[DELETE] (2375|hot) Too old: 8 days (limit: 3)
[DELETE] (8016|hot) Too old: 70 days (limit: 3)
[DELETE] (8016|hot) Too old: 21 days (limit: 3)
[DELETE] (8016|hot) Too old: 102 days (limit: 3)
[DELETE] (8016|hot) Too old: 41 days (limit: 3)
[DELETE] (8016|hot) Too old: 8 days (limit: 3)
[DELETE] (7788|hot) Too old: 8 days (limit: 3)
[DELETE] (7788|hot) Too old: 8 days (limit: 3)
[DELETE] (7788|hot) Too old: 8 days (limit: 3)
[DELETE] (7788|hot) Too old: 7 days (limit: 3)
[DELETE] (7788|hot) Too old: 7 days (limit: 3)
[DELETE] (2481|hot) Too old: 19 days (limit: 3)
[DELETE] (2481|hot) Too old: 14 days (limit: 3)
[DELETE] (2481|hot) Too old: 14 days (limit: 3)
[DELETE] (8473|hot) Too old: 36 days (limit: 3)
[DELETE] (2481|hot) Too old: 11 days (limit: 3)
[DELETE] (2481|hot) Too old: 6 days (limit: 3)
[DELETE] (8473|hot) Too old: 14 days (limit: 3)
[DELETE] (8473|hot) Too old: 14 days (limit: 3)
[DELETE] (8080|hot) Too old: 40 days (limit: 3)
[OK] (8473) Updated content (5408 chars)
[DELETE] (8473|hot) Too old: 6 days (limit: 3)
[DELETE] (8080|hot) Too old: 39 days (limit: 3)
[DELETE] (8080|hot) Too old: 39 days (limit: 3)
[DELETE] (8080|hot) Too old: 6 days (limit: 3)
[DELETE] (8080|hot) Too old: 6 days (limit: 3)
[DELETE] (3663|hot) Too old: 90 days (limit: 3)
[DELETE] (3663|hot) Too old: 99 days (limit: 3)
[DELETE] (3663|hot) Too old: 68 days (limit: 3)
[DELETE] (5009|hot) Too old: 47 days (limit: 3)
[DELETE] (5009|hot) Too old: 36 days (limit: 3)
[DELETE] (3663|hot) Too old: 39 days (limit: 3)
[DELETE] (3663|hot) Too old: 7 days (limit: 3)
[DELETE] (5009|hot) Too old: 43 days (limit: 3)
[DELETE] (5009|hot) Too old: 19 days (limit: 3)
[DELETE] (2457|hot) Too old: 12 days (limit: 3)
[DELETE] (2457|hot) Too old: 39 days (limit: 3)
[DELETE] (5009|hot) Too old: 6 days (limit: 3)
[DELETE] (2457|hot) Too old: 11 days (limit: 3)
[DELETE] (2457|hot) Too old: 7 days (limit: 3)
[DELETE] (2489|hot) Too old: 83 days (limit: 3)
[DELETE] (2457|hot) Too old: 7 days (limit: 3)
[DELETE] (2489|hot) Too old: 69 days (limit: 3)
[DELETE] (2489|hot) Too old: 41 days (limit: 3)
[DELETE] (6918|hot) Too old: 98 days (limit: 3)
[DELETE] (2489|hot) Too old: 21 days (limit: 3)
[DELETE] (2489|hot) Too old: 6 days (limit: 3)
[DELETE] (6918|hot) Too old: 68 days (limit: 3)
[DELETE] (6918|hot) Too old: 39 days (limit: 3)
[DELETE] (6918|hot) Too old: 33 days (limit: 3)
[DELETE] (5876|hot) Too old: 36 days (limit: 3)
[DELETE] (5876|hot) Too old: 39 days (limit: 3)
[DELETE] (6918|hot) Too old: 8 days (limit: 3)
[DELETE] (5876|hot) Too old: 8 days (limit: 3)
[DELETE] (5876|hot) Too old: 8 days (limit: 3)
[DELETE] (5876|hot) Too old: 8 days (limit: 3)
[DELETE] (3035|hot) Too old: 22 days (limit: 3)
[DELETE] (3035|hot) Too old: 19 days (limit: 3)
[DELETE] (3035|hot) Too old: 19 days (limit: 3)
[DELETE] (3035|hot) Too old: 19 days (limit: 3)
[DELETE] (6231|hot) Too old: 36 days (limit: 3)
[DELETE] (3035|hot) Too old: 11 days (limit: 3)
[DELETE] (6231|hot) Too old: 20 days (limit: 3)
[DELETE] (6231|hot) Too old: 20 days (limit: 3)
[DELETE] (2486|hot) Too old: 22 days (limit: 3)
[DELETE] (6231|hot) Too old: 11 days (limit: 3)
[DELETE] (6231|hot) Too old: 8 days (limit: 3)
[DELETE] (2486|hot) Too old: 22 days (limit: 3)
[DELETE] (2486|hot) Too old: 22 days (limit: 3)
[DELETE] (2486|hot) Too old: 11 days (limit: 3)
[DELETE] (2486|hot) Too old: 14 days (limit: 3)
[DELETE] (2493|hot) Too old: 40 days (limit: 3)
[DELETE] (2493|hot) Too old: 39 days (limit: 3)
[DELETE] (2493|hot) Too old: 40 days (limit: 3)
[DELETE] (2493|hot) Too old: 6 days (limit: 3)
[DELETE] (2493|hot) Too old: 5 days (limit: 3)
[DELETE] (2404|hot) Too old: 36 days (limit: 3)
[DELETE] (2404|hot) Too old: 35 days (limit: 3)
[DELETE] (2404|hot) Too old: 15 days (limit: 3)
[DELETE] (2404|hot) Too old: 5 days (limit: 3)
[DELETE] (2404|hot) Too old: 6 days (limit: 3)
[DELETE] (8074|hot) Too old: 39 days (limit: 3)
[DELETE] (8074|hot) Too old: 34 days (limit: 3)
[DELETE] (8074|hot) Too old: 27 days (limit: 3)
[DELETE] (8074|hot) Too old: 8 days (limit: 3)
[DELETE] (8074|hot) Too old: 27 days (limit: 3)
[DELETE] (3490|hot) Too old: 18 days (limit: 3)
[DELETE] (3490|hot) Too old: 21 days (limit: 3)
[DELETE] (3490|hot) Too old: 7 days (limit: 3)
[DELETE] (3490|hot) Too old: 20 days (limit: 3)
[DELETE] (3490|hot) Too old: 6 days (limit: 3)
[DELETE] (2884|hot) Too old: 4 days (limit: 3)
[OK] (2884) Updated content (3359 chars)
[OK] (2884) Updated content (4102 chars)
[OK] (2884) Updated content (3711 chars)
[OK] (2884) Updated content (3636 chars)
[DELETE] (6488|hot) Too old: 20 days (limit: 3)
[DELETE] (6488|hot) Too old: 11 days (limit: 3)
[DELETE] (6488|hot) Too old: 28 days (limit: 3)
[DELETE] (6488|hot) Too old: 19 days (limit: 3)
[DELETE] (6488|hot) Too old: 11 days (limit: 3)
[DELETE] (6196|hot) Too old: 19 days (limit: 3)
[DELETE] (6196|hot) Too old: 18 days (limit: 3)
[DELETE] (6196|hot) Too old: 18 days (limit: 3)
[DELETE] (6196|hot) Too old: 11 days (limit: 3)
[DELETE] (6196|hot) Too old: 8 days (limit: 3)
[DELETE] (2480|hot) Too old: 42 days (limit: 3)
[DELETE] (2480|hot) Too old: 39 days (limit: 3)
[DELETE] (2480|hot) Too old: 18 days (limit: 3)
[DELETE] (2480|hot) Too old: 18 days (limit: 3)
[DELETE] (4534|hot) Too old: 96 days (limit: 3)
[DELETE] (2480|hot) Too old: 6 days (limit: 3)
[DELETE] (4534|hot) Too old: 96 days (limit: 3)
[DELETE] (4534|hot) Too old: 67 days (limit: 3)
[DELETE] (4534|hot) Too old: 39 days (limit: 3)
[DELETE] (2409|hot) Too old: 15 days (limit: 3)
[DELETE] (4534|hot) Too old: 7 days (limit: 3)
[DELETE] (2409|hot) Too old: 7 days (limit: 3)
[DELETE] (2409|hot) Too old: 15 days (limit: 3)
[DELETE] (2409|hot) Too old: 7 days (limit: 3)
[DELETE] (2409|hot) Too old: 7 days (limit: 3)
[DELETE] (6613|hot) Too old: 13 days (limit: 3)
[DELETE] (6613|hot) Too old: 21 days (limit: 3)
[DELETE] (6613|hot) Too old: 11 days (limit: 3)
[DELETE] (6613|hot) Too old: 7 days (limit: 3)
[DELETE] (6613|hot) Too old: 6 days (limit: 3)
[DELETE] (6176|hot) Too old: 11 days (limit: 3)
[DELETE] (6176|hot) Too old: 15 days (limit: 3)
[DELETE] (6176|hot) Too old: 11 days (limit: 3)
[DELETE] (6176|hot) Too old: 11 days (limit: 3)
[DELETE] (6176|hot) Too old: 8 days (limit: 3)
[DELETE] (5443|hot) Too old: 27 days (limit: 3)
[DELETE] (5443|hot) Too old: 27 days (limit: 3)
[DELETE] (5443|hot) Too old: 27 days (limit: 3)
[DELETE] (5443|hot) Too old: 8 days (limit: 3)
[DELETE] (5443|hot) Too old: 5 days (limit: 3)
[DELETE] (8215|hot) Too old: 18 days (limit: 3)
[DELETE] (8215|hot) Too old: 20 days (limit: 3)
[DELETE] (8215|hot) Too old: 14 days (limit: 3)
[DELETE] (8215|hot) Too old: 14 days (limit: 3)
[DELETE] (8215|hot) Too old: 8 days (limit: 3)
[DELETE] (4105|hot) Too old: 36 days (limit: 3)
[DELETE] (4105|hot) Too old: 27 days (limit: 3)
[DELETE] (4105|hot) Too old: 19 days (limit: 3)
[DELETE] (8942|hot) Too old: 25 days (limit: 3)
[DELETE] (4105|hot) Too old: 11 days (limit: 3)
[DELETE] (4105|hot) Too old: 6 days (limit: 3)
[DELETE] (8942|hot) Too old: 25 days (limit: 3)
[DELETE] (8942|hot) Too old: 25 days (limit: 3)
[DELETE] (8942|hot) Too old: 13 days (limit: 3)
[OK] (8942) Updated content (4327 chars)
[DELETE] (3293|hot) Too old: 40 days (limit: 3)
[DELETE] (3293|hot) Too old: 41 days (limit: 3)
[DELETE] (3293|hot) Too old: 12 days (limit: 3)
[DELETE] (3293|hot) Too old: 39 days (limit: 3)
[DELETE] (3293|hot) Too old: 8 days (limit: 3)
[DELETE] (1410|hot) Too old: 43 days (limit: 3)
[DELETE] (1410|hot) Too old: 6 days (limit: 3)
[DELETE] (1410|hot) Too old: 39 days (limit: 3)
[DELETE] (1410|hot) Too old: 5 days (limit: 3)
[DELETE] (6525|hot) Too old: 43 days (limit: 3)
[DELETE] (6525|hot) Too old: 41 days (limit: 3)
[DELETE] (1410|hot) Too old: 5 days (limit: 3)
[DELETE] (6525|hot) Too old: 26 days (limit: 3)
[DELETE] (6525|hot) Too old: 21 days (limit: 3)
[DELETE] (6525|hot) Too old: 12 days (limit: 3)
[DELETE] (8054|hot) Too old: 39 days (limit: 3)
[DELETE] (8054|hot) Too old: 41 days (limit: 3)
[DELETE] (8054|hot) Too old: 39 days (limit: 3)
[DELETE] (8054|hot) Too old: 8 days (limit: 3)
[DELETE] (8054|hot) Too old: 39 days (limit: 3)
[DELETE] (3402|hot) Too old: 48 days (limit: 3)
[DELETE] (3402|hot) Too old: 68 days (limit: 3)
[DELETE] (3402|hot) Too old: 40 days (limit: 3)
[DELETE] (3402|hot) Too old: 6 days (limit: 3)
[DELETE] (5289|hot) Too old: 13 days (limit: 3)
[DELETE] (3402|hot) Too old: 39 days (limit: 3)
[DELETE] (5289|hot) Too old: 27 days (limit: 3)
[DELETE] (5289|hot) Too old: 20 days (limit: 3)
[DELETE] (6781|hot) Too old: 18 days (limit: 3)
[DELETE] (5289|hot) Too old: 11 days (limit: 3)
[DELETE] (6781|hot) Too old: 19 days (limit: 3)
[DELETE] (5289|hot) Too old: 11 days (limit: 3)
[DELETE] (6781|hot) Too old: 19 days (limit: 3)
[DELETE] (3231|hot) Too old: 6 days (limit: 3)
[DELETE] (6781|hot) Too old: 18 days (limit: 3)
[DELETE] (3231|hot) Too old: 6 days (limit: 3)
[DELETE] (3231|hot) Too old: 6 days (limit: 3)
[DELETE] (6781|hot) Too old: 11 days (limit: 3)
[DELETE] (2890|hot) Too old: 6 days (limit: 3)
[DELETE] (3231|hot) Too old: 4 days (limit: 3)
[OK] (2890) Updated content (5143 chars)
[DELETE] (3231|hot) Too old: 4 days (limit: 3)
[DELETE] (2890|hot) Too old: 8 days (limit: 3)
[OK] (2890) Updated content (4892 chars)
[DELETE] (5314|hot) Too old: 32 days (limit: 3)
[DELETE] (5314|hot) Too old: 18 days (limit: 3)
[OK] (2890) Updated content (3820 chars)
[DELETE] (5314|hot) Too old: 27 days (limit: 3)
[DELETE] (5314|hot) Too old: 13 days (limit: 3)
[DELETE] (5314|hot) Too old: 6 days (limit: 3)
[DELETE] (3591|hot) Too old: 36 days (limit: 3)
[DELETE] (3591|hot) Too old: 19 days (limit: 3)
[DELETE] (3591|hot) Too old: 19 days (limit: 3)
[DELETE] (3591|hot) Too old: 19 days (limit: 3)
[DELETE] (3591|hot) Too old: 14 days (limit: 3)
[DELETE] (3042|hot) Too old: 63 days (limit: 3)
[DELETE] (3042|hot) Too old: 42 days (limit: 3)
[DELETE] (3042|hot) Too old: 11 days (limit: 3)
[DELETE] (3042|hot) Too old: 18 days (limit: 3)
[DELETE] (6120|hot) Too old: 48 days (limit: 3)
[DELETE] (3042|hot) Too old: 11 days (limit: 3)
[DELETE] (6120|hot) Too old: 41 days (limit: 3)
[DELETE] (6120|hot) Too old: 48 days (limit: 3)
[DELETE] (6120|hot) Too old: 39 days (limit: 3)
[DELETE] (6120|hot) Too old: 8 days (limit: 3)
[DELETE] (6209|hot) Too old: 40 days (limit: 3)
[DELETE] (6209|hot) Too old: 25 days (limit: 3)
[DELETE] (6209|hot) Too old: 40 days (limit: 3)
[DELETE] (6209|hot) Too old: 25 days (limit: 3)
[DELETE] (6209|hot) Too old: 9 days (limit: 3)
[DELETE] (1409|hot) Too old: 19 days (limit: 3)
[DELETE] (1409|hot) Too old: 14 days (limit: 3)
[DELETE] (1409|hot) Too old: 5 days (limit: 3)
[DELETE] (1409|hot) Too old: 7 days (limit: 3)
[DELETE] (1584|hot) Too old: 11 days (limit: 3)
[OK] (1409) Updated content (5028 chars)
[DELETE] (1584|hot) Too old: 15 days (limit: 3)
[DELETE] (1584|hot) Too old: 19 days (limit: 3)
[DELETE] (1584|hot) Too old: 11 days (limit: 3)
[DELETE] (2838|hot) Too old: 43 days (limit: 3)
[DELETE] (1584|hot) Too old: 8 days (limit: 3)
[DELETE] (2838|hot) Too old: 41 days (limit: 3)
[DELETE] (2838|hot) Too old: 39 days (limit: 3)
[DELETE] (2838|hot) Too old: 36 days (limit: 3)
[DELETE] (2838|hot) Too old: 7 days (limit: 3)
[DELETE] (3354|hot) Too old: 110 days (limit: 3)
[DELETE] (3354|hot) Too old: 67 days (limit: 3)
[DELETE] (3354|hot) Too old: 39 days (limit: 3)
[DELETE] (3354|hot) Too old: 98 days (limit: 3)
[DELETE] (3354|hot) Too old: 6 days (limit: 3)
[DELETE] (4168|hot) Too old: 6 days (limit: 3)
[DELETE] (4168|hot) Too old: 33 days (limit: 3)
[DELETE] (4168|hot) Too old: 5 days (limit: 3)
[DELETE] (4168|hot) Too old: 5 days (limit: 3)
[DELETE] (4168|hot) Too old: 5 days (limit: 3)
[DELETE] (8043|hot) Too old: 5 days (limit: 3)
[DELETE] (8043|hot) Too old: 5 days (limit: 3)
[DELETE] (8043|hot) Too old: 8 days (limit: 3)
[DELETE] (8043|hot) Too old: 5 days (limit: 3)
[DELETE] (8043|hot) Too old: 5 days (limit: 3)
[DELETE] (2542|hot) Too old: 35 days (limit: 3)
[DELETE] (2542|hot) Too old: 35 days (limit: 3)
[DELETE] (2542|hot) Too old: 6 days (limit: 3)
[DELETE] (2542|hot) Too old: 39 days (limit: 3)
[DELETE] (2542|hot) Too old: 6 days (limit: 3)
[DELETE] (5426|hot) Too old: 39 days (limit: 3)
[DELETE] (5426|hot) Too old: 29 days (limit: 3)
[DELETE] (5426|hot) Too old: 39 days (limit: 3)
[DELETE] (5426|hot) Too old: 8 days (limit: 3)
[DELETE] (5426|hot) Too old: 8 days (limit: 3)
[DELETE] (7777|hot) Too old: 18 days (limit: 3)
[DELETE] (7777|hot) Too old: 34 days (limit: 3)
[DELETE] (7777|hot) Too old: 15 days (limit: 3)
[DELETE] (7777|hot) Too old: 8 days (limit: 3)
[DELETE] (7777|hot) Too old: 8 days (limit: 3)
[DELETE] (5521|hot) Too old: 34 days (limit: 3)
[DELETE] (5521|hot) Too old: 25 days (limit: 3)
[DELETE] (5521|hot) Too old: 34 days (limit: 3)
[DELETE] (5521|hot) Too old: 6 days (limit: 3)
[DELETE] (5521|hot) Too old: 8 days (limit: 3)
[DELETE] (1786|hot) Too old: 33 days (limit: 3)
[DELETE] (1786|hot) Too old: 33 days (limit: 3)
[DELETE] (1786|hot) Too old: 33 days (limit: 3)
[DELETE] (1786|hot) Too old: 6 days (limit: 3)
[DELETE] (1786|hot) Too old: 6 days (limit: 3)
[DELETE] (2023|hot) Too old: 21 days (limit: 3)
[DELETE] (2023|hot) Too old: 21 days (limit: 3)
[DELETE] (2023|hot) Too old: 13 days (limit: 3)
[DELETE] (2023|hot) Too old: 5 days (limit: 3)
[DELETE] (2023|hot) Too old: 7 days (limit: 3)
[DELETE] (6695|hot) Too old: 43 days (limit: 3)
[DELETE] (6695|hot) Too old: 35 days (limit: 3)
[DELETE] (6695|hot) Too old: 39 days (limit: 3)
[DELETE] (6695|hot) Too old: 21 days (limit: 3)
[DELETE] (6695|hot) Too old: 6 days (limit: 3)
[DELETE] (4123|hot) Too old: 34 days (limit: 3)
[DELETE] (4123|hot) Too old: 22 days (limit: 3)
[DELETE] (4123|hot) Too old: 29 days (limit: 3)
[DELETE] (4123|hot) Too old: 4 days (limit: 3)
[DELETE] (8112|hot) Too old: 8 days (limit: 3)
[DELETE] (8112|hot) Too old: 8 days (limit: 3)
[DELETE] (4123|hot) Too old: 8 days (limit: 3)
[DELETE] (8112|hot) Too old: 8 days (limit: 3)
[DELETE] (8112|hot) Too old: 6 days (limit: 3)
[DELETE] (8112|hot) Too old: 8 days (limit: 3)
[DELETE] (6548|hot) Too old: 40 days (limit: 3)
[DELETE] (6548|hot) Too old: 40 days (limit: 3)
[DELETE] (6548|hot) Too old: 43 days (limit: 3)
[DELETE] (6548|hot) Too old: 13 days (limit: 3)
[DELETE] (9802|hot) Too old: 55 days (limit: 3)
[DELETE] (6548|hot) Too old: 12 days (limit: 3)
[DELETE] (9802|hot) Too old: 40 days (limit: 3)
[DELETE] (9802|hot) Too old: 39 days (limit: 3)
[DELETE] (9802|hot) Too old: 8 days (limit: 3)
[DELETE] (9802|hot) Too old: 8 days (limit: 3)
[DELETE] (4104|hot) Too old: 39 days (limit: 3)
[DELETE] (4104|hot) Too old: 47 days (limit: 3)
[DELETE] (4104|hot) Too old: 39 days (limit: 3)
[DELETE] (4104|hot) Too old: 21 days (limit: 3)
[DELETE] (2362|hot) Too old: 18 days (limit: 3)
[DELETE] (4104|hot) Too old: 6 days (limit: 3)
[DELETE] (2362|hot) Too old: 18 days (limit: 3)
[DELETE] (2362|hot) Too old: 39 days (limit: 3)
[DELETE] (2362|hot) Too old: 11 days (limit: 3)
[OK] (2362) Updated content (3323 chars)
[DELETE] (4966|hot) Too old: 15 days (limit: 3)
[DELETE] (4966|hot) Too old: 27 days (limit: 3)
[DELETE] (4966|hot) Too old: 18 days (limit: 3)
[DELETE] (4966|hot) Too old: 12 days (limit: 3)
[DELETE] (4966|hot) Too old: 15 days (limit: 3)
[DELETE] (6182|hot) Too old: 15 days (limit: 3)
[DELETE] (6182|hot) Too old: 11 days (limit: 3)
[DELETE] (6182|hot) Too old: 8 days (limit: 3)
[OK] (6182) Updated content (3839 chars)
[OK] (6182) Updated content (3268 chars)
[OK] (1301) Updated content (3532 chars)
[OK] (1301) Updated content (3337 chars)
[OK] (1301) Updated content (3607 chars)
[OK] (1301) Updated content (4508 chars)
[DELETE] (5225|hot) Too old: 104 days (limit: 3)
[OK] (1301) Updated content (3305 chars)
[DELETE] (5225|hot) Too old: 61 days (limit: 3)
[DELETE] (5225|hot) Too old: 75 days (limit: 3)
[DELETE] (5225|hot) Too old: 14 days (limit: 3)
[DELETE] (5225|hot) Too old: 40 days (limit: 3)
[DELETE] (2442|hot) Too old: 35 days (limit: 3)
[DELETE] (2442|hot) Too old: 18 days (limit: 3)
[DELETE] (2442|hot) Too old: 18 days (limit: 3)
[DELETE] (2442|hot) Too old: 6 days (limit: 3)
[DELETE] (8086|hot) Too old: 7 days (limit: 3)
[DELETE] (8086|hot) Too old: 5 days (limit: 3)
[DELETE] (2442|hot) Too old: 18 days (limit: 3)
[DELETE] (8086|hot) Too old: 6 days (limit: 3)
[DELETE] (3062|hot) Too old: 67 days (limit: 3)
[OK] (8086) Updated content (3729 chars)
[OK] (8086) Updated content (3188 chars)
[DELETE] (3062|hot) Too old: 39 days (limit: 3)
[DELETE] (3062|hot) Too old: 33 days (limit: 3)
[DELETE] (3605|hot) Too old: 39 days (limit: 3)
[DELETE] (3062|hot) Too old: 33 days (limit: 3)
[DELETE] (3062|hot) Too old: 6 days (limit: 3)
[DELETE] (3605|hot) Too old: 39 days (limit: 3)
[DELETE] (3605|hot) Too old: 39 days (limit: 3)
[DELETE] (3605|hot) Too old: 11 days (limit: 3)
[DELETE] (3605|hot) Too old: 11 days (limit: 3)
[DELETE] (2208|hot) Too old: 49 days (limit: 3)
[DELETE] (2208|hot) Too old: 36 days (limit: 3)
[DELETE] (2208|hot) Too old: 40 days (limit: 3)
[DELETE] (3041|hot) Too old: 33 days (limit: 3)
[DELETE] (2208|hot) Too old: 6 days (limit: 3)
[SKIP] (2208) Failed to fetch: https://tw.stock.yahoo.com/news/%E5%85%AC%E5%91%8A-%E5%8F%B0%E8%88%B9%E8%91%A3%E4%BA%8B%E6%9C%83%E6%B1%BA%E8%AD%B0%E9%80%9A%E9%81%8E%E9%AB%98%E9%9B%84%E5%BB%A0%E8%87%AA%E5%BB%BA%E6%B5%AE%E5%A1%A2%E6%A1%88-065815042.html
[DELETE] (3041|hot) Too old: 33 days (limit: 3)
[DELETE] (3041|hot) Too old: 28 days (limit: 3)
[DELETE] (3041|hot) Too old: 33 days (limit: 3)
[DELETE] (3041|hot) Too old: 6 days (limit: 3)
[DELETE] (1314|hot) Too old: 15 days (limit: 3)
[DELETE] (1314|hot) Too old: 15 days (limit: 3)
[DELETE] (1314|hot) Too old: 15 days (limit: 3)
[OK] (1314) Updated content (4261 chars)
[DELETE] (1314|hot) Too old: 6 days (limit: 3)
[DELETE] (6016|hot) Too old: 11 days (limit: 3)
[DELETE] (6016|hot) Too old: 11 days (limit: 3)
[DELETE] (6016|hot) Too old: 11 days (limit: 3)
[DELETE] (6016|hot) Too old: 11 days (limit: 3)
[DELETE] (6016|hot) Too old: 8 days (limit: 3)
[DELETE] (1586|hot) Too old: 39 days (limit: 3)
[DELETE] (1586|hot) Too old: 7 days (limit: 3)
[DELETE] (1586|hot) Too old: 25 days (limit: 3)
[DELETE] (1586|hot) Too old: 25 days (limit: 3)
[DELETE] (2027|hot) Too old: 67 days (limit: 3)
[DELETE] (2027|hot) Too old: 43 days (limit: 3)
[DELETE] (1586|hot) Too old: 5 days (limit: 3)
[DELETE] (2027|hot) Too old: 39 days (limit: 3)
[DELETE] (2027|hot) Too old: 35 days (limit: 3)
[DELETE] (2027|hot) Too old: 8 days (limit: 3)
[DELETE] (6949|hot) Too old: 21 days (limit: 3)
[DELETE] (6949|hot) Too old: 14 days (limit: 3)
[DELETE] (6949|hot) Too old: 27 days (limit: 3)
[DELETE] (6949|hot) Too old: 11 days (limit: 3)
[OK] (6949) Updated content (3515 chars)
[DELETE] (3036|hot) Too old: 7 days (limit: 3)
[DELETE] (3036|hot) Too old: 7 days (limit: 3)
[DELETE] (3036|hot) Too old: 6 days (limit: 3)
[DELETE] (3036|hot) Too old: 7 days (limit: 3)
[DELETE] (3036|hot) Too old: 7 days (limit: 3)
[DELETE] (1503|hot) Too old: 76 days (limit: 3)
[DELETE] (1503|hot) Too old: 67 days (limit: 3)
[DELETE] (1503|hot) Too old: 34 days (limit: 3)
[DELETE] (6962|hot) Too old: 68 days (limit: 3)
[DELETE] (6962|hot) Too old: 42 days (limit: 3)
[DELETE] (1503|hot) Too old: 36 days (limit: 3)
[DELETE] (1503|hot) Too old: 6 days (limit: 3)
[DELETE] (6962|hot) Too old: 39 days (limit: 3)
[DELETE] (4916|hot) Too old: 32 days (limit: 3)
[DELETE] (6962|hot) Too old: 11 days (limit: 3)
[DELETE] (6962|hot) Too old: 18 days (limit: 3)
[DELETE] (4916|hot) Too old: 32 days (limit: 3)
[DELETE] (4916|hot) Too old: 26 days (limit: 3)
[DELETE] (4916|hot) Too old: 6 days (limit: 3)
[DELETE] (4916|hot) Too old: 18 days (limit: 3)
[OK] (3045) Updated content (3396 chars)
[OK] (3045) Updated content (3470 chars)
[DELETE] (3045|hot) Too old: 5 days (limit: 3)
[OK] (3045) Updated content (3662 chars)
[DELETE] (4561|hot) Too old: 43 days (limit: 3)
[DELETE] (4561|hot) Too old: 41 days (limit: 3)
[DELETE] (4561|hot) Too old: 39 days (limit: 3)
[OK] (3045) Updated content (3576 chars)
[DELETE] (4561|hot) Too old: 13 days (limit: 3)
[DELETE] (4561|hot) Too old: 35 days (limit: 3)
[DELETE] (1904|hot) Too old: 11 days (limit: 3)
[DELETE] (1904|hot) Too old: 12 days (limit: 3)
[DELETE] (1904|hot) Too old: 12 days (limit: 3)
[DELETE] (1904|hot) Too old: 7 days (limit: 3)
[DELETE] (4532|hot) Too old: 50 days (limit: 3)
[DELETE] (1904|hot) Too old: 4 days (limit: 3)
[DELETE] (4532|hot) Too old: 62 days (limit: 3)
[DELETE] (4532|hot) Too old: 40 days (limit: 3)
[DELETE] (4532|hot) Too old: 8 days (limit: 3)
[DELETE] (3588|hot) Too old: 19 days (limit: 3)
[DELETE] (4532|hot) Too old: 4 days (limit: 3)
[DELETE] (3588|hot) Too old: 8 days (limit: 3)
[DELETE] (3588|hot) Too old: 5 days (limit: 3)
[DELETE] (3588|hot) Too old: 5 days (limit: 3)
[DELETE] (3588|hot) Too old: 5 days (limit: 3)
[DELETE] (3546|hot) Too old: 13 days (limit: 3)
[DELETE] (3546|hot) Too old: 13 days (limit: 3)
[DELETE] (3546|hot) Too old: 7 days (limit: 3)
[DELETE] (3546|hot) Too old: 4 days (limit: 3)
[DELETE] (3546|hot) Too old: 4 days (limit: 3)
[DELETE] (3545|hot) Too old: 53 days (limit: 3)
[DELETE] (3545|hot) Too old: 47 days (limit: 3)
[DELETE] (3545|hot) Too old: 21 days (limit: 3)
[DELETE] (2103|hot) Too old: 34 days (limit: 3)
[DELETE] (3545|hot) Too old: 39 days (limit: 3)
[DELETE] (3545|hot) Too old: 7 days (limit: 3)
[DELETE] (2103|hot) Too old: 11 days (limit: 3)
[DELETE] (2103|hot) Too old: 13 days (limit: 3)
[OK] (2103) Updated content (4197 chars)
[DELETE] (2103|hot) Too old: 4 days (limit: 3)
[DELETE] (5434|hot) Too old: 21 days (limit: 3)
[DELETE] (5434|hot) Too old: 21 days (limit: 3)
[DELETE] (5434|hot) Too old: 21 days (limit: 3)
[DELETE] (5434|hot) Too old: 21 days (limit: 3)
[DELETE] (5434|hot) Too old: 8 days (limit: 3)
[DELETE] (2347|hot) Too old: 8 days (limit: 3)
[DELETE] (2347|hot) Too old: 8 days (limit: 3)
[DELETE] (2347|hot) Too old: 13 days (limit: 3)
[OK] (2347) Updated content (3313 chars)
[OK] (2347) Updated content (4508 chars)
[DELETE] (6585|hot) Too old: 11 days (limit: 3)
[DELETE] (6585|hot) Too old: 11 days (limit: 3)
[DELETE] (6585|hot) Too old: 7 days (limit: 3)
[DELETE] (6585|hot) Too old: 6 days (limit: 3)
[DELETE] (8234|hot) Too old: 34 days (limit: 3)
[DELETE] (6585|hot) Too old: 4 days (limit: 3)
[DELETE] (8234|hot) Too old: 34 days (limit: 3)
[DELETE] (8234|hot) Too old: 32 days (limit: 3)
[DELETE] (2388|hot) Too old: 19 days (limit: 3)
[DELETE] (8234|hot) Too old: 34 days (limit: 3)
[DELETE] (8234|hot) Too old: 8 days (limit: 3)
[DELETE] (2388|hot) Too old: 6 days (limit: 3)
[DELETE] (2388|hot) Too old: 18 days (limit: 3)
[DELETE] (2388|hot) Too old: 8 days (limit: 3)
[DELETE] (4130|hot) Too old: 36 days (limit: 3)
[DELETE] (2388|hot) Too old: 4 days (limit: 3)
[DELETE] (4130|hot) Too old: 22 days (limit: 3)
[DELETE] (4130|hot) Too old: 35 days (limit: 3)
[DELETE] (4130|hot) Too old: 7 days (limit: 3)
[DELETE] (4130|hot) Too old: 21 days (limit: 3)
[DELETE] (3357|hot) Too old: 18 days (limit: 3)
[DELETE] (3357|hot) Too old: 7 days (limit: 3)
[DELETE] (3357|hot) Too old: 5 days (limit: 3)
[DELETE] (3357|hot) Too old: 8 days (limit: 3)
[OK] (2610) Updated content (3297 chars)
[DELETE] (3357|hot) Too old: 5 days (limit: 3)
[OK] (2610) Updated content (3366 chars)
[OK] (2610) Updated content (3412 chars)
[OK] (2610) Updated content (4349 chars)
[DELETE] (5432|hot) Too old: 41 days (limit: 3)
[OK] (2610) Updated content (3753 chars)
[DELETE] (5432|hot) Too old: 40 days (limit: 3)
[DELETE] (5432|hot) Too old: 13 days (limit: 3)
[DELETE] (8091|hot) Too old: 35 days (limit: 3)
[DELETE] (5432|hot) Too old: 4 days (limit: 3)
[DELETE] (5432|hot) Too old: 28 days (limit: 3)
[DELETE] (8091|hot) Too old: 28 days (limit: 3)
[DELETE] (8091|hot) Too old: 27 days (limit: 3)
[DELETE] (1713|hot) Too old: 75 days (limit: 3)
[DELETE] (8091|hot) Too old: 19 days (limit: 3)
[DELETE] (8091|hot) Too old: 8 days (limit: 3)
[DELETE] (1713|hot) Too old: 49 days (limit: 3)
[DELETE] (1713|hot) Too old: 40 days (limit: 3)
[DELETE] (1713|hot) Too old: 40 days (limit: 3)
[DELETE] (1713|hot) Too old: 12 days (limit: 3)
[DELETE] (6472|hot) Too old: 34 days (limit: 3)
[DELETE] (6472|hot) Too old: 34 days (limit: 3)
[DELETE] (6472|hot) Too old: 8 days (limit: 3)
[DELETE] (6472|hot) Too old: 26 days (limit: 3)
[DELETE] (6605|hot) Too old: 50 days (limit: 3)
[DELETE] (6472|hot) Too old: 8 days (limit: 3)
[DELETE] (6605|hot) Too old: 42 days (limit: 3)
[DELETE] (6605|hot) Too old: 6 days (limit: 3)
[DELETE] (6605|hot) Too old: 36 days (limit: 3)
[DELETE] (6605|hot) Too old: 42 days (limit: 3)
[DELETE] (2010|hot) Too old: 96 days (limit: 3)
[DELETE] (2010|hot) Too old: 25 days (limit: 3)
[DELETE] (2010|hot) Too old: 68 days (limit: 3)
[DELETE] (2010|hot) Too old: 6 days (limit: 3)
[DELETE] (2010|hot) Too old: 36 days (limit: 3)
[DELETE] (2495|hot) Too old: 40 days (limit: 3)
[DELETE] (2495|hot) Too old: 39 days (limit: 3)
[DELETE] (2495|hot) Too old: 19 days (limit: 3)
[DELETE] (2495|hot) Too old: 6 days (limit: 3)
[DELETE] (2495|hot) Too old: 4 days (limit: 3)
[DELETE] (8069|hot) Too old: 8 days (limit: 3)
[DELETE] (8069|hot) Too old: 7 days (limit: 3)
[OK] (8069) Updated content (3709 chars)
[OK] (8069) Updated content (3532 chars)
[DELETE] (8069|hot) Too old: 7 days (limit: 3)
[DELETE] (3141|hot) Too old: 70 days (limit: 3)
[DELETE] (3141|hot) Too old: 55 days (limit: 3)
[DELETE] (3479|hot) Too old: 7 days (limit: 3)
[DELETE] (3141|hot) Too old: 41 days (limit: 3)
[DELETE] (3141|hot) Too old: 47 days (limit: 3)
[DELETE] (3141|hot) Too old: 13 days (limit: 3)
[DELETE] (3479|hot) Too old: 7 days (limit: 3)
[DELETE] (3479|hot) Too old: 7 days (limit: 3)
[DELETE] (3479|hot) Too old: 7 days (limit: 3)
[DELETE] (3479|hot) Too old: 7 days (limit: 3)
[DELETE] (3016|hot) Too old: 8 days (limit: 3)
[DELETE] (3016|hot) Too old: 14 days (limit: 3)
[DELETE] (3016|hot) Too old: 7 days (limit: 3)
[DELETE] (3016|hot) Too old: 4 days (limit: 3)
[DELETE] (3016|hot) Too old: 4 days (limit: 3)
[DELETE] (2009|hot) Too old: 53 days (limit: 3)
[DELETE] (2009|hot) Too old: 43 days (limit: 3)
[DELETE] (2009|hot) Too old: 21 days (limit: 3)
[DELETE] (2009|hot) Too old: 39 days (limit: 3)
[DELETE] (2009|hot) Too old: 7 days (limit: 3)
[DELETE] (2106|hot) Too old: 36 days (limit: 3)
[DELETE] (2106|hot) Too old: 64 days (limit: 3)
[DELETE] (2106|hot) Too old: 6 days (limit: 3)
[DELETE] (2106|hot) Too old: 25 days (limit: 3)
[DELETE] (2106|hot) Too old: 13 days (limit: 3)
[DELETE] (4588|hot) Too old: 67 days (limit: 3)
[DELETE] (4588|hot) Too old: 39 days (limit: 3)
[DELETE] (4588|hot) Too old: 48 days (limit: 3)
[DELETE] (4588|hot) Too old: 40 days (limit: 3)
[DELETE] (4588|hot) Too old: 8 days (limit: 3)
[DELETE] (2353|hot) Too old: 4 days (limit: 3)
[DELETE] (2353|hot) Too old: 4 days (limit: 3)
[DELETE] (2353|hot) Too old: 4 days (limit: 3)
[OK] (2353) Updated content (3250 chars)
[DELETE] (3044|hot) Too old: 14 days (limit: 3)
[OK] (2353) Updated content (3250 chars)
[DELETE] (3044|hot) Too old: 13 days (limit: 3)
[DELETE] (3044|hot) Too old: 7 days (limit: 3)
[DELETE] (1434|hot) Too old: 39 days (limit: 3)
[DELETE] (3044|hot) Too old: 7 days (limit: 3)
[DELETE] (3044|hot) Too old: 6 days (limit: 3)
[DELETE] (1434|hot) Too old: 39 days (limit: 3)
[DELETE] (1434|hot) Too old: 36 days (limit: 3)
[DELETE] (1434|hot) Too old: 19 days (limit: 3)
[DELETE] (6596|hot) Too old: 67 days (limit: 3)
[DELETE] (1434|hot) Too old: 8 days (limit: 3)
[DELETE] (6596|hot) Too old: 39 days (limit: 3)
[DELETE] (6596|hot) Too old: 35 days (limit: 3)
[DELETE] (6596|hot) Too old: 21 days (limit: 3)
[DELETE] (3466|hot) Too old: 42 days (limit: 3)
[DELETE] (6596|hot) Too old: 7 days (limit: 3)
[DELETE] (3466|hot) Too old: 19 days (limit: 3)
[DELETE] (3466|hot) Too old: 40 days (limit: 3)
[DELETE] (3466|hot) Too old: 19 days (limit: 3)
[DELETE] (3466|hot) Too old: 6 days (limit: 3)
[DELETE] (5306|hot) Too old: 18 days (limit: 3)
[DELETE] (5306|hot) Too old: 18 days (limit: 3)
[DELETE] (5306|hot) Too old: 18 days (limit: 3)
[DELETE] (5306|hot) Too old: 18 days (limit: 3)
[DELETE] (5306|hot) Too old: 6 days (limit: 3)
[DELETE] (6830|hot) Too old: 5 days (limit: 3)
[DELETE] (6830|hot) Too old: 8 days (limit: 3)
[DELETE] (6830|hot) Too old: 5 days (limit: 3)
[OK] (6830) Updated content (4453 chars)
[DELETE] (6830|hot) Too old: 5 days (limit: 3)
[DELETE] (3413|hot) Too old: 70 days (limit: 3)
[DELETE] (3413|hot) Too old: 20 days (limit: 3)
[DELETE] (3413|hot) Too old: 41 days (limit: 3)
[DELETE] (3413|hot) Too old: 11 days (limit: 3)
[DELETE] (3413|hot) Too old: 4 days (limit: 3)
[DELETE] (8107|hot) Too old: 41 days (limit: 3)
[DELETE] (8107|hot) Too old: 49 days (limit: 3)
[DELETE] (8107|hot) Too old: 6 days (limit: 3)
[DELETE] (8107|hot) Too old: 39 days (limit: 3)
[DELETE] (8107|hot) Too old: 41 days (limit: 3)
[DELETE] (8358|hot) Too old: 39 days (limit: 3)
[DELETE] (8358|hot) Too old: 15 days (limit: 3)
[DELETE] (8358|hot) Too old: 6 days (limit: 3)
[DELETE] (8358|hot) Too old: 8 days (limit: 3)
[DELETE] (8358|hot) Too old: 4 days (limit: 3)
[DELETE] (6499|hot) Too old: 18 days (limit: 3)
[DELETE] (6499|hot) Too old: 18 days (limit: 3)
[DELETE] (6499|hot) Too old: 36 days (limit: 3)
[DELETE] (6499|hot) Too old: 6 days (limit: 3)
[SKIP] (6499) Failed to fetch: https://tw.stock.yahoo.com/news/%E5%85%AC%E5%91%8A-%E7%9B%8A%E5%AE%89-2026%E5%B9%B44%E6%9C%88%E5%90%88%E4%BD%B5%E7%87%9F%E6%94%B63713-9%E8%90%AC%E5%85%83-%E5%B9%B4%E5%A2%9E3-072304554.html
[DELETE] (2851|hot) Too old: 22 days (limit: 3)
[DELETE] (2851|hot) Too old: 5 days (limit: 3)
[DELETE] (2851|hot) Too old: 22 days (limit: 3)
[DELETE] (2851|hot) Too old: 19 days (limit: 3)
[OK] (2851) Updated content (2936 chars)
[DELETE] (5243|hot) Too old: 92 days (limit: 3)
[DELETE] (5243|hot) Too old: 39 days (limit: 3)
[DELETE] (5243|hot) Too old: 70 days (limit: 3)
[DELETE] (5243|hot) Too old: 11 days (limit: 3)
[DELETE] (5243|hot) Too old: 68 days (limit: 3)
[DELETE] (1773|hot) Too old: 99 days (limit: 3)
[DELETE] (1773|hot) Too old: 69 days (limit: 3)
[DELETE] (1773|hot) Too old: 11 days (limit: 3)
[DELETE] (4923|hot) Too old: 40 days (limit: 3)
[DELETE] (1773|hot) Too old: 39 days (limit: 3)
[DELETE] (1773|hot) Too old: 20 days (limit: 3)
[DELETE] (4923|hot) Too old: 27 days (limit: 3)
[DELETE] (4923|hot) Too old: 19 days (limit: 3)
[DELETE] (4923|hot) Too old: 8 days (limit: 3)
[DELETE] (4923|hot) Too old: 13 days (limit: 3)
[DELETE] (6515|hot) Too old: 20 days (limit: 3)
[DELETE] (6515|hot) Too old: 20 days (limit: 3)
[DELETE] (6515|hot) Too old: 18 days (limit: 3)
[SKIP] (6515) Failed to fetch: https://tw.stock.yahoo.com/news/%E5%85%AC%E5%91%8A-%E7%A9%8E%E5%B4%B4%E4%BB%A3%E5%AD%90%E5%85%AC%E5%8F%B8winway-technology-international-inc-101525659.html
[DELETE] (6515|hot) Too old: 8 days (limit: 3)
[DELETE] (8938|hot) Too old: 33 days (limit: 3)
[DELETE] (8938|hot) Too old: 33 days (limit: 3)
[DELETE] (8938|hot) Too old: 25 days (limit: 3)
[DELETE] (8938|hot) Too old: 18 days (limit: 3)
[DELETE] (8938|hot) Too old: 8 days (limit: 3)
[DELETE] (7734|hot) Too old: 35 days (limit: 3)
[DELETE] (7734|hot) Too old: 8 days (limit: 3)
[DELETE] (7734|hot) Too old: 6 days (limit: 3)
[DELETE] (7734|hot) Too old: 8 days (limit: 3)
[DELETE] (7734|hot) Too old: 5 days (limit: 3)
[DELETE] (4953|hot) Too old: 42 days (limit: 3)
[DELETE] (4953|hot) Too old: 14 days (limit: 3)
[DELETE] (4953|hot) Too old: 10 days (limit: 3)
[DELETE] (4953|hot) Too old: 11 days (limit: 3)
[OK] (4953) Updated content (4113 chars)
[DELETE] (3581|hot) Too old: 35 days (limit: 3)
[DELETE] (3581|hot) Too old: 35 days (limit: 3)
[DELETE] (3581|hot) Too old: 19 days (limit: 3)
[DELETE] (3323|hot) Too old: 18 days (limit: 3)
[DELETE] (3581|hot) Too old: 6 days (limit: 3)
[DELETE] (3581|hot) Too old: 4 days (limit: 3)
[DELETE] (3323|hot) Too old: 18 days (limit: 3)
[DELETE] (3323|hot) Too old: 5 days (limit: 3)
[DELETE] (3323|hot) Too old: 5 days (limit: 3)
[DELETE] (3323|hot) Too old: 11 days (limit: 3)
[DELETE] (3390|hot) Too old: 39 days (limit: 3)
[DELETE] (3390|hot) Too old: 35 days (limit: 3)
[DELETE] (3390|hot) Too old: 6 days (limit: 3)
[DELETE] (3390|hot) Too old: 34 days (limit: 3)
[DELETE] (3390|hot) Too old: 32 days (limit: 3)
[DELETE] (7715|hot) Too old: 77 days (limit: 3)
[DELETE] (7715|hot) Too old: 78 days (limit: 3)
[DELETE] (7715|hot) Too old: 39 days (limit: 3)
[DELETE] (7715|hot) Too old: 69 days (limit: 3)
[DELETE] (7715|hot) Too old: 8 days (limit: 3)
[DELETE] (2104|hot) Too old: 35 days (limit: 3)
[DELETE] (2104|hot) Too old: 21 days (limit: 3)
[DELETE] (2104|hot) Too old: 36 days (limit: 3)
[DELETE] (2104|hot) Too old: 21 days (limit: 3)
[DELETE] (2104|hot) Too old: 6 days (limit: 3)
[DELETE] (6270|hot) Too old: 69 days (limit: 3)
[DELETE] (6270|hot) Too old: 42 days (limit: 3)
[DELETE] (6270|hot) Too old: 102 days (limit: 3)
[DELETE] (6270|hot) Too old: 39 days (limit: 3)
[DELETE] (4912|hot) Too old: 32 days (limit: 3)
[DELETE] (4912|hot) Too old: 8 days (limit: 3)
[DELETE] (6270|hot) Too old: 8 days (limit: 3)
[DELETE] (4912|hot) Too old: 8 days (limit: 3)
[DELETE] (4912|hot) Too old: 8 days (limit: 3)
[DELETE] (1313|hot) Too old: 39 days (limit: 3)
[DELETE] (4912|hot) Too old: 8 days (limit: 3)
[DELETE] (1313|hot) Too old: 27 days (limit: 3)
[DELETE] (1313|hot) Too old: 21 days (limit: 3)
[DELETE] (1313|hot) Too old: 21 days (limit: 3)
[DELETE] (1313|hot) Too old: 8 days (limit: 3)
[DELETE] (2421|hot) Too old: 27 days (limit: 3)
[DELETE] (2421|hot) Too old: 22 days (limit: 3)
[DELETE] (2421|hot) Too old: 22 days (limit: 3)
[DELETE] (2421|hot) Too old: 8 days (limit: 3)
[DELETE] (1590|hot) Too old: 14 days (limit: 3)
[DELETE] (2421|hot) Too old: 20 days (limit: 3)
[DELETE] (1590|hot) Too old: 14 days (limit: 3)
[DELETE] (1590|hot) Too old: 14 days (limit: 3)
[DELETE] (1590|hot) Too old: 14 days (limit: 3)
[DELETE] (1590|hot) Too old: 14 days (limit: 3)
[DELETE] (3592|hot) Too old: 102 days (limit: 3)
[DELETE] (3592|hot) Too old: 54 days (limit: 3)
[DELETE] (3592|hot) Too old: 69 days (limit: 3)
[DELETE] (3592|hot) Too old: 39 days (limit: 3)
[DELETE] (3592|hot) Too old: 8 days (limit: 3)
[DELETE] (5234|hot) Too old: 25 days (limit: 3)
[DELETE] (5234|hot) Too old: 25 days (limit: 3)
[DELETE] (5234|hot) Too old: 25 days (limit: 3)
[DELETE] (5234|hot) Too old: 25 days (limit: 3)
[DELETE] (5234|hot) Too old: 11 days (limit: 3)
[DELETE] (6732|hot) Too old: 42 days (limit: 3)
[DELETE] (6732|hot) Too old: 21 days (limit: 3)
[DELETE] (6732|hot) Too old: 41 days (limit: 3)
[DELETE] (6732|hot) Too old: 19 days (limit: 3)
[DELETE] (6732|hot) Too old: 8 days (limit: 3)
[DELETE] (2855|hot) Too old: 27 days (limit: 3)
[DELETE] (2855|hot) Too old: 20 days (limit: 3)
[DELETE] (2855|hot) Too old: 19 days (limit: 3)
[DELETE] (2855|hot) Too old: 12 days (limit: 3)
[DELETE] (1907|hot) Too old: 7 days (limit: 3)
[DELETE] (1907|hot) Too old: 6 days (limit: 3)
[DELETE] (2855|hot) Too old: 6 days (limit: 3)
[DELETE] (1907|hot) Too old: 4 days (limit: 3)
[DELETE] (1907|hot) Too old: 4 days (limit: 3)
[DELETE] (1907|hot) Too old: 4 days (limit: 3)
[DELETE] (1718|hot) Too old: 36 days (limit: 3)
[DELETE] (1718|hot) Too old: 12 days (limit: 3)
[DELETE] (1718|hot) Too old: 7 days (limit: 3)
[DELETE] (1718|hot) Too old: 5 days (limit: 3)
[DELETE] (6456|hot) Too old: 15 days (limit: 3)
[SKIP] (1718) Failed to fetch: https://tw.stock.yahoo.com/news/%E5%85%AC%E5%91%8A-%E4%B8%AD%E7%BA%96%E5%B0%87%E6%96%BC115%E5%B9%B46%E6%9C%8811%E6%97%A5%E5%8F%AC%E9%96%8B%E6%B3%95%E4%BA%BA%E8%AA%AA%E6%98%8E%E6%9C%83-101504272.html
[DELETE] (6456|hot) Too old: 11 days (limit: 3)
[OK] (6456) Updated content (4729 chars)
[OK] (6456) Updated content (5408 chars)
[DELETE] (3011|hot) Too old: 39 days (limit: 3)
[OK] (6456) Updated content (3124 chars)
[DELETE] (3011|hot) Too old: 67 days (limit: 3)
[DELETE] (3011|hot) Too old: 12 days (limit: 3)
[DELETE] (3011|hot) Too old: 26 days (limit: 3)
[DELETE] (3011|hot) Too old: 6 days (limit: 3)
[DELETE] (2363|hot) Too old: 15 days (limit: 3)
[DELETE] (2363|hot) Too old: 15 days (limit: 3)
[DELETE] (2363|hot) Too old: 5 days (limit: 3)
[DELETE] (2363|hot) Too old: 6 days (limit: 3)
[SKIP] (2363) Failed to fetch: https://tw.stock.yahoo.com/news/%E7%9F%BD%E7%B5%B16-2%E8%B5%B7%E9%A0%90%E5%AE%9A%E8%B2%B7%E5%9B%9E%E5%BA%AB%E8%97%8F%E8%82%A15-000%E5%BC%B5-%E5%8D%80%E9%96%93%E5%83%B947-00-212100608.html
[DELETE] (1529|hot) Too old: 25 days (limit: 3)
[DELETE] (1529|hot) Too old: 12 days (limit: 3)
[DELETE] (1529|hot) Too old: 25 days (limit: 3)
[DELETE] (1529|hot) Too old: 11 days (limit: 3)
[DELETE] (1529|hot) Too old: 6 days (limit: 3)
[DELETE] (3691|hot) Too old: 6 days (limit: 3)
[DELETE] (3691|hot) Too old: 43 days (limit: 3)
[DELETE] (3691|hot) Too old: 33 days (limit: 3)
[DELETE] (3691|hot) Too old: 36 days (limit: 3)
[DELETE] (3691|hot) Too old: 4 days (limit: 3)
[DELETE] (9942|hot) Too old: 43 days (limit: 3)
[DELETE] (9942|hot) Too old: 41 days (limit: 3)
[DELETE] (9942|hot) Too old: 35 days (limit: 3)
[DELETE] (9942|hot) Too old: 8 days (limit: 3)
[DELETE] (9942|hot) Too old: 26 days (limit: 3)
[DELETE] (2393|hot) Too old: 25 days (limit: 3)
[DELETE] (2393|hot) Too old: 22 days (limit: 3)
[DELETE] (2393|hot) Too old: 7 days (limit: 3)
[DELETE] (2393|hot) Too old: 12 days (limit: 3)
[OK] (2393) Updated content (3045 chars)
[DELETE] (8068|hot) Too old: 95 days (limit: 3)
[DELETE] (8068|hot) Too old: 36 days (limit: 3)
[DELETE] (8068|hot) Too old: 34 days (limit: 3)
[DELETE] (8068|hot) Too old: 67 days (limit: 3)
[DELETE] (8068|hot) Too old: 6 days (limit: 3)
[DELETE] (2015|hot) Too old: 20 days (limit: 3)
[DELETE] (2015|hot) Too old: 20 days (limit: 3)
[DELETE] (2015|hot) Too old: 15 days (limit: 3)
[DELETE] (2015|hot) Too old: 12 days (limit: 3)
[DELETE] (2015|hot) Too old: 11 days (limit: 3)
[OK] (2498) Updated content (5051 chars)
[OK] (2498) Updated content (4647 chars)
[DELETE] (2498|hot) Too old: 11 days (limit: 3)
[OK] (2498) Updated content (4754 chars)
[OK] (2498) Updated content (4772 chars)
[DELETE] (3380|hot) Too old: 12 days (limit: 3)
[DELETE] (3380|hot) Too old: 12 days (limit: 3)
[DELETE] (3380|hot) Too old: 12 days (limit: 3)
[DELETE] (3380|hot) Too old: 12 days (limit: 3)
[DELETE] (6909|hot) Too old: 34 days (limit: 3)
[DELETE] (3380|hot) Too old: 12 days (limit: 3)
[DELETE] (6909|hot) Too old: 32 days (limit: 3)
[DELETE] (6909|hot) Too old: 32 days (limit: 3)
[DELETE] (6909|hot) Too old: 21 days (limit: 3)
[DELETE] (8083|hot) Too old: 54 days (limit: 3)
[DELETE] (6909|hot) Too old: 6 days (limit: 3)
[DELETE] (8083|hot) Too old: 42 days (limit: 3)
[DELETE] (8083|hot) Too old: 22 days (limit: 3)
[DELETE] (8083|hot) Too old: 18 days (limit: 3)
[DELETE] (8083|hot) Too old: 11 days (limit: 3)
[DELETE] (5381|hot) Too old: 36 days (limit: 3)
[DELETE] (2527|hot) Too old: 39 days (limit: 3)
[DELETE] (5381|hot) Too old: 34 days (limit: 3)
[DELETE] (5381|hot) Too old: 33 days (limit: 3)
[DELETE] (5381|hot) Too old: 33 days (limit: 3)
[DELETE] (5381|hot) Too old: 6 days (limit: 3)
[DELETE] (2527|hot) Too old: 39 days (limit: 3)
[DELETE] (2527|hot) Too old: 39 days (limit: 3)
[DELETE] (2527|hot) Too old: 39 days (limit: 3)
[DELETE] (2527|hot) Too old: 6 days (limit: 3)
[DELETE] (7740|hot) Too old: 98 days (limit: 3)
[DELETE] (7740|hot) Too old: 67 days (limit: 3)
[DELETE] (7740|hot) Too old: 67 days (limit: 3)
[DELETE] (7740|hot) Too old: 36 days (limit: 3)
[DELETE] (7740|hot) Too old: 6 days (limit: 3)
[DELETE] (6517|hot) Too old: 42 days (limit: 3)
[DELETE] (6517|hot) Too old: 39 days (limit: 3)
[DELETE] (6517|hot) Too old: 34 days (limit: 3)
[DELETE] (6517|hot) Too old: 8 days (limit: 3)
[DELETE] (2211|hot) Too old: 19 days (limit: 3)
[DELETE] (2211|hot) Too old: 19 days (limit: 3)
[DELETE] (6517|hot) Too old: 4 days (limit: 3)
[DELETE] (2211|hot) Too old: 6 days (limit: 3)
[DELETE] (2211|hot) Too old: 13 days (limit: 3)
[DELETE] (6166|hot) Too old: 13 days (limit: 3)
[DELETE] (6166|hot) Too old: 32 days (limit: 3)
[DELETE] (2211|hot) Too old: 6 days (limit: 3)
[DELETE] (6166|hot) Too old: 12 days (limit: 3)
[DELETE] (6166|hot) Too old: 6 days (limit: 3)
[DELETE] (6166|hot) Too old: 8 days (limit: 3)
[DELETE] (8996|hot) Too old: 39 days (limit: 3)
[DELETE] (8996|hot) Too old: 35 days (limit: 3)
[DELETE] (8996|hot) Too old: 4 days (limit: 3)
[DELETE] (8996|hot) Too old: 20 days (limit: 3)
[SKIP] (8996) Failed to fetch: https://tw.stock.yahoo.com/news/%E5%85%AC%E5%91%8A-%E9%AB%98%E5%8A%9B-2026%E5%B9%B45%E6%9C%88%E5%90%88%E4%BD%B5%E7%87%9F%E6%94%B66-32%E5%84%84%E5%85%83-%E5%B9%B4%E5%A2%9E40-095213850.html
[DELETE] (8064|hot) Too old: 39 days (limit: 3)
[DELETE] (8064|hot) Too old: 19 days (limit: 3)
[DELETE] (8064|hot) Too old: 6 days (limit: 3)
[DELETE] (1442|hot) Too old: 47 days (limit: 3)
[OK] (8064) Updated content (4165 chars)
[DELETE] (8064|hot) Too old: 19 days (limit: 3)
[DELETE] (1442|hot) Too old: 63 days (limit: 3)
[DELETE] (1442|hot) Too old: 39 days (limit: 3)
[DELETE] (1442|hot) Too old: 39 days (limit: 3)
[DELETE] (1442|hot) Too old: 6 days (limit: 3)
[DELETE] (4576|hot) Too old: 53 days (limit: 3)
[DELETE] (4576|hot) Too old: 47 days (limit: 3)
[DELETE] (4576|hot) Too old: 21 days (limit: 3)
[DELETE] (4576|hot) Too old: 41 days (limit: 3)
[DELETE] (4576|hot) Too old: 12 days (limit: 3)
[DELETE] (6698|hot) Too old: 68 days (limit: 3)
[DELETE] (6698|hot) Too old: 39 days (limit: 3)
[DELETE] (6698|hot) Too old: 98 days (limit: 3)
[DELETE] (6698|hot) Too old: 43 days (limit: 3)
[DELETE] (6698|hot) Too old: 7 days (limit: 3)
[DELETE] (3078|hot) Too old: 42 days (limit: 3)
[DELETE] (3078|hot) Too old: 68 days (limit: 3)
[DELETE] (3078|hot) Too old: 39 days (limit: 3)
[DELETE] (3078|hot) Too old: 34 days (limit: 3)
[DELETE] (3078|hot) Too old: 6 days (limit: 3)
[DELETE] (4714|hot) Too old: 6 days (limit: 3)
[DELETE] (4714|hot) Too old: 6 days (limit: 3)
[DELETE] (4714|hot) Too old: 6 days (limit: 3)
[DELETE] (4714|hot) Too old: 6 days (limit: 3)
[DELETE] (4714|hot) Too old: 6 days (limit: 3)
[DELETE] (6640|hot) Too old: 28 days (limit: 3)
[DELETE] (6640|hot) Too old: 8 days (limit: 3)
[DELETE] (6640|hot) Too old: 28 days (limit: 3)
[DELETE] (6640|hot) Too old: 28 days (limit: 3)
[DELETE] (6640|hot) Too old: 5 days (limit: 3)
[OK] (2408) Updated content (3699 chars)
[OK] (2408) Updated content (3186 chars)
[OK] (2408) Updated content (5195 chars)
[OK] (2408) Updated content (4139 chars)
[OK] (2408) Updated content (3214 chars)
[DELETE] (6535|hot) Too old: 36 days (limit: 3)
[DELETE] (6535|hot) Too old: 18 days (limit: 3)
[DELETE] (6535|hot) Too old: 21 days (limit: 3)
[DELETE] (6535|hot) Too old: 19 days (limit: 3)
[DELETE] (6535|hot) Too old: 8 days (limit: 3)
[DELETE] (3714|hot) Too old: 11 days (limit: 3)
[DELETE] (3714|hot) Too old: 12 days (limit: 3)
[DELETE] (3714|hot) Too old: 12 days (limit: 3)
[DELETE] (3714|hot) Too old: 12 days (limit: 3)
[DELETE] (6996|hot) Too old: 69 days (limit: 3)
[DELETE] (3714|hot) Too old: 6 days (limit: 3)
[DELETE] (6996|hot) Too old: 27 days (limit: 3)
[DELETE] (6996|hot) Too old: 41 days (limit: 3)
[DELETE] (6996|hot) Too old: 27 days (limit: 3)
[DELETE] (6996|hot) Too old: 8 days (limit: 3)
[DELETE] (8085|hot) Too old: 39 days (limit: 3)
[DELETE] (8085|hot) Too old: 32 days (limit: 3)
[DELETE] (8085|hot) Too old: 29 days (limit: 3)
[DELETE] (8085|hot) Too old: 15 days (limit: 3)
[DELETE] (8085|hot) Too old: 8 days (limit: 3)
[DELETE] (4903|hot) Too old: 41 days (limit: 3)
[DELETE] (4903|hot) Too old: 18 days (limit: 3)
[DELETE] (4903|hot) Too old: 34 days (limit: 3)
[DELETE] (4903|hot) Too old: 39 days (limit: 3)
[DELETE] (4903|hot) Too old: 8 days (limit: 3)
[DELETE] (2301|hot) Too old: 4 days (limit: 3)
[OK] (2301) Updated content (3045 chars)
[DELETE] (2301|hot) Too old: 4 days (limit: 3)
[OK] (2301) Updated content (3495 chars)
[OK] (2301) Updated content (3638 chars)
[DELETE] (6953|hot) Too old: 40 days (limit: 3)
[DELETE] (6953|hot) Too old: 35 days (limit: 3)
[DELETE] (6953|hot) Too old: 12 days (limit: 3)
[DELETE] (6953|hot) Too old: 21 days (limit: 3)
[DELETE] (6953|hot) Too old: 7 days (limit: 3)
[DELETE] (2204|hot) Too old: 13 days (limit: 3)
[DELETE] (2204|hot) Too old: 6 days (limit: 3)
[DELETE] (2204|hot) Too old: 13 days (limit: 3)
[DELETE] (2204|hot) Too old: 12 days (limit: 3)
[DELETE] (2474|hot) Too old: 6 days (limit: 3)
[DELETE] (2204|hot) Too old: 4 days (limit: 3)
[DELETE] (2474|hot) Too old: 6 days (limit: 3)
[DELETE] (2474|hot) Too old: 7 days (limit: 3)
[DELETE] (2474|hot) Too old: 6 days (limit: 3)
[DELETE] (2474|hot) Too old: 4 days (limit: 3)
[DELETE] (3694|hot) Too old: 43 days (limit: 3)
[DELETE] (3694|hot) Too old: 35 days (limit: 3)
[DELETE] (3694|hot) Too old: 39 days (limit: 3)
[DELETE] (3694|hot) Too old: 25 days (limit: 3)
[DELETE] (3694|hot) Too old: 6 days (limit: 3)
[DELETE] (1476|hot) Too old: 28 days (limit: 3)
[DELETE] (1476|hot) Too old: 18 days (limit: 3)
[DELETE] (1476|hot) Too old: 18 days (limit: 3)
[DELETE] (1476|hot) Too old: 18 days (limit: 3)
[DELETE] (1476|hot) Too old: 11 days (limit: 3)
[DELETE] (1440|hot) Too old: 21 days (limit: 3)
[DELETE] (1440|hot) Too old: 36 days (limit: 3)
[DELETE] (1440|hot) Too old: 21 days (limit: 3)
[DELETE] (1440|hot) Too old: 12 days (limit: 3)
[DELETE] (1440|hot) Too old: 8 days (limit: 3)
[DELETE] (3680|hot) Too old: 29 days (limit: 3)
[DELETE] (3680|hot) Too old: 34 days (limit: 3)
[DELETE] (3680|hot) Too old: 18 days (limit: 3)
[DELETE] (3680|hot) Too old: 7 days (limit: 3)
[DELETE] (3680|hot) Too old: 6 days (limit: 3)
[DELETE] (9904|hot) Too old: 6 days (limit: 3)
[DELETE] (9904|hot) Too old: 5 days (limit: 3)
[DELETE] (9904|hot) Too old: 5 days (limit: 3)
[DELETE] (9904|hot) Too old: 5 days (limit: 3)
[DELETE] (9904|hot) Too old: 5 days (limit: 3)
[DELETE] (1526|hot) Too old: 67 days (limit: 3)
[DELETE] (1526|hot) Too old: 49 days (limit: 3)
[DELETE] (1526|hot) Too old: 39 days (limit: 3)
[DELETE] (1526|hot) Too old: 39 days (limit: 3)
[DELETE] (1526|hot) Too old: 6 days (limit: 3)
[DELETE] (1589|hot) Too old: 61 days (limit: 3)
[DELETE] (1589|hot) Too old: 27 days (limit: 3)
[DELETE] (1589|hot) Too old: 15 days (limit: 3)
[DELETE] (1589|hot) Too old: 39 days (limit: 3)
[DELETE] (1589|hot) Too old: 29 days (limit: 3)
[DELETE] (6869|hot) Too old: 28 days (limit: 3)
[DELETE] (6869|hot) Too old: 27 days (limit: 3)
[DELETE] (6869|hot) Too old: 6 days (limit: 3)
[DELETE] (6869|hot) Too old: 6 days (limit: 3)
[DELETE] (6869|hot) Too old: 22 days (limit: 3)
[DELETE] (2367|hot) Too old: 55 days (limit: 3)
[DELETE] (2367|hot) Too old: 50 days (limit: 3)
[DELETE] (2367|hot) Too old: 7 days (limit: 3)
[DELETE] (2367|hot) Too old: 42 days (limit: 3)
[DELETE] (2367|hot) Too old: 39 days (limit: 3)
[OK] (2881) Updated content (3090 chars)
[OK] (2881) Updated content (5859 chars)
[OK] (2881) Updated content (4011 chars)
[OK] (2881) Updated content (4865 chars)
[OK] (2881) Updated content (3269 chars)
[DELETE] (2801|hot) Too old: 8 days (limit: 3)
[DELETE] (2801|hot) Too old: 8 days (limit: 3)
[DELETE] (2801|hot) Too old: 5 days (limit: 3)
[DELETE] (2801|hot) Too old: 5 days (limit: 3)
[DELETE] (6592|hot) Too old: 19 days (limit: 3)
[DELETE] (2801|hot) Too old: 5 days (limit: 3)
[DELETE] (6592|hot) Too old: 19 days (limit: 3)
[DELETE] (6592|hot) Too old: 5 days (limit: 3)
[DELETE] (6592|hot) Too old: 8 days (limit: 3)
[DELETE] (6592|hot) Too old: 5 days (limit: 3)
[DELETE] (6186|hot) Too old: 40 days (limit: 3)
[DELETE] (6186|hot) Too old: 36 days (limit: 3)
[DELETE] (1722|hot) Too old: 26 days (limit: 3)
[DELETE] (6186|hot) Too old: 22 days (limit: 3)
[DELETE] (6186|hot) Too old: 36 days (limit: 3)
[DELETE] (6186|hot) Too old: 11 days (limit: 3)
[DELETE] (1722|hot) Too old: 8 days (limit: 3)
[DELETE] (1722|hot) Too old: 20 days (limit: 3)
[DELETE] (1722|hot) Too old: 20 days (limit: 3)
[DELETE] (1722|hot) Too old: 20 days (limit: 3)
[DELETE] (6285|hot) Too old: 8 days (limit: 3)
[DELETE] (6285|hot) Too old: 8 days (limit: 3)
[DELETE] (6285|hot) Too old: 8 days (limit: 3)
[DELETE] (3686|hot) Too old: 104 days (limit: 3)
[DELETE] (6285|hot) Too old: 8 days (limit: 3)
[DELETE] (6285|hot) Too old: 7 days (limit: 3)
[DELETE] (3686|hot) Too old: 67 days (limit: 3)
[DELETE] (3686|hot) Too old: 104 days (limit: 3)
[DELETE] (3686|hot) Too old: 6 days (limit: 3)
[DELETE] (4766|hot) Too old: 18 days (limit: 3)
[DELETE] (3686|hot) Too old: 39 days (limit: 3)
[DELETE] (4766|hot) Too old: 7 days (limit: 3)
[DELETE] (4766|hot) Too old: 15 days (limit: 3)
[DELETE] (4766|hot) Too old: 11 days (limit: 3)
[DELETE] (4766|hot) Too old: 7 days (limit: 3)
[DELETE] (6197|hot) Too old: 49 days (limit: 3)
[DELETE] (6197|hot) Too old: 41 days (limit: 3)
[DELETE] (6197|hot) Too old: 42 days (limit: 3)
[DELETE] (6197|hot) Too old: 12 days (limit: 3)
[DELETE] (8104|hot) Too old: 43 days (limit: 3)
[DELETE] (6197|hot) Too old: 7 days (limit: 3)
[DELETE] (8104|hot) Too old: 39 days (limit: 3)
[DELETE] (8104|hot) Too old: 35 days (limit: 3)
[DELETE] (8104|hot) Too old: 12 days (limit: 3)
[DELETE] (8104|hot) Too old: 8 days (limit: 3)
[DELETE] (3138|hot) Too old: 39 days (limit: 3)
[DELETE] (3138|hot) Too old: 35 days (limit: 3)
[DELETE] (3138|hot) Too old: 35 days (limit: 3)
[DELETE] (3138|hot) Too old: 35 days (limit: 3)
[DELETE] (1342|hot) Too old: 41 days (limit: 3)
[DELETE] (1342|hot) Too old: 41 days (limit: 3)
[DELETE] (3138|hot) Too old: 6 days (limit: 3)
[DELETE] (1342|hot) Too old: 33 days (limit: 3)
[DELETE] (1342|hot) Too old: 11 days (limit: 3)
[DELETE] (1342|hot) Too old: 33 days (limit: 3)
[DELETE] (3006|hot) Too old: 29 days (limit: 3)
[DELETE] (3006|hot) Too old: 25 days (limit: 3)
[DELETE] (3006|hot) Too old: 25 days (limit: 3)
[DELETE] (3006|hot) Too old: 25 days (limit: 3)
[DELETE] (1611|hot) Too old: 12 days (limit: 3)
[DELETE] (3006|hot) Too old: 14 days (limit: 3)
[DELETE] (1611|hot) Too old: 12 days (limit: 3)
[DELETE] (1611|hot) Too old: 11 days (limit: 3)
[DELETE] (1611|hot) Too old: 11 days (limit: 3)
[DELETE] (1611|hot) Too old: 11 days (limit: 3)
[DELETE] (4968|hot) Too old: 19 days (limit: 3)
[DELETE] (4968|hot) Too old: 19 days (limit: 3)
[DELETE] (4968|hot) Too old: 13 days (limit: 3)
[DELETE] (4968|hot) Too old: 13 days (limit: 3)
[DELETE] (4968|hot) Too old: 5 days (limit: 3)
[DELETE] (3029|hot) Too old: 20 days (limit: 3)
[DELETE] (3029|hot) Too old: 20 days (limit: 3)
[DELETE] (3029|hot) Too old: 18 days (limit: 3)
[DELETE] (3029|hot) Too old: 8 days (limit: 3)
[DELETE] (3029|hot) Too old: 13 days (limit: 3)
[DELETE] (2340|hot) Too old: 39 days (limit: 3)
[DELETE] (2340|hot) Too old: 40 days (limit: 3)
[DELETE] (2340|hot) Too old: 55 days (limit: 3)
[DELETE] (2340|hot) Too old: 37 days (limit: 3)
[DELETE] (2340|hot) Too old: 13 days (limit: 3)
[DELETE] (2348|hot) Too old: 50 days (limit: 3)
[DELETE] (2348|hot) Too old: 42 days (limit: 3)
[DELETE] (2348|hot) Too old: 50 days (limit: 3)
[DELETE] (2348|hot) Too old: 22 days (limit: 3)
[DELETE] (2348|hot) Too old: 11 days (limit: 3)
[DELETE] (2360|hot) Too old: 18 days (limit: 3)
[DELETE] (2360|hot) Too old: 12 days (limit: 3)
[DELETE] (2360|hot) Too old: 12 days (limit: 3)
[DELETE] (2360|hot) Too old: 12 days (limit: 3)
[DELETE] (5245|hot) Too old: 39 days (limit: 3)
[DELETE] (2360|hot) Too old: 11 days (limit: 3)
[DELETE] (5245|hot) Too old: 34 days (limit: 3)
[DELETE] (5245|hot) Too old: 34 days (limit: 3)
[DELETE] (5245|hot) Too old: 34 days (limit: 3)
[DELETE] (5245|hot) Too old: 6 days (limit: 3)
[DELETE] (6591|hot) Too old: 39 days (limit: 3)
[DELETE] (6591|hot) Too old: 68 days (limit: 3)
[DELETE] (6591|hot) Too old: 36 days (limit: 3)
[DELETE] (6591|hot) Too old: 36 days (limit: 3)
[DELETE] (6591|hot) Too old: 7 days (limit: 3)
[DELETE] (6861|hot) Too old: 18 days (limit: 3)
[DELETE] (6861|hot) Too old: 25 days (limit: 3)
[DELETE] (6861|hot) Too old: 18 days (limit: 3)
[DELETE] (6861|hot) Too old: 11 days (limit: 3)
[DELETE] (4533|hot) Too old: 19 days (limit: 3)
[DELETE] (4533|hot) Too old: 36 days (limit: 3)
[DELETE] (6861|hot) Too old: 7 days (limit: 3)
[DELETE] (4533|hot) Too old: 14 days (limit: 3)
[DELETE] (5302|hot) Too old: 41 days (limit: 3)
[DELETE] (5302|hot) Too old: 39 days (limit: 3)
[DELETE] (4533|hot) Too old: 8 days (limit: 3)
[DELETE] (5302|hot) Too old: 40 days (limit: 3)
[DELETE] (4533|hot) Too old: 5 days (limit: 3)
[DELETE] (5302|hot) Too old: 32 days (limit: 3)
[DELETE] (5302|hot) Too old: 11 days (limit: 3)
[DELETE] (8499|hot) Too old: 8 days (limit: 3)
[DELETE] (8499|hot) Too old: 7 days (limit: 3)
[DELETE] (8499|hot) Too old: 15 days (limit: 3)
[DELETE] (8499|hot) Too old: 22 days (limit: 3)
[OK] (8499) Updated content (4385 chars)
[DELETE] (6530|hot) Too old: 39 days (limit: 3)
[DELETE] (6530|hot) Too old: 12 days (limit: 3)
[SKIP] (6530) Failed to fetch: https://tw.stock.yahoo.com/news/%E5%85%AC%E5%91%8A-%E5%89%B5%E5%A8%81%E8%91%A3%E4%BA%8B%E9%95%B7%E7%95%B0%E5%8B%95-063340061.html
[DELETE] (6530|hot) Too old: 12 days (limit: 3)
[DELETE] (6530|hot) Too old: 11 days (limit: 3)
[DELETE] (2606|hot) Too old: 26 days (limit: 3)
[DELETE] (2606|hot) Too old: 26 days (limit: 3)
[DELETE] (2606|hot) Too old: 14 days (limit: 3)
[DELETE] (2606|hot) Too old: 7 days (limit: 3)
[DELETE] (2606|hot) Too old: 26 days (limit: 3)
[DELETE] (6870|hot) Too old: 63 days (limit: 3)
[DELETE] (6870|hot) Too old: 40 days (limit: 3)
[DELETE] (6838|hot) Too old: 41 days (limit: 3)
[DELETE] (6870|hot) Too old: 19 days (limit: 3)
[DELETE] (6870|hot) Too old: 34 days (limit: 3)
[DELETE] (6870|hot) Too old: 7 days (limit: 3)
[DELETE] (6838|hot) Too old: 22 days (limit: 3)
[DELETE] (6838|hot) Too old: 13 days (limit: 3)
[DELETE] (6838|hot) Too old: 15 days (limit: 3)
[DELETE] (6838|hot) Too old: 5 days (limit: 3)
[DELETE] (4763|hot) Too old: 70 days (limit: 3)
[DELETE] (4763|hot) Too old: 42 days (limit: 3)
[DELETE] (4763|hot) Too old: 41 days (limit: 3)
[DELETE] (4763|hot) Too old: 8 days (limit: 3)
[DELETE] (6121|hot) Too old: 11 days (limit: 3)
[DELETE] (4763|hot) Too old: 34 days (limit: 3)
[DELETE] (6121|hot) Too old: 11 days (limit: 3)
[DELETE] (6121|hot) Too old: 6 days (limit: 3)
[OK] (6121) Updated content (3573 chars)
[OK] (6121) Updated content (3300 chars)
[DELETE] (6584|hot) Too old: 13 days (limit: 3)
[DELETE] (6584|hot) Too old: 15 days (limit: 3)
[DELETE] (6584|hot) Too old: 5 days (limit: 3)
[OK] (6584) Updated content (4478 chars)
[OK] (6584) Updated content (4104 chars)
[DELETE] (4540|hot) Too old: 32 days (limit: 3)
[DELETE] (4540|hot) Too old: 40 days (limit: 3)
[DELETE] (4540|hot) Too old: 40 days (limit: 3)
[DELETE] (4540|hot) Too old: 6 days (limit: 3)
[DELETE] (4540|hot) Too old: 5 days (limit: 3)
[DELETE] (3213|hot) Too old: 6 days (limit: 3)
[DELETE] (3213|hot) Too old: 8 days (limit: 3)
[DELETE] (3213|hot) Too old: 6 days (limit: 3)
[DELETE] (3213|hot) Too old: 6 days (limit: 3)
[DELETE] (3213|hot) Too old: 6 days (limit: 3)
[DELETE] (6862|hot) Too old: 7 days (limit: 3)
[DELETE] (6862|hot) Too old: 7 days (limit: 3)
[DELETE] (6862|hot) Too old: 28 days (limit: 3)
[DELETE] (6862|hot) Too old: 7 days (limit: 3)
[DELETE] (6862|hot) Too old: 6 days (limit: 3)
[DELETE] (3548|hot) Too old: 41 days (limit: 3)
[DELETE] (3548|hot) Too old: 40 days (limit: 3)
[DELETE] (3548|hot) Too old: 18 days (limit: 3)
[DELETE] (3548|hot) Too old: 8 days (limit: 3)
[OK] (3548) Updated content (3349 chars)
[DELETE] (3081|hot) Too old: 20 days (limit: 3)
[DELETE] (3081|hot) Too old: 19 days (limit: 3)
[DELETE] (3081|hot) Too old: 4 days (limit: 3)
[DELETE] (3081|hot) Too old: 11 days (limit: 3)
[DELETE] (3081|hot) Too old: 5 days (limit: 3)
[DELETE] (8464|hot) Too old: 41 days (limit: 3)
[DELETE] (8464|hot) Too old: 39 days (limit: 3)
[DELETE] (8464|hot) Too old: 41 days (limit: 3)
[DELETE] (8464|hot) Too old: 6 days (limit: 3)
[DELETE] (6173|hot) Too old: 8 days (limit: 3)
[DELETE] (8464|hot) Too old: 15 days (limit: 3)
[DELETE] (6173|hot) Too old: 5 days (limit: 3)
[DELETE] (6173|hot) Too old: 5 days (limit: 3)
[DELETE] (6173|hot) Too old: 5 days (limit: 3)
[DELETE] (6173|hot) Too old: 5 days (limit: 3)
[DELETE] (6834|hot) Too old: 36 days (limit: 3)
[DELETE] (6834|hot) Too old: 21 days (limit: 3)
[DELETE] (6834|hot) Too old: 21 days (limit: 3)
[DELETE] (6834|hot) Too old: 21 days (limit: 3)
[DELETE] (6834|hot) Too old: 8 days (limit: 3)
[DELETE] (3481|hot) Too old: 5 days (limit: 3)
[DELETE] (3481|hot) Too old: 5 days (limit: 3)
[DELETE] (3481|hot) Too old: 5 days (limit: 3)
[OK] (3481) Updated content (3396 chars)
[DELETE] (3481|hot) Too old: 4 days (limit: 3)
[DELETE] (2425|hot) Too old: 39 days (limit: 3)
[DELETE] (2425|hot) Too old: 36 days (limit: 3)
[DELETE] (2425|hot) Too old: 36 days (limit: 3)
[DELETE] (2425|hot) Too old: 4 days (limit: 3)
[DELETE] (2425|hot) Too old: 6 days (limit: 3)
[DELETE] (4167|hot) Too old: 40 days (limit: 3)
[DELETE] (4167|hot) Too old: 40 days (limit: 3)
[DELETE] (4167|hot) Too old: 40 days (limit: 3)
[DELETE] (4167|hot) Too old: 8 days (limit: 3)
[DELETE] (4167|hot) Too old: 40 days (limit: 3)
[DELETE] (2392|hot) Too old: 33 days (limit: 3)
[DELETE] (2392|hot) Too old: 32 days (limit: 3)
[DELETE] (2392|hot) Too old: 32 days (limit: 3)
[DELETE] (2392|hot) Too old: 32 days (limit: 3)
[DELETE] (2392|hot) Too old: 6 days (limit: 3)
[DELETE] (5530|hot) Too old: 49 days (limit: 3)
[DELETE] (5530|hot) Too old: 41 days (limit: 3)
[DELETE] (5530|hot) Too old: 36 days (limit: 3)
[DELETE] (5530|hot) Too old: 36 days (limit: 3)
[DELETE] (5530|hot) Too old: 18 days (limit: 3)
[OK] (2412) Updated content (3413 chars)
[OK] (2412) Updated content (3079 chars)
[OK] (2412) Updated content (3077 chars)
[OK] (2412) Updated content (3375 chars)
[OK] (2412) Updated content (3416 chars)
[SKIP] (6875) Failed to fetch: https://tw.stock.yahoo.com/news/%E5%85%AC%E5%91%8A-%E5%9C%8B%E9%82%91-2026%E5%B9%B42%E6%9C%88%E5%90%88%E4%BD%B5%E7%87%9F%E6%94%B6%E8%90%AC%E5%85%83-%E5%B9%B4%E5%A2%9E999999-99-084317782.html
[DELETE] (6875|hot) Too old: 6 days (limit: 3)
[DELETE] (6875|hot) Too old: 97 days (limit: 3)
[DELETE] (6875|hot) Too old: 40 days (limit: 3)
[DELETE] (6875|hot) Too old: 69 days (limit: 3)
[DELETE] (2402|hot) Too old: 36 days (limit: 3)
[DELETE] (2402|hot) Too old: 45 days (limit: 3)
[DELETE] (2402|hot) Too old: 15 days (limit: 3)
[DELETE] (2402|hot) Too old: 15 days (limit: 3)
[DELETE] (2402|hot) Too old: 36 days (limit: 3)
[DELETE] (7711|hot) Too old: 5 days (limit: 3)
[DELETE] (7711|hot) Too old: 6 days (limit: 3)
[DELETE] (7711|hot) Too old: 6 days (limit: 3)
[OK] (7711) Updated content (3058 chars)
[OK] (7711) Updated content (3038 chars)
[DELETE] (6568|hot) Too old: 70 days (limit: 3)
[DELETE] (6568|hot) Too old: 99 days (limit: 3)
[DELETE] (6568|hot) Too old: 39 days (limit: 3)
[DELETE] (6568|hot) Too old: 14 days (limit: 3)
[DELETE] (6568|hot) Too old: 11 days (limit: 3)
[DELETE] (4142|hot) Too old: 42 days (limit: 3)
[DELETE] (4142|hot) Too old: 40 days (limit: 3)
[DELETE] (4142|hot) Too old: 7 days (limit: 3)
[DELETE] (4142|hot) Too old: 41 days (limit: 3)
[DELETE] (2338|hot) Too old: 18 days (limit: 3)
[DELETE] (4142|hot) Too old: 7 days (limit: 3)
[DELETE] (2338|hot) Too old: 8 days (limit: 3)
[DELETE] (2338|hot) Too old: 6 days (limit: 3)
[DELETE] (2338|hot) Too old: 6 days (limit: 3)
[DELETE] (2338|hot) Too old: 6 days (limit: 3)
[DELETE] (3257|hot) Too old: 56 days (limit: 3)
[DELETE] (3257|hot) Too old: 48 days (limit: 3)
[DELETE] (3257|hot) Too old: 41 days (limit: 3)
[DELETE] (4541|hot) Too old: 5 days (limit: 3)
[DELETE] (4541|hot) Too old: 5 days (limit: 3)
[DELETE] (3257|hot) Too old: 41 days (limit: 3)
[DELETE] (3257|hot) Too old: 8 days (limit: 3)
[DELETE] (4541|hot) Too old: 8 days (limit: 3)
[DELETE] (1319|hot) Too old: 63 days (limit: 3)
[DELETE] (4541|hot) Too old: 4 days (limit: 3)
[DELETE] (4541|hot) Too old: 5 days (limit: 3)
[DELETE] (1319|hot) Too old: 41 days (limit: 3)
[DELETE] (1319|hot) Too old: 41 days (limit: 3)
[DELETE] (6823|hot) Too old: 67 days (limit: 3)
[DELETE] (1319|hot) Too old: 19 days (limit: 3)
[DELETE] (6823|hot) Too old: 48 days (limit: 3)
[DELETE] (1319|hot) Too old: 8 days (limit: 3)
[DELETE] (6823|hot) Too old: 40 days (limit: 3)
[DELETE] (6823|hot) Too old: 6 days (limit: 3)
[DELETE] (6823|hot) Too old: 36 days (limit: 3)
[DELETE] (3483|hot) Too old: 39 days (limit: 3)
[DELETE] (3483|hot) Too old: 42 days (limit: 3)
[DELETE] (3483|hot) Too old: 34 days (limit: 3)
[DELETE] (3483|hot) Too old: 22 days (limit: 3)
[DELETE] (3483|hot) Too old: 7 days (limit: 3)
[DELETE] (2105|hot) Too old: 21 days (limit: 3)
[DELETE] (2105|hot) Too old: 21 days (limit: 3)
[DELETE] (2105|hot) Too old: 21 days (limit: 3)
[DELETE] (2105|hot) Too old: 21 days (limit: 3)
[DELETE] (2105|hot) Too old: 8 days (limit: 3)
[DELETE] (3321|hot) Too old: 42 days (limit: 3)
[DELETE] (3321|hot) Too old: 70 days (limit: 3)
[DELETE] (3321|hot) Too old: 103 days (limit: 3)
[DELETE] (3321|hot) Too old: 19 days (limit: 3)
[DELETE] (3321|hot) Too old: 11 days (limit: 3)
[DELETE] (6217|hot) Too old: 40 days (limit: 3)
[DELETE] (6217|hot) Too old: 35 days (limit: 3)
[DELETE] (6217|hot) Too old: 35 days (limit: 3)
[DELETE] (6217|hot) Too old: 11 days (limit: 3)
[DELETE] (6217|hot) Too old: 28 days (limit: 3)
[DELETE] (2302|hot) Too old: 18 days (limit: 3)
[DELETE] (2302|hot) Too old: 25 days (limit: 3)
[DELETE] (2302|hot) Too old: 6 days (limit: 3)
[DELETE] (2302|hot) Too old: 18 days (limit: 3)
[OK] (2302) Updated content (4656 chars)
[DELETE] (2462|hot) Too old: 39 days (limit: 3)
[DELETE] (2462|hot) Too old: 98 days (limit: 3)
[DELETE] (2462|hot) Too old: 99 days (limit: 3)
[DELETE] (2462|hot) Too old: 69 days (limit: 3)
[DELETE] (2462|hot) Too old: 6 days (limit: 3)
[DELETE] (4174|hot) Too old: 25 days (limit: 3)
[DELETE] (4174|hot) Too old: 15 days (limit: 3)
[DELETE] (4174|hot) Too old: 22 days (limit: 3)
[DELETE] (4174|hot) Too old: 7 days (limit: 3)
[SKIP] (4174) Failed to fetch: https://tw.stock.yahoo.com/news/%E6%B5%A9%E9%BC%8E-115%E5%B9%B45%E6%9C%88%E7%87%9F%E6%94%B6152%E8%90%AC-%E5%B9%B4%E6%B8%9B59-54-104400419.html
[DELETE] (4566|hot) Too old: 68 days (limit: 3)
[DELETE] (4566|hot) Too old: 68 days (limit: 3)
[DELETE] (4566|hot) Too old: 96 days (limit: 3)
[DELETE] (4566|hot) Too old: 7 days (limit: 3)
[DELETE] (4566|hot) Too old: 39 days (limit: 3)
[DELETE] (7751|hot) Too old: 40 days (limit: 3)
[DELETE] (7751|hot) Too old: 47 days (limit: 3)
[DELETE] (7751|hot) Too old: 36 days (limit: 3)
[DELETE] (1540|hot) Too old: 67 days (limit: 3)
[DELETE] (7751|hot) Too old: 32 days (limit: 3)
[DELETE] (7751|hot) Too old: 7 days (limit: 3)
[DELETE] (1540|hot) Too old: 53 days (limit: 3)
[DELETE] (1540|hot) Too old: 39 days (limit: 3)
[DELETE] (1540|hot) Too old: 39 days (limit: 3)
[DELETE] (1540|hot) Too old: 6 days (limit: 3)
[DELETE] (6841|hot) Too old: 35 days (limit: 3)
[DELETE] (6841|hot) Too old: 12 days (limit: 3)
[DELETE] (6841|hot) Too old: 43 days (limit: 3)
[DELETE] (6841|hot) Too old: 39 days (limit: 3)
[DELETE] (6841|hot) Too old: 27 days (limit: 3)
[DELETE] (1215|hot) Too old: 20 days (limit: 3)
[DELETE] (1215|hot) Too old: 20 days (limit: 3)
[DELETE] (1215|hot) Too old: 20 days (limit: 3)
[DELETE] (1215|hot) Too old: 6 days (limit: 3)
[DELETE] (1215|hot) Too old: 4 days (limit: 3)
[DELETE] (6770|hot) Too old: 6 days (limit: 3)
[DELETE] (6770|hot) Too old: 6 days (limit: 3)
[DELETE] (6770|hot) Too old: 11 days (limit: 3)
[DELETE] (6770|hot) Too old: 11 days (limit: 3)
[DELETE] (6770|hot) Too old: 7 days (limit: 3)
[DELETE] (2903|hot) Too old: 6 days (limit: 3)
[DELETE] (2903|hot) Too old: 12 days (limit: 3)
[DELETE] (2903|hot) Too old: 13 days (limit: 3)
[DELETE] (2903|hot) Too old: 13 days (limit: 3)
[DELETE] (2903|hot) Too old: 4 days (limit: 3)
[DELETE] (2850|hot) Too old: 25 days (limit: 3)
[DELETE] (2850|hot) Too old: 25 days (limit: 3)
[DELETE] (2850|hot) Too old: 25 days (limit: 3)
[DELETE] (2850|hot) Too old: 18 days (limit: 3)
[OK] (2850) Updated content (2991 chars)
[DELETE] (1808|hot) Too old: 19 days (limit: 3)
[DELETE] (1808|hot) Too old: 19 days (limit: 3)
[DELETE] (1808|hot) Too old: 7 days (limit: 3)
[DELETE] (1808|hot) Too old: 6 days (limit: 3)
[DELETE] (1808|hot) Too old: 7 days (limit: 3)
[DELETE] (6414|hot) Too old: 14 days (limit: 3)
[DELETE] (6414|hot) Too old: 13 days (limit: 3)
[DELETE] (6414|hot) Too old: 13 days (limit: 3)
[DELETE] (6414|hot) Too old: 13 days (limit: 3)
[DELETE] (6414|hot) Too old: 11 days (limit: 3)
[DELETE] (3715|hot) Too old: 21 days (limit: 3)
[DELETE] (3715|hot) Too old: 13 days (limit: 3)
[DELETE] (3715|hot) Too old: 12 days (limit: 3)
[DELETE] (3715|hot) Too old: 8 days (limit: 3)
[DELETE] (3715|hot) Too old: 7 days (limit: 3)
[DELETE] (3014|hot) Too old: 39 days (limit: 3)
[DELETE] (3014|hot) Too old: 69 days (limit: 3)
[DELETE] (3014|hot) Too old: 36 days (limit: 3)
[DELETE] (3014|hot) Too old: 8 days (limit: 3)
[DELETE] (1519|hot) Too old: 4 days (limit: 3)
[SKIP] (3014) Failed to fetch: https://tw.stock.yahoo.com/news/%E5%85%AC%E5%91%8A-%E8%81%AF%E9%99%BD%E8%91%A3%E4%BA%8B%E6%9C%83%E9%80%9A%E9%81%8E%E6%8A%95%E8%B3%87%E5%8F%B0%E7%81%A3%E9%96%8E%E9%BC%8E%E4%BA%9E%E6%B4%B2%E5%8F%83%E6%9C%89%E9%99%90%E5%90%88%E5%A4%A5-061440232.html
[DELETE] (1519|hot) Too old: 4 days (limit: 3)
[DELETE] (1519|hot) Too old: 4 days (limit: 3)
[DELETE] (1519|hot) Too old: 4 days (limit: 3)
[DELETE] (3630|hot) Too old: 42 days (limit: 3)
[DELETE] (3630|hot) Too old: 41 days (limit: 3)
[DELETE] (1519|hot) Too old: 4 days (limit: 3)
[DELETE] (3630|hot) Too old: 34 days (limit: 3)
[DELETE] (3630|hot) Too old: 34 days (limit: 3)
[DELETE] (4770|hot) Too old: 99 days (limit: 3)
[DELETE] (4770|hot) Too old: 99 days (limit: 3)
[DELETE] (3630|hot) Too old: 13 days (limit: 3)
[DELETE] (4770|hot) Too old: 68 days (limit: 3)
[DELETE] (4770|hot) Too old: 39 days (limit: 3)
[DELETE] (6005|hot) Too old: 26 days (limit: 3)
[DELETE] (6005|hot) Too old: 26 days (limit: 3)
[DELETE] (4770|hot) Too old: 8 days (limit: 3)
[DELETE] (6005|hot) Too old: 8 days (limit: 3)
[DELETE] (6005|hot) Too old: 20 days (limit: 3)
[DELETE] (6005|hot) Too old: 6 days (limit: 3)
[DELETE] (3227|hot) Too old: 14 days (limit: 3)
[DELETE] (3227|hot) Too old: 14 days (limit: 3)
[DELETE] (3227|hot) Too old: 11 days (limit: 3)
[DELETE] (3227|hot) Too old: 11 days (limit: 3)
[DELETE] (4973|hot) Too old: 33 days (limit: 3)
[DELETE] (3227|hot) Too old: 4 days (limit: 3)
[DELETE] (4973|hot) Too old: 39 days (limit: 3)
[DELETE] (4973|hot) Too old: 39 days (limit: 3)
[DELETE] (4973|hot) Too old: 14 days (limit: 3)
[DELETE] (6620|hot) Too old: 38 days (limit: 3)
[DELETE] (6620|hot) Too old: 25 days (limit: 3)
[DELETE] (6620|hot) Too old: 40 days (limit: 3)
[DELETE] (4973|hot) Too old: 8 days (limit: 3)
[DELETE] (6620|hot) Too old: 6 days (limit: 3)
[DELETE] (6620|hot) Too old: 6 days (limit: 3)
[DELETE] (6134|hot) Too old: 26 days (limit: 3)
[DELETE] (6134|hot) Too old: 35 days (limit: 3)
[DELETE] (6134|hot) Too old: 35 days (limit: 3)
[DELETE] (6134|hot) Too old: 21 days (limit: 3)
[DELETE] (2323|hot) Too old: 5 days (limit: 3)
[DELETE] (6134|hot) Too old: 11 days (limit: 3)
[OK] (2323) Updated content (3414 chars)
[DELETE] (2323|hot) Too old: 5 days (limit: 3)
[DELETE] (2323|hot) Too old: 5 days (limit: 3)
[OK] (2323) Updated content (3395 chars)
[DELETE] (4989|hot) Too old: 34 days (limit: 3)
[DELETE] (4989|hot) Too old: 6 days (limit: 3)
[DELETE] (4989|hot) Too old: 33 days (limit: 3)
[DELETE] (4989|hot) Too old: 6 days (limit: 3)
[DELETE] (6147|hot) Too old: 39 days (limit: 3)
[DELETE] (4989|hot) Too old: 5 days (limit: 3)
[DELETE] (6147|hot) Too old: 20 days (limit: 3)
[DELETE] (6147|hot) Too old: 20 days (limit: 3)
[DELETE] (6147|hot) Too old: 14 days (limit: 3)
[DELETE] (6147|hot) Too old: 7 days (limit: 3)
[DELETE] (4303|hot) Too old: 26 days (limit: 3)
[DELETE] (4303|hot) Too old: 25 days (limit: 3)
[DELETE] (4303|hot) Too old: 6 days (limit: 3)
[DELETE] (4303|hot) Too old: 25 days (limit: 3)
[DELETE] (4303|hot) Too old: 5 days (limit: 3)
[DELETE] (4749|hot) Too old: 8 days (limit: 3)
[DELETE] (4749|hot) Too old: 7 days (limit: 3)
[DELETE] (4749|hot) Too old: 5 days (limit: 3)
[DELETE] (4749|hot) Too old: 5 days (limit: 3)
[DELETE] (3515|hot) Too old: 11 days (limit: 3)
[DELETE] (4749|hot) Too old: 5 days (limit: 3)
[DELETE] (3515|hot) Too old: 6 days (limit: 3)
[DELETE] (3515|hot) Too old: 5 days (limit: 3)
[DELETE] (3515|hot) Too old: 5 days (limit: 3)
[OK] (3515) Updated content (3257 chars)
[DELETE] (6417|hot) Too old: 111 days (limit: 3)
[DELETE] (6417|hot) Too old: 99 days (limit: 3)
[DELETE] (6417|hot) Too old: 68 days (limit: 3)
[DELETE] (6417|hot) Too old: 40 days (limit: 3)
[DELETE] (6417|hot) Too old: 6 days (limit: 3)
[DELETE] (9941|hot) Too old: 6 days (limit: 3)
[DELETE] (9941|hot) Too old: 19 days (limit: 3)
[DELETE] (9941|hot) Too old: 7 days (limit: 3)
[DELETE] (9941|hot) Too old: 6 days (limit: 3)
[DELETE] (9941|hot) Too old: 4 days (limit: 3)
[DELETE] (3645|hot) Too old: 36 days (limit: 3)
[DELETE] (3645|hot) Too old: 39 days (limit: 3)
[DELETE] (3645|hot) Too old: 61 days (limit: 3)
[DELETE] (3645|hot) Too old: 6 days (limit: 3)
[DELETE] (3645|hot) Too old: 36 days (limit: 3)
[DELETE] (3211|hot) Too old: 11 days (limit: 3)
[DELETE] (3211|hot) Too old: 5 days (limit: 3)
[DELETE] (3211|hot) Too old: 5 days (limit: 3)
[DELETE] (3211|hot) Too old: 5 days (limit: 3)
[DELETE] (3211|hot) Too old: 5 days (limit: 3)
[DELETE] (2355|hot) Too old: 35 days (limit: 3)
[DELETE] (2355|hot) Too old: 35 days (limit: 3)
[DELETE] (2355|hot) Too old: 6 days (limit: 3)
[DELETE] (3265|hot) Too old: 33 days (limit: 3)
[DELETE] (2355|hot) Too old: 25 days (limit: 3)
[DELETE] (2355|hot) Too old: 21 days (limit: 3)
[DELETE] (3265|hot) Too old: 33 days (limit: 3)
[DELETE] (3265|hot) Too old: 15 days (limit: 3)
[DELETE] (3265|hot) Too old: 12 days (limit: 3)
[DELETE] (3265|hot) Too old: 4 days (limit: 3)
[DELETE] (6191|hot) Too old: 40 days (limit: 3)
[DELETE] (6191|hot) Too old: 40 days (limit: 3)
[DELETE] (6191|hot) Too old: 39 days (limit: 3)
[DELETE] (6191|hot) Too old: 40 days (limit: 3)
[OK] (7769) Updated content (4723 chars)
[DELETE] (6191|hot) Too old: 7 days (limit: 3)
[OK] (7769) Updated content (4951 chars)
[OK] (7769) Updated content (4959 chars)
[OK] (7769) Updated content (5675 chars)
[OK] (7769) Updated content (4736 chars)
[DELETE] (6226|hot) Too old: 98 days (limit: 3)
[DELETE] (6226|hot) Too old: 90 days (limit: 3)
[DELETE] (6226|hot) Too old: 68 days (limit: 3)
[DELETE] (6226|hot) Too old: 6 days (limit: 3)
[DELETE] (3059|hot) Too old: 67 days (limit: 3)
[DELETE] (6226|hot) Too old: 36 days (limit: 3)
[DELETE] (3059|hot) Too old: 39 days (limit: 3)
[DELETE] (3059|hot) Too old: 20 days (limit: 3)
[DELETE] (3059|hot) Too old: 6 days (limit: 3)
[DELETE] (4939|hot) Too old: 27 days (limit: 3)
[DELETE] (3059|hot) Too old: 18 days (limit: 3)
[DELETE] (4939|hot) Too old: 27 days (limit: 3)
[DELETE] (4939|hot) Too old: 13 days (limit: 3)
[OK] (1102) Updated content (4303 chars)
[DELETE] (4939|hot) Too old: 11 days (limit: 3)
[DELETE] (4939|hot) Too old: 4 days (limit: 3)
[OK] (1102) Updated content (5259 chars)
[OK] (1102) Updated content (3784 chars)
[OK] (1102) Updated content (5293 chars)
[OK] (1102) Updated content (488 chars)
[DELETE] (3712|hot) Too old: 18 days (limit: 3)
[DELETE] (3712|hot) Too old: 18 days (limit: 3)
[DELETE] (3712|hot) Too old: 6 days (limit: 3)
[DELETE] (3712|hot) Too old: 7 days (limit: 3)
[DELETE] (3712|hot) Too old: 5 days (limit: 3)
[DELETE] (6840|hot) Too old: 40 days (limit: 3)
[DELETE] (6840|hot) Too old: 40 days (limit: 3)
[DELETE] (6840|hot) Too old: 40 days (limit: 3)
[DELETE] (6840|hot) Too old: 8 days (limit: 3)
[DELETE] (3622|hot) Too old: 22 days (limit: 3)
[DELETE] (6840|hot) Too old: 7 days (limit: 3)
[DELETE] (3622|hot) Too old: 22 days (limit: 3)
[DELETE] (3622|hot) Too old: 15 days (limit: 3)
[DELETE] (3622|hot) Too old: 22 days (limit: 3)
[DELETE] (3622|hot) Too old: 8 days (limit: 3)
[DELETE] (2640|hot) Too old: 6 days (limit: 3)
[DELETE] (2640|hot) Too old: 4 days (limit: 3)
[DELETE] (2640|hot) Too old: 4 days (limit: 3)
[DELETE] (2640|hot) Too old: 4 days (limit: 3)
[DELETE] (2640|hot) Too old: 4 days (limit: 3)
[DELETE] (4904|hot) Too old: 6 days (limit: 3)
[DELETE] (4904|hot) Too old: 5 days (limit: 3)
[DELETE] (4904|hot) Too old: 5 days (limit: 3)
[DELETE] (4904|hot) Too old: 5 days (limit: 3)
[DELETE] (4904|hot) Too old: 4 days (limit: 3)
[DELETE] (6510|hot) Too old: 20 days (limit: 3)
[DELETE] (6510|hot) Too old: 20 days (limit: 3)
[DELETE] (6510|hot) Too old: 8 days (limit: 3)
[DELETE] (6510|hot) Too old: 13 days (limit: 3)
[DELETE] (6426|hot) Too old: 53 days (limit: 3)
[DELETE] (6510|hot) Too old: 8 days (limit: 3)
[DELETE] (6426|hot) Too old: 39 days (limit: 3)
[DELETE] (6426|hot) Too old: 43 days (limit: 3)
[DELETE] (6426|hot) Too old: 34 days (limit: 3)
[DELETE] (6426|hot) Too old: 7 days (limit: 3)
[DELETE] (9907|hot) Too old: 39 days (limit: 3)
[DELETE] (8096|hot) Too old: 36 days (limit: 3)
[DELETE] (8096|hot) Too old: 36 days (limit: 3)
[DELETE] (8096|hot) Too old: 33 days (limit: 3)
[DELETE] (8096|hot) Too old: 12 days (limit: 3)
[DELETE] (9907|hot) Too old: 29 days (limit: 3)
[DELETE] (9907|hot) Too old: 18 days (limit: 3)
[DELETE] (9907|hot) Too old: 18 days (limit: 3)
[DELETE] (9907|hot) Too old: 6 days (limit: 3)
[DELETE] (8096|hot) Too old: 8 days (limit: 3)
[DELETE] (4958|hot) Too old: 8 days (limit: 3)
[DELETE] (4958|hot) Too old: 5 days (limit: 3)
[DELETE] (4958|hot) Too old: 4 days (limit: 3)
[OK] (4958) Updated content (3110 chars)
[OK] (4958) Updated content (5600 chars)
[DELETE] (1605|hot) Too old: 25 days (limit: 3)
[DELETE] (1605|hot) Too old: 25 days (limit: 3)
[DELETE] (1605|hot) Too old: 22 days (limit: 3)
[DELETE] (3587|hot) Too old: 39 days (limit: 3)
[DELETE] (1605|hot) Too old: 13 days (limit: 3)
[DELETE] (1605|hot) Too old: 11 days (limit: 3)
[DELETE] (3587|hot) Too old: 39 days (limit: 3)
[DELETE] (3587|hot) Too old: 39 days (limit: 3)
[DELETE] (4526|hot) Too old: 34 days (limit: 3)
[DELETE] (3587|hot) Too old: 29 days (limit: 3)
[DELETE] (3587|hot) Too old: 8 days (limit: 3)
[DELETE] (4526|hot) Too old: 34 days (limit: 3)
[DELETE] (4526|hot) Too old: 34 days (limit: 3)
[DELETE] (4526|hot) Too old: 34 days (limit: 3)
[DELETE] (4526|hot) Too old: 6 days (limit: 3)
[DELETE] (2617|hot) Too old: 5 days (limit: 3)
[DELETE] (2617|hot) Too old: 5 days (limit: 3)
[DELETE] (2617|hot) Too old: 4 days (limit: 3)
[DELETE] (2617|hot) Too old: 4 days (limit: 3)
[DELETE] (2617|hot) Too old: 4 days (limit: 3)
[DELETE] (2337|hot) Too old: 4 days (limit: 3)
[DELETE] (2337|hot) Too old: 4 days (limit: 3)
[DELETE] (6205|hot) Too old: 19 days (limit: 3)
[OK] (2337) Updated content (3734 chars)
[DELETE] (2337|hot) Too old: 4 days (limit: 3)
[OK] (2337) Updated content (2881 chars)
[DELETE] (6205|hot) Too old: 19 days (limit: 3)
[DELETE] (6205|hot) Too old: 7 days (limit: 3)
[DELETE] (6205|hot) Too old: 11 days (limit: 3)
[DELETE] (6175|hot) Too old: 102 days (limit: 3)
[DELETE] (6205|hot) Too old: 19 days (limit: 3)
[DELETE] (6175|hot) Too old: 70 days (limit: 3)
[DELETE] (6175|hot) Too old: 8 days (limit: 3)
[DELETE] (6175|hot) Too old: 40 days (limit: 3)
[DELETE] (6175|hot) Too old: 39 days (limit: 3)
[DELETE] (8936|hot) Too old: 43 days (limit: 3)
[DELETE] (8936|hot) Too old: 35 days (limit: 3)
[DELETE] (8936|hot) Too old: 7 days (limit: 3)
[DELETE] (8936|hot) Too old: 35 days (limit: 3)
[DELETE] (8936|hot) Too old: 39 days (limit: 3)
[DELETE] (3228|hot) Too old: 43 days (limit: 3)
[DELETE] (3228|hot) Too old: 21 days (limit: 3)
[DELETE] (3228|hot) Too old: 15 days (limit: 3)
[DELETE] (5388|hot) Too old: 35 days (limit: 3)
[DELETE] (3228|hot) Too old: 41 days (limit: 3)
[DELETE] (3228|hot) Too old: 5 days (limit: 3)
[DELETE] (5388|hot) Too old: 35 days (limit: 3)
[DELETE] (5388|hot) Too old: 19 days (limit: 3)
[DELETE] (2258|hot) Too old: 25 days (limit: 3)
[DELETE] (5388|hot) Too old: 5 days (limit: 3)
[DELETE] (5388|hot) Too old: 12 days (limit: 3)
[DELETE] (2258|hot) Too old: 25 days (limit: 3)
[DELETE] (2258|hot) Too old: 25 days (limit: 3)
[DELETE] (2258|hot) Too old: 11 days (limit: 3)
[DELETE] (2258|hot) Too old: 18 days (limit: 3)
[DELETE] (1101|hot) Too old: 25 days (limit: 3)
[DELETE] (1101|hot) Too old: 25 days (limit: 3)
[DELETE] (1101|hot) Too old: 25 days (limit: 3)
[DELETE] (6449|hot) Too old: 18 days (limit: 3)
[DELETE] (1101|hot) Too old: 6 days (limit: 3)
[DELETE] (1101|hot) Too old: 14 days (limit: 3)
[DELETE] (6449|hot) Too old: 18 days (limit: 3)
[DELETE] (6449|hot) Too old: 11 days (limit: 3)
[DELETE] (6449|hot) Too old: 10 days (limit: 3)
[DELETE] (6449|hot) Too old: 11 days (limit: 3)
[DELETE] (6776|hot) Too old: 98 days (limit: 3)
[DELETE] (6776|hot) Too old: 69 days (limit: 3)
[DELETE] (6776|hot) Too old: 12 days (limit: 3)
[DELETE] (6776|hot) Too old: 81 days (limit: 3)
[DELETE] (2376|hot) Too old: 7 days (limit: 3)
[DELETE] (6776|hot) Too old: 40 days (limit: 3)
[DELETE] (2376|hot) Too old: 5 days (limit: 3)
[DELETE] (2376|hot) Too old: 5 days (limit: 3)
[DELETE] (2376|hot) Too old: 5 days (limit: 3)
[OK] (2376) Updated content (3586 chars)
[DELETE] (6271|hot) Too old: 22 days (limit: 3)
[DELETE] (6271|hot) Too old: 22 days (limit: 3)
[DELETE] (6271|hot) Too old: 7 days (limit: 3)
[DELETE] (6271|hot) Too old: 7 days (limit: 3)
[DELETE] (1903|hot) Too old: 98 days (limit: 3)
[DELETE] (1903|hot) Too old: 99 days (limit: 3)
[OK] (6271) Updated content (4496 chars)
[DELETE] (1903|hot) Too old: 67 days (limit: 3)
[DELETE] (1903|hot) Too old: 8 days (limit: 3)
[DELETE] (1903|hot) Too old: 39 days (limit: 3)
[DELETE] (2501|hot) Too old: 60 days (limit: 3)
[DELETE] (2501|hot) Too old: 50 days (limit: 3)
[DELETE] (2501|hot) Too old: 6 days (limit: 3)
[DELETE] (2501|hot) Too old: 50 days (limit: 3)
[DELETE] (2501|hot) Too old: 39 days (limit: 3)
[DELETE] (6405|hot) Too old: 68 days (limit: 3)
[DELETE] (6405|hot) Too old: 7 days (limit: 3)
[DELETE] (6405|hot) Too old: 47 days (limit: 3)
[DELETE] (6405|hot) Too old: 39 days (limit: 3)
[DELETE] (6405|hot) Too old: 19 days (limit: 3)
[DELETE] (2014|hot) Too old: 50 days (limit: 3)
[DELETE] (2014|hot) Too old: 48 days (limit: 3)
[DELETE] (2014|hot) Too old: 8 days (limit: 3)
[DELETE] (2444|hot) Too old: 47 days (limit: 3)
[DELETE] (2014|hot) Too old: 39 days (limit: 3)
[DELETE] (2014|hot) Too old: 25 days (limit: 3)
[DELETE] (2444|hot) Too old: 39 days (limit: 3)
[DELETE] (2444|hot) Too old: 27 days (limit: 3)
[DELETE] (2444|hot) Too old: 27 days (limit: 3)
[DELETE] (2444|hot) Too old: 6 days (limit: 3)
[DELETE] (4720|hot) Too old: 55 days (limit: 3)
[DELETE] (4720|hot) Too old: 42 days (limit: 3)
[DELETE] (4720|hot) Too old: 34 days (limit: 3)
[DELETE] (4720|hot) Too old: 8 days (limit: 3)
[DELETE] (4720|hot) Too old: 39 days (limit: 3)
[DELETE] (4967|hot) Too old: 49 days (limit: 3)
[DELETE] (4967|hot) Too old: 49 days (limit: 3)
[DELETE] (4967|hot) Too old: 6 days (limit: 3)
[DELETE] (4967|hot) Too old: 39 days (limit: 3)
[DELETE] (4967|hot) Too old: 18 days (limit: 3)
[DELETE] (3717|hot) Too old: 12 days (limit: 3)
[DELETE] (3717|hot) Too old: 5 days (limit: 3)
[DELETE] (3717|hot) Too old: 5 days (limit: 3)
[DELETE] (3717|hot) Too old: 4 days (limit: 3)
[DELETE] (3717|hot) Too old: 4 days (limit: 3)
[DELETE] (3048|hot) Too old: 39 days (limit: 3)
[DELETE] (3048|hot) Too old: 42 days (limit: 3)
[DELETE] (4746|hot) Too old: 43 days (limit: 3)
[DELETE] (3048|hot) Too old: 34 days (limit: 3)
[DELETE] (4746|hot) Too old: 42 days (limit: 3)
[DELETE] (3048|hot) Too old: 11 days (limit: 3)
[DELETE] (4746|hot) Too old: 35 days (limit: 3)
[DELETE] (3048|hot) Too old: 25 days (limit: 3)
[DELETE] (4746|hot) Too old: 11 days (limit: 3)
[DELETE] (4746|hot) Too old: 27 days (limit: 3)
[DELETE] (6021|hot) Too old: 14 days (limit: 3)
[DELETE] (6021|hot) Too old: 11 days (limit: 3)
[DELETE] (6021|hot) Too old: 13 days (limit: 3)
[DELETE] (6021|hot) Too old: 7 days (limit: 3)
[DELETE] (6021|hot) Too old: 7 days (limit: 3)
[DELETE] (2406|hot) Too old: 41 days (limit: 3)
[DELETE] (2406|hot) Too old: 36 days (limit: 3)
[DELETE] (2406|hot) Too old: 33 days (limit: 3)
[DELETE] (2406|hot) Too old: 33 days (limit: 3)
[DELETE] (2530|hot) Too old: 33 days (limit: 3)
[DELETE] (2406|hot) Too old: 6 days (limit: 3)
[DELETE] (2530|hot) Too old: 27 days (limit: 3)
[DELETE] (2530|hot) Too old: 18 days (limit: 3)
[DELETE] (2530|hot) Too old: 6 days (limit: 3)
[DELETE] (2530|hot) Too old: 18 days (limit: 3)
[DELETE] (3026|hot) Too old: 32 days (limit: 3)
[DELETE] (3026|hot) Too old: 22 days (limit: 3)
[DELETE] (3026|hot) Too old: 22 days (limit: 3)
[DELETE] (3026|hot) Too old: 11 days (limit: 3)
[DELETE] (3026|hot) Too old: 22 days (limit: 3)
[DELETE] (2478|hot) Too old: 4 days (limit: 3)
[DELETE] (2478|hot) Too old: 4 days (limit: 3)
[DELETE] (2478|hot) Too old: 4 days (limit: 3)
[DELETE] (2478|hot) Too old: 4 days (limit: 3)
[DELETE] (2478|hot) Too old: 4 days (limit: 3)
[DELETE] (2206|hot) Too old: 7 days (limit: 3)
[DELETE] (2206|hot) Too old: 14 days (limit: 3)
[DELETE] (2206|hot) Too old: 12 days (limit: 3)
[DELETE] (2206|hot) Too old: 7 days (limit: 3)
[DELETE] (1220|hot) Too old: 27 days (limit: 3)
[DELETE] (2206|hot) Too old: 6 days (limit: 3)
[DELETE] (1220|hot) Too old: 27 days (limit: 3)
[DELETE] (1220|hot) Too old: 26 days (limit: 3)
[DELETE] (1220|hot) Too old: 7 days (limit: 3)
[DELETE] (1220|hot) Too old: 21 days (limit: 3)
[DELETE] (9917|hot) Too old: 41 days (limit: 3)
[DELETE] (9917|hot) Too old: 25 days (limit: 3)
[DELETE] (9917|hot) Too old: 39 days (limit: 3)
[DELETE] (9917|hot) Too old: 7 days (limit: 3)
[DELETE] (8249|hot) Too old: 39 days (limit: 3)
[OK] (9917) Updated content (4359 chars)
[DELETE] (8249|hot) Too old: 36 days (limit: 3)
[DELETE] (3260|hot) Too old: 11 days (limit: 3)
[DELETE] (3260|hot) Too old: 8 days (limit: 3)
[DELETE] (3260|hot) Too old: 6 days (limit: 3)
[DELETE] (8249|hot) Too old: 22 days (limit: 3)
[OK] (3260) Updated content (4611 chars)
[DELETE] (8249|hot) Too old: 13 days (limit: 3)
[DELETE] (8249|hot) Too old: 6 days (limit: 3)
[DELETE] (4162|hot) Too old: 68 days (limit: 3)
[OK] (3260) Updated content (4359 chars)
[DELETE] (4162|hot) Too old: 55 days (limit: 3)
[DELETE] (4162|hot) Too old: 43 days (limit: 3)
[DELETE] (4162|hot) Too old: 39 days (limit: 3)
[DELETE] (6438|hot) Too old: 40 days (limit: 3)
[DELETE] (4162|hot) Too old: 11 days (limit: 3)
[DELETE] (6438|hot) Too old: 43 days (limit: 3)
[DELETE] (6438|hot) Too old: 18 days (limit: 3)
[DELETE] (6438|hot) Too old: 15 days (limit: 3)
[DELETE] (6438|hot) Too old: 15 days (limit: 3)
[DELETE] (8926|hot) Too old: 32 days (limit: 3)
[DELETE] (8926|hot) Too old: 18 days (limit: 3)
[DELETE] (8926|hot) Too old: 27 days (limit: 3)
[DELETE] (8926|hot) Too old: 8 days (limit: 3)
[DELETE] (8926|hot) Too old: 18 days (limit: 3)
[DELETE] (7780|hot) Too old: 12 days (limit: 3)
[DELETE] (7780|hot) Too old: 12 days (limit: 3)
[DELETE] (7780|hot) Too old: 12 days (limit: 3)
[DELETE] (7780|hot) Too old: 8 days (limit: 3)
[DELETE] (1517|hot) Too old: 43 days (limit: 3)
[DELETE] (7780|hot) Too old: 6 days (limit: 3)
[DELETE] (1517|hot) Too old: 67 days (limit: 3)
[DELETE] (1517|hot) Too old: 36 days (limit: 3)
[DELETE] (1517|hot) Too old: 35 days (limit: 3)
[DELETE] (2504|hot) Too old: 35 days (limit: 3)
[DELETE] (1517|hot) Too old: 6 days (limit: 3)
[DELETE] (2504|hot) Too old: 19 days (limit: 3)
[DELETE] (2504|hot) Too old: 18 days (limit: 3)
[DELETE] (2504|hot) Too old: 8 days (limit: 3)
[DELETE] (2303|hot) Too old: 4 days (limit: 3)
[OK] (2504) Updated content (3131 chars)
[OK] (2303) Updated content (3799 chars)
[OK] (2303) Updated content (3175 chars)
[OK] (2303) Updated content (3737 chars)
[OK] (2303) Updated content (3393 chars)
[DELETE] (4129|hot) Too old: 36 days (limit: 3)
[DELETE] (4129|hot) Too old: 39 days (limit: 3)
[DELETE] (4129|hot) Too old: 33 days (limit: 3)
[DELETE] (4129|hot) Too old: 36 days (limit: 3)
[DELETE] (6112|hot) Too old: 75 days (limit: 3)
[DELETE] (4129|hot) Too old: 8 days (limit: 3)
[DELETE] (6112|hot) Too old: 42 days (limit: 3)
[DELETE] (6112|hot) Too old: 21 days (limit: 3)
[DELETE] (6112|hot) Too old: 21 days (limit: 3)
[DELETE] (6112|hot) Too old: 14 days (limit: 3)
[DELETE] (1708|hot) Too old: 36 days (limit: 3)
[DELETE] (1708|hot) Too old: 11 days (limit: 3)
[DELETE] (1708|hot) Too old: 27 days (limit: 3)
[DELETE] (1708|hot) Too old: 36 days (limit: 3)
[DELETE] (1708|hot) Too old: 11 days (limit: 3)
[DELETE] (1617|hot) Too old: 20 days (limit: 3)
[DELETE] (1617|hot) Too old: 20 days (limit: 3)
[DELETE] (1617|hot) Too old: 20 days (limit: 3)
[DELETE] (1617|hot) Too old: 20 days (limit: 3)
[DELETE] (1617|hot) Too old: 6 days (limit: 3)
[DELETE] (3706|hot) Too old: 8 days (limit: 3)
[DELETE] (3706|hot) Too old: 8 days (limit: 3)
[DELETE] (3706|hot) Too old: 8 days (limit: 3)
[DELETE] (3706|hot) Too old: 7 days (limit: 3)
[DELETE] (6763|hot) Too old: 83 days (limit: 3)
[DELETE] (6763|hot) Too old: 68 days (limit: 3)
[DELETE] (3706|hot) Too old: 7 days (limit: 3)
[DELETE] (6763|hot) Too old: 68 days (limit: 3)
[DELETE] (6763|hot) Too old: 39 days (limit: 3)
[DELETE] (6763|hot) Too old: 8 days (limit: 3)
[DELETE] (6588|hot) Too old: 39 days (limit: 3)
[DELETE] (6588|hot) Too old: 69 days (limit: 3)
[DELETE] (6588|hot) Too old: 63 days (limit: 3)
[DELETE] (6588|hot) Too old: 8 days (limit: 3)
[DELETE] (6588|hot) Too old: 27 days (limit: 3)
[DELETE] (3086|hot) Too old: 35 days (limit: 3)
[DELETE] (3086|hot) Too old: 39 days (limit: 3)
[DELETE] (3086|hot) Too old: 53 days (limit: 3)
[DELETE] (3086|hot) Too old: 11 days (limit: 3)
[DELETE] (3086|hot) Too old: 6 days (limit: 3)
[DELETE] (4523|hot) Too old: 6 days (limit: 3)
[DELETE] (4523|hot) Too old: 4 days (limit: 3)
[DELETE] (4523|hot) Too old: 4 days (limit: 3)
[DELETE] (4523|hot) Too old: 4 days (limit: 3)
[OK] (4523) Updated content (6262 chars)
[DELETE] (5309|hot) Too old: 42 days (limit: 3)
[DELETE] (5309|hot) Too old: 36 days (limit: 3)
[DELETE] (5309|hot) Too old: 40 days (limit: 3)
[DELETE] (5309|hot) Too old: 8 days (limit: 3)
[DELETE] (5309|hot) Too old: 28 days (limit: 3)
[DELETE] (5452|hot) Too old: 39 days (limit: 3)
[DELETE] (5452|hot) Too old: 39 days (limit: 3)
[DELETE] (5452|hot) Too old: 7 days (limit: 3)
[DELETE] (5452|hot) Too old: 18 days (limit: 3)
[OK] (5452) Updated content (4610 chars)
[DELETE] (4938|hot) Too old: 4 days (limit: 3)
[DELETE] (4938|hot) Too old: 5 days (limit: 3)
[DELETE] (4938|hot) Too old: 4 days (limit: 3)
[OK] (4938) Updated content (3343 chars)
[OK] (4938) Updated content (3462 chars)
[DELETE] (4577|hot) Too old: 62 days (limit: 3)
[DELETE] (4577|hot) Too old: 40 days (limit: 3)
[DELETE] (4577|hot) Too old: 37 days (limit: 3)
[DELETE] (4577|hot) Too old: 22 days (limit: 3)
[DELETE] (4577|hot) Too old: 6 days (limit: 3)
[DELETE] (5608|hot) Too old: 39 days (limit: 3)
[DELETE] (5608|hot) Too old: 19 days (limit: 3)
[DELETE] (5608|hot) Too old: 19 days (limit: 3)
[DELETE] (5608|hot) Too old: 11 days (limit: 3)
[DELETE] (5608|hot) Too old: 7 days (limit: 3)
[DELETE] (3047|hot) Too old: 68 days (limit: 3)
[DELETE] (3047|hot) Too old: 39 days (limit: 3)
[DELETE] (3047|hot) Too old: 47 days (limit: 3)
[DELETE] (3047|hot) Too old: 39 days (limit: 3)
[DELETE] (6603|hot) Too old: 39 days (limit: 3)
[DELETE] (3047|hot) Too old: 7 days (limit: 3)
[DELETE] (6603|hot) Too old: 39 days (limit: 3)
[DELETE] (6603|hot) Too old: 39 days (limit: 3)
[DELETE] (6603|hot) Too old: 39 days (limit: 3)
[DELETE] (6603|hot) Too old: 8 days (limit: 3)
[DELETE] (1815|hot) Too old: 43 days (limit: 3)
[DELETE] (1815|hot) Too old: 43 days (limit: 3)
[DELETE] (1815|hot) Too old: 43 days (limit: 3)
[DELETE] (1815|hot) Too old: 43 days (limit: 3)
[DELETE] (1815|hot) Too old: 39 days (limit: 3)
[DELETE] (6609|hot) Too old: 83 days (limit: 3)
[DELETE] (6609|hot) Too old: 39 days (limit: 3)
[DELETE] (6609|hot) Too old: 39 days (limit: 3)
[DELETE] (6609|hot) Too old: 67 days (limit: 3)
[DELETE] (6609|hot) Too old: 6 days (limit: 3)
[OK] (2344) Updated content (3621 chars)
[OK] (2344) Updated content (3286 chars)
[OK] (2344) Updated content (3470 chars)
[OK] (2344) Updated content (3260 chars)
[OK] (2344) Updated content (3454 chars)
[DELETE] (4542|hot) Too old: 21 days (limit: 3)
[DELETE] (4542|hot) Too old: 11 days (limit: 3)
[DELETE] (6691|hot) Too old: 42 days (limit: 3)
[DELETE] (4542|hot) Too old: 19 days (limit: 3)
[DELETE] (4542|hot) Too old: 6 days (limit: 3)
[DELETE] (4542|hot) Too old: 6 days (limit: 3)
[DELETE] (6691|hot) Too old: 8 days (limit: 3)
[DELETE] (1307|hot) Too old: 68 days (limit: 3)
[DELETE] (6691|hot) Too old: 36 days (limit: 3)
[DELETE] (6691|hot) Too old: 22 days (limit: 3)
[DELETE] (6691|hot) Too old: 7 days (limit: 3)
[DELETE] (1307|hot) Too old: 25 days (limit: 3)
[DELETE] (1307|hot) Too old: 39 days (limit: 3)
[DELETE] (1307|hot) Too old: 8 days (limit: 3)
[DELETE] (1307|hot) Too old: 7 days (limit: 3)
[DELETE] (1524|hot) Too old: 97 days (limit: 3)
[DELETE] (1524|hot) Too old: 67 days (limit: 3)
[DELETE] (1524|hot) Too old: 40 days (limit: 3)
[DELETE] (1524|hot) Too old: 8 days (limit: 3)
[DELETE] (1524|hot) Too old: 49 days (limit: 3)
[DELETE] (6117|hot) Too old: 40 days (limit: 3)
[DELETE] (6117|hot) Too old: 40 days (limit: 3)
[DELETE] (6117|hot) Too old: 40 days (limit: 3)
[DELETE] (6117|hot) Too old: 6 days (limit: 3)
[DELETE] (6117|hot) Too old: 22 days (limit: 3)
[DELETE] (6116|hot) Too old: 14 days (limit: 3)
[DELETE] (6116|hot) Too old: 12 days (limit: 3)
[DELETE] (6116|hot) Too old: 11 days (limit: 3)
[DELETE] (6116|hot) Too old: 6 days (limit: 3)
[DELETE] (1784|hot) Too old: 39 days (limit: 3)
[DELETE] (1784|hot) Too old: 39 days (limit: 3)
[DELETE] (6116|hot) Too old: 6 days (limit: 3)
[DELETE] (1784|hot) Too old: 28 days (limit: 3)
[DELETE] (1784|hot) Too old: 6 days (limit: 3)
[DELETE] (6782|hot) Too old: 96 days (limit: 3)
[DELETE] (1784|hot) Too old: 4 days (limit: 3)
[DELETE] (6782|hot) Too old: 69 days (limit: 3)
[DELETE] (6782|hot) Too old: 40 days (limit: 3)
[DELETE] (6782|hot) Too old: 39 days (limit: 3)
[DELETE] (1711|hot) Too old: 40 days (limit: 3)
[DELETE] (1711|hot) Too old: 53 days (limit: 3)
[DELETE] (6782|hot) Too old: 8 days (limit: 3)
[DELETE] (1711|hot) Too old: 33 days (limit: 3)
[DELETE] (1711|hot) Too old: 19 days (limit: 3)
[DELETE] (1711|hot) Too old: 11 days (limit: 3)
[DELETE] (3543|hot) Too old: 40 days (limit: 3)
[DELETE] (3543|hot) Too old: 67 days (limit: 3)
[DELETE] (3543|hot) Too old: 39 days (limit: 3)
[DELETE] (3543|hot) Too old: 40 days (limit: 3)
[DELETE] (3339|hot) Too old: 69 days (limit: 3)
[DELETE] (3339|hot) Too old: 62 days (limit: 3)
[DELETE] (3543|hot) Too old: 6 days (limit: 3)
[DELETE] (3339|hot) Too old: 39 days (limit: 3)
[DELETE] (3339|hot) Too old: 40 days (limit: 3)
[DELETE] (3339|hot) Too old: 35 days (limit: 3)
[DELETE] (8131|hot) Too old: 49 days (limit: 3)
[DELETE] (8131|hot) Too old: 41 days (limit: 3)
[DELETE] (8131|hot) Too old: 12 days (limit: 3)
[DELETE] (8131|hot) Too old: 41 days (limit: 3)
[DELETE] (8131|hot) Too old: 8 days (limit: 3)
[DELETE] (2115|hot) Too old: 39 days (limit: 3)
[DELETE] (2115|hot) Too old: 20 days (limit: 3)
[DELETE] (2115|hot) Too old: 14 days (limit: 3)
[DELETE] (2115|hot) Too old: 14 days (limit: 3)
[DELETE] (2115|hot) Too old: 11 days (limit: 3)
[DELETE] (6788|hot) Too old: 21 days (limit: 3)
[DELETE] (6788|hot) Too old: 21 days (limit: 3)
[DELETE] (6788|hot) Too old: 21 days (limit: 3)
[DELETE] (6788|hot) Too old: 21 days (limit: 3)
[DELETE] (6788|hot) Too old: 7 days (limit: 3)
[DELETE] (1802|hot) Too old: 6 days (limit: 3)
[DELETE] (1802|hot) Too old: 4 days (limit: 3)
[DELETE] (1802|hot) Too old: 18 days (limit: 3)
[DELETE] (1802|hot) Too old: 36 days (limit: 3)
[DELETE] (1802|hot) Too old: 4 days (limit: 3)
[DELETE] (5288|hot) Too old: 36 days (limit: 3)
[DELETE] (5288|hot) Too old: 18 days (limit: 3)
[DELETE] (5288|hot) Too old: 18 days (limit: 3)
[DELETE] (5288|hot) Too old: 18 days (limit: 3)
[DELETE] (5288|hot) Too old: 6 days (limit: 3)
[DELETE] (7749|hot) Too old: 18 days (limit: 3)
[DELETE] (7749|hot) Too old: 70 days (limit: 3)
[DELETE] (7749|hot) Too old: 50 days (limit: 3)
[DELETE] (7749|hot) Too old: 40 days (limit: 3)
[DELETE] (7749|hot) Too old: 11 days (limit: 3)
[DELETE] (8462|hot) Too old: 13 days (limit: 3)
[DELETE] (8462|hot) Too old: 13 days (limit: 3)
[DELETE] (8462|hot) Too old: 11 days (limit: 3)
[DELETE] (8462|hot) Too old: 8 days (limit: 3)
[DELETE] (8462|hot) Too old: 6 days (limit: 3)
[DELETE] (3004|hot) Too old: 45 days (limit: 3)
[DELETE] (3004|hot) Too old: 35 days (limit: 3)
[DELETE] (3004|hot) Too old: 45 days (limit: 3)
[DELETE] (3004|hot) Too old: 14 days (limit: 3)
[DELETE] (3004|hot) Too old: 14 days (limit: 3)
[DELETE] (7736|hot) Too old: 68 days (limit: 3)
[DELETE] (7736|hot) Too old: 34 days (limit: 3)
[DELETE] (7736|hot) Too old: 39 days (limit: 3)
[DELETE] (7736|hot) Too old: 42 days (limit: 3)
[DELETE] (7736|hot) Too old: 8 days (limit: 3)
[DELETE] (4764|hot) Too old: 39 days (limit: 3)
[DELETE] (4764|hot) Too old: 11 days (limit: 3)
[DELETE] (4764|hot) Too old: 25 days (limit: 3)
[DELETE] (4764|hot) Too old: 35 days (limit: 3)
[DELETE] (4764|hot) Too old: 6 days (limit: 3)
[DELETE] (1721|hot) Too old: 68 days (limit: 3)
[DELETE] (1721|hot) Too old: 55 days (limit: 3)
[DELETE] (1721|hot) Too old: 53 days (limit: 3)
[DELETE] (1721|hot) Too old: 41 days (limit: 3)
[DELETE] (1721|hot) Too old: 8 days (limit: 3)
[OK] (5880) Updated content (3719 chars)
[OK] (5880) Updated content (5159 chars)
[OK] (5880) Updated content (4107 chars)
[OK] (5880) Updated content (4547 chars)
[DELETE] (2633|hot) Too old: 20 days (limit: 3)
[OK] (5880) Updated content (4655 chars)
[DELETE] (2633|hot) Too old: 19 days (limit: 3)
[DELETE] (2633|hot) Too old: 11 days (limit: 3)
[DELETE] (2633|hot) Too old: 11 days (limit: 3)
[DELETE] (3019|hot) Too old: 12 days (limit: 3)
[DELETE] (3019|hot) Too old: 6 days (limit: 3)
[DELETE] (2633|hot) Too old: 6 days (limit: 3)
[OK] (3019) Updated content (5212 chars)
[DELETE] (3019|hot) Too old: 5 days (limit: 3)
[DELETE] (3019|hot) Too old: 4 days (limit: 3)
[DELETE] (2352|hot) Too old: 11 days (limit: 3)
[DELETE] (2352|hot) Too old: 11 days (limit: 3)
[DELETE] (2352|hot) Too old: 11 days (limit: 3)
[DELETE] (2352|hot) Too old: 11 days (limit: 3)
[DELETE] (3219|hot) Too old: 39 days (limit: 3)
[DELETE] (2352|hot) Too old: 11 days (limit: 3)
[DELETE] (3219|hot) Too old: 39 days (limit: 3)
[DELETE] (3219|hot) Too old: 39 days (limit: 3)
[DELETE] (3219|hot) Too old: 8 days (limit: 3)
[DELETE] (3219|hot) Too old: 25 days (limit: 3)
[DELETE] (2031|hot) Too old: 22 days (limit: 3)
[DELETE] (2031|hot) Too old: 27 days (limit: 3)
[DELETE] (2031|hot) Too old: 22 days (limit: 3)
[DELETE] (2031|hot) Too old: 7 days (limit: 3)
[DELETE] (2031|hot) Too old: 18 days (limit: 3)
[DELETE] (3050|hot) Too old: 36 days (limit: 3)
[DELETE] (3050|hot) Too old: 36 days (limit: 3)
[DELETE] (3050|hot) Too old: 36 days (limit: 3)
[DELETE] (3050|hot) Too old: 36 days (limit: 3)
[DELETE] (2359|hot) Too old: 32 days (limit: 3)
[DELETE] (3050|hot) Too old: 6 days (limit: 3)
[DELETE] (2359|hot) Too old: 40 days (limit: 3)
[DELETE] (2359|hot) Too old: 36 days (limit: 3)
[DELETE] (2359|hot) Too old: 14 days (limit: 3)
[DELETE] (2359|hot) Too old: 8 days (limit: 3)
[DELETE] (3090|hot) Too old: 25 days (limit: 3)
[DELETE] (3576|hot) Too old: 25 days (limit: 3)
[DELETE] (3090|hot) Too old: 25 days (limit: 3)
[DELETE] (3090|hot) Too old: 25 days (limit: 3)
[DELETE] (3090|hot) Too old: 25 days (limit: 3)
[DELETE] (3576|hot) Too old: 14 days (limit: 3)
[DELETE] (3576|hot) Too old: 14 days (limit: 3)
[DELETE] (3576|hot) Too old: 8 days (limit: 3)
[DELETE] (3090|hot) Too old: 12 days (limit: 3)
[OK] (3576) Updated content (3381 chars)
[DELETE] (1616|hot) Too old: 40 days (limit: 3)
[DELETE] (1616|hot) Too old: 34 days (limit: 3)
[OK] (1616) Updated content (5763 chars)
[DELETE] (1616|hot) Too old: 11 days (limit: 3)
[DELETE] (6768|hot) Too old: 18 days (limit: 3)
[DELETE] (6768|hot) Too old: 15 days (limit: 3)
[OK] (1616) Updated content (5186 chars)
[DELETE] (6768|hot) Too old: 7 days (limit: 3)
[DELETE] (6768|hot) Too old: 7 days (limit: 3)
[DELETE] (6873|hot) Too old: 34 days (limit: 3)
[DELETE] (6873|hot) Too old: 28 days (limit: 3)
[DELETE] (6768|hot) Too old: 7 days (limit: 3)
[DELETE] (6873|hot) Too old: 11 days (limit: 3)
[DELETE] (6873|hot) Too old: 11 days (limit: 3)
[DELETE] (1229|hot) Too old: 19 days (limit: 3)
[DELETE] (1229|hot) Too old: 18 days (limit: 3)
[DELETE] (1229|hot) Too old: 19 days (limit: 3)
[DELETE] (6873|hot) Too old: 6 days (limit: 3)
[DELETE] (1229|hot) Too old: 18 days (limit: 3)
[DELETE] (2892|hot) Too old: 4 days (limit: 3)
[DELETE] (2892|hot) Too old: 4 days (limit: 3)
[DELETE] (2892|hot) Too old: 4 days (limit: 3)
[DELETE] (1229|hot) Too old: 6 days (limit: 3)
[DELETE] (2892|hot) Too old: 4 days (limit: 3)
[OK] (2892) Updated content (3719 chars)
[DELETE] (6416|hot) Too old: 77 days (limit: 3)
[DELETE] (6416|hot) Too old: 103 days (limit: 3)
[DELETE] (6416|hot) Too old: 39 days (limit: 3)
[DELETE] (6416|hot) Too old: 69 days (limit: 3)
[DELETE] (6416|hot) Too old: 11 days (limit: 3)
[DELETE] (4510|hot) Too old: 36 days (limit: 3)
[DELETE] (4510|hot) Too old: 18 days (limit: 3)
[DELETE] (4510|hot) Too old: 18 days (limit: 3)
[DELETE] (4510|hot) Too old: 6 days (limit: 3)
[DELETE] (4510|hot) Too old: 6 days (limit: 3)
[DELETE] (7795|hot) Too old: 41 days (limit: 3)
[DELETE] (7795|hot) Too old: 41 days (limit: 3)
[DELETE] (7795|hot) Too old: 41 days (limit: 3)
[DELETE] (7795|hot) Too old: 39 days (limit: 3)
[DELETE] (7795|hot) Too old: 7 days (limit: 3)
[DELETE] (8436|hot) Too old: 39 days (limit: 3)
[DELETE] (8436|hot) Too old: 39 days (limit: 3)
[DELETE] (8436|hot) Too old: 12 days (limit: 3)
[DELETE] (8436|hot) Too old: 28 days (limit: 3)
[DELETE] (8436|hot) Too old: 11 days (limit: 3)
[DELETE] (7805|hot) Too old: 47 days (limit: 3)
[DELETE] (7805|hot) Too old: 39 days (limit: 3)
[DELETE] (7805|hot) Too old: 39 days (limit: 3)
[DELETE] (7805|hot) Too old: 7 days (limit: 3)
[OK] (7805) Updated content (3549 chars)
[DELETE] (3709|hot) Too old: 19 days (limit: 3)
[DELETE] (3709|hot) Too old: 19 days (limit: 3)
[DELETE] (3709|hot) Too old: 19 days (limit: 3)
[DELETE] (3709|hot) Too old: 19 days (limit: 3)
[DELETE] (7810|hot) Too old: 29 days (limit: 3)
[DELETE] (3709|hot) Too old: 8 days (limit: 3)
[DELETE] (7810|hot) Too old: 33 days (limit: 3)
[DELETE] (7810|hot) Too old: 39 days (limit: 3)
[DELETE] (7810|hot) Too old: 27 days (limit: 3)
[DELETE] (7810|hot) Too old: 6 days (limit: 3)
[DELETE] (8927|hot) Too old: 39 days (limit: 3)
[DELETE] (8927|hot) Too old: 39 days (limit: 3)
[DELETE] (8927|hot) Too old: 39 days (limit: 3)
[DELETE] (8927|hot) Too old: 39 days (limit: 3)
[DELETE] (8927|hot) Too old: 6 days (limit: 3)
[DELETE] (3221|hot) Too old: 39 days (limit: 3)
[DELETE] (3221|hot) Too old: 21 days (limit: 3)
[DELETE] (3221|hot) Too old: 21 days (limit: 3)
[DELETE] (3221|hot) Too old: 8 days (limit: 3)
[DELETE] (3221|hot) Too old: 20 days (limit: 3)
[DELETE] (2417|hot) Too old: 5 days (limit: 3)
[DELETE] (2417|hot) Too old: 5 days (limit: 3)
[DELETE] (2417|hot) Too old: 5 days (limit: 3)
[DELETE] (2379|hot) Too old: 32 days (limit: 3)
[DELETE] (2417|hot) Too old: 5 days (limit: 3)
[DELETE] (2417|hot) Too old: 5 days (limit: 3)
[DELETE] (2379|hot) Too old: 32 days (limit: 3)
[DELETE] (2379|hot) Too old: 18 days (limit: 3)
[DELETE] (4915|hot) Too old: 15 days (limit: 3)
[DELETE] (2379|hot) Too old: 11 days (limit: 3)
[DELETE] (2379|hot) Too old: 18 days (limit: 3)
[DELETE] (4915|hot) Too old: 12 days (limit: 3)
[DELETE] (4915|hot) Too old: 12 days (limit: 3)
[DELETE] (4915|hot) Too old: 11 days (limit: 3)
[DELETE] (4915|hot) Too old: 8 days (limit: 3)
[DELETE] (6672|hot) Too old: 39 days (limit: 3)
[DELETE] (6672|hot) Too old: 41 days (limit: 3)
[DELETE] (6672|hot) Too old: 39 days (limit: 3)
[DELETE] (6672|hot) Too old: 28 days (limit: 3)
[SKIP] (6672) Failed to fetch: https://tw.stock.yahoo.com/news/%E5%85%AC%E5%91%8A-%E9%A8%B0%E8%BC%9D%E9%9B%BB%E5%AD%90-ky-2026%E5%B9%B45%E6%9C%88%E5%90%88%E4%BD%B5%E7%87%9F%E6%94%B65-3%E5%84%84%E5%85%83-075214353.html
[DELETE] (6531|hot) Too old: 19 days (limit: 3)
[DELETE] (6531|hot) Too old: 39 days (limit: 3)
[DELETE] (6531|hot) Too old: 12 days (limit: 3)
[DELETE] (6531|hot) Too old: 15 days (limit: 3)
[DELETE] (6531|hot) Too old: 11 days (limit: 3)
[DELETE] (3530|hot) Too old: 42 days (limit: 3)
[DELETE] (3530|hot) Too old: 22 days (limit: 3)
[DELETE] (3530|hot) Too old: 41 days (limit: 3)
[DELETE] (3530|hot) Too old: 14 days (limit: 3)
[DELETE] (3530|hot) Too old: 22 days (limit: 3)
[DELETE] (2207|hot) Too old: 6 days (limit: 3)
[DELETE] (2207|hot) Too old: 6 days (limit: 3)
[OK] (2207) Updated content (3147 chars)
[OK] (2207) Updated content (3545 chars)
[OK] (2207) Updated content (3154 chars)
[DELETE] (5706|hot) Too old: 12 days (limit: 3)
[DELETE] (5706|hot) Too old: 6 days (limit: 3)
[DELETE] (5706|hot) Too old: 6 days (limit: 3)
[DELETE] (5706|hot) Too old: 6 days (limit: 3)
[DELETE] (5706|hot) Too old: 6 days (limit: 3)
[DELETE] (9958|hot) Too old: 56 days (limit: 3)
[DELETE] (9958|hot) Too old: 34 days (limit: 3)
[DELETE] (9958|hot) Too old: 43 days (limit: 3)
[DELETE] (9958|hot) Too old: 41 days (limit: 3)
[DELETE] (9958|hot) Too old: 11 days (limit: 3)
[DELETE] (8454|hot) Too old: 14 days (limit: 3)
[DELETE] (8454|hot) Too old: 20 days (limit: 3)
[DELETE] (8454|hot) Too old: 6 days (limit: 3)
[DELETE] (8454|hot) Too old: 6 days (limit: 3)
[DELETE] (8454|hot) Too old: 5 days (limit: 3)
[DELETE] (6757|hot) Too old: 6 days (limit: 3)
[DELETE] (6757|hot) Too old: 6 days (limit: 3)
[DELETE] (6757|hot) Too old: 5 days (limit: 3)
[OK] (6757) Updated content (3870 chars)
[OK] (6757) Updated content (3821 chars)
[DELETE] (2451|hot) Too old: 29 days (limit: 3)
[DELETE] (2451|hot) Too old: 32 days (limit: 3)
[DELETE] (2451|hot) Too old: 28 days (limit: 3)
[DELETE] (2451|hot) Too old: 14 days (limit: 3)
[DELETE] (2451|hot) Too old: 13 days (limit: 3)
[DELETE] (2059|hot) Too old: 27 days (limit: 3)
[DELETE] (2059|hot) Too old: 27 days (limit: 3)
[DELETE] (2059|hot) Too old: 27 days (limit: 3)
[DELETE] (2059|hot) Too old: 8 days (limit: 3)
[DELETE] (2059|hot) Too old: 11 days (limit: 3)
[DELETE] (1560|hot) Too old: 35 days (limit: 3)
[DELETE] (1560|hot) Too old: 13 days (limit: 3)
[DELETE] (1560|hot) Too old: 22 days (limit: 3)
[DELETE] (1560|hot) Too old: 6 days (limit: 3)
[DELETE] (3430|hot) Too old: 67 days (limit: 3)
[DELETE] (1560|hot) Too old: 6 days (limit: 3)
[DELETE] (3430|hot) Too old: 50 days (limit: 3)
[DELETE] (3430|hot) Too old: 6 days (limit: 3)
[DELETE] (3430|hot) Too old: 36 days (limit: 3)
[DELETE] (3430|hot) Too old: 34 days (limit: 3)
[DELETE] (3675|hot) Too old: 42 days (limit: 3)
[DELETE] (3675|hot) Too old: 35 days (limit: 3)
[DELETE] (3675|hot) Too old: 14 days (limit: 3)
[DELETE] (3675|hot) Too old: 21 days (limit: 3)
[DELETE] (3675|hot) Too old: 22 days (limit: 3)
[DELETE] (6753|hot) Too old: 39 days (limit: 3)
[DELETE] (6753|hot) Too old: 39 days (limit: 3)
[DELETE] (6753|hot) Too old: 6 days (limit: 3)
[DELETE] (6753|hot) Too old: 36 days (limit: 3)
[DELETE] (6753|hot) Too old: 5 days (limit: 3)
[DELETE] (6192|hot) Too old: 43 days (limit: 3)
[DELETE] (6192|hot) Too old: 39 days (limit: 3)
[DELETE] (6192|hot) Too old: 34 days (limit: 3)
[DELETE] (6192|hot) Too old: 14 days (limit: 3)
[DELETE] (6894|hot) Too old: 32 days (limit: 3)
[DELETE] (6192|hot) Too old: 6 days (limit: 3)
[DELETE] (6894|hot) Too old: 26 days (limit: 3)
[DELETE] (6894|hot) Too old: 22 days (limit: 3)
[DELETE] (6894|hot) Too old: 22 days (limit: 3)
[DELETE] (6469|hot) Too old: 18 days (limit: 3)
[DELETE] (6894|hot) Too old: 11 days (limit: 3)
[DELETE] (6469|hot) Too old: 18 days (limit: 3)
[DELETE] (6469|hot) Too old: 18 days (limit: 3)
[DELETE] (6469|hot) Too old: 18 days (limit: 3)
[DELETE] (6469|hot) Too old: 6 days (limit: 3)
[DELETE] (3167|hot) Too old: 19 days (limit: 3)
[DELETE] (3167|hot) Too old: 27 days (limit: 3)
[DELETE] (3167|hot) Too old: 21 days (limit: 3)
[DELETE] (3167|hot) Too old: 19 days (limit: 3)
[DELETE] (3167|hot) Too old: 11 days (limit: 3)
[DELETE] (9934|hot) Too old: 39 days (limit: 3)
[DELETE] (9934|hot) Too old: 36 days (limit: 3)
[DELETE] (9934|hot) Too old: 18 days (limit: 3)
[DELETE] (9934|hot) Too old: 18 days (limit: 3)
[DELETE] (6133|hot) Too old: 67 days (limit: 3)
[DELETE] (9934|hot) Too old: 7 days (limit: 3)
[DELETE] (6133|hot) Too old: 33 days (limit: 3)
[DELETE] (6133|hot) Too old: 41 days (limit: 3)
[DELETE] (6133|hot) Too old: 37 days (limit: 3)
[DELETE] (6722|hot) Too old: 67 days (limit: 3)
[DELETE] (6133|hot) Too old: 6 days (limit: 3)
[DELETE] (6722|hot) Too old: 39 days (limit: 3)
[DELETE] (6722|hot) Too old: 43 days (limit: 3)
[DELETE] (6722|hot) Too old: 39 days (limit: 3)
[DELETE] (6722|hot) Too old: 6 days (limit: 3)
[DELETE] (3189|hot) Too old: 21 days (limit: 3)
[DELETE] (3189|hot) Too old: 21 days (limit: 3)
[DELETE] (3189|hot) Too old: 21 days (limit: 3)
[DELETE] (3189|hot) Too old: 20 days (limit: 3)
[DELETE] (3189|hot) Too old: 11 days (limit: 3)
[DELETE] (3540|hot) Too old: 54 days (limit: 3)
[DELETE] (3540|hot) Too old: 21 days (limit: 3)
[DELETE] (3540|hot) Too old: 33 days (limit: 3)
[DELETE] (3540|hot) Too old: 36 days (limit: 3)
[DELETE] (3540|hot) Too old: 6 days (limit: 3)
[OK] (2885) Updated content (5182 chars)
[OK] (2885) Updated content (4734 chars)
[OK] (2885) Updated content (3332 chars)
[OK] (2885) Updated content (2991 chars)
[OK] (2885) Updated content (3782 chars)
[DELETE] (1539|hot) Too old: 69 days (limit: 3)
[DELETE] (1539|hot) Too old: 40 days (limit: 3)
[DELETE] (1539|hot) Too old: 41 days (limit: 3)
[DELETE] (1539|hot) Too old: 49 days (limit: 3)
[DELETE] (1539|hot) Too old: 11 days (limit: 3)
[DELETE] (8039|hot) Too old: 11 days (limit: 3)
[DELETE] (8039|hot) Too old: 20 days (limit: 3)
[DELETE] (8039|hot) Too old: 20 days (limit: 3)
[DELETE] (8039|hot) Too old: 4 days (limit: 3)
[DELETE] (8039|hot) Too old: 4 days (limit: 3)
[DELETE] (6213|hot) Too old: 25 days (limit: 3)
[DELETE] (6213|hot) Too old: 19 days (limit: 3)
[DELETE] (6213|hot) Too old: 19 days (limit: 3)
[DELETE] (6213|hot) Too old: 19 days (limit: 3)
[DELETE] (6213|hot) Too old: 11 days (limit: 3)
[DELETE] (2731|hot) Too old: 39 days (limit: 3)
[DELETE] (2731|hot) Too old: 22 days (limit: 3)
[DELETE] (2731|hot) Too old: 8 days (limit: 3)
[DELETE] (2731|hot) Too old: 14 days (limit: 3)
[DELETE] (2731|hot) Too old: 22 days (limit: 3)
[DELETE] (8070|hot) Too old: 14 days (limit: 3)
[DELETE] (8070|hot) Too old: 14 days (limit: 3)
[DELETE] (8070|hot) Too old: 12 days (limit: 3)
[DELETE] (8070|hot) Too old: 11 days (limit: 3)
[DELETE] (8070|hot) Too old: 4 days (limit: 3)
[DELETE] (2753|hot) Too old: 5 days (limit: 3)
[DELETE] (2753|hot) Too old: 5 days (limit: 3)
[DELETE] (2753|hot) Too old: 5 days (limit: 3)
[DELETE] (2753|hot) Too old: 5 days (limit: 3)
[DELETE] (2753|hot) Too old: 5 days (limit: 3)
[DELETE] (8374|hot) Too old: 42 days (limit: 3)
[DELETE] (8374|hot) Too old: 28 days (limit: 3)
[DELETE] (8374|hot) Too old: 26 days (limit: 3)
[DELETE] (8374|hot) Too old: 4 days (limit: 3)
[DELETE] (8374|hot) Too old: 14 days (limit: 3)
[DELETE] (3653|hot) Too old: 35 days (limit: 3)
[DELETE] (3653|hot) Too old: 35 days (limit: 3)
[DELETE] (3653|hot) Too old: 18 days (limit: 3)
[DELETE] (3653|hot) Too old: 11 days (limit: 3)
[DELETE] (2484|hot) Too old: 40 days (limit: 3)
[DELETE] (2484|hot) Too old: 39 days (limit: 3)
[SKIP] (3653) Failed to fetch: https://tw.stock.yahoo.com/news/%E5%85%AC%E5%91%8A-%E5%81%A5%E7%AD%96%E8%A8%82%E5%AE%9A%E9%99%A4%E6%81%AF%E5%9F%BA%E6%BA%96%E6%97%A5%E5%8F%8A%E8%AA%BF%E6%95%B4%E9%85%8D%E6%81%AF%E7%8E%87-082039146.html
[DELETE] (2484|hot) Too old: 35 days (limit: 3)
[DELETE] (2484|hot) Too old: 22 days (limit: 3)
[DELETE] (3218|hot) Too old: 28 days (limit: 3)
[DELETE] (3218|hot) Too old: 21 days (limit: 3)
[DELETE] (3218|hot) Too old: 21 days (limit: 3)
[DELETE] (2484|hot) Too old: 8 days (limit: 3)
[DELETE] (3218|hot) Too old: 8 days (limit: 3)
[DELETE] (3218|hot) Too old: 6 days (limit: 3)
[DELETE] (5498|hot) Too old: 28 days (limit: 3)
[DELETE] (5498|hot) Too old: 39 days (limit: 3)
[DELETE] (5498|hot) Too old: 11 days (limit: 3)
[DELETE] (5498|hot) Too old: 11 days (limit: 3)
[DELETE] (5498|hot) Too old: 11 days (limit: 3)
[DELETE] (1723|hot) Too old: 25 days (limit: 3)
[DELETE] (1723|hot) Too old: 27 days (limit: 3)
[DELETE] (1723|hot) Too old: 21 days (limit: 3)
[DELETE] (1723|hot) Too old: 19 days (limit: 3)
[DELETE] (1723|hot) Too old: 8 days (limit: 3)
[DELETE] (2247|hot) Too old: 39 days (limit: 3)
[DELETE] (2247|hot) Too old: 6 days (limit: 3)
[DELETE] (2247|hot) Too old: 47 days (limit: 3)
[DELETE] (2247|hot) Too old: 4 days (limit: 3)
[DELETE] (2247|hot) Too old: 47 days (limit: 3)
[DELETE] (1587|hot) Too old: 47 days (limit: 3)
[DELETE] (1587|hot) Too old: 39 days (limit: 3)
[DELETE] (1587|hot) Too old: 39 days (limit: 3)
[DELETE] (1587|hot) Too old: 8 days (limit: 3)
[DELETE] (1587|hot) Too old: 12 days (limit: 3)
[DELETE] (2108|hot) Too old: 32 days (limit: 3)
[DELETE] (2108|hot) Too old: 32 days (limit: 3)
[DELETE] (2108|hot) Too old: 32 days (limit: 3)
[DELETE] (5864|hot) Too old: 11 days (limit: 3)
[DELETE] (2108|hot) Too old: 21 days (limit: 3)
[DELETE] (5864|hot) Too old: 11 days (limit: 3)
[DELETE] (2108|hot) Too old: 12 days (limit: 3)
[DELETE] (5864|hot) Too old: 8 days (limit: 3)
[DELETE] (2316|hot) Too old: 25 days (limit: 3)
[SKIP] (5864) Failed to fetch: https://tw.stock.yahoo.com/news/%E5%85%AC%E5%91%8A-%E8%87%B4%E5%92%8C%E8%AD%89%E5%8F%97%E9%82%80%E5%8F%83%E5%8A%A0%E7%B5%B1-%E8%AD%89%E5%88%B8%E5%9C%8B%E9%9A%9B%E6%B3%95%E4%BA%BA%E9%83%A8%E8%88%89%E8%BE%A6%E4%B9%8B%E7%B7%9A%E4%B8%8A%E6%B3%95%E4%BA%BA%E8%AA%AA%E6%98%8E%E6%9C%83-071526335.html
[DELETE] (5864|hot) Too old: 8 days (limit: 3)
[DELETE] (2316|hot) Too old: 6 days (limit: 3)
[DELETE] (2316|hot) Too old: 4 days (limit: 3)
[DELETE] (2316|hot) Too old: 4 days (limit: 3)
[DELETE] (6272|hot) Too old: 18 days (limit: 3)
[DELETE] (6272|hot) Too old: 19 days (limit: 3)
[DELETE] (2316|hot) Too old: 4 days (limit: 3)
[DELETE] (6272|hot) Too old: 18 days (limit: 3)
[DELETE] (6272|hot) Too old: 6 days (limit: 3)
[DELETE] (6272|hot) Too old: 6 days (limit: 3)
[DELETE] (1436|hot) Too old: 13 days (limit: 3)
[DELETE] (1436|hot) Too old: 20 days (limit: 3)
[DELETE] (1436|hot) Too old: 6 days (limit: 3)
[DELETE] (1436|hot) Too old: 6 days (limit: 3)
[DELETE] (1436|hot) Too old: 6 days (limit: 3)
[DELETE] (3207|hot) Too old: 32 days (limit: 3)
[DELETE] (3207|hot) Too old: 34 days (limit: 3)
[DELETE] (3037|hot) Too old: 4 days (limit: 3)
[OK] (3037) Updated content (3369 chars)
[DELETE] (3207|hot) Too old: 29 days (limit: 3)
[OK] (3037) Updated content (3407 chars)
[DELETE] (3207|hot) Too old: 27 days (limit: 3)
[OK] (3037) Updated content (3489 chars)
[OK] (3037) Updated content (2919 chars)
[DELETE] (3207|hot) Too old: 6 days (limit: 3)
[DELETE] (4974|hot) Too old: 42 days (limit: 3)
[DELETE] (4974|hot) Too old: 47 days (limit: 3)
[DELETE] (4974|hot) Too old: 18 days (limit: 3)
[DELETE] (4974|hot) Too old: 18 days (limit: 3)
[DELETE] (4974|hot) Too old: 13 days (limit: 3)
[DELETE] (2419|hot) Too old: 18 days (limit: 3)
[DELETE] (2419|hot) Too old: 25 days (limit: 3)
[DELETE] (2419|hot) Too old: 25 days (limit: 3)
[DELETE] (5469|hot) Too old: 11 days (limit: 3)
[DELETE] (2419|hot) Too old: 14 days (limit: 3)
[DELETE] (5469|hot) Too old: 6 days (limit: 3)
[DELETE] (2419|hot) Too old: 18 days (limit: 3)
[DELETE] (5469|hot) Too old: 6 days (limit: 3)
[DELETE] (8284|hot) Too old: 97 days (limit: 3)
[DELETE] (5469|hot) Too old: 6 days (limit: 3)
[DELETE] (5469|hot) Too old: 6 days (limit: 3)
[DELETE] (8284|hot) Too old: 67 days (limit: 3)
[DELETE] (8284|hot) Too old: 39 days (limit: 3)
[DELETE] (8284|hot) Too old: 47 days (limit: 3)
[DELETE] (8284|hot) Too old: 6 days (limit: 3)
[DELETE] (3073|hot) Too old: 57 days (limit: 3)
[DELETE] (3073|hot) Too old: 47 days (limit: 3)
[DELETE] (3073|hot) Too old: 40 days (limit: 3)
[DELETE] (3073|hot) Too old: 7 days (limit: 3)
[DELETE] (3073|hot) Too old: 4 days (limit: 3)
[DELETE] (8081|hot) Too old: 5 days (limit: 3)
[DELETE] (8081|hot) Too old: 5 days (limit: 3)
[DELETE] (8081|hot) Too old: 5 days (limit: 3)
[DELETE] (8081|hot) Too old: 5 days (limit: 3)
[DELETE] (8081|hot) Too old: 4 days (limit: 3)
[DELETE] (6170|hot) Too old: 6 days (limit: 3)
[DELETE] (6170|hot) Too old: 5 days (limit: 3)
[DELETE] (6170|hot) Too old: 5 days (limit: 3)
[DELETE] (6170|hot) Too old: 5 days (limit: 3)
[OK] (6170) Updated content (4150 chars)
[DELETE] (6411|hot) Too old: 98 days (limit: 3)
[DELETE] (6411|hot) Too old: 36 days (limit: 3)
[DELETE] (6411|hot) Too old: 67 days (limit: 3)
[DELETE] (6411|hot) Too old: 27 days (limit: 3)
[DELETE] (2428|hot) Too old: 21 days (limit: 3)
[DELETE] (6411|hot) Too old: 6 days (limit: 3)
[DELETE] (2428|hot) Too old: 8 days (limit: 3)
[DELETE] (2428|hot) Too old: 21 days (limit: 3)
[DELETE] (2428|hot) Too old: 20 days (limit: 3)
[DELETE] (2428|hot) Too old: 8 days (limit: 3)
[DELETE] (2455|hot) Too old: 13 days (limit: 3)
[DELETE] (2455|hot) Too old: 8 days (limit: 3)
[DELETE] (2455|hot) Too old: 7 days (limit: 3)
[DELETE] (2455|hot) Too old: 5 days (limit: 3)
[DELETE] (2455|hot) Too old: 5 days (limit: 3)
[DELETE] (2236|hot) Too old: 34 days (limit: 3)
[DELETE] (2236|hot) Too old: 25 days (limit: 3)
[DELETE] (2236|hot) Too old: 25 days (limit: 3)
[DELETE] (2236|hot) Too old: 6 days (limit: 3)
[DELETE] (2236|hot) Too old: 5 days (limit: 3)
[DELETE] (6187|hot) Too old: 39 days (limit: 3)
[DELETE] (6187|hot) Too old: 6 days (limit: 3)
[DELETE] (6187|hot) Too old: 8 days (limit: 3)
[DELETE] (6187|hot) Too old: 39 days (limit: 3)
[DELETE] (6187|hot) Too old: 6 days (limit: 3)
[DELETE] (6203|hot) Too old: 7 days (limit: 3)
[DELETE] (6203|hot) Too old: 33 days (limit: 3)
[DELETE] (6203|hot) Too old: 34 days (limit: 3)
[DELETE] (6203|hot) Too old: 26 days (limit: 3)
[OK] (6203) Updated content (5727 chars)
[DELETE] (2630|hot) Too old: 40 days (limit: 3)
[DELETE] (2630|hot) Too old: 39 days (limit: 3)
[DELETE] (2630|hot) Too old: 40 days (limit: 3)
[DELETE] (2630|hot) Too old: 40 days (limit: 3)
[DELETE] (2630|hot) Too old: 8 days (limit: 3)
[DELETE] (2426|hot) Too old: 43 days (limit: 3)
[DELETE] (2426|hot) Too old: 39 days (limit: 3)
[DELETE] (2426|hot) Too old: 43 days (limit: 3)
[DELETE] (2426|hot) Too old: 25 days (limit: 3)
[DELETE] (2426|hot) Too old: 8 days (limit: 3)
[DELETE] (6937|hot) Too old: 39 days (limit: 3)
[DELETE] (6937|hot) Too old: 62 days (limit: 3)
[DELETE] (6937|hot) Too old: 21 days (limit: 3)
[DELETE] (6937|hot) Too old: 15 days (limit: 3)
[DELETE] (6125|hot) Too old: 26 days (limit: 3)
[DELETE] (6937|hot) Too old: 8 days (limit: 3)
[DELETE] (6125|hot) Too old: 26 days (limit: 3)
[DELETE] (6125|hot) Too old: 20 days (limit: 3)
[DELETE] (6125|hot) Too old: 26 days (limit: 3)
[DELETE] (6125|hot) Too old: 6 days (limit: 3)
[DELETE] (2332|hot) Too old: 8 days (limit: 3)
[DELETE] (2332|hot) Too old: 6 days (limit: 3)
[DELETE] (2332|hot) Too old: 4 days (limit: 3)
[OK] (2332) Updated content (3402 chars)
[DELETE] (2356|hot) Too old: 7 days (limit: 3)
[DELETE] (2356|hot) Too old: 7 days (limit: 3)
[OK] (2332) Updated content (3498 chars)
[DELETE] (2356|hot) Too old: 7 days (limit: 3)
[DELETE] (2356|hot) Too old: 6 days (limit: 3)
[DELETE] (2356|hot) Too old: 6 days (limit: 3)
[DELETE] (2399|hot) Too old: 55 days (limit: 3)
[DELETE] (2399|hot) Too old: 36 days (limit: 3)
[DELETE] (2399|hot) Too old: 42 days (limit: 3)
[DELETE] (2399|hot) Too old: 6 days (limit: 3)
[DELETE] (2399|hot) Too old: 34 days (limit: 3)
[DELETE] (6223|hot) Too old: 15 days (limit: 3)
[DELETE] (6223|hot) Too old: 18 days (limit: 3)
[DELETE] (6223|hot) Too old: 11 days (limit: 3)
[DELETE] (6223|hot) Too old: 4 days (limit: 3)
[DELETE] (6223|hot) Too old: 8 days (limit: 3)
[OK] (2880) Updated content (4498 chars)
[OK] (2880) Updated content (2827 chars)
[OK] (2880) Updated content (3263 chars)
[OK] (2880) Updated content (2873 chars)
[OK] (2880) Updated content (3253 chars)
[DELETE] (1568|hot) Too old: 39 days (limit: 3)
[DELETE] (1568|hot) Too old: 19 days (limit: 3)
[DELETE] (1568|hot) Too old: 21 days (limit: 3)
[DELETE] (1568|hot) Too old: 6 days (limit: 3)
[DELETE] (1568|hot) Too old: 11 days (limit: 3)
[DELETE] (1909|hot) Too old: 19 days (limit: 3)
[DELETE] (1909|hot) Too old: 19 days (limit: 3)
[DELETE] (1909|hot) Too old: 20 days (limit: 3)
[DELETE] (1909|hot) Too old: 11 days (limit: 3)
[DELETE] (6138|hot) Too old: 53 days (limit: 3)
[DELETE] (1909|hot) Too old: 11 days (limit: 3)
[DELETE] (6138|hot) Too old: 53 days (limit: 3)
[DELETE] (6138|hot) Too old: 41 days (limit: 3)
[DELETE] (6138|hot) Too old: 11 days (limit: 3)
[DELETE] (3236|hot) Too old: 7 days (limit: 3)
[DELETE] (6138|hot) Too old: 40 days (limit: 3)
[DELETE] (3236|hot) Too old: 7 days (limit: 3)
[DELETE] (8046|hot) Too old: 33 days (limit: 3)
[DELETE] (3236|hot) Too old: 7 days (limit: 3)
[DELETE] (3236|hot) Too old: 7 days (limit: 3)
[DELETE] (3236|hot) Too old: 7 days (limit: 3)
[DELETE] (8046|hot) Too old: 33 days (limit: 3)
[DELETE] (4743|hot) Too old: 36 days (limit: 3)
[DELETE] (8046|hot) Too old: 13 days (limit: 3)
[DELETE] (8046|hot) Too old: 13 days (limit: 3)
[DELETE] (8046|hot) Too old: 5 days (limit: 3)
[DELETE] (4743|hot) Too old: 27 days (limit: 3)
[DELETE] (4743|hot) Too old: 9 days (limit: 3)
[DELETE] (4743|hot) Too old: 14 days (limit: 3)
[DELETE] (4743|hot) Too old: 25 days (limit: 3)
[DELETE] (6550|hot) Too old: 22 days (limit: 3)
[SKIP] (6550) Failed to fetch: https://tw.stock.yahoo.com/news/%E5%85%AC%E5%91%8A-%E5%8C%97%E6%A5%B5%E6%98%9F%E8%97%A5%E6%A5%AD-ky%E4%BB%A3%E5%AD%90%E5%85%AC%E5%8F%B8%E8%8B%B1%E5%B1%AC%E9%96%8B%E6%9B%BC%E7%BE%A4%E5%B3%B6%E5%95%86%E9%9C%96%E6%8F%9A%E8%97%A5%E6%A5%AD%E8%82%A1%E4%BB%BD%E6%9C%89%E9%99%90%E5%85%AC%E5%8F%B8%E5%85%AC%E5%91%8A%E6%9B%B4%E6%8F%9B%E8%91%A3%E4%BA%8B-112827960.html
[DELETE] (6550|hot) Too old: 22 days (limit: 3)
[DELETE] (6550|hot) Too old: 22 days (limit: 3)
[DELETE] (6550|hot) Too old: 6 days (limit: 3)
[DELETE] (6244|hot) Too old: 70 days (limit: 3)
[DELETE] (6244|hot) Too old: 48 days (limit: 3)
[DELETE] (6244|hot) Too old: 40 days (limit: 3)
[DELETE] (6244|hot) Too old: 8 days (limit: 3)
[OK] (6244) Updated content (3210 chars)
[DELETE] (3450|hot) Too old: 28 days (limit: 3)
[DELETE] (3450|hot) Too old: 18 days (limit: 3)
[DELETE] (3450|hot) Too old: 20 days (limit: 3)
[DELETE] (3450|hot) Too old: 14 days (limit: 3)
[DELETE] (2464|hot) Too old: 40 days (limit: 3)
[DELETE] (3450|hot) Too old: 8 days (limit: 3)
[DELETE] (2464|hot) Too old: 36 days (limit: 3)
[DELETE] (2464|hot) Too old: 15 days (limit: 3)
[DELETE] (2464|hot) Too old: 19 days (limit: 3)
[DELETE] (2464|hot) Too old: 7 days (limit: 3)
[DELETE] (2528|hot) Too old: 34 days (limit: 3)
[DELETE] (2528|hot) Too old: 40 days (limit: 3)
[DELETE] (2528|hot) Too old: 67 days (limit: 3)
[DELETE] (2528|hot) Too old: 19 days (limit: 3)
[DELETE] (2528|hot) Too old: 6 days (limit: 3)
[DELETE] (6290|hot) Too old: 22 days (limit: 3)
[DELETE] (6290|hot) Too old: 18 days (limit: 3)
[DELETE] (6290|hot) Too old: 39 days (limit: 3)
[DELETE] (6290|hot) Too old: 22 days (limit: 3)
[DELETE] (6290|hot) Too old: 6 days (limit: 3)
[DELETE] (1216|hot) Too old: 5 days (limit: 3)
[DELETE] (1216|hot) Too old: 5 days (limit: 3)
[DELETE] (1216|hot) Too old: 6 days (limit: 3)
[OK] (1216) Updated content (3596 chars)
[DELETE] (1216|hot) Too old: 5 days (limit: 3)
[DELETE] (2002|hot) Too old: 4 days (limit: 3)
[OK] (2002) Updated content (3444 chars)
[OK] (2002) Updated content (3362 chars)
[OK] (2002) Updated content (3784 chars)
[OK] (2002) Updated content (6079 chars)
[DELETE] (2436|hot) Too old: 11 days (limit: 3)
[DELETE] (2436|hot) Too old: 18 days (limit: 3)
[DELETE] (2436|hot) Too old: 14 days (limit: 3)
[DELETE] (2436|hot) Too old: 5 days (limit: 3)
[DELETE] (2436|hot) Too old: 4 days (limit: 3)
[DELETE] (5351|hot) Too old: 35 days (limit: 3)
[DELETE] (5351|hot) Too old: 35 days (limit: 3)
[DELETE] (5351|hot) Too old: 26 days (limit: 3)
[DELETE] (5351|hot) Too old: 12 days (limit: 3)
[DELETE] (5351|hot) Too old: 11 days (limit: 3)
[DELETE] (2365|hot) Too old: 34 days (limit: 3)
[DELETE] (2365|hot) Too old: 11 days (limit: 3)
[DELETE] (2365|hot) Too old: 28 days (limit: 3)
[DELETE] (2365|hot) Too old: 7 days (limit: 3)
[DELETE] (6576|hot) Too old: 40 days (limit: 3)
[DELETE] (6576|hot) Too old: 39 days (limit: 3)
[DELETE] (2365|hot) Too old: 7 days (limit: 3)
[DELETE] (6576|hot) Too old: 26 days (limit: 3)
[DELETE] (6576|hot) Too old: 16 days (limit: 3)
[DELETE] (2485|hot) Too old: 41 days (limit: 3)
[DELETE] (2485|hot) Too old: 39 days (limit: 3)
[SKIP] (6576) Failed to fetch: https://tw.stock.yahoo.com/news/%E5%85%AC%E5%91%8A-%E9%80%B8%E9%81%94-2026%E5%B9%B45%E6%9C%88%E5%90%88%E4%BD%B5%E7%87%9F%E6%94%B61-18%E5%84%84%E5%85%83-%E5%B9%B4%E5%A2%9E749-102224529.html
[DELETE] (2485|hot) Too old: 21 days (limit: 3)
[DELETE] (2485|hot) Too old: 7 days (limit: 3)
[DELETE] (1736|hot) Too old: 39 days (limit: 3)
[DELETE] (2485|hot) Too old: 6 days (limit: 3)
[DELETE] (1736|hot) Too old: 35 days (limit: 3)
[DELETE] (1736|hot) Too old: 35 days (limit: 3)
[DELETE] (1736|hot) Too old: 34 days (limit: 3)
[DELETE] (1736|hot) Too old: 8 days (limit: 3)
[DELETE] (5904|hot) Too old: 28 days (limit: 3)
[DELETE] (5904|hot) Too old: 8 days (limit: 3)
[DELETE] (5904|hot) Too old: 14 days (limit: 3)
[DELETE] (5904|hot) Too old: 8 days (limit: 3)
[DELETE] (5904|hot) Too old: 5 days (limit: 3)
[DELETE] (8431|hot) Too old: 33 days (limit: 3)
[DELETE] (8431|hot) Too old: 33 days (limit: 3)
[DELETE] (8431|hot) Too old: 6 days (limit: 3)
[OK] (8431) Updated content (5054 chars)
[DELETE] (6188|hot) Too old: 67 days (limit: 3)
[OK] (8431) Updated content (3848 chars)
[DELETE] (6188|hot) Too old: 62 days (limit: 3)
[DELETE] (6188|hot) Too old: 42 days (limit: 3)
[DELETE] (6278|hot) Too old: 42 days (limit: 3)
[DELETE] (6188|hot) Too old: 48 days (limit: 3)
[DELETE] (6278|hot) Too old: 49 days (limit: 3)
[DELETE] (6188|hot) Too old: 11 days (limit: 3)
[DELETE] (6278|hot) Too old: 11 days (limit: 3)
[DELETE] (6278|hot) Too old: 42 days (limit: 3)
[DELETE] (6278|hot) Too old: 39 days (limit: 3)
[DELETE] (6179|hot) Too old: 36 days (limit: 3)
[DELETE] (6179|hot) Too old: 36 days (limit: 3)
[DELETE] (6179|hot) Too old: 32 days (limit: 3)
[DELETE] (6179|hot) Too old: 18 days (limit: 3)
[DELETE] (6275|hot) Too old: 39 days (limit: 3)
[DELETE] (6275|hot) Too old: 19 days (limit: 3)
[DELETE] (6179|hot) Too old: 7 days (limit: 3)
[DELETE] (6275|hot) Too old: 35 days (limit: 3)
[DELETE] (6275|hot) Too old: 19 days (limit: 3)
[DELETE] (6589|hot) Too old: 57 days (limit: 3)
[DELETE] (6275|hot) Too old: 8 days (limit: 3)
[DELETE] (6589|hot) Too old: 43 days (limit: 3)
[DELETE] (6589|hot) Too old: 36 days (limit: 3)
[DELETE] (6589|hot) Too old: 33 days (limit: 3)
[DELETE] (4949|hot) Too old: 35 days (limit: 3)
[DELETE] (6589|hot) Too old: 7 days (limit: 3)
[DELETE] (4949|hot) Too old: 22 days (limit: 3)
[DELETE] (4949|hot) Too old: 27 days (limit: 3)
[DELETE] (4949|hot) Too old: 35 days (limit: 3)
[DELETE] (4949|hot) Too old: 6 days (limit: 3)
[DELETE] (2912|hot) Too old: 6 days (limit: 3)
[DELETE] (2912|hot) Too old: 6 days (limit: 3)
[DELETE] (2912|hot) Too old: 27 days (limit: 3)
[DELETE] (2912|hot) Too old: 13 days (limit: 3)
[DELETE] (6533|hot) Too old: 13 days (limit: 3)
[DELETE] (2912|hot) Too old: 6 days (limit: 3)
[DELETE] (6533|hot) Too old: 12 days (limit: 3)
[DELETE] (6533|hot) Too old: 13 days (limit: 3)
[DELETE] (6533|hot) Too old: 13 days (limit: 3)
[DELETE] (3617|hot) Too old: 35 days (limit: 3)
[DELETE] (6533|hot) Too old: 6 days (limit: 3)
[DELETE] (3617|hot) Too old: 21 days (limit: 3)
[DELETE] (3617|hot) Too old: 21 days (limit: 3)
[DELETE] (3617|hot) Too old: 21 days (limit: 3)
[DELETE] (3583|hot) Too old: 29 days (limit: 3)
[DELETE] (3617|hot) Too old: 6 days (limit: 3)
[DELETE] (3025|hot) Too old: 49 days (limit: 3)
[DELETE] (3583|hot) Too old: 29 days (limit: 3)
[DELETE] (3583|hot) Too old: 11 days (limit: 3)
[DELETE] (3583|hot) Too old: 29 days (limit: 3)
[DELETE] (3583|hot) Too old: 7 days (limit: 3)
[DELETE] (3025|hot) Too old: 35 days (limit: 3)
[DELETE] (3025|hot) Too old: 41 days (limit: 3)
[DELETE] (3025|hot) Too old: 11 days (limit: 3)
[DELETE] (3025|hot) Too old: 21 days (limit: 3)
[OK] (2330) Updated content (3573 chars)
[OK] (2330) Updated content (3421 chars)
[OK] (2330) Updated content (3314 chars)
[DELETE] (6706|hot) Too old: 47 days (limit: 3)
[OK] (2330) Updated content (3668 chars)
[OK] (2330) Updated content (4478 chars)
[DELETE] (6706|hot) Too old: 39 days (limit: 3)
[DELETE] (6706|hot) Too old: 6 days (limit: 3)
[DELETE] (6706|hot) Too old: 36 days (limit: 3)
[DELETE] (6486|hot) Too old: 26 days (limit: 3)
[DELETE] (6706|hot) Too old: 4 days (limit: 3)
[DELETE] (6486|hot) Too old: 26 days (limit: 3)
[DELETE] (6486|hot) Too old: 14 days (limit: 3)
[DELETE] (6486|hot) Too old: 26 days (limit: 3)
[DELETE] (6486|hot) Too old: 26 days (limit: 3)
[DELETE] (8034|hot) Too old: 12 days (limit: 3)
[DELETE] (8034|hot) Too old: 40 days (limit: 3)
[DELETE] (8034|hot) Too old: 5 days (limit: 3)
[DELETE] (8034|hot) Too old: 40 days (limit: 3)
[DELETE] (8034|hot) Too old: 5 days (limit: 3)
[DELETE] (8021|hot) Too old: 21 days (limit: 3)
[DELETE] (8021|hot) Too old: 39 days (limit: 3)
[DELETE] (8021|hot) Too old: 11 days (limit: 3)
[DELETE] (8021|hot) Too old: 21 days (limit: 3)
[DELETE] (8021|hot) Too old: 8 days (limit: 3)
[DELETE] (5439|hot) Too old: 91 days (limit: 3)
[DELETE] (5439|hot) Too old: 67 days (limit: 3)
[DELETE] (5439|hot) Too old: 69 days (limit: 3)
[DELETE] (5439|hot) Too old: 36 days (limit: 3)
[DELETE] (5439|hot) Too old: 6 days (limit: 3)
[DELETE] (7714|hot) Too old: 47 days (limit: 3)
[DELETE] (7714|hot) Too old: 39 days (limit: 3)
[DELETE] (7714|hot) Too old: 29 days (limit: 3)
[DELETE] (7714|hot) Too old: 39 days (limit: 3)
[DELETE] (7714|hot) Too old: 6 days (limit: 3)
[DELETE] (1477|hot) Too old: 21 days (limit: 3)
[DELETE] (1477|hot) Too old: 14 days (limit: 3)
[DELETE] (1477|hot) Too old: 19 days (limit: 3)
[DELETE] (1477|hot) Too old: 14 days (limit: 3)
[DELETE] (1477|hot) Too old: 21 days (limit: 3)
[DELETE] (2331|hot) Too old: 14 days (limit: 3)
[DELETE] (2331|hot) Too old: 18 days (limit: 3)
[DELETE] (2331|hot) Too old: 8 days (limit: 3)
[DELETE] (2331|hot) Too old: 20 days (limit: 3)
[DELETE] (2331|hot) Too old: 6 days (limit: 3)
[DELETE] (2395|hot) Too old: 7 days (limit: 3)
[DELETE] (2395|hot) Too old: 11 days (limit: 3)
[DELETE] (2395|hot) Too old: 11 days (limit: 3)
[OK] (2395) Updated content (3702 chars)
[DELETE] (2395|hot) Too old: 11 days (limit: 3)
[DELETE] (1603|hot) Too old: 68 days (limit: 3)
[DELETE] (1603|hot) Too old: 41 days (limit: 3)
[DELETE] (1603|hot) Too old: 6 days (limit: 3)
[DELETE] (1603|hot) Too old: 39 days (limit: 3)
[DELETE] (1603|hot) Too old: 33 days (limit: 3)
[DELETE] (3128|hot) Too old: 34 days (limit: 3)
[DELETE] (3128|hot) Too old: 34 days (limit: 3)
[DELETE] (3128|hot) Too old: 34 days (limit: 3)
[DELETE] (3128|hot) Too old: 6 days (limit: 3)
[DELETE] (3128|hot) Too old: 34 days (limit: 3)
[OK] (2882) Updated content (5715 chars)
[OK] (2882) Updated content (5628 chars)
[OK] (2882) Updated content (5468 chars)
[OK] (2882) Updated content (3461 chars)
[OK] (2882) Updated content (5371 chars)
[DELETE] (2233|hot) Too old: 39 days (limit: 3)
[DELETE] (2233|hot) Too old: 41 days (limit: 3)
[DELETE] (2233|hot) Too old: 39 days (limit: 3)
[DELETE] (2233|hot) Too old: 6 days (limit: 3)
[DELETE] (2233|hot) Too old: 21 days (limit: 3)
[DELETE] (5315|hot) Too old: 25 days (limit: 3)
[DELETE] (5315|hot) Too old: 25 days (limit: 3)
[DELETE] (5315|hot) Too old: 18 days (limit: 3)
[DELETE] (5315|hot) Too old: 11 days (limit: 3)
[DELETE] (5315|hot) Too old: 15 days (limit: 3)
[DELETE] (3455|hot) Too old: 42 days (limit: 3)
[DELETE] (3455|hot) Too old: 39 days (limit: 3)
[DELETE] (3455|hot) Too old: 63 days (limit: 3)
[DELETE] (3455|hot) Too old: 39 days (limit: 3)
[DELETE] (3455|hot) Too old: 6 days (limit: 3)
[DELETE] (2540|hot) Too old: 33 days (limit: 3)
[DELETE] (2540|hot) Too old: 26 days (limit: 3)
[DELETE] (2540|hot) Too old: 33 days (limit: 3)
[DELETE] (2540|hot) Too old: 33 days (limit: 3)
[DELETE] (2540|hot) Too old: 11 days (limit: 3)
[DELETE] (2429|hot) Too old: 40 days (limit: 3)
[DELETE] (2429|hot) Too old: 33 days (limit: 3)
[DELETE] (2429|hot) Too old: 39 days (limit: 3)
[DELETE] (2429|hot) Too old: 29 days (limit: 3)
[DELETE] (2429|hot) Too old: 6 days (limit: 3)
[DELETE] (6443|hot) Too old: 39 days (limit: 3)
[DELETE] (6443|hot) Too old: 39 days (limit: 3)
[DELETE] (6443|hot) Too old: 39 days (limit: 3)
[DELETE] (6443|hot) Too old: 11 days (limit: 3)
[DELETE] (8171|hot) Too old: 28 days (limit: 3)
[DELETE] (6443|hot) Too old: 25 days (limit: 3)
[DELETE] (8171|hot) Too old: 6 days (limit: 3)
[DELETE] (8171|hot) Too old: 18 days (limit: 3)
[DELETE] (8171|hot) Too old: 25 days (limit: 3)
[DELETE] (8171|hot) Too old: 4 days (limit: 3)
[DELETE] (2313|hot) Too old: 11 days (limit: 3)
[DELETE] (2313|hot) Too old: 13 days (limit: 3)
[DELETE] (2313|hot) Too old: 4 days (limit: 3)
[DELETE] (2313|hot) Too old: 12 days (limit: 3)
[OK] (2313) Updated content (5238 chars)
[DELETE] (3034|hot) Too old: 18 days (limit: 3)
[DELETE] (3034|hot) Too old: 18 days (limit: 3)
[DELETE] (3034|hot) Too old: 40 days (limit: 3)
[DELETE] (3034|hot) Too old: 14 days (limit: 3)
[DELETE] (3034|hot) Too old: 11 days (limit: 3)
[OK] (2492) Updated content (3029 chars)
[OK] (2492) Updated content (3181 chars)
[OK] (2492) Updated content (3102 chars)
[OK] (2492) Updated content (2916 chars)
[DELETE] (6854|hot) Too old: 47 days (limit: 3)
[DELETE] (6854|hot) Too old: 47 days (limit: 3)
[DELETE] (6854|hot) Too old: 39 days (limit: 3)
[OK] (2492) Updated content (3186 chars)
[DELETE] (6854|hot) Too old: 18 days (limit: 3)
[DELETE] (2646|hot) Too old: 5 days (limit: 3)
[DELETE] (6854|hot) Too old: 8 days (limit: 3)
[DELETE] (2646|hot) Too old: 5 days (limit: 3)
[DELETE] (2646|hot) Too old: 5 days (limit: 3)
[OK] (2646) Updated content (4055 chars)
[DELETE] (8033|hot) Too old: 15 days (limit: 3)
[DELETE] (2646|hot) Too old: 4 days (limit: 3)
[DELETE] (8033|hot) Too old: 14 days (limit: 3)
[DELETE] (8033|hot) Too old: 11 days (limit: 3)
[DELETE] (8033|hot) Too old: 11 days (limit: 3)
[DELETE] (4551|hot) Too old: 20 days (limit: 3)
[DELETE] (4551|hot) Too old: 8 days (limit: 3)
[DELETE] (8033|hot) Too old: 7 days (limit: 3)
[DELETE] (4551|hot) Too old: 14 days (limit: 3)
[DELETE] (4551|hot) Too old: 18 days (limit: 3)
[DELETE] (3708|hot) Too old: 5 days (limit: 3)
[OK] (3708) Updated content (3394 chars)
[OK] (3708) Updated content (4300 chars)
[DELETE] (4551|hot) Too old: 5 days (limit: 3)
[OK] (3708) Updated content (3585 chars)
[DELETE] (6727|hot) Too old: 42 days (limit: 3)
[OK] (3708) Updated content (3104 chars)
[DELETE] (6727|hot) Too old: 34 days (limit: 3)
[DELETE] (6727|hot) Too old: 34 days (limit: 3)
[DELETE] (6727|hot) Too old: 36 days (limit: 3)
[DELETE] (6727|hot) Too old: 6 days (limit: 3)
[DELETE] (6505|hot) Too old: 8 days (limit: 3)
[DELETE] (6505|hot) Too old: 8 days (limit: 3)
[OK] (6505) Updated content (2709 chars)
[DELETE] (6505|hot) Too old: 5 days (limit: 3)
[OK] (6505) Updated content (3474 chars)
[DELETE] (1231|hot) Too old: 67 days (limit: 3)
[DELETE] (1231|hot) Too old: 39 days (limit: 3)
[DELETE] (1231|hot) Too old: 7 days (limit: 3)
[DELETE] (1231|hot) Too old: 36 days (limit: 3)
[DELETE] (1231|hot) Too old: 35 days (limit: 3)
[DELETE] (2723|hot) Too old: 36 days (limit: 3)
[DELETE] (2723|hot) Too old: 60 days (limit: 3)
[DELETE] (2723|hot) Too old: 26 days (limit: 3)
[DELETE] (2723|hot) Too old: 21 days (limit: 3)
[DELETE] (2723|hot) Too old: 6 days (limit: 3)
[DELETE] (2886|hot) Too old: 4 days (limit: 3)
[DELETE] (2886|hot) Too old: 4 days (limit: 3)
[DELETE] (2466|hot) Too old: 34 days (limit: 3)
[OK] (2886) Updated content (3491 chars)
[OK] (2886) Updated content (3208 chars)
[DELETE] (2886|hot) Too old: 4 days (limit: 3)
[DELETE] (2466|hot) Too old: 34 days (limit: 3)
[DELETE] (2466|hot) Too old: 11 days (limit: 3)
[DELETE] (2466|hot) Too old: 6 days (limit: 3)
[DELETE] (2466|hot) Too old: 26 days (limit: 3)
[DELETE] (3324|hot) Too old: 21 days (limit: 3)
[DELETE] (3324|hot) Too old: 14 days (limit: 3)
[DELETE] (3324|hot) Too old: 15 days (limit: 3)
[DELETE] (3324|hot) Too old: 18 days (limit: 3)
[DELETE] (3324|hot) Too old: 8 days (limit: 3)
[DELETE] (3312|hot) Too old: 36 days (limit: 3)
[DELETE] (3312|hot) Too old: 36 days (limit: 3)
[DELETE] (3312|hot) Too old: 39 days (limit: 3)
[DELETE] (3312|hot) Too old: 11 days (limit: 3)
[DELETE] (3312|hot) Too old: 11 days (limit: 3)
[DELETE] (6806|hot) Too old: 18 days (limit: 3)
[DELETE] (6806|hot) Too old: 8 days (limit: 3)
[DELETE] (6806|hot) Too old: 14 days (limit: 3)
[DELETE] (6806|hot) Too old: 5 days (limit: 3)
[DELETE] (6806|hot) Too old: 6 days (limit: 3)
[DELETE] (6177|hot) Too old: 43 days (limit: 3)
[DELETE] (6177|hot) Too old: 39 days (limit: 3)
[OK] (6177) Updated content (3312 chars)
[DELETE] (6177|hot) Too old: 35 days (limit: 3)
[DELETE] (6177|hot) Too old: 6 days (limit: 3)
[DELETE] (3105|hot) Too old: 7 days (limit: 3)
[DELETE] (3105|hot) Too old: 6 days (limit: 3)
[DELETE] (3105|hot) Too old: 5 days (limit: 3)
[DELETE] (3105|hot) Too old: 5 days (limit: 3)
[DELETE] (1563|hot) Too old: 27 days (limit: 3)
[DELETE] (3105|hot) Too old: 4 days (limit: 3)
[DELETE] (1563|hot) Too old: 27 days (limit: 3)
[DELETE] (1563|hot) Too old: 27 days (limit: 3)
[DELETE] (3289|hot) Too old: 40 days (limit: 3)
[DELETE] (1563|hot) Too old: 18 days (limit: 3)
[DELETE] (1563|hot) Too old: 8 days (limit: 3)
[DELETE] (3289|hot) Too old: 39 days (limit: 3)
[DELETE] (3289|hot) Too old: 6 days (limit: 3)
[DELETE] (3379|hot) Too old: 98 days (limit: 3)
[DELETE] (3289|hot) Too old: 35 days (limit: 3)
[DELETE] (3289|hot) Too old: 34 days (limit: 3)
[DELETE] (3379|hot) Too old: 67 days (limit: 3)
[DELETE] (3379|hot) Too old: 36 days (limit: 3)
[DELETE] (3379|hot) Too old: 43 days (limit: 3)
[DELETE] (2230|hot) Too old: 39 days (limit: 3)
[DELETE] (3379|hot) Too old: 6 days (limit: 3)
[DELETE] (2230|hot) Too old: 38 days (limit: 3)
[OK] (2230) Updated content (5598 chars)
[DELETE] (2230|hot) Too old: 5 days (limit: 3)
[DELETE] (1504|hot) Too old: 19 days (limit: 3)
[DELETE] (2230|hot) Too old: 11 days (limit: 3)
[DELETE] (1504|hot) Too old: 19 days (limit: 3)
[DELETE] (1504|hot) Too old: 19 days (limit: 3)
[DELETE] (1504|hot) Too old: 11 days (limit: 3)
[DELETE] (1504|hot) Too old: 14 days (limit: 3)
[DELETE] (5347|hot) Too old: 18 days (limit: 3)
[DELETE] (5347|hot) Too old: 8 days (limit: 3)
[DELETE] (5347|hot) Too old: 8 days (limit: 3)
[DELETE] (5347|hot) Too old: 12 days (limit: 3)
[DELETE] (5347|hot) Too old: 8 days (limit: 3)
[DELETE] (3376|hot) Too old: 7 days (limit: 3)
[DELETE] (3376|hot) Too old: 6 days (limit: 3)
[DELETE] (3376|hot) Too old: 6 days (limit: 3)
[DELETE] (3376|hot) Too old: 4 days (limit: 3)
[DELETE] (3376|hot) Too old: 4 days (limit: 3)
[DELETE] (6269|hot) Too old: 47 days (limit: 3)
[DELETE] (6269|hot) Too old: 39 days (limit: 3)
[DELETE] (6269|hot) Too old: 19 days (limit: 3)
[DELETE] (6269|hot) Too old: 8 days (limit: 3)
[DELETE] (6269|hot) Too old: 11 days (limit: 3)
[DELETE] (3056|hot) Too old: 35 days (limit: 3)
[DELETE] (3056|hot) Too old: 35 days (limit: 3)
[DELETE] (3056|hot) Too old: 22 days (limit: 3)
[DELETE] (3056|hot) Too old: 25 days (limit: 3)
[DELETE] (3056|hot) Too old: 8 days (limit: 3)
[OK] (2454) Updated content (2913 chars)
[OK] (2454) Updated content (2916 chars)
[OK] (2454) Updated content (3359 chars)
[OK] (2454) Updated content (3189 chars)
[DELETE] (3051|hot) Too old: 70 days (limit: 3)
[OK] (2454) Updated content (3489 chars)
[DELETE] (3051|hot) Too old: 40 days (limit: 3)
[DELETE] (3051|hot) Too old: 43 days (limit: 3)
[DELETE] (3051|hot) Too old: 48 days (limit: 3)
[DELETE] (3051|hot) Too old: 14 days (limit: 3)
[DELETE] (4721|hot) Too old: 4 days (limit: 3)
[OK] (4721) Updated content (5898 chars)
[DELETE] (4721|hot) Too old: 4 days (limit: 3)
[DELETE] (4721|hot) Too old: 4 days (limit: 3)
[OK] (4721) Updated content (5068 chars)
[DELETE] (3563|hot) Too old: 47 days (limit: 3)
[DELETE] (3563|hot) Too old: 43 days (limit: 3)
[DELETE] (3563|hot) Too old: 22 days (limit: 3)
[DELETE] (3563|hot) Too old: 22 days (limit: 3)
[DELETE] (3563|hot) Too old: 13 days (limit: 3)
[DELETE] (9910|hot) Too old: 19 days (limit: 3)
[DELETE] (9910|hot) Too old: 19 days (limit: 3)
[DELETE] (9910|hot) Too old: 19 days (limit: 3)
[DELETE] (9910|hot) Too old: 14 days (limit: 3)
[DELETE] (9910|hot) Too old: 6 days (limit: 3)
[DELETE] (3526|hot) Too old: 42 days (limit: 3)
[DELETE] (3526|hot) Too old: 42 days (limit: 3)
[DELETE] (3526|hot) Too old: 8 days (limit: 3)
[DELETE] (3526|hot) Too old: 42 days (limit: 3)
[DELETE] (3526|hot) Too old: 39 days (limit: 3)
[DELETE] (3294|hot) Too old: 32 days (limit: 3)
[DELETE] (3294|hot) Too old: 8 days (limit: 3)
[DELETE] (3294|hot) Too old: 19 days (limit: 3)
[DELETE] (3294|hot) Too old: 18 days (limit: 3)
[DELETE] (3294|hot) Too old: 6 days (limit: 3)
[DELETE] (4147|hot) Too old: 40 days (limit: 3)
[DELETE] (4147|hot) Too old: 40 days (limit: 3)
[DELETE] (4147|hot) Too old: 15 days (limit: 3)
[DELETE] (4147|hot) Too old: 11 days (limit: 3)
[DELETE] (4147|hot) Too old: 22 days (limit: 3)
[OK] (2327) Updated content (3181 chars)
[OK] (2327) Updated content (2916 chars)
[OK] (2327) Updated content (3262 chars)
[OK] (2327) Updated content (3372 chars)
[OK] (2327) Updated content (3186 chars)
[DELETE] (2458|hot) Too old: 8 days (limit: 3)
[DELETE] (2458|hot) Too old: 7 days (limit: 3)
[DELETE] (2458|hot) Too old: 7 days (limit: 3)
[DELETE] (2458|hot) Too old: 7 days (limit: 3)
[OK] (2458) Updated content (3873 chars)
[DELETE] (6719|hot) Too old: 43 days (limit: 3)
[DELETE] (6719|hot) Too old: 43 days (limit: 3)
[DELETE] (6719|hot) Too old: 40 days (limit: 3)
[DELETE] (6719|hot) Too old: 27 days (limit: 3)
[DELETE] (6719|hot) Too old: 11 days (limit: 3)
[DELETE] (4543|hot) Too old: 42 days (limit: 3)
[DELETE] (4543|hot) Too old: 39 days (limit: 3)
[DELETE] (4543|hot) Too old: 8 days (limit: 3)
[DELETE] (4543|hot) Too old: 22 days (limit: 3)
[DELETE] (4543|hot) Too old: 39 days (limit: 3)
[DELETE] (6215|hot) Too old: 18 days (limit: 3)
[DELETE] (6215|hot) Too old: 18 days (limit: 3)
[DELETE] (6215|hot) Too old: 8 days (limit: 3)
[DELETE] (6215|hot) Too old: 18 days (limit: 3)
[DELETE] (6215|hot) Too old: 7 days (limit: 3)
[DELETE] (3023|hot) Too old: 19 days (limit: 3)
[DELETE] (3023|hot) Too old: 20 days (limit: 3)
[DELETE] (3023|hot) Too old: 14 days (limit: 3)
[DELETE] (3023|hot) Too old: 19 days (limit: 3)
[DELETE] (2369|hot) Too old: 41 days (limit: 3)
[DELETE] (3023|hot) Too old: 14 days (limit: 3)
[DELETE] (2369|hot) Too old: 41 days (limit: 3)
[DELETE] (2369|hot) Too old: 19 days (limit: 3)
[DELETE] (2369|hot) Too old: 39 days (limit: 3)
[DELETE] (5284|hot) Too old: 39 days (limit: 3)
[DELETE] (2369|hot) Too old: 6 days (limit: 3)
[DELETE] (5284|hot) Too old: 26 days (limit: 3)
[DELETE] (5284|hot) Too old: 26 days (limit: 3)
[DELETE] (5284|hot) Too old: 25 days (limit: 3)
[DELETE] (5284|hot) Too old: 12 days (limit: 3)
[DELETE] (2062|hot) Too old: 39 days (limit: 3)
[DELETE] (2062|hot) Too old: 12 days (limit: 3)
[DELETE] (2062|hot) Too old: 36 days (limit: 3)
[DELETE] (2062|hot) Too old: 12 days (limit: 3)
[DELETE] (2062|hot) Too old: 11 days (limit: 3)
[DELETE] (3537|hot) Too old: 39 days (limit: 3)
[DELETE] (3537|hot) Too old: 12 days (limit: 3)
[DELETE] (3537|hot) Too old: 22 days (limit: 3)
[DELETE] (3537|hot) Too old: 11 days (limit: 3)
[DELETE] (3537|hot) Too old: 8 days (limit: 3)
[DELETE] (3162|hot) Too old: 11 days (limit: 3)
[DELETE] (3162|hot) Too old: 27 days (limit: 3)
[DELETE] (3162|hot) Too old: 14 days (limit: 3)
[DELETE] (3162|hot) Too old: 8 days (limit: 3)
[DELETE] (3162|hot) Too old: 5 days (limit: 3)
[DELETE] (4736|hot) Too old: 25 days (limit: 3)
[DELETE] (4736|hot) Too old: 20 days (limit: 3)
[DELETE] (4736|hot) Too old: 8 days (limit: 3)
[DELETE] (4736|hot) Too old: 5 days (limit: 3)
[DELETE] (4736|hot) Too old: 14 days (limit: 3)
[DELETE] (6829|hot) Too old: 48 days (limit: 3)
[DELETE] (6829|hot) Too old: 40 days (limit: 3)
[DELETE] (6829|hot) Too old: 29 days (limit: 3)
[DELETE] (6829|hot) Too old: 8 days (limit: 3)
[DELETE] (6829|hot) Too old: 19 days (limit: 3)
[DELETE] (6122|hot) Too old: 67 days (limit: 3)
[DELETE] (6122|hot) Too old: 81 days (limit: 3)
[DELETE] (6122|hot) Too old: 98 days (limit: 3)
[DELETE] (6122|hot) Too old: 36 days (limit: 3)
[DELETE] (6122|hot) Too old: 6 days (limit: 3)
[DELETE] (4164|hot) Too old: 6 days (limit: 3)
[DELETE] (4164|hot) Too old: 6 days (limit: 3)
[DELETE] (4164|hot) Too old: 11 days (limit: 3)
[DELETE] (4164|hot) Too old: 12 days (limit: 3)
[DELETE] (4164|hot) Too old: 12 days (limit: 3)
[DELETE] (4991|hot) Too old: 7 days (limit: 3)
[DELETE] (4991|hot) Too old: 13 days (limit: 3)
[DELETE] (4991|hot) Too old: 13 days (limit: 3)
[DELETE] (4991|hot) Too old: 4 days (limit: 3)
[DELETE] (4991|hot) Too old: 13 days (limit: 3)
[DELETE] (5291|hot) Too old: 35 days (limit: 3)
[DELETE] (5291|hot) Too old: 11 days (limit: 3)
[DELETE] (5291|hot) Too old: 25 days (limit: 3)
[DELETE] (5291|hot) Too old: 35 days (limit: 3)
[DELETE] (5291|hot) Too old: 6 days (limit: 3)
[DELETE] (3092|hot) Too old: 39 days (limit: 3)
[DELETE] (3092|hot) Too old: 20 days (limit: 3)
[DELETE] (3092|hot) Too old: 34 days (limit: 3)
[DELETE] (3092|hot) Too old: 20 days (limit: 3)
[DELETE] (3092|hot) Too old: 7 days (limit: 3)
[DELETE] (6207|hot) Too old: 14 days (limit: 3)
[DELETE] (6207|hot) Too old: 11 days (limit: 3)
[DELETE] (6207|hot) Too old: 14 days (limit: 3)
[DELETE] (6207|hot) Too old: 6 days (limit: 3)
[DELETE] (6207|hot) Too old: 12 days (limit: 3)
[DELETE] (6761|hot) Too old: 39 days (limit: 3)
[DELETE] (6761|hot) Too old: 21 days (limit: 3)
[DELETE] (6761|hot) Too old: 41 days (limit: 3)
[DELETE] (6761|hot) Too old: 8 days (limit: 3)
[DELETE] (6761|hot) Too old: 6 days (limit: 3)
[DELETE] (5607|hot) Too old: 34 days (limit: 3)
[DELETE] (5607|hot) Too old: 39 days (limit: 3)
[DELETE] (5607|hot) Too old: 34 days (limit: 3)
[DELETE] (5607|hot) Too old: 6 days (limit: 3)
[DELETE] (6113|hot) Too old: 39 days (limit: 3)
[DELETE] (6113|hot) Too old: 35 days (limit: 3)
[DELETE] (5607|hot) Too old: 34 days (limit: 3)
[DELETE] (6113|hot) Too old: 25 days (limit: 3)
[DELETE] (6113|hot) Too old: 13 days (limit: 3)
[DELETE] (1305|hot) Too old: 34 days (limit: 3)
[DELETE] (1305|hot) Too old: 28 days (limit: 3)
[DELETE] (6113|hot) Too old: 6 days (limit: 3)
[DELETE] (1305|hot) Too old: 28 days (limit: 3)
[DELETE] (1305|hot) Too old: 21 days (limit: 3)
[DELETE] (2357|hot) Too old: 4 days (limit: 3)
[DELETE] (2357|hot) Too old: 4 days (limit: 3)
[DELETE] (1305|hot) Too old: 11 days (limit: 3)
[DELETE] (2357|hot) Too old: 4 days (limit: 3)
[DELETE] (2357|hot) Too old: 4 days (limit: 3)
[DELETE] (2357|hot) Too old: 4 days (limit: 3)
[DELETE] (6811|hot) Too old: 19 days (limit: 3)
[DELETE] (6811|hot) Too old: 19 days (limit: 3)
[DELETE] (6811|hot) Too old: 12 days (limit: 3)
[DELETE] (6811|hot) Too old: 19 days (limit: 3)
[DELETE] (1304|hot) Too old: 18 days (limit: 3)
[DELETE] (1304|hot) Too old: 18 days (limit: 3)
[DELETE] (6811|hot) Too old: 6 days (limit: 3)
[DELETE] (1304|hot) Too old: 14 days (limit: 3)
[DELETE] (1304|hot) Too old: 14 days (limit: 3)
[DELETE] (1905|hot) Too old: 32 days (limit: 3)
[DELETE] (1905|hot) Too old: 33 days (limit: 3)
[DELETE] (1304|hot) Too old: 11 days (limit: 3)
[DELETE] (1905|hot) Too old: 6 days (limit: 3)
[OK] (1905) Updated content (3422 chars)
[DELETE] (1905|hot) Too old: 18 days (limit: 3)
[DELETE] (3005|hot) Too old: 29 days (limit: 3)
[DELETE] (3005|hot) Too old: 29 days (limit: 3)
[DELETE] (3005|hot) Too old: 7 days (limit: 3)
[DELETE] (3005|hot) Too old: 22 days (limit: 3)
[DELETE] (3005|hot) Too old: 7 days (limit: 3)
[DELETE] (2637|hot) Too old: 25 days (limit: 3)
[DELETE] (2637|hot) Too old: 13 days (limit: 3)
[DELETE] (2637|hot) Too old: 13 days (limit: 3)
[DELETE] (2637|hot) Too old: 22 days (limit: 3)
[DELETE] (2637|hot) Too old: 8 days (limit: 3)
[DELETE] (2328|hot) Too old: 25 days (limit: 3)
[DELETE] (2328|hot) Too old: 25 days (limit: 3)
[DELETE] (2328|hot) Too old: 20 days (limit: 3)
[DELETE] (2328|hot) Too old: 8 days (limit: 3)
[DELETE] (2328|hot) Too old: 20 days (limit: 3)
[DELETE] (8289|hot) Too old: 18 days (limit: 3)
[DELETE] (8289|hot) Too old: 18 days (limit: 3)
[DELETE] (8289|hot) Too old: 18 days (limit: 3)
[DELETE] (8289|hot) Too old: 18 days (limit: 3)
[DELETE] (2597|hot) Too old: 36 days (limit: 3)
[DELETE] (8289|hot) Too old: 8 days (limit: 3)
[DELETE] (2597|hot) Too old: 36 days (limit: 3)
[DELETE] (2597|hot) Too old: 36 days (limit: 3)
[DELETE] (2597|hot) Too old: 13 days (limit: 3)
[DELETE] (1227|hot) Too old: 96 days (limit: 3)
[DELETE] (2597|hot) Too old: 6 days (limit: 3)
[DELETE] (1227|hot) Too old: 67 days (limit: 3)
[DELETE] (1227|hot) Too old: 36 days (limit: 3)
[DELETE] (2405|hot) Too old: 39 days (limit: 3)
[DELETE] (1227|hot) Too old: 7 days (limit: 3)
[DELETE] (2405|hot) Too old: 35 days (limit: 3)
[DELETE] (1227|hot) Too old: 6 days (limit: 3)
[DELETE] (2405|hot) Too old: 12 days (limit: 3)
[DELETE] (2405|hot) Too old: 11 days (limit: 3)
[DELETE] (2405|hot) Too old: 6 days (limit: 3)
[DELETE] (3689|hot) Too old: 20 days (limit: 3)
[DELETE] (3689|hot) Too old: 20 days (limit: 3)
[DELETE] (3689|hot) Too old: 20 days (limit: 3)
[DELETE] (3689|hot) Too old: 11 days (limit: 3)
[DELETE] (4585|hot) Too old: 70 days (limit: 3)
[DELETE] (4585|hot) Too old: 41 days (limit: 3)
[DELETE] (3689|hot) Too old: 20 days (limit: 3)
[DELETE] (4585|hot) Too old: 14 days (limit: 3)
[DELETE] (4585|hot) Too old: 14 days (limit: 3)
[DELETE] (3317|hot) Too old: 102 days (limit: 3)
[DELETE] (3317|hot) Too old: 95 days (limit: 3)
[DELETE] (4585|hot) Too old: 11 days (limit: 3)
[DELETE] (3317|hot) Too old: 39 days (limit: 3)
[DELETE] (3317|hot) Too old: 69 days (limit: 3)
[DELETE] (3317|hot) Too old: 8 days (limit: 3)
[DELETE] (6805|hot) Too old: 22 days (limit: 3)
[DELETE] (6805|hot) Too old: 22 days (limit: 3)
[DELETE] (6805|hot) Too old: 8 days (limit: 3)
[DELETE] (6805|hot) Too old: 21 days (limit: 3)
[DELETE] (6805|hot) Too old: 8 days (limit: 3)
[DELETE] (2614|hot) Too old: 27 days (limit: 3)
[DELETE] (2614|hot) Too old: 27 days (limit: 3)
[DELETE] (2614|hot) Too old: 27 days (limit: 3)
[DELETE] (2614|hot) Too old: 18 days (limit: 3)
[DELETE] (2614|hot) Too old: 6 days (limit: 3)
[DELETE] (4919|hot) Too old: 21 days (limit: 3)
[DELETE] (4919|hot) Too old: 21 days (limit: 3)
[DELETE] (4919|hot) Too old: 11 days (limit: 3)
[DELETE] (4919|hot) Too old: 19 days (limit: 3)
[DELETE] (4919|hot) Too old: 15 days (limit: 3)
[DELETE] (2467|hot) Too old: 19 days (limit: 3)
[DELETE] (2467|hot) Too old: 8 days (limit: 3)
[DELETE] (2467|hot) Too old: 25 days (limit: 3)
[DELETE] (2467|hot) Too old: 15 days (limit: 3)
[DELETE] (2467|hot) Too old: 5 days (limit: 3)
[DELETE] (8105|hot) Too old: 95 days (limit: 3)
[DELETE] (8105|hot) Too old: 68 days (limit: 3)
[DELETE] (8105|hot) Too old: 39 days (limit: 3)
[DELETE] (8105|hot) Too old: 36 days (limit: 3)
[DELETE] (8105|hot) Too old: 7 days (limit: 3)
[DELETE] (3135|hot) Too old: 34 days (limit: 3)
[DELETE] (3135|hot) Too old: 34 days (limit: 3)
[DELETE] (3135|hot) Too old: 19 days (limit: 3)
[DELETE] (3135|hot) Too old: 6 days (limit: 3)
[DELETE] (6625|hot) Too old: 78 days (limit: 3)
[DELETE] (6625|hot) Too old: 67 days (limit: 3)
[DELETE] (3135|hot) Too old: 6 days (limit: 3)
[DELETE] (6625|hot) Too old: 97 days (limit: 3)
[DELETE] (6625|hot) Too old: 39 days (limit: 3)
[DELETE] (6625|hot) Too old: 6 days (limit: 3)
[DELETE] (4513|hot) Too old: 36 days (limit: 3)
[DELETE] (4513|hot) Too old: 36 days (limit: 3)
[DELETE] (4513|hot) Too old: 36 days (limit: 3)
[DELETE] (4513|hot) Too old: 36 days (limit: 3)
[DELETE] (3444|hot) Too old: 67 days (limit: 3)
[DELETE] (4513|hot) Too old: 22 days (limit: 3)
[DELETE] (3444|hot) Too old: 40 days (limit: 3)
[DELETE] (3444|hot) Too old: 19 days (limit: 3)
[DELETE] (3444|hot) Too old: 19 days (limit: 3)
[DELETE] (3444|hot) Too old: 6 days (limit: 3)
[DELETE] (6265|hot) Too old: 89 days (limit: 3)
[DELETE] (6265|hot) Too old: 47 days (limit: 3)
[DELETE] (6265|hot) Too old: 39 days (limit: 3)
[DELETE] (6265|hot) Too old: 39 days (limit: 3)
[DELETE] (6015|hot) Too old: 40 days (limit: 3)
[DELETE] (6265|hot) Too old: 39 days (limit: 3)
[DELETE] (6015|hot) Too old: 40 days (limit: 3)
[DELETE] (6015|hot) Too old: 11 days (limit: 3)
[DELETE] (6015|hot) Too old: 22 days (limit: 3)
[DELETE] (6643|hot) Too old: 25 days (limit: 3)
[DELETE] (6015|hot) Too old: 11 days (limit: 3)
[DELETE] (6643|hot) Too old: 25 days (limit: 3)
[DELETE] (6643|hot) Too old: 19 days (limit: 3)
[DELETE] (6643|hot) Too old: 19 days (limit: 3)
[DELETE] (6461|hot) Too old: 29 days (limit: 3)
[DELETE] (6643|hot) Too old: 11 days (limit: 3)
[DELETE] (6461|hot) Too old: 20 days (limit: 3)
[DELETE] (6461|hot) Too old: 20 days (limit: 3)
[DELETE] (6461|hot) Too old: 20 days (limit: 3)
[DELETE] (2497|hot) Too old: 70 days (limit: 3)
[DELETE] (2497|hot) Too old: 78 days (limit: 3)
[DELETE] (2497|hot) Too old: 41 days (limit: 3)
[DELETE] (2497|hot) Too old: 97 days (limit: 3)
[DELETE] (6461|hot) Too old: 6 days (limit: 3)
[DELETE] (2497|hot) Too old: 11 days (limit: 3)
[DELETE] (6104|hot) Too old: 11 days (limit: 3)
[DELETE] (6104|hot) Too old: 41 days (limit: 3)
[DELETE] (6104|hot) Too old: 43 days (limit: 3)
[DELETE] (6104|hot) Too old: 35 days (limit: 3)
[DELETE] (6104|hot) Too old: 7 days (limit: 3)
[DELETE] (6233|hot) Too old: 70 days (limit: 3)
[DELETE] (6233|hot) Too old: 98 days (limit: 3)
[DELETE] (6233|hot) Too old: 102 days (limit: 3)
[DELETE] (6233|hot) Too old: 40 days (limit: 3)
[DELETE] (6233|hot) Too old: 8 days (limit: 3)
[DELETE] (6735|hot) Too old: 19 days (limit: 3)
[DELETE] (6735|hot) Too old: 18 days (limit: 3)
[DELETE] (6735|hot) Too old: 8 days (limit: 3)
[DELETE] (6735|hot) Too old: 19 days (limit: 3)
[DELETE] (6735|hot) Too old: 8 days (limit: 3)
[DELETE] (2006|hot) Too old: 25 days (limit: 3)
[DELETE] (2006|hot) Too old: 25 days (limit: 3)
[DELETE] (2006|hot) Too old: 25 days (limit: 3)
[DELETE] (2006|hot) Too old: 12 days (limit: 3)
[DELETE] (4976|hot) Too old: 43 days (limit: 3)
[DELETE] (4976|hot) Too old: 69 days (limit: 3)
[DELETE] (2006|hot) Too old: 11 days (limit: 3)
[DELETE] (4976|hot) Too old: 39 days (limit: 3)
[DELETE] (4976|hot) Too old: 34 days (limit: 3)
[DELETE] (4976|hot) Too old: 8 days (limit: 3)
[DELETE] (2070|hot) Too old: 56 days (limit: 3)
[DELETE] (2070|hot) Too old: 41 days (limit: 3)
[DELETE] (2070|hot) Too old: 47 days (limit: 3)
[DELETE] (2070|hot) Too old: 36 days (limit: 3)
[DELETE] (2070|hot) Too old: 14 days (limit: 3)
[DELETE] (6957|hot) Too old: 68 days (limit: 3)
[DELETE] (6957|hot) Too old: 37 days (limit: 3)
[DELETE] (6957|hot) Too old: 41 days (limit: 3)
[DELETE] (6957|hot) Too old: 34 days (limit: 3)
[DELETE] (6957|hot) Too old: 7 days (limit: 3)
[DELETE] (2615|hot) Too old: 6 days (limit: 3)
[DELETE] (2615|hot) Too old: 5 days (limit: 3)
[DELETE] (2615|hot) Too old: 5 days (limit: 3)
[DELETE] (2615|hot) Too old: 5 days (limit: 3)
[DELETE] (2615|hot) Too old: 5 days (limit: 3)
[DELETE] (6189|hot) Too old: 39 days (limit: 3)
[DELETE] (6189|hot) Too old: 39 days (limit: 3)
[DELETE] (6189|hot) Too old: 35 days (limit: 3)
[DELETE] (6189|hot) Too old: 11 days (limit: 3)
[DELETE] (6189|hot) Too old: 7 days (limit: 3)
[DELETE] (6126|hot) Too old: 8 days (limit: 3)
[OK] (6126) Updated content (3963 chars)
[OK] (6126) Updated content (5659 chars)
[OK] (6126) Updated content (3662 chars)
[DELETE] (2387|hot) Too old: 39 days (limit: 3)
[OK] (6126) Updated content (3416 chars)
[DELETE] (2387|hot) Too old: 47 days (limit: 3)
[DELETE] (2387|hot) Too old: 36 days (limit: 3)
[DELETE] (2387|hot) Too old: 18 days (limit: 3)
[DELETE] (2387|hot) Too old: 7 days (limit: 3)
[DELETE] (2371|hot) Too old: 6 days (limit: 3)
[OK] (2371) Updated content (4955 chars)
[DELETE] (2371|hot) Too old: 5 days (limit: 3)
[OK] (2371) Updated content (3245 chars)
[DELETE] (2636|hot) Too old: 13 days (limit: 3)
[OK] (2371) Updated content (4755 chars)
[DELETE] (2636|hot) Too old: 11 days (limit: 3)
[DELETE] (2636|hot) Too old: 6 days (limit: 3)
[DELETE] (2636|hot) Too old: 6 days (limit: 3)
[DELETE] (6928|hot) Too old: 67 days (limit: 3)
[DELETE] (6928|hot) Too old: 36 days (limit: 3)
[DELETE] (2636|hot) Too old: 6 days (limit: 3)
[DELETE] (6928|hot) Too old: 40 days (limit: 3)
[DELETE] (6928|hot) Too old: 15 days (limit: 3)
[DELETE] (6928|hot) Too old: 6 days (limit: 3)
[DELETE] (3217|hot) Too old: 5 days (limit: 3)
[DELETE] (3217|hot) Too old: 5 days (limit: 3)
[DELETE] (3217|hot) Too old: 5 days (limit: 3)
[DELETE] (3217|hot) Too old: 5 days (limit: 3)
[DELETE] (3217|hot) Too old: 5 days (limit: 3)
[DELETE] (2449|hot) Too old: 8 days (limit: 3)
[DELETE] (2449|hot) Too old: 8 days (limit: 3)
[DELETE] (2449|hot) Too old: 7 days (limit: 3)
[DELETE] (2449|hot) Too old: 7 days (limit: 3)
[DELETE] (2449|hot) Too old: 5 days (limit: 3)
[DELETE] (9939|hot) Too old: 18 days (limit: 3)
[DELETE] (9939|hot) Too old: 18 days (limit: 3)
[DELETE] (9939|hot) Too old: 18 days (limit: 3)
[DELETE] (9939|hot) Too old: 12 days (limit: 3)
[DELETE] (8415|hot) Too old: 19 days (limit: 3)
[DELETE] (9939|hot) Too old: 6 days (limit: 3)
[DELETE] (8415|hot) Too old: 19 days (limit: 3)
[DELETE] (8415|hot) Too old: 15 days (limit: 3)
[DELETE] (8415|hot) Too old: 19 days (limit: 3)
[DELETE] (8415|hot) Too old: 8 days (limit: 3)
[DELETE] (8422|hot) Too old: 70 days (limit: 3)
[DELETE] (8422|hot) Too old: 70 days (limit: 3)
[DELETE] (8422|hot) Too old: 41 days (limit: 3)
[DELETE] (8422|hot) Too old: 41 days (limit: 3)
[DELETE] (8422|hot) Too old: 8 days (limit: 3)
[DELETE] (6153|hot) Too old: 11 days (limit: 3)
[DELETE] (6153|hot) Too old: 20 days (limit: 3)
[DELETE] (6153|hot) Too old: 6 days (limit: 3)
[DELETE] (6153|hot) Too old: 6 days (limit: 3)
[DELETE] (6153|hot) Too old: 6 days (limit: 3)
[DELETE] (3264|hot) Too old: 19 days (limit: 3)
[DELETE] (3264|hot) Too old: 19 days (limit: 3)
[DELETE] (3264|hot) Too old: 19 days (limit: 3)
[DELETE] (3264|hot) Too old: 5 days (limit: 3)
[DELETE] (3264|hot) Too old: 12 days (limit: 3)
[DELETE] (8222|hot) Too old: 99 days (limit: 3)
[DELETE] (8222|hot) Too old: 99 days (limit: 3)
[DELETE] (8222|hot) Too old: 68 days (limit: 3)
[DELETE] (8222|hot) Too old: 39 days (limit: 3)
[DELETE] (8222|hot) Too old: 7 days (limit: 3)
[DELETE] (2101|hot) Too old: 34 days (limit: 3)
[DELETE] (2101|hot) Too old: 21 days (limit: 3)
[DELETE] (2101|hot) Too old: 28 days (limit: 3)
[DELETE] (2101|hot) Too old: 11 days (limit: 3)
[DELETE] (2101|hot) Too old: 13 days (limit: 3)
[DELETE] (2427|hot) Too old: 36 days (limit: 3)
[DELETE] (2427|hot) Too old: 36 days (limit: 3)
[DELETE] (2427|hot) Too old: 7 days (limit: 3)
[DELETE] (2427|hot) Too old: 7 days (limit: 3)
[DELETE] (2427|hot) Too old: 7 days (limit: 3)
[SKIP] (3501) Failed to fetch: https://tw.stock.yahoo.com/news/%E5%85%AC%E5%91%8A-%E7%B6%AD%E7%86%B9%E7%B6%B2%E8%B7%AF%E8%B3%87%E5%AE%89%E4%BA%8B%E4%BB%B6%E8%AA%AA%E6%98%8E-084218807.html
[DELETE] (3501|hot) Too old: 47 days (limit: 3)
[DELETE] (3501|hot) Too old: 6 days (limit: 3)
[DELETE] (3501|hot) Too old: 36 days (limit: 3)
[DELETE] (3501|hot) Too old: 36 days (limit: 3)
[DELETE] (6442|hot) Too old: 15 days (limit: 3)
[DELETE] (6442|hot) Too old: 13 days (limit: 3)
[DELETE] (6442|hot) Too old: 6 days (limit: 3)
[DELETE] (6442|hot) Too old: 6 days (limit: 3)
[DELETE] (6442|hot) Too old: 8 days (limit: 3)
[DELETE] (3055|hot) Too old: 41 days (limit: 3)
[DELETE] (3055|hot) Too old: 39 days (limit: 3)
[DELETE] (3055|hot) Too old: 12 days (limit: 3)
[DELETE] (3055|hot) Too old: 35 days (limit: 3)
[DELETE] (3055|hot) Too old: 8 days (limit: 3)
[DELETE] (6143|hot) Too old: 60 days (limit: 3)
[DELETE] (6143|hot) Too old: 70 days (limit: 3)
[DELETE] (6143|hot) Too old: 40 days (limit: 3)
[DELETE] (6143|hot) Too old: 47 days (limit: 3)
[DELETE] (6143|hot) Too old: 8 days (limit: 3)
[DELETE] (2609|hot) Too old: 7 days (limit: 3)
[DELETE] (2609|hot) Too old: 6 days (limit: 3)
[DELETE] (2609|hot) Too old: 6 days (limit: 3)
[DELETE] (2609|hot) Too old: 12 days (limit: 3)
[DELETE] (2609|hot) Too old: 6 days (limit: 3)
[DELETE] (6127|hot) Too old: 34 days (limit: 3)
[DELETE] (6127|hot) Too old: 34 days (limit: 3)
[DELETE] (6127|hot) Too old: 13 days (limit: 3)
[DELETE] (6127|hot) Too old: 32 days (limit: 3)
[DELETE] (2231|hot) Too old: 36 days (limit: 3)
[DELETE] (2231|hot) Too old: 43 days (limit: 3)
[DELETE] (6127|hot) Too old: 11 days (limit: 3)
[DELETE] (2231|hot) Too old: 41 days (limit: 3)
[DELETE] (2231|hot) Too old: 21 days (limit: 3)
[DELETE] (2231|hot) Too old: 10 days (limit: 3)
[DELETE] (9914|hot) Too old: 34 days (limit: 3)
[DELETE] (9914|hot) Too old: 34 days (limit: 3)
[DELETE] (9914|hot) Too old: 28 days (limit: 3)
[DELETE] (9914|hot) Too old: 18 days (limit: 3)
[DELETE] (6642|hot) Too old: 47 days (limit: 3)
[DELETE] (6642|hot) Too old: 40 days (limit: 3)
[DELETE] (6642|hot) Too old: 55 days (limit: 3)
[DELETE] (9914|hot) Too old: 6 days (limit: 3)
[DELETE] (6642|hot) Too old: 11 days (limit: 3)
[DELETE] (1789|hot) Too old: 20 days (limit: 3)
[DELETE] (6642|hot) Too old: 25 days (limit: 3)
[DELETE] (1789|hot) Too old: 39 days (limit: 3)
[DELETE] (1789|hot) Too old: 20 days (limit: 3)
[DELETE] (2727|hot) Too old: 35 days (limit: 3)
[DELETE] (1789|hot) Too old: 18 days (limit: 3)
[DELETE] (2727|hot) Too old: 27 days (limit: 3)
[DELETE] (1789|hot) Too old: 7 days (limit: 3)
[DELETE] (2727|hot) Too old: 36 days (limit: 3)
[DELETE] (3234|hot) Too old: 18 days (limit: 3)
[DELETE] (3234|hot) Too old: 18 days (limit: 3)
[DELETE] (3234|hot) Too old: 18 days (limit: 3)
[DELETE] (2727|hot) Too old: 8 days (limit: 3)
[DELETE] (2727|hot) Too old: 8 days (limit: 3)
[DELETE] (3234|hot) Too old: 12 days (limit: 3)
[DELETE] (3234|hot) Too old: 8 days (limit: 3)
[DELETE] (9105|hot) Too old: 68 days (limit: 3)
[DELETE] (9105|hot) Too old: 98 days (limit: 3)
[DELETE] (9105|hot) Too old: 127 days (limit: 3)
[DELETE] (9105|hot) Too old: 36 days (limit: 3)
[DELETE] (9105|hot) Too old: 7 days (limit: 3)
[DELETE] (9945|hot) Too old: 27 days (limit: 3)
[DELETE] (9945|hot) Too old: 27 days (limit: 3)
[DELETE] (9945|hot) Too old: 8 days (limit: 3)
[DELETE] (9945|hot) Too old: 8 days (limit: 3)
[DELETE] (9945|hot) Too old: 6 days (limit: 3)
[DELETE] (6409|hot) Too old: 19 days (limit: 3)
[DELETE] (1710|hot) Too old: 98 days (limit: 3)
[DELETE] (6409|hot) Too old: 20 days (limit: 3)
[DELETE] (6409|hot) Too old: 13 days (limit: 3)
[DELETE] (1710|hot) Too old: 67 days (limit: 3)
[DELETE] (1710|hot) Too old: 39 days (limit: 3)
[DELETE] (6409|hot) Too old: 11 days (limit: 3)
[DELETE] (6409|hot) Too old: 8 days (limit: 3)
[DELETE] (1710|hot) Too old: 28 days (limit: 3)
[DELETE] (1303|hot) Too old: 5 days (limit: 3)
[DELETE] (1303|hot) Too old: 4 days (limit: 3)
[DELETE] (1710|hot) Too old: 6 days (limit: 3)
[OK] (1303) Updated content (3021 chars)
[OK] (1303) Updated content (3661 chars)
[OK] (1303) Updated content (3115 chars)
[DELETE] (2228|hot) Too old: 36 days (limit: 3)
[DELETE] (2228|hot) Too old: 32 days (limit: 3)
[DELETE] (2228|hot) Too old: 18 days (limit: 3)
[DELETE] (2228|hot) Too old: 7 days (limit: 3)
[DELETE] (2228|hot) Too old: 6 days (limit: 3)
[DELETE] (4128|hot) Too old: 42 days (limit: 3)
[SKIP] (4128) Failed to fetch: https://tw.stock.yahoo.com/news/%E5%85%AC%E5%91%8A-%E4%B8%AD%E5%A4%A9115%E5%B9%B4%E7%AC%AC1%E5%AD%A3%E5%90%88%E4%BD%B5%E8%B2%A1%E5%8B%99%E5%A0%B1%E5%91%8A%E8%91%A3%E4%BA%8B%E6%9C%83%E9%A0%90%E8%A8%88%E5%8F%AC%E9%96%8B%E6%97%A5%E6%9C%9F%E7%82%BA115%E5%B9%B45%E6%9C%8811%E6%97%A5-092740339.html
[DELETE] (4128|hot) Too old: 36 days (limit: 3)
[DELETE] (4128|hot) Too old: 14 days (limit: 3)
[DELETE] (4128|hot) Too old: 25 days (limit: 3)
[DELETE] (8044|hot) Too old: 33 days (limit: 3)
[DELETE] (8044|hot) Too old: 25 days (limit: 3)
[DELETE] (8044|hot) Too old: 18 days (limit: 3)
[DELETE] (8044|hot) Too old: 22 days (limit: 3)
[DELETE] (8044|hot) Too old: 6 days (limit: 3)
[DELETE] (6669|hot) Too old: 19 days (limit: 3)
[DELETE] (6669|hot) Too old: 19 days (limit: 3)
[DELETE] (6669|hot) Too old: 19 days (limit: 3)
[DELETE] (2413|hot) Too old: 68 days (limit: 3)
[DELETE] (6669|hot) Too old: 8 days (limit: 3)
[DELETE] (2413|hot) Too old: 43 days (limit: 3)
[DELETE] (6669|hot) Too old: 18 days (limit: 3)
[DELETE] (2413|hot) Too old: 53 days (limit: 3)
[DELETE] (2413|hot) Too old: 6 days (limit: 3)
[DELETE] (2413|hot) Too old: 39 days (limit: 3)
[DELETE] (5392|hot) Too old: 33 days (limit: 3)
[DELETE] (5392|hot) Too old: 33 days (limit: 3)
[DELETE] (5392|hot) Too old: 33 days (limit: 3)
[DELETE] (5392|hot) Too old: 19 days (limit: 3)
[DELETE] (5392|hot) Too old: 6 days (limit: 3)
[DELETE] (1326|hot) Too old: 8 days (limit: 3)
[DELETE] (1326|hot) Too old: 6 days (limit: 3)
[DELETE] (1326|hot) Too old: 5 days (limit: 3)
[DELETE] (1326|hot) Too old: 8 days (limit: 3)
[DELETE] (1326|hot) Too old: 4 days (limit: 3)
[DELETE] (8028|hot) Too old: 22 days (limit: 3)
[DELETE] (8028|hot) Too old: 22 days (limit: 3)
[DELETE] (8028|hot) Too old: 22 days (limit: 3)
[DELETE] (8028|hot) Too old: 11 days (limit: 3)
[DELETE] (8028|hot) Too old: 5 days (limit: 3)
[DELETE] (6664|hot) Too old: 39 days (limit: 3)
[DELETE] (6664|hot) Too old: 41 days (limit: 3)
[DELETE] (6664|hot) Too old: 33 days (limit: 3)
[DELETE] (6664|hot) Too old: 21 days (limit: 3)
[DELETE] (6664|hot) Too old: 6 days (limit: 3)
[DELETE] (2401|hot) Too old: 13 days (limit: 3)
[DELETE] (2401|hot) Too old: 6 days (limit: 3)
[OK] (2401) Updated content (3333 chars)
[OK] (2401) Updated content (3850 chars)
[OK] (2401) Updated content (4673 chars)
[DELETE] (3013|hot) Too old: 8 days (limit: 3)
[DELETE] (3013|hot) Too old: 4 days (limit: 3)
[DELETE] (3013|hot) Too old: 4 days (limit: 3)
[OK] (3013) Updated content (5533 chars)
[DELETE] (3013|hot) Too old: 4 days (limit: 3)
[DELETE] (1532|hot) Too old: 26 days (limit: 3)
[DELETE] (1532|hot) Too old: 11 days (limit: 3)
[DELETE] (1532|hot) Too old: 11 days (limit: 3)
[DELETE] (1532|hot) Too old: 6 days (limit: 3)
[DELETE] (6291|hot) Too old: 11 days (limit: 3)
[DELETE] (1532|hot) Too old: 11 days (limit: 3)
[DELETE] (6291|hot) Too old: 11 days (limit: 3)
[DELETE] (6291|hot) Too old: 11 days (limit: 3)
[DELETE] (6291|hot) Too old: 11 days (limit: 3)
[DELETE] (1419|hot) Too old: 4 days (limit: 3)
[DELETE] (6291|hot) Too old: 8 days (limit: 3)
[DELETE] (1419|hot) Too old: 4 days (limit: 3)
[DELETE] (1419|hot) Too old: 4 days (limit: 3)
[DELETE] (1419|hot) Too old: 4 days (limit: 3)
[DELETE] (2612|hot) Too old: 36 days (limit: 3)
[DELETE] (1419|hot) Too old: 4 days (limit: 3)
[DELETE] (2612|hot) Too old: 19 days (limit: 3)
[DELETE] (6712|hot) Too old: 36 days (limit: 3)
[DELETE] (2612|hot) Too old: 18 days (limit: 3)
[DELETE] (6712|hot) Too old: 32 days (limit: 3)
[DELETE] (2612|hot) Too old: 11 days (limit: 3)
[DELETE] (2612|hot) Too old: 7 days (limit: 3)
[DELETE] (6712|hot) Too old: 28 days (limit: 3)
[DELETE] (6712|hot) Too old: 28 days (limit: 3)
[DELETE] (6712|hot) Too old: 15 days (limit: 3)
[DELETE] (8271|hot) Too old: 43 days (limit: 3)
[DELETE] (8271|hot) Too old: 40 days (limit: 3)
[DELETE] (8271|hot) Too old: 32 days (limit: 3)
[DELETE] (8271|hot) Too old: 12 days (limit: 3)
[DELETE] (8271|hot) Too old: 19 days (limit: 3)
[DELETE] (6274|hot) Too old: 19 days (limit: 3)
[DELETE] (6274|hot) Too old: 19 days (limit: 3)
[DELETE] (6274|hot) Too old: 19 days (limit: 3)
[DELETE] (6274|hot) Too old: 19 days (limit: 3)
[DELETE] (6274|hot) Too old: 12 days (limit: 3)
[DELETE] (2548|hot) Too old: 18 days (limit: 3)
[DELETE] (2548|hot) Too old: 14 days (limit: 3)
[DELETE] (2548|hot) Too old: 18 days (limit: 3)
[DELETE] (2548|hot) Too old: 5 days (limit: 3)
[DELETE] (2548|hot) Too old: 11 days (limit: 3)
[DELETE] (5269|hot) Too old: 12 days (limit: 3)
[DELETE] (5269|hot) Too old: 8 days (limit: 3)
[DELETE] (5269|hot) Too old: 6 days (limit: 3)
[DELETE] (5269|hot) Too old: 5 days (limit: 3)
[SKIP] (5269) Failed to fetch: https://tw.stock.yahoo.com/news/%E5%85%AC%E5%91%8A-%E7%A5%A5%E7%A2%A9-2026%E5%B9%B45%E6%9C%88%E5%90%88%E4%BD%B5%E7%87%9F%E6%94%B68-97%E5%84%84%E5%85%83-%E5%B9%B4%E5%A2%9E-032302771.html
[DELETE] (5386|hot) Too old: 41 days (limit: 3)
[DELETE] (5386|hot) Too old: 39 days (limit: 3)
[DELETE] (5386|hot) Too old: 18 days (limit: 3)
[DELETE] (5386|hot) Too old: 12 days (limit: 3)
[DELETE] (2915|hot) Too old: 36 days (limit: 3)
[DELETE] (5386|hot) Too old: 7 days (limit: 3)
[DELETE] (2915|hot) Too old: 33 days (limit: 3)
[DELETE] (2915|hot) Too old: 21 days (limit: 3)
[DELETE] (2915|hot) Too old: 5 days (limit: 3)
[DELETE] (2915|hot) Too old: 6 days (limit: 3)
[DELETE] (3163|hot) Too old: 41 days (limit: 3)
[DELETE] (3163|hot) Too old: 39 days (limit: 3)
[DELETE] (3163|hot) Too old: 19 days (limit: 3)
[DELETE] (3163|hot) Too old: 8 days (limit: 3)
[DELETE] (3163|hot) Too old: 11 days (limit: 3)
[DELETE] (6657|hot) Too old: 25 days (limit: 3)
[DELETE] (6657|hot) Too old: 39 days (limit: 3)
[DELETE] (6657|hot) Too old: 25 days (limit: 3)
[DELETE] (6657|hot) Too old: 8 days (limit: 3)
[DELETE] (6657|hot) Too old: 6 days (limit: 3)
[DELETE] (5536|hot) Too old: 19 days (limit: 3)
[DELETE] (5536|hot) Too old: 19 days (limit: 3)
[DELETE] (5536|hot) Too old: 19 days (limit: 3)
[DELETE] (5536|hot) Too old: 12 days (limit: 3)
[DELETE] (4760|hot) Too old: 20 days (limit: 3)
[DELETE] (5536|hot) Too old: 6 days (limit: 3)
[DELETE] (4760|hot) Too old: 15 days (limit: 3)
[DELETE] (4760|hot) Too old: 15 days (limit: 3)
[DELETE] (4760|hot) Too old: 12 days (limit: 3)
[DELETE] (4760|hot) Too old: 11 days (limit: 3)
[DELETE] (4960|hot) Too old: 40 days (limit: 3)
[DELETE] (4960|hot) Too old: 40 days (limit: 3)
[DELETE] (4960|hot) Too old: 39 days (limit: 3)
[DELETE] (4960|hot) Too old: 40 days (limit: 3)
[DELETE] (4960|hot) Too old: 6 days (limit: 3)
[DELETE] (8103|hot) Too old: 39 days (limit: 3)
[DELETE] (8103|hot) Too old: 42 days (limit: 3)
[DELETE] (8103|hot) Too old: 29 days (limit: 3)
[DELETE] (8103|hot) Too old: 21 days (limit: 3)
[DELETE] (8103|hot) Too old: 6 days (limit: 3)
[DELETE] (3558|hot) Too old: 42 days (limit: 3)
[DELETE] (3558|hot) Too old: 42 days (limit: 3)
[DELETE] (3558|hot) Too old: 41 days (limit: 3)
[DELETE] (3558|hot) Too old: 19 days (limit: 3)
[DELETE] (3558|hot) Too old: 8 days (limit: 3)
[DELETE] (6683|hot) Too old: 27 days (limit: 3)
[DELETE] (6683|hot) Too old: 42 days (limit: 3)
[DELETE] (6683|hot) Too old: 8 days (limit: 3)
[DELETE] (6683|hot) Too old: 11 days (limit: 3)
[DELETE] (6683|hot) Too old: 8 days (limit: 3)
[DELETE] (1536|hot) Too old: 18 days (limit: 3)
[DELETE] (1536|hot) Too old: 11 days (limit: 3)
[DELETE] (1536|hot) Too old: 18 days (limit: 3)
[DELETE] (1536|hot) Too old: 18 days (limit: 3)
[DELETE] (1809|hot) Too old: 39 days (limit: 3)
[DELETE] (1809|hot) Too old: 35 days (limit: 3)
[DELETE] (1536|hot) Too old: 6 days (limit: 3)
[DELETE] (1809|hot) Too old: 35 days (limit: 3)
[DELETE] (1809|hot) Too old: 11 days (limit: 3)
[DELETE] (6204|hot) Too old: 27 days (limit: 3)
[DELETE] (1809|hot) Too old: 7 days (limit: 3)
[DELETE] (6204|hot) Too old: 21 days (limit: 3)
[DELETE] (6204|hot) Too old: 21 days (limit: 3)
[DELETE] (6204|hot) Too old: 13 days (limit: 3)
[DELETE] (6204|hot) Too old: 11 days (limit: 3)
[DELETE] (1727|hot) Too old: 50 days (limit: 3)
[DELETE] (1727|hot) Too old: 40 days (limit: 3)
[DELETE] (1727|hot) Too old: 6 days (limit: 3)
[DELETE] (1727|hot) Too old: 21 days (limit: 3)
[DELETE] (6435|hot) Too old: 61 days (limit: 3)
[DELETE] (1727|hot) Too old: 18 days (limit: 3)
[DELETE] (6435|hot) Too old: 61 days (limit: 3)
[DELETE] (6435|hot) Too old: 53 days (limit: 3)
[DELETE] (6435|hot) Too old: 41 days (limit: 3)
[DELETE] (6491|hot) Too old: 27 days (limit: 3)
[DELETE] (6435|hot) Too old: 11 days (limit: 3)
[DELETE] (6491|hot) Too old: 27 days (limit: 3)
[DELETE] (6491|hot) Too old: 14 days (limit: 3)
[DELETE] (6491|hot) Too old: 4 days (limit: 3)
[DELETE] (6491|hot) Too old: 19 days (limit: 3)
[DELETE] (8150|hot) Too old: 20 days (limit: 3)
[DELETE] (8150|hot) Too old: 15 days (limit: 3)
[DELETE] (8150|hot) Too old: 19 days (limit: 3)
[DELETE] (8150|hot) Too old: 19 days (limit: 3)
[OK] (8150) Updated content (3214 chars)
[DELETE] (3707|hot) Too old: 39 days (limit: 3)
[DELETE] (3707|hot) Too old: 67 days (limit: 3)
[DELETE] (3707|hot) Too old: 5 days (limit: 3)
[DELETE] (3707|hot) Too old: 7 days (limit: 3)
[DELETE] (3707|hot) Too old: 5 days (limit: 3)
[DELETE] (5222|hot) Too old: 64 days (limit: 3)
[DELETE] (5222|hot) Too old: 75 days (limit: 3)
[DELETE] (5222|hot) Too old: 61 days (limit: 3)
[DELETE] (5222|hot) Too old: 41 days (limit: 3)
[DELETE] (2420|hot) Too old: 40 days (limit: 3)
[DELETE] (5222|hot) Too old: 11 days (limit: 3)
[DELETE] (2420|hot) Too old: 40 days (limit: 3)
[DELETE] (2420|hot) Too old: 39 days (limit: 3)
[DELETE] (2420|hot) Too old: 27 days (limit: 3)
[DELETE] (2420|hot) Too old: 6 days (limit: 3)
[DELETE] (2515|hot) Too old: 26 days (limit: 3)
[DELETE] (2515|hot) Too old: 26 days (limit: 3)
[DELETE] (2515|hot) Too old: 26 days (limit: 3)
[DELETE] (2515|hot) Too old: 26 days (limit: 3)
[DELETE] (2515|hot) Too old: 7 days (limit: 3)
[DELETE] (2605|hot) Too old: 5 days (limit: 3)
[DELETE] (2605|hot) Too old: 5 days (limit: 3)
[DELETE] (2605|hot) Too old: 6 days (limit: 3)
[DELETE] (2605|hot) Too old: 5 days (limit: 3)
[DELETE] (2605|hot) Too old: 4 days (limit: 3)
[DELETE] (2607|hot) Too old: 21 days (limit: 3)
[DELETE] (2607|hot) Too old: 21 days (limit: 3)
[DELETE] (2607|hot) Too old: 21 days (limit: 3)
[DELETE] (2607|hot) Too old: 11 days (limit: 3)
[DELETE] (4906|hot) Too old: 22 days (limit: 3)
[DELETE] (4906|hot) Too old: 12 days (limit: 3)
[DELETE] (4906|hot) Too old: 7 days (limit: 3)
[DELETE] (2607|hot) Too old: 6 days (limit: 3)
[DELETE] (4906|hot) Too old: 22 days (limit: 3)
[DELETE] (4906|hot) Too old: 7 days (limit: 3)
[DELETE] (3372|hot) Too old: 69 days (limit: 3)
[DELETE] (3372|hot) Too old: 41 days (limit: 3)
[DELETE] (3372|hot) Too old: 57 days (limit: 3)
[DELETE] (3372|hot) Too old: 8 days (limit: 3)
[DELETE] (2349|hot) Too old: 36 days (limit: 3)
[DELETE] (4979|hot) Too old: 35 days (limit: 3)
[DELETE] (2349|hot) Too old: 34 days (limit: 3)
[DELETE] (2349|hot) Too old: 32 days (limit: 3)
[DELETE] (3372|hot) Too old: 4 days (limit: 3)
[DELETE] (2349|hot) Too old: 13 days (limit: 3)
[DELETE] (4979|hot) Too old: 27 days (limit: 3)
[DELETE] (2349|hot) Too old: 6 days (limit: 3)
[DELETE] (4979|hot) Too old: 27 days (limit: 3)
[DELETE] (4979|hot) Too old: 5 days (limit: 3)
[DELETE] (3498|hot) Too old: 28 days (limit: 3)
[DELETE] (3498|hot) Too old: 29 days (limit: 3)
[DELETE] (4979|hot) Too old: 7 days (limit: 3)
[DELETE] (3498|hot) Too old: 4 days (limit: 3)
[DELETE] (1210|hot) Too old: 18 days (limit: 3)
[DELETE] (1210|hot) Too old: 21 days (limit: 3)
[DELETE] (3498|hot) Too old: 6 days (limit: 3)
[DELETE] (3498|hot) Too old: 4 days (limit: 3)
[DELETE] (3628|hot) Too old: 36 days (limit: 3)
[DELETE] (1210|hot) Too old: 14 days (limit: 3)
[DELETE] (1210|hot) Too old: 7 days (limit: 3)
[DELETE] (1210|hot) Too old: 18 days (limit: 3)
[DELETE] (3628|hot) Too old: 20 days (limit: 3)
[DELETE] (3628|hot) Too old: 20 days (limit: 3)
[DELETE] (6214|hot) Too old: 39 days (limit: 3)
[DELETE] (3628|hot) Too old: 20 days (limit: 3)
[DELETE] (3628|hot) Too old: 6 days (limit: 3)
[DELETE] (6214|hot) Too old: 35 days (limit: 3)
[DELETE] (6214|hot) Too old: 19 days (limit: 3)
[DELETE] (6214|hot) Too old: 11 days (limit: 3)
[DELETE] (6214|hot) Too old: 7 days (limit: 3)
[DELETE] (2241|hot) Too old: 49 days (limit: 3)
[DELETE] (2241|hot) Too old: 19 days (limit: 3)
[DELETE] (2241|hot) Too old: 43 days (limit: 3)
[DELETE] (2241|hot) Too old: 41 days (limit: 3)
[DELETE] (2241|hot) Too old: 13 days (limit: 3)
[DELETE] (7703|hot) Too old: 27 days (limit: 3)
[DELETE] (7703|hot) Too old: 8 days (limit: 3)
[DELETE] (7703|hot) Too old: 27 days (limit: 3)
[DELETE] (7703|hot) Too old: 27 days (limit: 3)
[DELETE] (7703|hot) Too old: 6 days (limit: 3)
[DELETE] (6890|hot) Too old: 41 days (limit: 3)
[DELETE] (6890|hot) Too old: 41 days (limit: 3)
[DELETE] (6890|hot) Too old: 36 days (limit: 3)
[DELETE] (6890|hot) Too old: 11 days (limit: 3)
[OK] (3702) Updated content (5189 chars)
[DELETE] (6890|hot) Too old: 6 days (limit: 3)
[OK] (3702) Updated content (2915 chars)
[OK] (3702) Updated content (4695 chars)
[OK] (3702) Updated content (3693 chars)
[DELETE] (8121|hot) Too old: 21 days (limit: 3)
[OK] (3702) Updated content (4396 chars)
[DELETE] (8121|hot) Too old: 34 days (limit: 3)
[DELETE] (8121|hot) Too old: 21 days (limit: 3)
[DELETE] (8121|hot) Too old: 14 days (limit: 3)
[DELETE] (6693|hot) Too old: 102 days (limit: 3)
[DELETE] (6693|hot) Too old: 104 days (limit: 3)
[DELETE] (6693|hot) Too old: 75 days (limit: 3)
[DELETE] (8121|hot) Too old: 9 days (limit: 3)
[DELETE] (6693|hot) Too old: 11 days (limit: 3)
[DELETE] (6693|hot) Too old: 41 days (limit: 3)
[DELETE] (6155|hot) Too old: 69 days (limit: 3)
[DELETE] (6155|hot) Too old: 113 days (limit: 3)
[DELETE] (6155|hot) Too old: 98 days (limit: 3)
[DELETE] (6155|hot) Too old: 39 days (limit: 3)
[DELETE] (6155|hot) Too old: 6 days (limit: 3)
[DELETE] (3609|hot) Too old: 67 days (limit: 3)
[DELETE] (3609|hot) Too old: 41 days (limit: 3)
[DELETE] (3609|hot) Too old: 37 days (limit: 3)
[DELETE] (3609|hot) Too old: 41 days (limit: 3)
[DELETE] (3609|hot) Too old: 6 days (limit: 3)
[DELETE] (5478|hot) Too old: 19 days (limit: 3)
[DELETE] (5478|hot) Too old: 27 days (limit: 3)
[DELETE] (5478|hot) Too old: 19 days (limit: 3)
[OK] (5478) Updated content (3894 chars)
[DELETE] (6799|hot) Too old: 32 days (limit: 3)
[SKIP] (5478) Failed to fetch: https://tw.stock.yahoo.com/news/%E5%85%AC%E5%91%8A-%E6%99%BA%E5%86%A0115%E5%B9%B4%E8%82%A1%E6%9D%B1%E5%B8%B8%E6%9C%83%E9%87%8D%E8%A6%81%E6%B1%BA%E8%AD%B0%E4%BA%8B%E9%A0%85-025705194.html
[DELETE] (6799|hot) Too old: 25 days (limit: 3)
[DELETE] (6799|hot) Too old: 8 days (limit: 3)
[DELETE] (6799|hot) Too old: 25 days (limit: 3)
[DELETE] (6799|hot) Too old: 25 days (limit: 3)
[DELETE] (2385|hot) Too old: 12 days (limit: 3)
[DELETE] (2385|hot) Too old: 8 days (limit: 3)
[DELETE] (2385|hot) Too old: 8 days (limit: 3)
[DELETE] (2385|hot) Too old: 8 days (limit: 3)
[DELETE] (3580|hot) Too old: 67 days (limit: 3)
[DELETE] (2385|hot) Too old: 8 days (limit: 3)
[DELETE] (3580|hot) Too old: 39 days (limit: 3)
[DELETE] (3580|hot) Too old: 34 days (limit: 3)
[DELETE] (3580|hot) Too old: 6 days (limit: 3)
[DELETE] (3580|hot) Too old: 11 days (limit: 3)
[DELETE] (2887|hot) Too old: 5 days (limit: 3)
[DELETE] (2887|hot) Too old: 4 days (limit: 3)
[DELETE] (2887|hot) Too old: 4 days (limit: 3)
[DELETE] (2887|hot) Too old: 4 days (limit: 3)
[OK] (2887) Updated content (3850 chars)
[DELETE] (6234|hot) Too old: 47 days (limit: 3)
[DELETE] (6234|hot) Too old: 39 days (limit: 3)
[DELETE] (6234|hot) Too old: 7 days (limit: 3)
[DELETE] (6234|hot) Too old: 36 days (limit: 3)
[DELETE] (6234|hot) Too old: 36 days (limit: 3)
[DELETE] (8438|hot) Too old: 77 days (limit: 3)
[DELETE] (8438|hot) Too old: 41 days (limit: 3)
[DELETE] (8438|hot) Too old: 70 days (limit: 3)
[DELETE] (8299|hot) Too old: 11 days (limit: 3)
[DELETE] (8438|hot) Too old: 11 days (limit: 3)
[DELETE] (8438|hot) Too old: 33 days (limit: 3)
[DELETE] (8299|hot) Too old: 7 days (limit: 3)
[DELETE] (3504|hot) Too old: 67 days (limit: 3)
[DELETE] (8299|hot) Too old: 4 days (limit: 3)
[DELETE] (8299|hot) Too old: 6 days (limit: 3)
[DELETE] (8299|hot) Too old: 6 days (limit: 3)
[DELETE] (3504|hot) Too old: 53 days (limit: 3)
[DELETE] (3504|hot) Too old: 57 days (limit: 3)
[DELETE] (3504|hot) Too old: 39 days (limit: 3)
[DELETE] (3504|hot) Too old: 6 days (limit: 3)
[DELETE] (2453|hot) Too old: 11 days (limit: 3)
[DELETE] (2453|hot) Too old: 40 days (limit: 3)
[DELETE] (2453|hot) Too old: 35 days (limit: 3)
[DELETE] (2453|hot) Too old: 5 days (limit: 3)
[DELETE] (2453|hot) Too old: 5 days (limit: 3)
[DELETE] (4157|hot) Too old: 67 days (limit: 3)
[DELETE] (4157|hot) Too old: 77 days (limit: 3)
[DELETE] (4157|hot) Too old: 42 days (limit: 3)
[DELETE] (4157|hot) Too old: 13 days (limit: 3)
[SKIP] (4157) Failed to fetch: https://tw.stock.yahoo.com/news/%E5%85%AC%E5%91%8A-%E5%A4%AA%E6%99%AF-ky%E8%91%A3%E4%BA%8B%E6%9C%83%E9%80%9A%E9%81%8E115%E5%B9%B4%E7%AC%AC-%E5%AD%A3%E5%90%88%E4%BD%B5%E8%B2%A1%E5%A0%B1-095237469.html
[DELETE] (6245|hot) Too old: 36 days (limit: 3)
[DELETE] (6245|hot) Too old: 67 days (limit: 3)
[DELETE] (6245|hot) Too old: 40 days (limit: 3)
[DELETE] (6245|hot) Too old: 6 days (limit: 3)
[DELETE] (6199|hot) Too old: 7 days (limit: 3)
[DELETE] (6245|hot) Too old: 32 days (limit: 3)
[DELETE] (6199|hot) Too old: 7 days (limit: 3)
[DELETE] (6199|hot) Too old: 7 days (limit: 3)
[DELETE] (6199|hot) Too old: 4 days (limit: 3)
[DELETE] (3704|hot) Too old: 18 days (limit: 3)
[OK] (6199) Updated content (4497 chars)
[OK] (3704) Updated content (5264 chars)
[DELETE] (3704|hot) Too old: 6 days (limit: 3)
[OK] (3704) Updated content (4556 chars)
[OK] (3704) Updated content (4132 chars)
[DELETE] (1522|hot) Too old: 67 days (limit: 3)
[DELETE] (1522|hot) Too old: 40 days (limit: 3)
[DELETE] (1522|hot) Too old: 48 days (limit: 3)
[DELETE] (1522|hot) Too old: 6 days (limit: 3)
[DELETE] (6670|hot) Too old: 20 days (limit: 3)
[DELETE] (1522|hot) Too old: 36 days (limit: 3)
[DELETE] (6670|hot) Too old: 20 days (limit: 3)
[DELETE] (6670|hot) Too old: 20 days (limit: 3)
[DELETE] (6670|hot) Too old: 20 days (limit: 3)
[DELETE] (6670|hot) Too old: 8 days (limit: 3)
[DELETE] (5263|hot) Too old: 7 days (limit: 3)
[DELETE] (5263|hot) Too old: 7 days (limit: 3)
[DELETE] (5263|hot) Too old: 7 days (limit: 3)
[DELETE] (5263|hot) Too old: 7 days (limit: 3)
[DELETE] (5263|hot) Too old: 7 days (limit: 3)
[DELETE] (1310|hot) Too old: 22 days (limit: 3)
[DELETE] (1310|hot) Too old: 6 days (limit: 3)
[DELETE] (1310|hot) Too old: 5 days (limit: 3)
[DELETE] (1310|hot) Too old: 5 days (limit: 3)
[DELETE] (1310|hot) Too old: 5 days (limit: 3)
[DELETE] (3003|hot) Too old: 32 days (limit: 3)
[DELETE] (3003|hot) Too old: 11 days (limit: 3)
[DELETE] (3003|hot) Too old: 6 days (limit: 3)
[DELETE] (3003|hot) Too old: 5 days (limit: 3)
[OK] (3003) Updated content (3859 chars)
[DELETE] (8255|hot) Too old: 22 days (limit: 3)
[DELETE] (8255|hot) Too old: 21 days (limit: 3)
[DELETE] (8255|hot) Too old: 19 days (limit: 3)
[OK] (8255) Updated content (3541 chars)
[DELETE] (8255|hot) Too old: 8 days (limit: 3)
[DELETE] (1513|hot) Too old: 22 days (limit: 3)
[DELETE] (1513|hot) Too old: 22 days (limit: 3)
[DELETE] (1513|hot) Too old: 22 days (limit: 3)
[DELETE] (1513|hot) Too old: 7 days (limit: 3)
[DELETE] (6235|hot) Too old: 25 days (limit: 3)
[DELETE] (1513|hot) Too old: 22 days (limit: 3)
[DELETE] (6235|hot) Too old: 35 days (limit: 3)
[DELETE] (6235|hot) Too old: 35 days (limit: 3)
[DELETE] (6235|hot) Too old: 14 days (limit: 3)
[DELETE] (8261|hot) Too old: 41 days (limit: 3)
[DELETE] (6235|hot) Too old: 14 days (limit: 3)
[DELETE] (8261|hot) Too old: 20 days (limit: 3)
[DELETE] (8261|hot) Too old: 20 days (limit: 3)
[DELETE] (8261|hot) Too old: 20 days (limit: 3)
[DELETE] (6412|hot) Too old: 42 days (limit: 3)
[DELETE] (8261|hot) Too old: 11 days (limit: 3)
[DELETE] (6412|hot) Too old: 42 days (limit: 3)
[DELETE] (6412|hot) Too old: 42 days (limit: 3)
[DELETE] (6412|hot) Too old: 12 days (limit: 3)
[DELETE] (2618|hot) Too old: 18 days (limit: 3)
[DELETE] (6412|hot) Too old: 18 days (limit: 3)
[DELETE] (2618|hot) Too old: 6 days (limit: 3)
[DELETE] (2618|hot) Too old: 17 days (limit: 3)
[DELETE] (2618|hot) Too old: 6 days (limit: 3)
[DELETE] (2618|hot) Too old: 4 days (limit: 3)
[DELETE] (8341|hot) Too old: 19 days (limit: 3)
[DELETE] (8341|hot) Too old: 11 days (limit: 3)
[DELETE] (8341|hot) Too old: 19 days (limit: 3)
[DELETE] (8341|hot) Too old: 8 days (limit: 3)
[DELETE] (8341|hot) Too old: 6 days (limit: 3)
[DELETE] (2383|hot) Too old: 19 days (limit: 3)
[DELETE] (2383|hot) Too old: 15 days (limit: 3)
[DELETE] (2383|hot) Too old: 11 days (limit: 3)
[DELETE] (2383|hot) Too old: 13 days (limit: 3)
[DELETE] (2383|hot) Too old: 7 days (limit: 3)
[DELETE] (3362|hot) Too old: 5 days (limit: 3)
[DELETE] (3362|hot) Too old: 7 days (limit: 3)
[DELETE] (3362|hot) Too old: 25 days (limit: 3)
[DELETE] (3362|hot) Too old: 5 days (limit: 3)
[DELETE] (3362|hot) Too old: 15 days (limit: 3)
[DELETE] (6261|hot) Too old: 55 days (limit: 3)
[DELETE] (6261|hot) Too old: 50 days (limit: 3)
[DELETE] (6261|hot) Too old: 40 days (limit: 3)
[DELETE] (6261|hot) Too old: 42 days (limit: 3)
[DELETE] (6261|hot) Too old: 8 days (limit: 3)
[DELETE] (1810|hot) Too old: 42 days (limit: 3)
[DELETE] (1810|hot) Too old: 6 days (limit: 3)
[DELETE] (1810|hot) Too old: 36 days (limit: 3)
[DELETE] (1810|hot) Too old: 20 days (limit: 3)
[DELETE] (1810|hot) Too old: 8 days (limit: 3)
[DELETE] (1316|hot) Too old: 36 days (limit: 3)
[DELETE] (1316|hot) Too old: 49 days (limit: 3)
[DELETE] (1316|hot) Too old: 6 days (limit: 3)
[DELETE] (1316|hot) Too old: 40 days (limit: 3)
[DELETE] (1316|hot) Too old: 33 days (limit: 3)
[DELETE] (4571|hot) Too old: 39 days (limit: 3)
[DELETE] (4571|hot) Too old: 8 days (limit: 3)
[DELETE] (4571|hot) Too old: 26 days (limit: 3)
[DELETE] (4571|hot) Too old: 35 days (limit: 3)
[DELETE] (4571|hot) Too old: 12 days (limit: 3)
[DELETE] (8390|hot) Too old: 27 days (limit: 3)
[DELETE] (8390|hot) Too old: 39 days (limit: 3)
[DELETE] (6230|hot) Too old: 39 days (limit: 3)
[DELETE] (8390|hot) Too old: 39 days (limit: 3)
[DELETE] (8390|hot) Too old: 6 days (limit: 3)
[DELETE] (6230|hot) Too old: 39 days (limit: 3)
[DELETE] (6230|hot) Too old: 11 days (limit: 3)
[DELETE] (6230|hot) Too old: 39 days (limit: 3)
[DELETE] (8390|hot) Too old: 4 days (limit: 3)
[DELETE] (6230|hot) Too old: 5 days (limit: 3)
[DELETE] (3060|hot) Too old: 39 days (limit: 3)
[DELETE] (3060|hot) Too old: 69 days (limit: 3)
[DELETE] (3060|hot) Too old: 97 days (limit: 3)
[DELETE] (3060|hot) Too old: 102 days (limit: 3)
[DELETE] (3060|hot) Too old: 8 days (limit: 3)
[DELETE] (6451|hot) Too old: 6 days (limit: 3)
[DELETE] (6451|hot) Too old: 8 days (limit: 3)
[DELETE] (6451|hot) Too old: 34 days (limit: 3)
[DELETE] (6451|hot) Too old: 39 days (limit: 3)
[DELETE] (6451|hot) Too old: 4 days (limit: 3)
[DELETE] (5227|hot) Too old: 33 days (limit: 3)
[DELETE] (5227|hot) Too old: 7 days (limit: 3)
[DELETE] (5227|hot) Too old: 7 days (limit: 3)
[DELETE] (5227|hot) Too old: 6 days (limit: 3)
[DELETE] (5227|hot) Too old: 5 days (limit: 3)
[DELETE] (4931|hot) Too old: 11 days (limit: 3)
[DELETE] (4931|hot) Too old: 20 days (limit: 3)
[DELETE] (4931|hot) Too old: 20 days (limit: 3)
[DELETE] (4931|hot) Too old: 8 days (limit: 3)
[DELETE] (4931|hot) Too old: 7 days (limit: 3)
[DELETE] (3015|hot) Too old: 5 days (limit: 3)
[DELETE] (3015|hot) Too old: 5 days (limit: 3)
[DELETE] (3015|hot) Too old: 8 days (limit: 3)
[DELETE] (3015|hot) Too old: 5 days (limit: 3)
[DELETE] (3015|hot) Too old: 5 days (limit: 3)
[DELETE] (8088|hot) Too old: 4 days (limit: 3)
[DELETE] (8088|hot) Too old: 4 days (limit: 3)
[DELETE] (8088|hot) Too old: 7 days (limit: 3)
[DELETE] (8088|hot) Too old: 4 days (limit: 3)
[OK] (8088) Updated content (6101 chars)
[DELETE] (3152|hot) Too old: 42 days (limit: 3)
[DELETE] (3152|hot) Too old: 29 days (limit: 3)
[DELETE] (3152|hot) Too old: 15 days (limit: 3)
[DELETE] (3152|hot) Too old: 11 days (limit: 3)
[DELETE] (3152|hot) Too old: 15 days (limit: 3)
[DELETE] (2543|hot) Too old: 12 days (limit: 3)
[DELETE] (2543|hot) Too old: 25 days (limit: 3)
[DELETE] (2543|hot) Too old: 4 days (limit: 3)
[DELETE] (2543|hot) Too old: 28 days (limit: 3)
[DELETE] (2543|hot) Too old: 18 days (limit: 3)
[DELETE] (5522|hot) Too old: 18 days (limit: 3)
[DELETE] (5522|hot) Too old: 34 days (limit: 3)
[DELETE] (5522|hot) Too old: 18 days (limit: 3)
[OK] (5522) Updated content (4924 chars)
[DELETE] (5522|hot) Too old: 6 days (limit: 3)
[DELETE] (2354|hot) Too old: 8 days (limit: 3)
[DELETE] (2354|hot) Too old: 7 days (limit: 3)
[OK] (2354) Updated content (3730 chars)
[OK] (2354) Updated content (5143 chars)
[DELETE] (2354|hot) Too old: 6 days (limit: 3)
[DELETE] (6944|hot) Too old: 67 days (limit: 3)
[DELETE] (6944|hot) Too old: 39 days (limit: 3)
[DELETE] (6944|hot) Too old: 27 days (limit: 3)
[OK] (6944) Updated content (3387 chars)
[DELETE] (6944|hot) Too old: 6 days (limit: 3)
[DELETE] (2351|hot) Too old: 26 days (limit: 3)
[DELETE] (2351|hot) Too old: 26 days (limit: 3)
[DELETE] (2351|hot) Too old: 15 days (limit: 3)
[DELETE] (2351|hot) Too old: 19 days (limit: 3)
[DELETE] (6485|hot) Too old: 97 days (limit: 3)
[DELETE] (2351|hot) Too old: 7 days (limit: 3)
[DELETE] (6485|hot) Too old: 70 days (limit: 3)
[DELETE] (6485|hot) Too old: 39 days (limit: 3)
[DELETE] (6739|hot) Too old: 42 days (limit: 3)
[DELETE] (6485|hot) Too old: 40 days (limit: 3)
[DELETE] (6485|hot) Too old: 11 days (limit: 3)
[DELETE] (6739|hot) Too old: 36 days (limit: 3)
[DELETE] (6739|hot) Too old: 36 days (limit: 3)
[DELETE] (6739|hot) Too old: 21 days (limit: 3)
[DELETE] (6739|hot) Too old: 11 days (limit: 3)
[DELETE] (6163|hot) Too old: 34 days (limit: 3)
[DELETE] (6163|hot) Too old: 35 days (limit: 3)
[DELETE] (6163|hot) Too old: 33 days (limit: 3)
[DELETE] (5258|hot) Too old: 77 days (limit: 3)
[DELETE] (6163|hot) Too old: 20 days (limit: 3)
[DELETE] (6163|hot) Too old: 6 days (limit: 3)
[DELETE] (5258|hot) Too old: 67 days (limit: 3)
[DELETE] (5258|hot) Too old: 36 days (limit: 3)
[DELETE] (5258|hot) Too old: 6 days (limit: 3)
[DELETE] (5258|hot) Too old: 35 days (limit: 3)
[DELETE] (3701|hot) Too old: 12 days (limit: 3)
[DELETE] (3701|hot) Too old: 11 days (limit: 3)
[DELETE] (3701|hot) Too old: 11 days (limit: 3)
[DELETE] (3701|hot) Too old: 6 days (limit: 3)
[OK] (3701) Updated content (4178 chars)
[DELETE] (2305|hot) Too old: 21 days (limit: 3)
[DELETE] (2305|hot) Too old: 21 days (limit: 3)
[DELETE] (2305|hot) Too old: 21 days (limit: 3)
[DELETE] (2305|hot) Too old: 19 days (limit: 3)
[DELETE] (2305|hot) Too old: 7 days (limit: 3)
[DELETE] (6720|hot) Too old: 35 days (limit: 3)
[DELETE] (6720|hot) Too old: 14 days (limit: 3)
[DELETE] (6720|hot) Too old: 26 days (limit: 3)
[DELETE] (6720|hot) Too old: 8 days (limit: 3)
[DELETE] (6720|hot) Too old: 4 days (limit: 3)
[DELETE] (1515|hot) Too old: 27 days (limit: 3)
[DELETE] (1515|hot) Too old: 27 days (limit: 3)
[DELETE] (1515|hot) Too old: 25 days (limit: 3)
[DELETE] (1515|hot) Too old: 6 days (limit: 3)
[DELETE] (1515|hot) Too old: 27 days (limit: 3)
[DELETE] (3661|hot) Too old: 21 days (limit: 3)
[DELETE] (3661|hot) Too old: 32 days (limit: 3)
[DELETE] (3661|hot) Too old: 12 days (limit: 3)
[DELETE] (3661|hot) Too old: 21 days (limit: 3)
[DELETE] (3661|hot) Too old: 6 days (limit: 3)
[DELETE] (4768|hot) Too old: 22 days (limit: 3)
[DELETE] (4768|hot) Too old: 18 days (limit: 3)
[DELETE] (4768|hot) Too old: 6 days (limit: 3)
[DELETE] (4768|hot) Too old: 19 days (limit: 3)
[DELETE] (4768|hot) Too old: 17 days (limit: 3)
[DELETE] (3131|hot) Too old: 18 days (limit: 3)
[DELETE] (3131|hot) Too old: 12 days (limit: 3)
[DELETE] (3131|hot) Too old: 11 days (limit: 3)
[DELETE] (3131|hot) Too old: 18 days (limit: 3)
[DELETE] (2603|hot) Too old: 19 days (limit: 3)
[DELETE] (3131|hot) Too old: 7 days (limit: 3)
[DELETE] (2603|hot) Too old: 15 days (limit: 3)
[DELETE] (2603|hot) Too old: 19 days (limit: 3)
[DELETE] (2603|hot) Too old: 8 days (limit: 3)
[DELETE] (2603|hot) Too old: 7 days (limit: 3)
[DELETE] (8155|hot) Too old: 22 days (limit: 3)
[DELETE] (8155|hot) Too old: 6 days (limit: 3)
[DELETE] (8155|hot) Too old: 22 days (limit: 3)
[DELETE] (8155|hot) Too old: 22 days (limit: 3)
[DELETE] (6180|hot) Too old: 39 days (limit: 3)
[DELETE] (6180|hot) Too old: 8 days (limit: 3)
[DELETE] (8155|hot) Too old: 6 days (limit: 3)
[DELETE] (6180|hot) Too old: 41 days (limit: 3)
[DELETE] (6180|hot) Too old: 35 days (limit: 3)
[DELETE] (3322|hot) Too old: 36 days (limit: 3)
[DELETE] (6180|hot) Too old: 7 days (limit: 3)
[DELETE] (3322|hot) Too old: 60 days (limit: 3)
[DELETE] (3322|hot) Too old: 67 days (limit: 3)
[DELETE] (3322|hot) Too old: 6 days (limit: 3)
[DELETE] (6547|hot) Too old: 39 days (limit: 3)
[DELETE] (6547|hot) Too old: 47 days (limit: 3)
[DELETE] (3322|hot) Too old: 4 days (limit: 3)
[DELETE] (6547|hot) Too old: 48 days (limit: 3)
[DELETE] (6547|hot) Too old: 39 days (limit: 3)
[DELETE] (6547|hot) Too old: 6 days (limit: 3)
[DELETE] (3529|hot) Too old: 36 days (limit: 3)
[DELETE] (3529|hot) Too old: 36 days (limit: 3)
[DELETE] (3529|hot) Too old: 22 days (limit: 3)
[DELETE] (3529|hot) Too old: 22 days (limit: 3)
[DELETE] (3529|hot) Too old: 11 days (limit: 3)
[DELETE] (1527|hot) Too old: 53 days (limit: 3)
[DELETE] (1527|hot) Too old: 39 days (limit: 3)
[DELETE] (1527|hot) Too old: 43 days (limit: 3)
[DELETE] (1527|hot) Too old: 6 days (limit: 3)
[OK] (1527) Updated content (4883 chars)
[DELETE] (2476|hot) Too old: 4 days (limit: 3)
[DELETE] (2476|hot) Too old: 4 days (limit: 3)
[DELETE] (2476|hot) Too old: 4 days (limit: 3)
[DELETE] (2476|hot) Too old: 4 days (limit: 3)
[DELETE] (3149|hot) Too old: 26 days (limit: 3)
[DELETE] (3149|hot) Too old: 20 days (limit: 3)
[DELETE] (2476|hot) Too old: 4 days (limit: 3)
[DELETE] (3149|hot) Too old: 26 days (limit: 3)
[DELETE] (3149|hot) Too old: 14 days (limit: 3)
[DELETE] (2867|hot) Too old: 26 days (limit: 3)
[DELETE] (3149|hot) Too old: 8 days (limit: 3)
[DELETE] (2867|hot) Too old: 33 days (limit: 3)
[DELETE] (2867|hot) Too old: 33 days (limit: 3)
[DELETE] (2867|hot) Too old: 15 days (limit: 3)
[DELETE] (1609|hot) Too old: 22 days (limit: 3)
[DELETE] (2867|hot) Too old: 5 days (limit: 3)
[DELETE] (1609|hot) Too old: 15 days (limit: 3)
[DELETE] (1609|hot) Too old: 15 days (limit: 3)
[DELETE] (1609|hot) Too old: 11 days (limit: 3)
[DELETE] (1609|hot) Too old: 6 days (limit: 3)
[DELETE] (8210|hot) Too old: 32 days (limit: 3)
[DELETE] (8210|hot) Too old: 32 days (limit: 3)
[DELETE] (8210|hot) Too old: 32 days (limit: 3)
[DELETE] (8210|hot) Too old: 32 days (limit: 3)
[DELETE] (8210|hot) Too old: 8 days (limit: 3)
[DELETE] (8476|hot) Too old: 39 days (limit: 3)
[DELETE] (8476|hot) Too old: 26 days (limit: 3)
[DELETE] (8476|hot) Too old: 34 days (limit: 3)
[DELETE] (8476|hot) Too old: 11 days (limit: 3)
[DELETE] (8476|hot) Too old: 6 days (limit: 3)
[DELETE] (4722|hot) Too old: 13 days (limit: 3)
[DELETE] (4722|hot) Too old: 13 days (limit: 3)
[DELETE] (4722|hot) Too old: 11 days (limit: 3)
[DELETE] (4722|hot) Too old: 5 days (limit: 3)
[DELETE] (4722|hot) Too old: 4 days (limit: 3)
[DELETE] (4114|hot) Too old: 34 days (limit: 3)
[DELETE] (4114|hot) Too old: 35 days (limit: 3)
[DELETE] (4114|hot) Too old: 33 days (limit: 3)
[DELETE] (4961|hot) Too old: 14 days (limit: 3)
[DELETE] (4114|hot) Too old: 6 days (limit: 3)
[DELETE] (4114|hot) Too old: 15 days (limit: 3)
[DELETE] (4961|hot) Too old: 18 days (limit: 3)
[DELETE] (4961|hot) Too old: 13 days (limit: 3)
[DELETE] (3010|hot) Too old: 8 days (limit: 3)
[DELETE] (4961|hot) Too old: 12 days (limit: 3)
[DELETE] (4961|hot) Too old: 12 days (limit: 3)
[DELETE] (3010|hot) Too old: 8 days (limit: 3)
[DELETE] (3010|hot) Too old: 8 days (limit: 3)
[OK] (3010) Updated content (3780 chars)
[OK] (3010) Updated content (2745 chars)
[DELETE] (4971|hot) Too old: 41 days (limit: 3)
[DELETE] (4971|hot) Too old: 41 days (limit: 3)
[DELETE] (4971|hot) Too old: 11 days (limit: 3)
[DELETE] (4971|hot) Too old: 6 days (limit: 3)
[DELETE] (7799|hot) Too old: 20 days (limit: 3)
[DELETE] (7799|hot) Too old: 15 days (limit: 3)
[DELETE] (7799|hot) Too old: 7 days (limit: 3)
[DELETE] (4971|hot) Too old: 39 days (limit: 3)
[DELETE] (7799|hot) Too old: 20 days (limit: 3)
[OK] (7799) Updated content (4367 chars)
[DELETE] (3022|hot) Too old: 22 days (limit: 3)
[DELETE] (3022|hot) Too old: 39 days (limit: 3)
[DELETE] (3022|hot) Too old: 22 days (limit: 3)
[DELETE] (3022|hot) Too old: 22 days (limit: 3)
[DELETE] (2889|hot) Too old: 8 days (limit: 3)
[DELETE] (2889|hot) Too old: 7 days (limit: 3)
[DELETE] (3022|hot) Too old: 11 days (limit: 3)
[DELETE] (2889|hot) Too old: 6 days (limit: 3)
[DELETE] (2889|hot) Too old: 6 days (limit: 3)
[OK] (2889) Updated content (3630 chars)
[DELETE] (2324|hot) Too old: 4 days (limit: 3)
[DELETE] (2324|hot) Too old: 4 days (limit: 3)
[OK] (2324) Updated content (3315 chars)
[OK] (2324) Updated content (3282 chars)
[OK] (2324) Updated content (4322 chars)
[DELETE] (6789|hot) Too old: 40 days (limit: 3)
[DELETE] (6789|hot) Too old: 39 days (limit: 3)
[DELETE] (6789|hot) Too old: 20 days (limit: 3)
[DELETE] (6789|hot) Too old: 13 days (limit: 3)
[DELETE] (6139|hot) Too old: 32 days (limit: 3)
[DELETE] (6789|hot) Too old: 6 days (limit: 3)
[DELETE] (6139|hot) Too old: 27 days (limit: 3)
[DELETE] (6139|hot) Too old: 25 days (limit: 3)
[DELETE] (6139|hot) Too old: 25 days (limit: 3)
[DELETE] (6139|hot) Too old: 6 days (limit: 3)
[OK] (2891) Updated content (3254 chars)
[OK] (2891) Updated content (5775 chars)
[OK] (2891) Updated content (5051 chars)
[OK] (2891) Updated content (3867 chars)
[OK] (2891) Updated content (3268 chars)
[DELETE] (1795|hot) Too old: 6 days (limit: 3)
[DELETE] (1795|hot) Too old: 36 days (limit: 3)
[DELETE] (1795|hot) Too old: 5 days (limit: 3)
[DELETE] (1795|hot) Too old: 26 days (limit: 3)
[DELETE] (3030|hot) Too old: 20 days (limit: 3)
[OK] (1795) Updated content (4600 chars)
[DELETE] (3030|hot) Too old: 20 days (limit: 3)
[DELETE] (3030|hot) Too old: 20 days (limit: 3)
[DELETE] (3030|hot) Too old: 15 days (limit: 3)
[OK] (3008) Updated content (4844 chars)
[DELETE] (3030|hot) Too old: 11 days (limit: 3)
[OK] (3008) Updated content (3502 chars)
[OK] (3008) Updated content (3155 chars)
[OK] (3008) Updated content (3339 chars)
[DELETE] (8011|hot) Too old: 22 days (limit: 3)
[OK] (3008) Updated content (3377 chars)
[DELETE] (8011|hot) Too old: 21 days (limit: 3)
[DELETE] (8011|hot) Too old: 15 days (limit: 3)
[DELETE] (8932|hot) Too old: 35 days (limit: 3)
[DELETE] (8011|hot) Too old: 8 days (limit: 3)
[DELETE] (8011|hot) Too old: 15 days (limit: 3)
[DELETE] (8932|hot) Too old: 34 days (limit: 3)
[DELETE] (8932|hot) Too old: 35 days (limit: 3)
[DELETE] (8932|hot) Too old: 6 days (limit: 3)
[DELETE] (8038|hot) Too old: 41 days (limit: 3)
[DELETE] (8038|hot) Too old: 39 days (limit: 3)
[DELETE] (8932|hot) Too old: 4 days (limit: 3)
[DELETE] (8038|hot) Too old: 39 days (limit: 3)
[DELETE] (8038|hot) Too old: 33 days (limit: 3)
[OK] (4807) Updated content (3010 chars)
[OK] (2035) Updated content (2989 chars)
[DELETE] (8038|hot) Too old: 6 days (limit: 3)
[DELETE] (2035|rare) Too old: 39 days (limit: 30)
[DELETE] (4609|rare) Too old: 48 days (limit: 30)
[OK] (2035) Updated content (5764 chars)
[DELETE] (4609|rare) Too old: 39 days (limit: 30)
[DELETE] (4609|rare) Too old: 39 days (limit: 30)
[DELETE] (4609|rare) Too old: 39 days (limit: 30)
[OK] (4609) Updated content (4056 chars)
[DELETE] (4305|rare) Too old: 39 days (limit: 30)
[DELETE] (4305|rare) Too old: 36 days (limit: 30)
[OK] (4305) Updated content (2719 chars)
[OK] (4305) Updated content (5291 chars)
[OK] (4305) Updated content (6556 chars)
[DELETE] (8423|rare) Too old: 39 days (limit: 30)
[DELETE] (8423|rare) Too old: 42 days (limit: 30)
[DELETE] (8423|rare) Too old: 34 days (limit: 30)
[OK] (8423) Updated content (5756 chars)
[OK] (8423) Updated content (3126 chars)
[OK] (5878) Updated content (6738 chars)
[OK] (5878) Updated content (5081 chars)
[OK] (5878) Updated content (5383 chars)
[OK] (5878) Updated content (4378 chars)
[OK] (5878) Updated content (3325 chars)
[DELETE] (1813|rare) Too old: 40 days (limit: 30)
[OK] (1813) Updated content (5626 chars)
[DELETE] (1813|rare) Too old: 36 days (limit: 30)
[OK] (1813) Updated content (5805 chars)
[DELETE] (6615|rare) Too old: 98 days (limit: 30)
[OK] (1813) Updated content (4025 chars)
[DELETE] (6615|rare) Too old: 97 days (limit: 30)
[DELETE] (6615|rare) Too old: 67 days (limit: 30)
[OK] (2248) Updated content (2774 chars)
[OK] (2248) Updated content (5996 chars)
[OK] (2248) Updated content (5413 chars)
[DELETE] (6615|rare) Too old: 39 days (limit: 30)
[OK] (2248) Updated content (4214 chars)
[OK] (6615) Updated content (3121 chars)
[OK] (2248) Updated content (4775 chars)
[DELETE] (2321|rare) Too old: 42 days (limit: 30)
[OK] (2321) Updated content (5261 chars)
[DELETE] (2321|rare) Too old: 39 days (limit: 30)
[OK] (2321) Updated content (5815 chars)
[DELETE] (1418|rare) Too old: 48 days (limit: 30)
[OK] (2321) Updated content (3186 chars)
[DELETE] (1418|rare) Too old: 40 days (limit: 30)
[DELETE] (1418|rare) Too old: 40 days (limit: 30)
[OK] (1418) Updated content (3341 chars)
[DELETE] (1418|rare) Too old: 39 days (limit: 30)
[OK] (4806) Updated content (5571 chars)
[OK] (4806) Updated content (5472 chars)
[OK] (4806) Updated content (5221 chars)
[OK] (4806) Updated content (2801 chars)
[DELETE] (2924|rare) Too old: 41 days (limit: 30)
[OK] (4806) Updated content (4007 chars)
[DELETE] (2924|rare) Too old: 39 days (limit: 30)
[OK] (2924) Updated content (2872 chars)
[OK] (2924) Updated content (6217 chars)
[DELETE] (7716|rare) Too old: 32 days (limit: 30)
[OK] (2924) Updated content (4391 chars)
[OK] (7716) Updated content (4438 chars)
[OK] (7716) Updated content (6812 chars)
[OK] (7716) Updated content (5978 chars)
[DELETE] (2937|rare) Too old: 67 days (limit: 30)
[OK] (7716) Updated content (3106 chars)
[DELETE] (2937|rare) Too old: 42 days (limit: 30)
[DELETE] (2937|rare) Too old: 53 days (limit: 30)
[OK] (2937) Updated content (2761 chars)
[DELETE] (9912|rare) Too old: 49 days (limit: 30)
[DELETE] (2937|rare) Too old: 36 days (limit: 30)
[DELETE] (9912|rare) Too old: 41 days (limit: 30)
[DELETE] (9912|rare) Too old: 41 days (limit: 30)
[OK] (9912) Updated content (2747 chars)
[DELETE] (9912|rare) Too old: 36 days (limit: 30)
[DELETE] (6904|rare) Too old: 102 days (limit: 30)
[DELETE] (6904|rare) Too old: 99 days (limit: 30)
[DELETE] (6904|rare) Too old: 69 days (limit: 30)
[OK] (6904) Updated content (2758 chars)
[DELETE] (6904|rare) Too old: 39 days (limit: 30)
[DELETE] (4402|rare) Too old: 40 days (limit: 30)
[OK] (4402) Updated content (5775 chars)
[OK] (4402) Updated content (3148 chars)
[DELETE] (4402|rare) Too old: 39 days (limit: 30)
[OK] (1259) Updated content (3724 chars)
[OK] (4402) Updated content (4546 chars)
[OK] (1259) Updated content (5461 chars)
[OK] (1259) Updated content (5034 chars)
[OK] (1259) Updated content (3249 chars)
[DELETE] (2904|rare) Too old: 57 days (limit: 30)
[OK] (5301) Updated content (4170 chars)
[OK] (5301) Updated content (3854 chars)
[OK] (5301) Updated content (4704 chars)
[OK] (5301) Updated content (4215 chars)
[DELETE] (2904|rare) Too old: 41 days (limit: 30)
[OK] (1259) Updated content (3183 chars)
[DELETE] (2904|rare) Too old: 39 days (limit: 30)
[OK] (5301) Updated content (4984 chars)
[DELETE] (2904|rare) Too old: 33 days (limit: 30)
[OK] (2904) Updated content (2966 chars)
[DELETE] (1454|rare) Too old: 41 days (limit: 30)
[DELETE] (1454|rare) Too old: 75 days (limit: 30)
[OK] (1454) Updated content (2932 chars)
[OK] (1454) Updated content (5771 chars)
[OK] (1454) Updated content (3273 chars)
[OK] (5016) Updated content (5212 chars)
[OK] (5016) Updated content (5732 chars)
[OK] (5016) Updated content (6145 chars)
[OK] (5016) Updated content (6962 chars)
[OK] (5016) Updated content (3284 chars)
[OK] (8424) Updated content (5767 chars)
[OK] (8424) Updated content (4844 chars)
[OK] (8424) Updated content (2769 chars)
[OK] (8424) Updated content (5595 chars)
[OK] (8424) Updated content (6328 chars)
[DELETE] (3232|rare) Too old: 67 days (limit: 30)
[DELETE] (3232|rare) Too old: 47 days (limit: 30)
[DELETE] (3232|rare) Too old: 39 days (limit: 30)
[DELETE] (3232|rare) Too old: 36 days (limit: 30)
[OK] (3232) Updated content (3186 chars)
[OK] (1468) Updated content (5451 chars)
[OK] (1468) Updated content (6604 chars)
[DELETE] (1468|rare) Too old: 39 days (limit: 30)
[OK] (1468) Updated content (3128 chars)
[OK] (1468) Updated content (5423 chars)
[DELETE] (3516|rare) Too old: 39 days (limit: 30)
[DELETE] (3516|rare) Too old: 35 days (limit: 30)
[DELETE] (3516|rare) Too old: 35 days (limit: 30)
[DELETE] (3516|rare) Too old: 35 days (limit: 30)
[OK] (3516) Updated content (3008 chars)
[DELETE] (8342|rare) Too old: 39 days (limit: 30)
[DELETE] (8342|rare) Too old: 39 days (limit: 30)
[OK] (8342) Updated content (7234 chars)
[OK] (8342) Updated content (4282 chars)
[OK] (8342) Updated content (5315 chars)
[DELETE] (7782|rare) Too old: 47 days (limit: 30)
[DELETE] (7782|rare) Too old: 39 days (limit: 30)
[DELETE] (7782|rare) Too old: 67 days (limit: 30)
[DELETE] (7782|rare) Too old: 39 days (limit: 30)
[OK] (7782) Updated content (2960 chars)
[DELETE] (1781|rare) Too old: 36 days (limit: 30)
[DELETE] (1781|rare) Too old: 47 days (limit: 30)
[DELETE] (1781|rare) Too old: 39 days (limit: 30)
[OK] (1781) Updated content (2748 chars)
[DELETE] (4406|rare) Too old: 48 days (limit: 30)
[DELETE] (4406|rare) Too old: 41 days (limit: 30)
[OK] (1781) Updated content (5636 chars)
[DELETE] (4406|rare) Too old: 35 days (limit: 30)
[DELETE] (3465|rare) Too old: 42 days (limit: 30)
[DELETE] (4406|rare) Too old: 34 days (limit: 30)
[OK] (4406) Updated content (2893 chars)
[DELETE] (3465|rare) Too old: 42 days (limit: 30)
[DELETE] (3465|rare) Too old: 39 days (limit: 30)
[DELETE] (4304|rare) Too old: 36 days (limit: 30)
[OK] (3465) Updated content (5690 chars)
[OK] (3465) Updated content (3219 chars)
[DELETE] (4304|rare) Too old: 40 days (limit: 30)
[OK] (4304) Updated content (2765 chars)
[OK] (4304) Updated content (4197 chars)
[OK] (4304) Updated content (4025 chars)
[DELETE] (4154|rare) Too old: 39 days (limit: 30)
[DELETE] (4154|rare) Too old: 68 days (limit: 30)
[OK] (4154) Updated content (5712 chars)
[OK] (4154) Updated content (3082 chars)
[DELETE] (4154|rare) Too old: 34 days (limit: 30)
[DELETE] (6240|rare) Too old: 47 days (limit: 30)
[DELETE] (6240|rare) Too old: 67 days (limit: 30)
[DELETE] (6240|rare) Too old: 32 days (limit: 30)
[DELETE] (6240|rare) Too old: 36 days (limit: 30)
[DELETE] (6240|rare) Too old: 39 days (limit: 30)
[OK] (6581) Updated content (5716 chars)
[OK] (6581) Updated content (3159 chars)
[OK] (6581) Updated content (3739 chars)
[OK] (6581) Updated content (3136 chars)
[OK] (6581) Updated content (3519 chars)
[DELETE] (7743|rare) Too old: 95 days (limit: 30)
[DELETE] (7743|rare) Too old: 39 days (limit: 30)
[DELETE] (7743|rare) Too old: 68 days (limit: 30)
[DELETE] (7743|rare) Too old: 34 days (limit: 30)
[OK] (7743) Updated content (3547 chars)
[DELETE] (4584|rare) Too old: 97 days (limit: 30)
[DELETE] (4153|rare) Too old: 50 days (limit: 30)
[DELETE] (4584|rare) Too old: 97 days (limit: 30)
[DELETE] (4153|rare) Too old: 42 days (limit: 30)
[DELETE] (4584|rare) Too old: 69 days (limit: 30)
[DELETE] (4584|rare) Too old: 39 days (limit: 30)
[OK] (4153) Updated content (5889 chars)
[OK] (4153) Updated content (6504 chars)
[OK] (4584) Updated content (2768 chars)
[DELETE] (5701|rare) Too old: 38 days (limit: 30)
[OK] (5701) Updated content (3530 chars)
[OK] (5701) Updated content (3643 chars)
[OK] (4153) Updated content (4172 chars)
[OK] (5701) Updated content (6187 chars)
[DELETE] (3629|rare) Too old: 34 days (limit: 30)
[DELETE] (3629|rare) Too old: 34 days (limit: 30)
[DELETE] (3629|rare) Too old: 34 days (limit: 30)
[OK] (5701) Updated content (3773 chars)
[DELETE] (3629|rare) Too old: 33 days (limit: 30)
[DELETE] (2948|rare) Too old: 40 days (limit: 30)
[DELETE] (2948|rare) Too old: 39 days (limit: 30)
[OK] (3629) Updated content (3251 chars)
[OK] (2948) Updated content (5440 chars)
[OK] (2948) Updated content (3012 chars)
[OK] (2948) Updated content (6316 chars)
[OK] (4432) Updated content (4320 chars)
[OK] (4432) Updated content (6846 chars)
[OK] (4432) Updated content (5215 chars)
[OK] (4432) Updated content (5946 chars)
[OK] (4432) Updated content (3200 chars)
[DELETE] (2740|rare) Too old: 40 days (limit: 30)
[DELETE] (2740|rare) Too old: 35 days (limit: 30)
[DELETE] (2740|rare) Too old: 35 days (limit: 30)
[OK] (2740) Updated content (5967 chars)
[OK] (2740) Updated content (3214 chars)
[OK] (3191) Updated content (4028 chars)
[DELETE] (3191|rare) Too old: 33 days (limit: 30)
[OK] (3191) Updated content (5567 chars)
[OK] (3191) Updated content (3538 chars)
[OK] (3191) Updated content (3775 chars)
[DELETE] (4198|rare) Too old: 36 days (limit: 30)
[DELETE] (4198|rare) Too old: 34 days (limit: 30)
[DELETE] (4198|rare) Too old: 34 days (limit: 30)
[OK] (4198) Updated content (3593 chars)
[DELETE] (6264|rare) Too old: 33 days (limit: 30)
[OK] (4198) Updated content (3224 chars)
[DELETE] (6264|rare) Too old: 32 days (limit: 30)
[DELETE] (6264|rare) Too old: 33 days (limit: 30)
[OK] (6264) Updated content (2871 chars)
[OK] (6264) Updated content (3091 chars)
[DELETE] (8941|rare) Too old: 50 days (limit: 30)
[DELETE] (8941|rare) Too old: 39 days (limit: 30)
[DELETE] (8941|rare) Too old: 42 days (limit: 30)
[OK] (8941) Updated content (2813 chars)
[OK] (8941) Updated content (5826 chars)
[DELETE] (6212|rare) Too old: 35 days (limit: 30)
[OK] (6212) Updated content (2769 chars)
[OK] (6212) Updated content (5613 chars)
[DELETE] (6212|rare) Too old: 39 days (limit: 30)
[DELETE] (6212|rare) Too old: 43 days (limit: 30)
[OK] (4924) Updated content (4514 chars)
[OK] (4924) Updated content (2930 chars)
[DELETE] (4924|rare) Too old: 43 days (limit: 30)
[DELETE] (4924|rare) Too old: 36 days (limit: 30)
[DELETE] (4924|rare) Too old: 35 days (limit: 30)
[OK] (6730) Updated content (8468 chars)
[OK] (6730) Updated content (8188 chars)
[OK] (6730) Updated content (5760 chars)
[OK] (6730) Updated content (6420 chars)
[OK] (6730) Updated content (398 chars)
[OK] (6474) Updated content (3866 chars)
[OK] (6474) Updated content (5354 chars)
[DELETE] (6474|rare) Too old: 39 days (limit: 30)
[OK] (6474) Updated content (9108 chars)
[OK] (6474) Updated content (4353 chars)
[DELETE] (3672|rare) Too old: 68 days (limit: 30)
[DELETE] (3672|rare) Too old: 96 days (limit: 30)
[DELETE] (3672|rare) Too old: 41 days (limit: 30)
[DELETE] (3672|rare) Too old: 39 days (limit: 30)
[DELETE] (2949|rare) Too old: 34 days (limit: 30)
[OK] (3672) Updated content (3200 chars)
[DELETE] (2949|rare) Too old: 34 days (limit: 30)
[OK] (1906) Updated content (6161 chars)
[OK] (1906) Updated content (3615 chars)
[OK] (1906) Updated content (3214 chars)
[OK] (1906) Updated content (3310 chars)
[DELETE] (2949|rare) Too old: 34 days (limit: 30)
[OK] (1906) Updated content (3732 chars)
[DELETE] (2949|rare) Too old: 34 days (limit: 30)
[OK] (2949) Updated content (3236 chars)
[DELETE] (8067|rare) Too old: 68 days (limit: 30)
[DELETE] (8067|rare) Too old: 43 days (limit: 30)
[DELETE] (8067|rare) Too old: 39 days (limit: 30)
[DELETE] (8067|rare) Too old: 36 days (limit: 30)
[OK] (1472) Updated content (6186 chars)
[OK] (8067) Updated content (3139 chars)
[OK] (1472) Updated content (7390 chars)
[OK] (1472) Updated content (7524 chars)
[DELETE] (1324|rare) Too old: 48 days (limit: 30)
[OK] (1472) Updated content (5366 chars)
[OK] (1472) Updated content (4021 chars)
[DELETE] (1324|rare) Too old: 40 days (limit: 30)
[OK] (1324) Updated content (5634 chars)
[DELETE] (1324|rare) Too old: 39 days (limit: 30)
[DELETE] (5205|rare) Too old: 98 days (limit: 30)
[OK] (1324) Updated content (3230 chars)
[DELETE] (5205|rare) Too old: 67 days (limit: 30)
[DELETE] (5205|rare) Too old: 40 days (limit: 30)
[DELETE] (5205|rare) Too old: 49 days (limit: 30)
[OK] (5205) Updated content (3117 chars)
[DELETE] (6807|rare) Too old: 40 days (limit: 30)
[DELETE] (6807|rare) Too old: 43 days (limit: 30)
[DELETE] (6807|rare) Too old: 35 days (limit: 30)
[OK] (6807) Updated content (3156 chars)
[DELETE] (6807|rare) Too old: 35 days (limit: 30)
[DELETE] (3523|rare) Too old: 39 days (limit: 30)
[DELETE] (3523|rare) Too old: 40 days (limit: 30)
[OK] (3523) Updated content (6017 chars)
[OK] (3523) Updated content (2953 chars)
[OK] (3523) Updated content (3335 chars)
[OK] (3288) Updated content (4929 chars)
[OK] (3288) Updated content (7755 chars)
[OK] (3288) Updated content (5183 chars)
[OK] (3288) Updated content (3586 chars)
[OK] (3288) Updated content (3744 chars)
[DELETE] (1423|rare) Too old: 40 days (limit: 30)
[DELETE] (1423|rare) Too old: 47 days (limit: 30)
[DELETE] (1423|rare) Too old: 39 days (limit: 30)
[DELETE] (4943|rare) Too old: 33 days (limit: 30)
[OK] (1423) Updated content (3475 chars)
[OK] (1423) Updated content (6934 chars)
[DELETE] (4943|rare) Too old: 33 days (limit: 30)
[DELETE] (4943|rare) Too old: 33 days (limit: 30)
[DELETE] (4943|rare) Too old: 33 days (limit: 30)
[DELETE] (8929|rare) Too old: 43 days (limit: 30)
[OK] (4943) Updated content (3132 chars)
[DELETE] (8929|rare) Too old: 39 days (limit: 30)
[DELETE] (8929|rare) Too old: 35 days (limit: 30)
[OK] (8929) Updated content (2823 chars)
[DELETE] (910861|rare) Too old: 106 days (limit: 30)
[DELETE] (8929|rare) Too old: 35 days (limit: 30)
[DELETE] (910861|rare) Too old: 68 days (limit: 30)
[DELETE] (910861|rare) Too old: 77 days (limit: 30)
[DELETE] (910861|rare) Too old: 53 days (limit: 30)
[DELETE] (910861|rare) Too old: 54 days (limit: 30)
[DELETE] (6958|rare) Too old: 34 days (limit: 30)
[DELETE] (6958|rare) Too old: 34 days (limit: 30)
[OK] (6958) Updated content (3798 chars)
[DELETE] (6496|rare) Too old: 40 days (limit: 30)
[OK] (6958) Updated content (3925 chars)
[OK] (6958) Updated content (2941 chars)
[DELETE] (6496|rare) Too old: 40 days (limit: 30)
[DELETE] (6496|rare) Too old: 40 days (limit: 30)
[OK] (6496) Updated content (5895 chars)
[OK] (4529) Updated content (3150 chars)
[OK] (6496) Updated content (3088 chars)
[OK] (4529) Updated content (5564 chars)
[OK] (4529) Updated content (7393 chars)
[DELETE] (5703|rare) Too old: 77 days (limit: 30)
[OK] (4529) Updated content (3528 chars)
[OK] (4529) Updated content (4304 chars)
[DELETE] (5703|rare) Too old: 67 days (limit: 30)
[DELETE] (5703|rare) Too old: 33 days (limit: 30)
[DELETE] (1413|rare) Too old: 49 days (limit: 30)
[OK] (5703) Updated content (2878 chars)
[DELETE] (5703|rare) Too old: 47 days (limit: 30)
[DELETE] (1413|rare) Too old: 40 days (limit: 30)
[OK] (1413) Updated content (3118 chars)
[OK] (1413) Updated content (5433 chars)
[DELETE] (1413|rare) Too old: 39 days (limit: 30)
[DELETE] (6661|rare) Too old: 43 days (limit: 30)
[DELETE] (6661|rare) Too old: 39 days (limit: 30)
[DELETE] (6661|rare) Too old: 34 days (limit: 30)
[DELETE] (6661|rare) Too old: 35 days (limit: 30)
[OK] (6661) Updated content (3168 chars)
[DELETE] (6929|rare) Too old: 48 days (limit: 30)
[DELETE] (6929|rare) Too old: 67 days (limit: 30)
[DELETE] (6929|rare) Too old: 56 days (limit: 30)
[OK] (6929) Updated content (3161 chars)
[OK] (6929) Updated content (5700 chars)
[DELETE] (6225|rare) Too old: 33 days (limit: 30)
[DELETE] (6225|rare) Too old: 33 days (limit: 30)
[DELETE] (6225|rare) Too old: 33 days (limit: 30)
[DELETE] (6225|rare) Too old: 33 days (limit: 30)
[OK] (6225) Updated content (2946 chars)
[DELETE] (5601|rare) Too old: 41 days (limit: 30)
[DELETE] (5601|rare) Too old: 39 days (limit: 30)
[OK] (5601) Updated content (5519 chars)
[OK] (5601) Updated content (7284 chars)
[DELETE] (4183|rare) Too old: 102 days (limit: 30)
[OK] (5601) Updated content (2964 chars)
[DELETE] (4183|rare) Too old: 68 days (limit: 30)
[DELETE] (4183|rare) Too old: 104 days (limit: 30)
[DELETE] (4183|rare) Too old: 40 days (limit: 30)
[DELETE] (2751|rare) Too old: 68 days (limit: 30)
[OK] (4183) Updated content (3228 chars)
[DELETE] (2751|rare) Too old: 40 days (limit: 30)
[DELETE] (2751|rare) Too old: 48 days (limit: 30)
[OK] (2751) Updated content (3278 chars)
[DELETE] (2751|rare) Too old: 39 days (limit: 30)
[DELETE] (7753|rare) Too old: 111 days (limit: 30)
[DELETE] (7753|rare) Too old: 69 days (limit: 30)
[DELETE] (7753|rare) Too old: 99 days (limit: 30)
[DELETE] (7753|rare) Too old: 37 days (limit: 30)
[OK] (7753) Updated content (3161 chars)
[DELETE] (2722|rare) Too old: 39 days (limit: 30)
[DELETE] (2722|rare) Too old: 68 days (limit: 30)
[DELETE] (2722|rare) Too old: 35 days (limit: 30)
[OK] (2722) Updated content (4503 chars)
[OK] (2722) Updated content (3370 chars)
[OK] (8921) Updated content (5828 chars)
[OK] (8921) Updated content (5761 chars)
[OK] (8921) Updated content (7291 chars)
[OK] (8921) Updated content (6957 chars)
[OK] (8921) Updated content (4063 chars)
[DELETE] (1203|rare) Too old: 50 days (limit: 30)
[DELETE] (1203|rare) Too old: 50 days (limit: 30)
[DELETE] (1203|rare) Too old: 36 days (limit: 30)
[DELETE] (1203|rare) Too old: 34 days (limit: 30)
[OK] (1203) Updated content (2972 chars)
[OK] (2947) Updated content (4356 chars)
[OK] (2947) Updated content (5139 chars)
[OK] (2947) Updated content (6353 chars)
[DELETE] (4175|rare) Too old: 67 days (limit: 30)
[OK] (2947) Updated content (5531 chars)
[OK] (2947) Updated content (2909 chars)
[DELETE] (4175|rare) Too old: 48 days (limit: 30)
[DELETE] (4175|rare) Too old: 36 days (limit: 30)
[OK] (4175) Updated content (2926 chars)
[DELETE] (6556|rare) Too old: 98 days (limit: 30)
[DELETE] (4175|rare) Too old: 34 days (limit: 30)
[DELETE] (6556|rare) Too old: 98 days (limit: 30)
[DELETE] (6556|rare) Too old: 50 days (limit: 30)
[DELETE] (6556|rare) Too old: 68 days (limit: 30)
[DELETE] (8443|rare) Too old: 39 days (limit: 30)
[OK] (6556) Updated content (3237 chars)
[DELETE] (8443|rare) Too old: 39 days (limit: 30)
[OK] (8443) Updated content (4628 chars)
[OK] (8443) Updated content (5067 chars)
[OK] (8443) Updated content (3351 chars)
[DELETE] (1626|rare) Too old: 40 days (limit: 30)
[OK] (1626) Updated content (5548 chars)
[DELETE] (1626|rare) Too old: 36 days (limit: 30)
[OK] (1626) Updated content (3346 chars)
[DELETE] (6527|rare) Too old: 102 days (limit: 30)
[OK] (1626) Updated content (2764 chars)
[DELETE] (6527|rare) Too old: 69 days (limit: 30)
[DELETE] (6527|rare) Too old: 39 days (limit: 30)
[DELETE] (6527|rare) Too old: 33 days (limit: 30)
[OK] (6527) Updated content (2803 chars)
[DELETE] (2235|rare) Too old: 92 days (limit: 30)
[DELETE] (2235|rare) Too old: 67 days (limit: 30)
[DELETE] (2235|rare) Too old: 95 days (limit: 30)
[DELETE] (2235|rare) Too old: 39 days (limit: 30)
[OK] (2235) Updated content (3049 chars)
[OK] (2887Z1) Updated content (3235 chars)
[OK] (2887Z1) Updated content (2858 chars)
[OK] (2887Z1) Updated content (3842 chars)
[OK] (2887Z1) Updated content (3446 chars)
[OK] (2887Z1) Updated content (4057 chars)
[OK] (8477) Updated content (5584 chars)
[OK] (8477) Updated content (5615 chars)
[OK] (8477) Updated content (5773 chars)
[OK] (8477) Updated content (5414 chars)
[OK] (8477) Updated content (4584 chars)
[DELETE] (8455|rare) Too old: 39 days (limit: 30)
[DELETE] (8455|rare) Too old: 35 days (limit: 30)
[OK] (8455) Updated content (4411 chars)
[OK] (8455) Updated content (3115 chars)
[OK] (8455) Updated content (5519 chars)
[DELETE] (6574|rare) Too old: 67 days (limit: 30)
[DELETE] (6574|rare) Too old: 35 days (limit: 30)
[DELETE] (6574|rare) Too old: 36 days (limit: 30)
[DELETE] (6574|rare) Too old: 43 days (limit: 30)
[DELETE] (6574|rare) Too old: 35 days (limit: 30)
[DELETE] (1453|rare) Too old: 39 days (limit: 30)
[DELETE] (1453|rare) Too old: 41 days (limit: 30)
[OK] (1453) Updated content (3929 chars)
[OK] (1453) Updated content (2919 chars)
[OK] (1453) Updated content (5546 chars)
[DELETE] (5455|rare) Too old: 39 days (limit: 30)
[OK] (5455) Updated content (3600 chars)
[OK] (5455) Updated content (5662 chars)
[OK] (5455) Updated content (6118 chars)
[OK] (5455) Updated content (6618 chars)
[OK] (1341) Updated content (7228 chars)
[OK] (1341) Updated content (5510 chars)
[OK] (1341) Updated content (5462 chars)
[OK] (1341) Updated content (6587 chars)
[DELETE] (6662|rare) Too old: 39 days (limit: 30)
[OK] (6662) Updated content (4781 chars)
[OK] (1341) Updated content (3202 chars)
[DELETE] (6662|rare) Too old: 43 days (limit: 30)
[DELETE] (6662|rare) Too old: 35 days (limit: 30)
[DELETE] (3064|rare) Too old: 76 days (limit: 30)
[DELETE] (3064|rare) Too old: 67 days (limit: 30)
[DELETE] (3064|rare) Too old: 42 days (limit: 30)
[OK] (6662) Updated content (2972 chars)
[DELETE] (3064|rare) Too old: 39 days (limit: 30)
[OK] (5276) Updated content (4779 chars)
[OK] (5276) Updated content (4620 chars)
[OK] (5276) Updated content (3982 chars)
[OK] (3064) Updated content (3063 chars)
[OK] (5276) Updated content (6951 chars)
[OK] (5276) Updated content (3079 chars)
[DELETE] (3252|rare) Too old: 39 days (limit: 30)
[DELETE] (3252|rare) Too old: 42 days (limit: 30)
[DELETE] (3252|rare) Too old: 42 days (limit: 30)
[DELETE] (3252|rare) Too old: 42 days (limit: 30)
[OK] (1441) Updated content (7337 chars)
[OK] (3252) Updated content (2741 chars)
[OK] (1441) Updated content (5812 chars)
[OK] (1441) Updated content (5970 chars)
[OK] (1441) Updated content (5082 chars)
[DELETE] (1435|rare) Too old: 41 days (limit: 30)
[OK] (1441) Updated content (3170 chars)
[DELETE] (1435|rare) Too old: 40 days (limit: 30)
[OK] (1435) Updated content (3692 chars)
[DELETE] (1435|rare) Too old: 40 days (limit: 30)
[OK] (1435) Updated content (3378 chars)
[DELETE] (7732|rare) Too old: 97 days (limit: 30)
[DELETE] (7732|rare) Too old: 67 days (limit: 30)
[DELETE] (7732|rare) Too old: 36 days (limit: 30)
[DELETE] (7732|rare) Too old: 35 days (limit: 30)
[OK] (4905) Updated content (5674 chars)
[OK] (4905) Updated content (2959 chars)
[OK] (7732) Updated content (3077 chars)
[OK] (4905) Updated content (6654 chars)
[OK] (4905) Updated content (6382 chars)
[DELETE] (3531|rare) Too old: 41 days (limit: 30)
[OK] (4905) Updated content (5434 chars)
[DELETE] (3531|rare) Too old: 39 days (limit: 30)
[OK] (3531) Updated content (5441 chars)
[OK] (3531) Updated content (5838 chars)
[DELETE] (6222|rare) Too old: 39 days (limit: 30)
[DELETE] (6222|rare) Too old: 35 days (limit: 30)
[OK] (3531) Updated content (3813 chars)
[OK] (6222) Updated content (5517 chars)
[OK] (6222) Updated content (5813 chars)
[DELETE] (1470|rare) Too old: 39 days (limit: 30)
[DELETE] (1470|rare) Too old: 36 days (limit: 30)
[OK] (6222) Updated content (3199 chars)
[OK] (1470) Updated content (3560 chars)
[OK] (1470) Updated content (2925 chars)
[DELETE] (6872|rare) Too old: 39 days (limit: 30)
[DELETE] (1470|rare) Too old: 36 days (limit: 30)
[OK] (6872) Updated content (4328 chars)
[OK] (6872) Updated content (5384 chars)
[OK] (6872) Updated content (5759 chars)
[OK] (6872) Updated content (3115 chars)
[DELETE] (6171|rare) Too old: 41 days (limit: 30)
[DELETE] (6171|rare) Too old: 39 days (limit: 30)
[OK] (6171) Updated content (2923 chars)
[DELETE] (6171|rare) Too old: 39 days (limit: 30)
[DELETE] (6512|rare) Too old: 68 days (limit: 30)
[DELETE] (6171|rare) Too old: 39 days (limit: 30)
[DELETE] (6512|rare) Too old: 49 days (limit: 30)
[DELETE] (2024|rare) Too old: 47 days (limit: 30)
[DELETE] (6512|rare) Too old: 39 days (limit: 30)
[OK] (6512) Updated content (5665 chars)
[DELETE] (2024|rare) Too old: 67 days (limit: 30)
[OK] (6512) Updated content (3013 chars)
[DELETE] (4767|rare) Too old: 99 days (limit: 30)
[DELETE] (2024|rare) Too old: 39 days (limit: 30)
[DELETE] (2024|rare) Too old: 36 days (limit: 30)
[OK] (2024) Updated content (3131 chars)
[DELETE] (4767|rare) Too old: 95 days (limit: 30)
[DELETE] (4767|rare) Too old: 68 days (limit: 30)
[DELETE] (4767|rare) Too old: 39 days (limit: 30)
[OK] (4767) Updated content (3284 chars)
[DELETE] (4148|rare) Too old: 39 days (limit: 30)
[DELETE] (4148|rare) Too old: 34 days (limit: 30)
[DELETE] (4148|rare) Too old: 34 days (limit: 30)
[DELETE] (6767|rare) Too old: 98 days (limit: 30)
[OK] (4148) Updated content (3204 chars)
[OK] (4148) Updated content (5073 chars)
[DELETE] (6767|rare) Too old: 110 days (limit: 30)
[DELETE] (6767|rare) Too old: 67 days (limit: 30)
[DELETE] (6767|rare) Too old: 39 days (limit: 30)
[OK] (3018) Updated content (4147 chars)
[OK] (3018) Updated content (4258 chars)
[OK] (6767) Updated content (3348 chars)
[OK] (3018) Updated content (4310 chars)
[OK] (3018) Updated content (3462 chars)
[DELETE] (5906|rare) Too old: 67 days (limit: 30)
[OK] (3018) Updated content (3124 chars)
[DELETE] (5906|rare) Too old: 39 days (limit: 30)
[OK] (5906) Updated content (3418 chars)
[OK] (5906) Updated content (3188 chars)
[OK] (5906) Updated content (2936 chars)
[DELETE] (4413|rare) Too old: 39 days (limit: 30)
[DELETE] (4413|rare) Too old: 33 days (limit: 30)
[DELETE] (4413|rare) Too old: 33 days (limit: 30)
[OK] (4413) Updated content (4395 chars)
[DELETE] (9926|rare) Too old: 68 days (limit: 30)
[DELETE] (9926|rare) Too old: 84 days (limit: 30)
[OK] (4413) Updated content (3157 chars)
[DELETE] (9926|rare) Too old: 48 days (limit: 30)
[DELETE] (9926|rare) Too old: 39 days (limit: 30)
[DELETE] (6506|rare) Too old: 98 days (limit: 30)
[OK] (9926) Updated content (2785 chars)
[DELETE] (6506|rare) Too old: 98 days (limit: 30)
[DELETE] (6506|rare) Too old: 69 days (limit: 30)
[DELETE] (6506|rare) Too old: 39 days (limit: 30)
[OK] (6506) Updated content (3078 chars)
[DELETE] (8354|rare) Too old: 40 days (limit: 30)
[OK] (8354) Updated content (4169 chars)
[DELETE] (8354|rare) Too old: 33 days (limit: 30)
[OK] (8354) Updated content (4291 chars)
[OK] (6856) Updated content (4134 chars)
[OK] (8354) Updated content (2965 chars)
[OK] (6856) Updated content (4685 chars)
[OK] (6856) Updated content (5011 chars)
[OK] (6856) Updated content (5806 chars)
[OK] (6856) Updated content (2915 chars)
[DELETE] (4804|rare) Too old: 36 days (limit: 30)
[DELETE] (4804|rare) Too old: 36 days (limit: 30)
[DELETE] (4804|rare) Too old: 32 days (limit: 30)
[OK] (4804) Updated content (2818 chars)
[OK] (4804) Updated content (4593 chars)
[DELETE] (4419|rare) Too old: 62 days (limit: 30)
[DELETE] (4419|rare) Too old: 62 days (limit: 30)
[DELETE] (4419|rare) Too old: 36 days (limit: 30)
[DELETE] (1233|rare) Too old: 97 days (limit: 30)
[OK] (4419) Updated content (2897 chars)
[OK] (4419) Updated content (3735 chars)
[DELETE] (1233|rare) Too old: 34 days (limit: 30)
[DELETE] (1233|rare) Too old: 39 days (limit: 30)
[DELETE] (2901|rare) Too old: 67 days (limit: 30)
[DELETE] (1233|rare) Too old: 67 days (limit: 30)
[OK] (1233) Updated content (3174 chars)
[DELETE] (2901|rare) Too old: 40 days (limit: 30)
[DELETE] (2901|rare) Too old: 36 days (limit: 30)
[DELETE] (2901|rare) Too old: 43 days (limit: 30)
[OK] (2901) Updated content (3306 chars)
[OK] (1465) Updated content (5727 chars)
[OK] (1465) Updated content (7436 chars)
[OK] (1465) Updated content (6584 chars)
[OK] (1465) Updated content (2935 chars)
[OK] (1465) Updated content (6681 chars)
[OK] (1599) Updated content (6414 chars)
[OK] (1599) Updated content (5756 chars)
[OK] (1599) Updated content (6277 chars)
[OK] (1599) Updated content (4408 chars)
[OK] (1599) Updated content (4879 chars)
[OK] (4972) Updated content (5917 chars)
[OK] (4972) Updated content (7294 chars)
[OK] (4972) Updated content (5581 chars)
[OK] (4972) Updated content (5083 chars)
[DELETE] (6542|rare) Too old: 96 days (limit: 30)
[OK] (4972) Updated content (3072 chars)
[DELETE] (6542|rare) Too old: 68 days (limit: 30)
[DELETE] (6542|rare) Too old: 40 days (limit: 30)
[DELETE] (6542|rare) Too old: 39 days (limit: 30)
[OK] (6542) Updated content (3027 chars)
[DELETE] (8917|rare) Too old: 54 days (limit: 30)
[DELETE] (8917|rare) Too old: 49 days (limit: 30)
[OK] (8917) Updated content (2926 chars)
[DELETE] (8917|rare) Too old: 39 days (limit: 30)
[OK] (8917) Updated content (6615 chars)
[DELETE] (2073|rare) Too old: 97 days (limit: 30)
[DELETE] (2073|rare) Too old: 41 days (limit: 30)
[DELETE] (2073|rare) Too old: 68 days (limit: 30)
[DELETE] (2073|rare) Too old: 49 days (limit: 30)
[OK] (6988) Updated content (5540 chars)
[OK] (2073) Updated content (2942 chars)
[DELETE] (1213|rare) Too old: 67 days (limit: 30)
[OK] (6988) Updated content (2999 chars)
[DELETE] (1213|rare) Too old: 40 days (limit: 30)
[DELETE] (1213|rare) Too old: 34 days (limit: 30)
[OK] (6988) Updated content (3158 chars)
[OK] (6988) Updated content (3365 chars)
[OK] (6988) Updated content (3955 chars)
[OK] (1213) Updated content (3385 chars)
[OK] (1213) Updated content (5882 chars)
[DELETE] (6616|rare) Too old: 35 days (limit: 30)
[DELETE] (6616|rare) Too old: 34 days (limit: 30)
[DELETE] (6616|rare) Too old: 35 days (limit: 30)
[OK] (6616) Updated content (3319 chars)
[OK] (6616) Updated content (5516 chars)
[DELETE] (4192|rare) Too old: 50 days (limit: 30)
[DELETE] (4192|rare) Too old: 42 days (limit: 30)
[DELETE] (4192|rare) Too old: 42 days (limit: 30)
[DELETE] (4192|rare) Too old: 39 days (limit: 30)
[OK] (3095) Updated content (3374 chars)
[OK] (4192) Updated content (3187 chars)
[OK] (3095) Updated content (5082 chars)
[OK] (3095) Updated content (4337 chars)
[OK] (3095) Updated content (3449 chars)
[DELETE] (1538|rare) Too old: 82 days (limit: 30)
[DELETE] (1538|rare) Too old: 68 days (limit: 30)
[OK] (3095) Updated content (4268 chars)
[DELETE] (1538|rare) Too old: 40 days (limit: 30)
[OK] (1538) Updated content (5637 chars)
[DELETE] (2726|rare) Too old: 50 days (limit: 30)
[OK] (1538) Updated content (3123 chars)
[DELETE] (2221|rare) Too old: 67 days (limit: 30)
[DELETE] (2221|rare) Too old: 50 days (limit: 30)
[DELETE] (2726|rare) Too old: 41 days (limit: 30)
[DELETE] (2726|rare) Too old: 36 days (limit: 30)
[DELETE] (2221|rare) Too old: 42 days (limit: 30)
[DELETE] (2221|rare) Too old: 39 days (limit: 30)
[DELETE] (2726|rare) Too old: 36 days (limit: 30)
[OK] (2221) Updated content (3289 chars)
[OK] (2726) Updated content (3352 chars)
[DELETE] (2941|rare) Too old: 42 days (limit: 30)
[DELETE] (2941|rare) Too old: 39 days (limit: 30)
[DELETE] (2941|rare) Too old: 34 days (limit: 30)
[DELETE] (2941|rare) Too old: 34 days (limit: 30)
[OK] (2941) Updated content (3694 chars)
[DELETE] (1475|rare) Too old: 39 days (limit: 30)
[DELETE] (1475|rare) Too old: 47 days (limit: 30)
[DELETE] (1475|rare) Too old: 36 days (limit: 30)
[DELETE] (1475|rare) Too old: 36 days (limit: 30)
[OK] (1475) Updated content (3441 chars)
[OK] (6645) Updated content (7965 chars)
[OK] (6645) Updated content (5645 chars)
[DELETE] (8093|rare) Too old: 40 days (limit: 30)
[OK] (6645) Updated content (6524 chars)
[OK] (6645) Updated content (3131 chars)
[OK] (6645) Updated content (4428 chars)
[DELETE] (8093|rare) Too old: 39 days (limit: 30)
[DELETE] (4950|rare) Too old: 36 days (limit: 30)
[DELETE] (8093|rare) Too old: 39 days (limit: 30)
[OK] (8093) Updated content (3606 chars)
[DELETE] (8093|rare) Too old: 40 days (limit: 30)
[OK] (4950) Updated content (4560 chars)
[OK] (4950) Updated content (3243 chars)
[OK] (4950) Updated content (4969 chars)
[OK] (4950) Updated content (5377 chars)
[OK] (6242) Updated content (6780 chars)
[OK] (6242) Updated content (5769 chars)
[OK] (6242) Updated content (8836 chars)
[OK] (6242) Updated content (7442 chars)
[OK] (6242) Updated content (3676 chars)
[OK] (8066) Updated content (6021 chars)
[OK] (8066) Updated content (5399 chars)
[OK] (8066) Updated content (5941 chars)
[OK] (8066) Updated content (6468 chars)
[DELETE] (2754|rare) Too old: 35 days (limit: 30)
[OK] (8066) Updated content (3243 chars)
[OK] (2754) Updated content (5005 chars)
[DELETE] (2754|rare) Too old: 35 days (limit: 30)
[OK] (2754) Updated content (3396 chars)
[OK] (2754) Updated content (3209 chars)
[DELETE] (5514|rare) Too old: 42 days (limit: 30)
[DELETE] (5514|rare) Too old: 42 days (limit: 30)
[OK] (5514) Updated content (6161 chars)
[DELETE] (5514|rare) Too old: 39 days (limit: 30)
[OK] (6721) Updated content (6416 chars)
[OK] (5514) Updated content (3635 chars)
[OK] (6721) Updated content (7608 chars)
[OK] (6721) Updated content (3186 chars)
[OK] (6721) Updated content (6414 chars)
[OK] (4535) Updated content (6782 chars)
[OK] (4535) Updated content (6226 chars)
[OK] (6721) Updated content (5865 chars)
[OK] (4535) Updated content (6569 chars)
[OK] (4535) Updated content (5339 chars)
[DELETE] (8409|rare) Too old: 47 days (limit: 30)
[OK] (4535) Updated content (3292 chars)
[DELETE] (8409|rare) Too old: 70 days (limit: 30)
[DELETE] (8409|rare) Too old: 42 days (limit: 30)
[OK] (8409) Updated content (3162 chars)
[DELETE] (8409|rare) Too old: 39 days (limit: 30)
[OK] (5604) Updated content (5733 chars)
[OK] (5604) Updated content (5614 chars)
[OK] (5604) Updated content (8484 chars)
[DELETE] (6236|rare) Too old: 96 days (limit: 30)
[OK] (5604) Updated content (6145 chars)
[SKIP] (5604) Failed to fetch: https://tw.stock.yahoo.com/news/%E5%85%AC%E5%91%8A-%E4%B8%AD%E9%80%A3-2026%E5%B9%B45%E6%9C%88%E5%90%88%E4%BD%B5%E7%87%9F%E6%94%B61364-9%E8%90%AC%E5%85%83-%E5%B9%B4%E5%A2%9E3-063321969.html
[DELETE] (6236|rare) Too old: 68 days (limit: 30)
[SKIP] (6236) Failed to fetch: https://tw.stock.yahoo.com/news/%E5%85%AC%E5%91%8A-%E4%B8%AD%E6%B9%9B-2026%E5%B9%B42%E6%9C%88%E5%90%88%E4%BD%B5%E7%87%9F%E6%94%B6249-1%E8%90%AC%E5%85%83-%E5%B9%B4%E5%A2%9E-084249550.html
[DELETE] (4430|rare) Too old: 47 days (limit: 30)
[OK] (6236) Updated content (3168 chars)
[DELETE] (4430|rare) Too old: 39 days (limit: 30)
[DELETE] (6236|rare) Too old: 39 days (limit: 30)
[DELETE] (4430|rare) Too old: 39 days (limit: 30)
[OK] (4430) Updated content (6153 chars)
[OK] (4430) Updated content (3285 chars)
[DELETE] (8077|rare) Too old: 42 days (limit: 30)
[DELETE] (8077|rare) Too old: 47 days (limit: 30)
[DELETE] (8077|rare) Too old: 39 days (limit: 30)
[OK] (8077) Updated content (5654 chars)
[DELETE] (3632|rare) Too old: 36 days (limit: 30)
[OK] (8077) Updated content (3271 chars)
[DELETE] (3632|rare) Too old: 47 days (limit: 30)
[OK] (3632) Updated content (3651 chars)
[OK] (3632) Updated content (5412 chars)
[DELETE] (6144|rare) Too old: 49 days (limit: 30)
[OK] (3632) Updated content (5959 chars)
[DELETE] (6144|rare) Too old: 68 days (limit: 30)
[DELETE] (6144|rare) Too old: 39 days (limit: 30)
[DELETE] (6144|rare) Too old: 41 days (limit: 30)
[OK] (6144) Updated content (3327 chars)
[DELETE] (6887|rare) Too old: 34 days (limit: 30)
[DELETE] (6887|rare) Too old: 34 days (limit: 30)
[DELETE] (6887|rare) Too old: 34 days (limit: 30)
[DELETE] (6887|rare) Too old: 34 days (limit: 30)
[OK] (6887) Updated content (3345 chars)
[OK] (2926) Updated content (6448 chars)
[OK] (2926) Updated content (5709 chars)
[OK] (2926) Updated content (6409 chars)
[OK] (2926) Updated content (6037 chars)
[OK] (2926) Updated content (3132 chars)
[DELETE] (8923|rare) Too old: 67 days (limit: 30)
[DELETE] (8923|rare) Too old: 36 days (limit: 30)
[DELETE] (8923|rare) Too old: 50 days (limit: 30)
[DELETE] (8923|rare) Too old: 42 days (limit: 30)
[OK] (8923) Updated content (6135 chars)
[DELETE] (2724|rare) Too old: 39 days (limit: 30)
[OK] (2724) Updated content (5138 chars)
[SKIP] (2724) Failed to fetch: https://tw.stock.yahoo.com/news/%E5%85%AC%E5%91%8A-%E8%97%9D%E8%88%8D-ky-2026%E5%B9%B44%E6%9C%88%E5%90%88%E4%BD%B5%E7%87%9F%E6%94%B63160-3%E8%90%AC%E5%85%83-100239401.html
[OK] (2724) Updated content (5578 chars)
[DELETE] (1443|rare) Too old: 50 days (limit: 30)
[OK] (2724) Updated content (3291 chars)
[DELETE] (1443|rare) Too old: 41 days (limit: 30)
[DELETE] (1443|rare) Too old: 39 days (limit: 30)
[OK] (1443) Updated content (3549 chars)
[OK] (1443) Updated content (5925 chars)
[DELETE] (5348|rare) Too old: 67 days (limit: 30)
[DELETE] (5348|rare) Too old: 98 days (limit: 30)
[DELETE] (5348|rare) Too old: 39 days (limit: 30)
[DELETE] (5348|rare) Too old: 39 days (limit: 30)
[OK] (5348) Updated content (3188 chars)
[DELETE] (5520|rare) Too old: 40 days (limit: 30)
[DELETE] (5520|rare) Too old: 67 days (limit: 30)
[DELETE] (5520|rare) Too old: 40 days (limit: 30)
[OK] (5520) Updated content (5738 chars)
[DELETE] (4706|rare) Too old: 39 days (limit: 30)
[OK] (5520) Updated content (3235 chars)
[OK] (4706) Updated content (3718 chars)
[OK] (4706) Updated content (6748 chars)
[OK] (4706) Updated content (6838 chars)
[OK] (4706) Updated content (5934 chars)
[DELETE] (2719|rare) Too old: 41 days (limit: 30)
[DELETE] (2719|rare) Too old: 39 days (limit: 30)
[OK] (2719) Updated content (4131 chars)
[OK] (2719) Updated content (3226 chars)
[OK] (2719) Updated content (5589 chars)
[DELETE] (6210|rare) Too old: 42 days (limit: 30)
[DELETE] (6210|rare) Too old: 67 days (limit: 30)
[DELETE] (6210|rare) Too old: 53 days (limit: 30)
[OK] (6210) Updated content (3689 chars)
[DELETE] (6210|rare) Too old: 39 days (limit: 30)
[DELETE] (2910|rare) Too old: 41 days (limit: 30)
[DELETE] (2910|rare) Too old: 50 days (limit: 30)
[DELETE] (2910|rare) Too old: 39 days (limit: 30)
[DELETE] (2910|rare) Too old: 32 days (limit: 30)
[OK] (2910) Updated content (3781 chars)
[DELETE] (3593|rare) Too old: 41 days (limit: 30)
[DELETE] (3593|rare) Too old: 33 days (limit: 30)
[DELETE] (3593|rare) Too old: 36 days (limit: 30)
[OK] (3593) Updated content (3179 chars)
[OK] (3593) Updated content (3971 chars)
[DELETE] (6844|rare) Too old: 42 days (limit: 30)
[OK] (6844) Updated content (6526 chars)
[OK] (6844) Updated content (5945 chars)
[OK] (6844) Updated content (5521 chars)
[OK] (6844) Updated content (3437 chars)
[DELETE] (9944|rare) Too old: 39 days (limit: 30)
[DELETE] (9944|rare) Too old: 47 days (limit: 30)
[OK] (9944) Updated content (3322 chars)
[OK] (9944) Updated content (5858 chars)
[DELETE] (3115|rare) Too old: 51 days (limit: 30)
[DELETE] (3115|rare) Too old: 37 days (limit: 30)
[OK] (9944) Updated content (5192 chars)
[DELETE] (3115|rare) Too old: 36 days (limit: 30)
[OK] (3115) Updated content (3807 chars)
[OK] (3115) Updated content (3735 chars)
[OK] (9929) Updated content (5717 chars)
[OK] (9929) Updated content (5632 chars)
[OK] (9929) Updated content (4371 chars)
[OK] (9929) Updated content (3348 chars)
[OK] (9929) Updated content (5727 chars)
[OK] (8101) Updated content (4952 chars)
[DELETE] (8101|rare) Too old: 33 days (limit: 30)
[OK] (8101) Updated content (6078 chars)
[OK] (8101) Updated content (3116 chars)
[DELETE] (3285|rare) Too old: 98 days (limit: 30)
[DELETE] (3285|rare) Too old: 68 days (limit: 30)
[DELETE] (3285|rare) Too old: 96 days (limit: 30)
[OK] (8101) Updated content (3152 chars)
[DELETE] (3285|rare) Too old: 39 days (limit: 30)
[OK] (5013) Updated content (5263 chars)
[OK] (3285) Updated content (3454 chars)
[OK] (5013) Updated content (3367 chars)
[DELETE] (6899|rare) Too old: 48 days (limit: 30)
[OK] (5013) Updated content (5625 chars)
[OK] (5013) Updated content (3989 chars)
[OK] (5013) Updated content (3637 chars)
[DELETE] (6899|rare) Too old: 47 days (limit: 30)
[DELETE] (6899|rare) Too old: 39 days (limit: 30)
[DELETE] (6899|rare) Too old: 40 days (limit: 30)
[DELETE] (6899|rare) Too old: 40 days (limit: 30)
[DELETE] (6228|rare) Too old: 40 days (limit: 30)
[OK] (6228) Updated content (3296 chars)
[OK] (6228) Updated content (6867 chars)
[OK] (6228) Updated content (5736 chars)
[DELETE] (5345|rare) Too old: 43 days (limit: 30)
[OK] (6228) Updated content (6546 chars)
[OK] (5345) Updated content (3158 chars)
[OK] (5345) Updated content (6010 chars)
[DELETE] (2939|rare) Too old: 64 days (limit: 30)
[OK] (5345) Updated content (5848 chars)
[OK] (5345) Updated content (5454 chars)
[DELETE] (2939|rare) Too old: 36 days (limit: 30)
[DELETE] (2939|rare) Too old: 41 days (limit: 30)
[DELETE] (6020|rare) Too old: 39 days (limit: 30)
[OK] (2939) Updated content (3293 chars)
[DELETE] (2432|rare) Too old: 103 days (limit: 30)
[DELETE] (2432|rare) Too old: 103 days (limit: 30)
[DELETE] (2432|rare) Too old: 69 days (limit: 30)
[DELETE] (6020|rare) Too old: 39 days (limit: 30)
[DELETE] (6020|rare) Too old: 39 days (limit: 30)
[OK] (2939) Updated content (5698 chars)
[DELETE] (2432|rare) Too old: 42 days (limit: 30)
[OK] (6020) Updated content (4297 chars)
[OK] (2911) Updated content (5339 chars)
[OK] (2432) Updated content (3139 chars)
[OK] (6020) Updated content (3132 chars)
[OK] (2911) Updated content (5883 chars)
[OK] (2911) Updated content (3307 chars)
[OK] (2911) Updated content (6095 chars)
[OK] (2911) Updated content (6985 chars)
[DELETE] (6103|rare) Too old: 40 days (limit: 30)
[DELETE] (6103|rare) Too old: 47 days (limit: 30)
[DELETE] (6103|rare) Too old: 48 days (limit: 30)
[OK] (6103) Updated content (3174 chars)
[DELETE] (6103|rare) Too old: 35 days (limit: 30)
[DELETE] (2434|rare) Too old: 39 days (limit: 30)
[DELETE] (2434|rare) Too old: 40 days (limit: 30)
[OK] (2434) Updated content (5504 chars)
[OK] (2434) Updated content (6141 chars)
[OK] (2434) Updated content (3187 chars)
[DELETE] (4139|rare) Too old: 40 days (limit: 30)
[DELETE] (4139|rare) Too old: 39 days (limit: 30)
[DELETE] (4139|rare) Too old: 40 days (limit: 30)
[OK] (4139) Updated content (4395 chars)
[OK] (4139) Updated content (3362 chars)
[DELETE] (8488|rare) Too old: 68 days (limit: 30)
[DELETE] (8488|rare) Too old: 98 days (limit: 30)
[DELETE] (8488|rare) Too old: 95 days (limit: 30)
[DELETE] (2380|rare) Too old: 34 days (limit: 30)
[DELETE] (8488|rare) Too old: 40 days (limit: 30)
[OK] (2380) Updated content (6058 chars)
[OK] (2380) Updated content (4206 chars)
[OK] (2380) Updated content (3479 chars)
[OK] (8488) Updated content (3235 chars)
[DELETE] (3494|lower) Too old: 33 days (limit: 30)
[OK] (2380) Updated content (5682 chars)
[DELETE] (3494|lower) Too old: 35 days (limit: 30)
[DELETE] (3494|lower) Too old: 33 days (limit: 30)
[OK] (3494) Updated content (4319 chars)
[OK] (3494) Updated content (3595 chars)
[DELETE] (5211|lower) Too old: 43 days (limit: 30)
[DELETE] (5211|lower) Too old: 53 days (limit: 30)
[DELETE] (5211|lower) Too old: 68 days (limit: 30)
[DELETE] (5211|lower) Too old: 39 days (limit: 30)
[OK] (5211) Updated content (3197 chars)
[DELETE] (1459|lower) Too old: 35 days (limit: 30)
[DELETE] (1459|lower) Too old: 35 days (limit: 30)
[DELETE] (1459|lower) Too old: 34 days (limit: 30)
[OK] (1459) Updated content (3120 chars)
[OK] (1459) Updated content (4651 chars)
[OK] (6982) Updated content (3262 chars)
[OK] (6982) Updated content (4781 chars)
[DELETE] (6982|lower) Too old: 40 days (limit: 30)
[OK] (6982) Updated content (3557 chars)
[OK] (6982) Updated content (4869 chars)
[OK] (8272) Updated content (6059 chars)
[OK] (8272) Updated content (7622 chars)
[OK] (8272) Updated content (4775 chars)
[OK] (8272) Updated content (3449 chars)
[OK] (8272) Updated content (6354 chars)
[DELETE] (6955|lower) Too old: 41 days (limit: 30)
[DELETE] (6955|lower) Too old: 40 days (limit: 30)
[OK] (6955) Updated content (5568 chars)
[DELETE] (6955|lower) Too old: 35 days (limit: 30)
[OK] (6955) Updated content (3206 chars)
[OK] (2029) Updated content (3250 chars)
[OK] (2029) Updated content (6692 chars)
[OK] (2029) Updated content (6818 chars)
[OK] (2029) Updated content (6350 chars)
[OK] (2029) Updated content (7124 chars)
[OK] (4116) Updated content (5325 chars)
[OK] (4116) Updated content (6313 chars)
[OK] (4116) Updated content (6609 chars)
[OK] (4116) Updated content (5447 chars)
[OK] (4116) Updated content (5363 chars)
[DELETE] (6874|lower) Too old: 39 days (limit: 30)
[DELETE] (6874|lower) Too old: 39 days (limit: 30)
[OK] (6874) Updated content (5449 chars)
[OK] (6874) Updated content (3292 chars)
[OK] (6874) Updated content (5683 chars)
[OK] (1742) Updated content (6357 chars)
[OK] (1742) Updated content (6200 chars)
[OK] (1742) Updated content (7006 chars)
[OK] (1742) Updated content (3535 chars)
[DELETE] (6969|lower) Too old: 68 days (limit: 30)
[OK] (1742) Updated content (5807 chars)
[DELETE] (6969|lower) Too old: 39 days (limit: 30)
[DELETE] (6969|lower) Too old: 48 days (limit: 30)
[OK] (6969) Updated content (3272 chars)
[OK] (6969) Updated content (3659 chars)
[DELETE] (6598|lower) Too old: 45 days (limit: 30)
[DELETE] (6598|lower) Too old: 39 days (limit: 30)
[OK] (6598) Updated content (3703 chars)
[OK] (6598) Updated content (5849 chars)
[DELETE] (6598|lower) Too old: 39 days (limit: 30)
[OK] (8087) Updated content (5726 chars)
[OK] (8087) Updated content (3878 chars)
[OK] (8087) Updated content (5859 chars)
[OK] (8087) Updated content (3829 chars)
[OK] (8087) Updated content (5775 chars)
[DELETE] (1474|lower) Too old: 81 days (limit: 30)
[DELETE] (1474|lower) Too old: 68 days (limit: 30)
[DELETE] (1474|lower) Too old: 35 days (limit: 30)
[DELETE] (1474|lower) Too old: 36 days (limit: 30)
[OK] (1474) Updated content (3393 chars)
[DELETE] (6494|lower) Too old: 40 days (limit: 30)
[OK] (6494) Updated content (5841 chars)
[OK] (6494) Updated content (7108 chars)
[DELETE] (6494|lower) Too old: 40 days (limit: 30)
[OK] (6494) Updated content (3053 chars)
[DELETE] (6906|lower) Too old: 42 days (limit: 30)
[DELETE] (6906|lower) Too old: 40 days (limit: 30)
[DELETE] (6906|lower) Too old: 34 days (limit: 30)
[OK] (6906) Updated content (5141 chars)
[DELETE] (8176|lower) Too old: 67 days (limit: 30)
[DELETE] (8176|lower) Too old: 43 days (limit: 30)
[OK] (6906) Updated content (3183 chars)
[DELETE] (8176|lower) Too old: 35 days (limit: 30)
[OK] (8176) Updated content (4969 chars)
[OK] (8176) Updated content (5650 chars)
[OK] (6201) Updated content (3209 chars)
[OK] (6201) Updated content (5997 chars)
[OK] (6201) Updated content (5485 chars)
[OK] (6201) Updated content (6405 chars)
[OK] (6201) Updated content (4497 chars)
[DELETE] (2752|lower) Too old: 67 days (limit: 30)
[DELETE] (2752|lower) Too old: 42 days (limit: 30)
[DELETE] (2752|lower) Too old: 34 days (limit: 30)
[DELETE] (2752|lower) Too old: 36 days (limit: 30)
[OK] (2752) Updated content (3118 chars)
[DELETE] (3716|lower) Too old: 42 days (limit: 30)
[OK] (3716) Updated content (5487 chars)
[DELETE] (3716|lower) Too old: 39 days (limit: 30)
[OK] (3716) Updated content (4525 chars)
[DELETE] (8162|lower) Too old: 95 days (limit: 30)
[DELETE] (8162|lower) Too old: 39 days (limit: 30)
[OK] (3716) Updated content (3144 chars)
[DELETE] (8162|lower) Too old: 68 days (limit: 30)
[OK] (8162) Updated content (4755 chars)
[DELETE] (2114|lower) Too old: 39 days (limit: 30)
[OK] (8162) Updated content (3145 chars)
[OK] (2114) Updated content (5893 chars)
[OK] (2114) Updated content (7460 chars)
[OK] (2114) Updated content (4380 chars)
[DELETE] (8928|lower) Too old: 49 days (limit: 30)
[OK] (2114) Updated content (3136 chars)
[DELETE] (8928|lower) Too old: 39 days (limit: 30)
[DELETE] (8928|lower) Too old: 41 days (limit: 30)
[DELETE] (8928|lower) Too old: 33 days (limit: 30)
[DELETE] (9962|lower) Too old: 47 days (limit: 30)
[DELETE] (9962|lower) Too old: 69 days (limit: 30)
[OK] (8928) Updated content (3212 chars)
[DELETE] (9962|lower) Too old: 39 days (limit: 30)
[DELETE] (9962|lower) Too old: 39 days (limit: 30)
[DELETE] (2849|lower) Too old: 35 days (limit: 30)
[DELETE] (9962|lower) Too old: 39 days (limit: 30)
[DELETE] (2849|lower) Too old: 33 days (limit: 30)
[DELETE] (2849|lower) Too old: 33 days (limit: 30)
[DELETE] (2849|lower) Too old: 33 days (limit: 30)
[OK] (2849) Updated content (3244 chars)
[DELETE] (3512|lower) Too old: 34 days (limit: 30)
[OK] (3512) Updated content (7859 chars)
[OK] (3512) Updated content (3239 chars)
[OK] (3512) Updated content (5953 chars)
[OK] (3512) Updated content (6969 chars)
[DELETE] (2007|lower) Too old: 54 days (limit: 30)
[DELETE] (2007|lower) Too old: 43 days (limit: 30)
[DELETE] (2007|lower) Too old: 43 days (limit: 30)
[OK] (2007) Updated content (3284 chars)
[DELETE] (2007|lower) Too old: 39 days (limit: 30)
[DELETE] (6248|lower) Too old: 39 days (limit: 30)
[DELETE] (6248|lower) Too old: 98 days (limit: 30)
[DELETE] (6248|lower) Too old: 67 days (limit: 30)
[DELETE] (6248|lower) Too old: 36 days (limit: 30)
[OK] (6248) Updated content (3164 chars)
[DELETE] (5546|lower) Too old: 36 days (limit: 30)
[DELETE] (5546|lower) Too old: 34 days (limit: 30)
[DELETE] (5546|lower) Too old: 34 days (limit: 30)
[DELETE] (5546|lower) Too old: 34 days (limit: 30)
[OK] (5546) Updated content (3182 chars)
[DELETE] (6821|lower) Too old: 54 days (limit: 30)
[DELETE] (6821|lower) Too old: 42 days (limit: 30)
[DELETE] (6821|lower) Too old: 35 days (limit: 30)
[OK] (6821) Updated content (5454 chars)
[OK] (6821) Updated content (3112 chars)
[DELETE] (3666|lower) Too old: 36 days (limit: 30)
[OK] (3666) Updated content (3670 chars)
[OK] (3666) Updated content (5404 chars)
[OK] (3666) Updated content (5859 chars)
[OK] (3666) Updated content (4488 chars)
[DELETE] (4530|lower) Too old: 35 days (limit: 30)
[DELETE] (4530|lower) Too old: 35 days (limit: 30)
[DELETE] (4530|lower) Too old: 35 days (limit: 30)
[OK] (4530) Updated content (3681 chars)
[OK] (7713) Updated content (7247 chars)
[OK] (4530) Updated content (3752 chars)
[OK] (7713) Updated content (5812 chars)
[DELETE] (6246|lower) Too old: 61 days (limit: 30)
[OK] (7713) Updated content (6358 chars)
[OK] (7713) Updated content (3530 chars)
[OK] (7713) Updated content (6346 chars)
[DELETE] (6246|lower) Too old: 41 days (limit: 30)
[DELETE] (6246|lower) Too old: 35 days (limit: 30)
[DELETE] (6246|lower) Too old: 35 days (limit: 30)
[DELETE] (9949|lower) Too old: 33 days (limit: 30)
[DELETE] (6246|lower) Too old: 39 days (limit: 30)
[DELETE] (9949|lower) Too old: 33 days (limit: 30)
[DELETE] (9949|lower) Too old: 33 days (limit: 30)
[OK] (9949) Updated content (3156 chars)
[DELETE] (4999|lower) Too old: 40 days (limit: 30)
[DELETE] (9949|lower) Too old: 32 days (limit: 30)
[DELETE] (4999|lower) Too old: 40 days (limit: 30)
[OK] (4999) Updated content (3825 chars)
[DELETE] (4999|lower) Too old: 39 days (limit: 30)
[DELETE] (4999|lower) Too old: 40 days (limit: 30)
[DELETE] (4108|lower) Too old: 39 days (limit: 30)
[OK] (4108) Updated content (8902 chars)
[DELETE] (4108|lower) Too old: 39 days (limit: 30)
[OK] (4108) Updated content (3505 chars)
[OK] (4108) Updated content (6203 chars)
[DELETE] (8906|lower) Too old: 39 days (limit: 30)
[OK] (8906) Updated content (6865 chars)
[OK] (8906) Updated content (3611 chars)
[OK] (8906) Updated content (8050 chars)
[OK] (8906) Updated content (6184 chars)
[DELETE] (2008|lower) Too old: 39 days (limit: 30)
[DELETE] (2008|lower) Too old: 48 days (limit: 30)
[DELETE] (2008|lower) Too old: 48 days (limit: 30)
[OK] (2008) Updated content (3644 chars)
[OK] (2008) Updated content (2737 chars)
[DELETE] (6754|lower) Too old: 97 days (limit: 30)
[DELETE] (6754|lower) Too old: 68 days (limit: 30)
[DELETE] (6754|lower) Too old: 39 days (limit: 30)
[OK] (6754) Updated content (5856 chars)
[DELETE] (6169|lower) Too old: 69 days (limit: 30)
[OK] (6754) Updated content (4060 chars)
[DELETE] (6169|lower) Too old: 47 days (limit: 30)
[DELETE] (6169|lower) Too old: 39 days (limit: 30)
[DELETE] (6169|lower) Too old: 36 days (limit: 30)
[OK] (6169) Updated content (3284 chars)
[OK] (4745) Updated content (2870 chars)
[OK] (4745) Updated content (5095 chars)
[OK] (4745) Updated content (3153 chars)
[OK] (4745) Updated content (3880 chars)
[OK] (4745) Updated content (4197 chars)
[OK] (8444) Updated content (3153 chars)
[OK] (8444) Updated content (3708 chars)
[OK] (8444) Updated content (4236 chars)
[OK] (8444) Updated content (4089 chars)
[OK] (8444) Updated content (4313 chars)
[DELETE] (2067|lower) Too old: 40 days (limit: 30)
[DELETE] (2067|lower) Too old: 36 days (limit: 30)
[OK] (2067) Updated content (5789 chars)
[OK] (2067) Updated content (5849 chars)
[OK] (2067) Updated content (3179 chars)
[DELETE] (5015|lower) Too old: 36 days (limit: 30)
[DELETE] (5015|lower) Too old: 39 days (limit: 30)
[OK] (5015) Updated content (5184 chars)
[OK] (5015) Updated content (5260 chars)
[OK] (5015) Updated content (3112 chars)
[DELETE] (4581|lower) Too old: 47 days (limit: 30)
[DELETE] (4581|lower) Too old: 67 days (limit: 30)
[OK] (4581) Updated content (3468 chars)
[DELETE] (4581|lower) Too old: 36 days (limit: 30)
[DELETE] (4581|lower) Too old: 39 days (limit: 30)
[OK] (8367) Updated content (5247 chars)
[OK] (8367) Updated content (5703 chars)
[OK] (8367) Updated content (6047 chars)
[OK] (8367) Updated content (3551 chars)
[OK] (8367) Updated content (5972 chars)
[DELETE] (8432|lower) Too old: 32 days (limit: 30)
[OK] (8432) Updated content (8368 chars)
[OK] (8432) Updated content (4510 chars)
[OK] (8432) Updated content (6183 chars)
[OK] (8432) Updated content (3513 chars)
[DELETE] (5487|lower) Too old: 56 days (limit: 30)
[DELETE] (4569|lower) Too old: 63 days (limit: 30)
[DELETE] (5487|lower) Too old: 47 days (limit: 30)
[DELETE] (4569|lower) Too old: 42 days (limit: 30)
[DELETE] (5487|lower) Too old: 39 days (limit: 30)
[DELETE] (4569|lower) Too old: 39 days (limit: 30)
[OK] (5487) Updated content (3593 chars)
[DELETE] (5487|lower) Too old: 39 days (limit: 30)
[DELETE] (4569|lower) Too old: 34 days (limit: 30)
[OK] (4569) Updated content (3215 chars)
[DELETE] (3492|mid) Too old: 40 days (limit: 7)
[DELETE] (3492|mid) Too old: 40 days (limit: 7)
[DELETE] (3492|mid) Too old: 40 days (limit: 7)
[DELETE] (3492|mid) Too old: 39 days (limit: 7)
[DELETE] (8040|mid) Too old: 39 days (limit: 7)
[OK] (3492) Updated content (3075 chars)
[DELETE] (6465|mid) Too old: 34 days (limit: 7)
[DELETE] (1324|rare) Too old: 67 days (limit: 30)
[DELETE] (3284|mid) Too old: 44 days (limit: 7)
[DELETE] (2303|hot) Too old: 27 days (limit: 3)
[DELETE] (7402|hot) Too old: 87 days (limit: 3)
[DELETE] (2514|mid) Too old: 39 days (limit: 7)
[DELETE] (2258|hot) Too old: 40 days (limit: 3)
[DELETE] (6153|hot) Too old: 112 days (limit: 3)
[DELETE] (5536|hot) Too old: 35 days (limit: 3)
\n[DONE] Content fetching complete!
[TIME] Total: 5315.69 seconds
[週二 2026/06/16 16:08:26.65] Running cnyes fetch_content... 
d:\StockPulse\stocks_news\cnyes\fetch_content.py:200: DeprecationWarning: 'asyncio.WindowsSelectorEventLoopPolicy' is deprecated and slated for removal in Python 3.16
  asyncio.set_event_loop_policy(asyncio.WindowsSelectorEventLoopPolicy())
d:\StockPulse\stocks_news\cnyes\fetch_content.py:200: DeprecationWarning: 'asyncio.set_event_loop_policy' is deprecated and slated for removal in Python 3.16
  asyncio.set_event_loop_policy(asyncio.WindowsSelectorEventLoopPolicy())
[START] Fetching news content...
Found 1112 news items without content

[START] Processing 1112 tasks (max concurrency: 10)...

[OK] (2303) Updated content (525 chars)
[OK] (2303) Updated content (142 chars)
[OK] (2303) Updated content (953 chars)
[SKIP] (2303) Failed to fetch: https://news.cnyes.com/news/id/6499979
[OK] (2303) Updated content (847 chars)
[OK] (2303) Updated content (706 chars)
[SKIP] (2303) Failed to fetch: https://news.cnyes.com/news/id/6500514
[OK] (3231) Updated content (142 chars)
[OK] (2303) Updated content (853 chars)
[OK] (3231) Updated content (661 chars)
[OK] (6770) Updated content (810 chars)
[OK] (6770) Updated content (1011 chars)
[OK] (2303) Updated content (796 chars)
[OK] (2303) Updated content (721 chars)
[OK] (6770) Updated content (1028 chars)
[OK] (2303) Updated content (710 chars)
[OK] (2303) Updated content (538 chars)
[OK] (6770) Updated content (417 chars)
[OK] (3231) Updated content (1670 chars)
[WARN] Request failed: Failed to perform, curl: (28) Operation timed out after 20014 milliseconds with 36172 bytes received. See https://curl.se/libcurl/c/libcurl-errors.html first for more details.
[SKIP] (2303) Failed to fetch: https://news.cnyes.com/news/id/6499401
[WARN] Request failed: Failed to perform, curl: (28) Operation timed out after 20001 milliseconds with 0 bytes received. See https://curl.se/libcurl/c/libcurl-errors.html first for more details.
[SKIP] (2303) Failed to fetch: https://news.cnyes.com/news/id/6498931
[WARN] Request failed: Failed to perform, curl: (28) Operation timed out after 20015 milliseconds with 36172 bytes received. See https://curl.se/libcurl/c/libcurl-errors.html first for more details.
[SKIP] (2303) Failed to fetch: https://news.cnyes.com/news/id/6498926
[OK] (6770) Updated content (512 chars)
[OK] (7788) Updated content (751 chars)
[OK] (3090) Updated content (3330 chars)
[OK] (6770) Updated content (943 chars)
[OK] (3090) Updated content (428 chars)
[OK] (3090) Updated content (407 chars)
[OK] (1504) Updated content (461 chars)
[OK] (7788) Updated content (407 chars)
[OK] (3090) Updated content (412 chars)
[OK] (3581) Updated content (357 chars)
[OK] (2618) Updated content (853 chars)
[OK] (5425) Updated content (399 chars)
[OK] (3581) Updated content (369 chars)
[OK] (2618) Updated content (954 chars)
[OK] (5302) Updated content (388 chars)
[WARN] Request failed: Failed to perform, curl: (28) Operation timed out after 20005 milliseconds with 0 bytes received. See https://curl.se/libcurl/c/libcurl-errors.html first for more details.
[SKIP] (4971) Failed to fetch: https://news.cnyes.com/news/id/6500651
[OK] (2027) Updated content (600 chars)
[OK] (2618) Updated content (439 chars)
[OK] (2618) Updated content (444 chars)
[OK] (2606) Updated content (764 chars)
[OK] (2891) Updated content (2468 chars)
[OK] (2027) Updated content (441 chars)
[WARN] Request failed: Failed to perform, curl: (28) Operation timed out after 20006 milliseconds with 0 bytes received. See https://curl.se/libcurl/c/libcurl-errors.html first for more details.
[SKIP] (5302) Failed to fetch: https://news.cnyes.com/news/id/6500811
[OK] (2891) Updated content (443 chars)
[OK] (2891) Updated content (674 chars)
[OK] (3090) Updated content (3395 chars)
[OK] (2027) Updated content (847 chars)
[OK] (2891) Updated content (2055 chars)
[OK] (2618) Updated content (847 chars)
[OK] (2891) Updated content (943 chars)
[OK] (2891) Updated content (1522 chars)
[SKIP] (2891) Failed to fetch: https://news.cnyes.com/news/id/6500517
[OK] (2891) Updated content (2403 chars)
[OK] (2618) Updated content (1117 chars)
[OK] (2891) Updated content (794 chars)
[OK] (2891) Updated content (776 chars)
[WARN] Request failed: Failed to perform, curl: (28) Operation timed out after 20002 milliseconds with 36172 bytes received. See https://curl.se/libcurl/c/libcurl-errors.html first for more details.
[SKIP] (2618) Failed to fetch: https://news.cnyes.com/news/id/6500518
[OK] (2891) Updated content (611 chars)
[OK] (2891) Updated content (638 chars)
[OK] (2324) Updated content (698 chars)
[OK] (2324) Updated content (519 chars)
[OK] (2891) Updated content (142 chars)
[OK] (6173) Updated content (131 chars)
[SKIP] (6173) Failed to fetch: https://news.cnyes.com/news/id/6499323
[OK] (2891) Updated content (142 chars)
[OK] (6202) Updated content (142 chars)
[OK] (6173) Updated content (724 chars)
[OK] (6173) Updated content (3395 chars)
[OK] (2891) Updated content (436 chars)
[OK] (2851) Updated content (401 chars)
[SKIP] (2851) Failed to fetch: https://news.cnyes.com/news/id/6500859
[OK] (2890) Updated content (679 chars)
[SKIP] (6173) Failed to fetch: https://news.cnyes.com/news/id/6499032
[OK] (2891) Updated content (553 chars)
[OK] (2890) Updated content (142 chars)
[OK] (2324) Updated content (142 chars)
[OK] (8358) Updated content (142 chars)
[OK] (2890) Updated content (142 chars)
[OK] (6202) Updated content (304 chars)
[OK] (1795) Updated content (573 chars)
[SKIP] (2851) Failed to fetch: https://news.cnyes.com/news/id/6500460
[OK] (3152) Updated content (723 chars)
[OK] (1616) Updated content (142 chars)
[OK] (6217) Updated content (406 chars)
[SKIP] (1616) Failed to fetch: https://news.cnyes.com/news/id/6499707
[OK] (2890) Updated content (142 chars)
[WARN] Request failed: Failed to perform, curl: (28) Operation timed out after 20011 milliseconds with 0 bytes received. See https://curl.se/libcurl/c/libcurl-errors.html first for more details.
[SKIP] (4760) Failed to fetch: https://news.cnyes.com/news/id/6499181
[OK] (3630) Updated content (142 chars)
[SKIP] (1313) Failed to fetch: https://news.cnyes.com/news/id/6499872
[OK] (6120) Updated content (390 chars)
[OK] (3630) Updated content (365 chars)
[OK] (2851) Updated content (142 chars)
[OK] (8499) Updated content (142 chars)
[OK] (5227) Updated content (1186 chars)
[OK] (1714) Updated content (396 chars)
[OK] (2890) Updated content (131 chars)
[OK] (1795) Updated content (142 chars)
[OK] (5227) Updated content (652 chars)
[OK] (5227) Updated content (326 chars)
[SKIP] (2345) Failed to fetch: https://news.cnyes.com/news/id/6498876
[OK] (8074) Updated content (418 chars)
[OK] (1714) Updated content (426 chars)
[OK] (1714) Updated content (412 chars)
[WARN] Request failed: Failed to perform, curl: (28) Operation timed out after 20011 milliseconds with 0 bytes received. See https://curl.se/libcurl/c/libcurl-errors.html first for more details.
[SKIP] (6919) Failed to fetch: https://news.cnyes.com/news/id/6499227
[WARN] Request failed: Failed to perform, curl: (28) Operation timed out after 20002 milliseconds with 0 bytes received. See https://curl.se/libcurl/c/libcurl-errors.html first for more details.
[SKIP] (1616) Failed to fetch: https://news.cnyes.com/news/id/6499706
[OK] (5522) Updated content (485 chars)
[OK] (1714) Updated content (802 chars)
[OK] (4931) Updated content (394 chars)
[WARN] Request failed: Failed to perform, curl: (28) Operation timed out after 20002 milliseconds with 0 bytes received. See https://curl.se/libcurl/c/libcurl-errors.html first for more details.
[SKIP] (3630) Failed to fetch: https://news.cnyes.com/news/id/6500810
[OK] (6155) Updated content (437 chars)
[OK] (4931) Updated content (345 chars)
[OK] (5522) Updated content (759 chars)
[OK] (6155) Updated content (815 chars)
[OK] (2345) Updated content (440 chars)
[OK] (5522) Updated content (1522 chars)
[OK] (6155) Updated content (1177 chars)
[OK] (8473) Updated content (1666 chars)
[OK] (1409) Updated content (2077 chars)
[OK] (4931) Updated content (577 chars)
[OK] (2368) Updated content (3330 chars)
[OK] (6155) Updated content (4413 chars)
[OK] (3026) Updated content (3330 chars)
[OK] (3026) Updated content (870 chars)
[WARN] Request failed: Failed to perform, curl: (28) Operation timed out after 20009 milliseconds with 0 bytes received. See https://curl.se/libcurl/c/libcurl-errors.html first for more details.
[SKIP] (6155) Failed to fetch: https://news.cnyes.com/news/id/6499494
[WARN] Request failed: Failed to perform, curl: (28) Operation timed out after 20006 milliseconds with 0 bytes received. See https://curl.se/libcurl/c/libcurl-errors.html first for more details.
[SKIP] (2428) Failed to fetch: https://news.cnyes.com/news/id/6499247
[OK] (3026) Updated content (404 chars)
[OK] (3026) Updated content (674 chars)
[OK] (1342) Updated content (1045 chars)
[OK] (3026) Updated content (3395 chars)
[WARN] Request failed: Failed to perform, curl: (28) Operation timed out after 20000 milliseconds with 0 bytes received. See https://curl.se/libcurl/c/libcurl-errors.html first for more details.
[SKIP] (2428) Failed to fetch: https://news.cnyes.com/news/id/6500778
[OK] (9933) Updated content (625 chars)
[WARN] Request failed: Failed to perform, curl: (28) Operation timed out after 20001 milliseconds with 0 bytes received. See https://curl.se/libcurl/c/libcurl-errors.html first for more details.
[SKIP] (8473) Failed to fetch: https://news.cnyes.com/news/id/6499735
[OK] (2402) Updated content (442 chars)
[WARN] Request failed: Failed to perform, curl: (28) Operation timed out after 20012 milliseconds with 0 bytes received. See https://curl.se/libcurl/c/libcurl-errors.html first for more details.
[SKIP] (3704) Failed to fetch: https://news.cnyes.com/news/id/6499598
[WARN] Request failed: Failed to perform, curl: (28) Operation timed out after 20011 milliseconds with 0 bytes received. See https://curl.se/libcurl/c/libcurl-errors.html first for more details.
[SKIP] (3704) Failed to fetch: https://news.cnyes.com/news/id/6499602
[OK] (5880) Updated content (1522 chars)
[OK] (6409) Updated content (454 chars)
[OK] (3026) Updated content (337 chars)
[OK] (5880) Updated content (807 chars)
[OK] (5880) Updated content (634 chars)
[OK] (3026) Updated content (704 chars)
[OK] (2530) Updated content (1426 chars)
[OK] (5880) Updated content (452 chars)
[OK] (2542) Updated content (485 chars)
[OK] (5880) Updated content (512 chars)
[OK] (9933) Updated content (1750 chars)
[OK] (2530) Updated content (485 chars)
[OK] (3221) Updated content (971 chars)
[OK] (2542) Updated content (1522 chars)
[OK] (2542) Updated content (1675 chars)
[OK] (2882) Updated content (2468 chars)
[OK] (2882) Updated content (444 chars)
[OK] (2882) Updated content (493 chars)
[OK] (2882) Updated content (638 chars)
[OK] (2882) Updated content (612 chars)
[OK] (2882) Updated content (611 chars)
[OK] (2882) Updated content (1221 chars)
[OK] (6207) Updated content (426 chars)
[OK] (5880) Updated content (2546 chars)
[OK] (5880) Updated content (459 chars)
[OK] (5880) Updated content (564 chars)
[OK] (6270) Updated content (371 chars)
[OK] (2882) Updated content (1670 chars)
[OK] (2230) Updated content (534 chars)
[OK] (2882) Updated content (1324 chars)
[OK] (6207) Updated content (420 chars)
[OK] (6207) Updated content (823 chars)
[OK] (6207) Updated content (417 chars)
[OK] (6207) Updated content (448 chars)
[OK] (2855) Updated content (474 chars)
[OK] (6207) Updated content (250 chars)
[OK] (2385) Updated content (366 chars)
[OK] (7799) Updated content (359 chars)
[OK] (1584) Updated content (415 chars)
[OK] (8255) Updated content (328 chars)
[OK] (7780) Updated content (845 chars)
[OK] (2330) Updated content (1084 chars)
[WARN] Request failed: Failed to perform, curl: (28) Operation timed out after 20014 milliseconds with 0 bytes received. See https://curl.se/libcurl/c/libcurl-errors.html first for more details.
[SKIP] (3221) Failed to fetch: https://news.cnyes.com/news/id/6499379
[OK] (3044) Updated content (383 chars)
[OK] (4906) Updated content (415 chars)
[OK] (2385) Updated content (367 chars)
[OK] (2330) Updated content (1670 chars)
[OK] (2330) Updated content (2055 chars)
[OK] (2330) Updated content (674 chars)
[OK] (2330) Updated content (2261 chars)
[OK] (2330) Updated content (1632 chars)
[OK] (2330) Updated content (3372 chars)
[OK] (4991) Updated content (377 chars)
[OK] (2330) Updated content (1917 chars)
[OK] (2330) Updated content (1496 chars)
[OK] (2385) Updated content (423 chars)
[OK] (4551) Updated content (381 chars)
[OK] (2330) Updated content (1755 chars)
[OK] (4551) Updated content (378 chars)
[OK] (3189) Updated content (390 chars)
[OK] (2377) Updated content (1183 chars)
[OK] (6150) Updated content (641 chars)
[OK] (6150) Updated content (1342 chars)
[OK] (6150) Updated content (512 chars)
[OK] (5009) Updated content (384 chars)
[OK] (6150) Updated content (671 chars)
[OK] (3189) Updated content (1836 chars)
[OK] (4991) Updated content (696 chars)
[OK] (6203) Updated content (668 chars)
[OK] (6150) Updated content (551 chars)
[OK] (6150) Updated content (639 chars)
[OK] (6203) Updated content (831 chars)
[OK] (6203) Updated content (476 chars)
[OK] (2342) Updated content (425 chars)
[OK] (4991) Updated content (370 chars)
[OK] (2342) Updated content (786 chars)
[OK] (6203) Updated content (1453 chars)
[OK] (2342) Updated content (810 chars)
[OK] (2330) Updated content (2122 chars)
[OK] (6150) Updated content (674 chars)
[OK] (6175) Updated content (334 chars)
[OK] (2342) Updated content (419 chars)
[OK] (6150) Updated content (641 chars)
[OK] (2399) Updated content (443 chars)
[OK] (6269) Updated content (400 chars)
[OK] (4551) Updated content (379 chars)
[OK] (6175) Updated content (342 chars)
[OK] (2399) Updated content (384 chars)
[OK] (2484) Updated content (341 chars)
[OK] (6175) Updated content (335 chars)
[OK] (2484) Updated content (1676 chars)
[OK] (6150) Updated content (1138 chars)
[OK] (2484) Updated content (683 chars)
[OK] (2484) Updated content (750 chars)
[OK] (2338) Updated content (326 chars)
[OK] (2399) Updated content (373 chars)
[OK] (2338) Updated content (342 chars)
[OK] (2484) Updated content (344 chars)
[OK] (2338) Updated content (684 chars)
[OK] (2338) Updated content (3361 chars)
[OK] (6269) Updated content (767 chars)
[OK] (3265) Updated content (632 chars)
[OK] (5426) Updated content (703 chars)
[OK] (2527) Updated content (352 chars)
[OK] (5426) Updated content (703 chars)
[OK] (2338) Updated content (708 chars)
[OK] (5426) Updated content (378 chars)
[OK] (8431) Updated content (305 chars)
[OK] (2338) Updated content (345 chars)
[OK] (2395) Updated content (2053 chars)
[OK] (8150) Updated content (1585 chars)
[OK] (6121) Updated content (1196 chars)
[OK] (5864) Updated content (387 chars)
[OK] (3563) Updated content (1825 chars)
[OK] (5864) Updated content (699 chars)
[OK] (8431) Updated content (970 chars)
[OK] (2444) Updated content (391 chars)
[OK] (6196) Updated content (3395 chars)
[OK] (2480) Updated content (299 chars)
[OK] (2106) Updated content (402 chars)
[OK] (4916) Updated content (366 chars)
[OK] (6196) Updated content (1834 chars)
[OK] (6196) Updated content (700 chars)
[OK] (3019) Updated content (426 chars)
[OK] (4739) Updated content (369 chars)
[OK] (6196) Updated content (1216 chars)
[OK] (5340) Updated content (796 chars)
[OK] (6488) Updated content (796 chars)
[OK] (6488) Updated content (1216 chars)
[OK] (6488) Updated content (447 chars)
[OK] (6488) Updated content (447 chars)
[OK] (6488) Updated content (3568 chars)
[OK] (6196) Updated content (381 chars)
[OK] (6488) Updated content (377 chars)
[OK] (4739) Updated content (899 chars)
[OK] (6488) Updated content (383 chars)
[OK] (3019) Updated content (427 chars)
[OK] (1582) Updated content (280 chars)
[OK] (2492) Updated content (3330 chars)
[OK] (6488) Updated content (506 chars)
[OK] (2492) Updated content (1210 chars)
[OK] (2492) Updated content (3055 chars)
[OK] (2492) Updated content (393 chars)
[OK] (6196) Updated content (702 chars)
[OK] (2492) Updated content (404 chars)
[OK] (2492) Updated content (1671 chars)
[OK] (2492) Updated content (399 chars)
[OK] (6706) Updated content (674 chars)
[OK] (2492) Updated content (746 chars)
[OK] (8431) Updated content (2047 chars)
[OK] (2492) Updated content (1210 chars)
[OK] (6683) Updated content (348 chars)
[OK] (6683) Updated content (342 chars)
[OK] (6683) Updated content (349 chars)
[OK] (6488) Updated content (1216 chars)
[OK] (6683) Updated content (348 chars)
[OK] (6683) Updated content (795 chars)
[OK] (2489) Updated content (437 chars)
[OK] (6706) Updated content (363 chars)
[OK] (6683) Updated content (794 chars)
[OK] (2454) Updated content (1659 chars)
[OK] (2454) Updated content (1336 chars)
[OK] (6488) Updated content (142 chars)
[OK] (2489) Updated content (405 chars)
[OK] (3128) Updated content (337 chars)
[OK] (3128) Updated content (592 chars)
[OK] (2454) Updated content (360 chars)
[OK] (3041) Updated content (642 chars)
[OK] (3128) Updated content (142 chars)
[OK] (6488) Updated content (1216 chars)
[OK] (3041) Updated content (4413 chars)
[OK] (2454) Updated content (3372 chars)
[OK] (3041) Updated content (626 chars)
[OK] (3362) Updated content (395 chars)
[OK] (3362) Updated content (1177 chars)
[OK] (3362) Updated content (348 chars)
[OK] (3362) Updated content (358 chars)
[OK] (3362) Updated content (362 chars)
[OK] (3362) Updated content (1180 chars)
[OK] (3362) Updated content (2962 chars)
[OK] (6209) Updated content (381 chars)
[OK] (2492) Updated content (3548 chars)
[OK] (2454) Updated content (1210 chars)
[OK] (6209) Updated content (3568 chars)
[OK] (6209) Updated content (365 chars)
[OK] (6209) Updated content (385 chars)
[OK] (6209) Updated content (3548 chars)
[OK] (4927) Updated content (314 chars)
[OK] (6829) Updated content (328 chars)
[OK] (2836) Updated content (542 chars)
[OK] (3362) Updated content (359 chars)
[OK] (2892) Updated content (978 chars)
[OK] (2892) Updated content (794 chars)
[OK] (2850) Updated content (318 chars)
[OK] (2892) Updated content (1522 chars)
[OK] (2892) Updated content (2546 chars)
[OK] (2892) Updated content (776 chars)
[OK] (2597) Updated content (3330 chars)
[OK] (2850) Updated content (250 chars)
[OK] (6829) Updated content (703 chars)
[OK] (2493) Updated content (1825 chars)
[OK] (3413) Updated content (249 chars)
[OK] (2850) Updated content (1444 chars)
[OK] (2493) Updated content (390 chars)
[OK] (2493) Updated content (372 chars)
[OK] (2493) Updated content (736 chars)
[OK] (2382) Updated content (2004 chars)
[OK] (2382) Updated content (3395 chars)
[OK] (2382) Updated content (538 chars)
[OK] (2382) Updated content (1053 chars)
[OK] (8299) Updated content (2114 chars)
[OK] (8299) Updated content (1825 chars)
[OK] (3402) Updated content (3330 chars)
[OK] (2382) Updated content (706 chars)
[OK] (8299) Updated content (414 chars)
[OK] (2382) Updated content (531 chars)
[OK] (7777) Updated content (340 chars)
[OK] (3533) Updated content (448 chars)
[OK] (7777) Updated content (663 chars)
[OK] (7777) Updated content (334 chars)
[OK] (7777) Updated content (340 chars)
[OK] (6239) Updated content (1737 chars)
[OK] (6239) Updated content (796 chars)
[OK] (6239) Updated content (954 chars)
[OK] (6239) Updated content (448 chars)
[OK] (6239) Updated content (1028 chars)
[OK] (3167) Updated content (3330 chars)
[OK] (6239) Updated content (697 chars)
[OK] (6113) Updated content (399 chars)
[OK] (1815) Updated content (402 chars)
[OK] (6239) Updated content (484 chars)
[OK] (3532) Updated content (702 chars)
[OK] (3532) Updated content (707 chars)
[OK] (2489) Updated content (392 chars)
[OK] (3532) Updated content (1335 chars)
[OK] (3163) Updated content (729 chars)
[OK] (3532) Updated content (374 chars)
[OK] (3532) Updated content (374 chars)
[OK] (3532) Updated content (371 chars)
[OK] (2103) Updated content (486 chars)
[OK] (3532) Updated content (371 chars)
[OK] (3532) Updated content (1216 chars)
[OK] (3167) Updated content (377 chars)
[OK] (6244) Updated content (1336 chars)
[OK] (6244) Updated content (1176 chars)
[OK] (2881) Updated content (2468 chars)
[OK] (6244) Updated content (680 chars)
[OK] (2881) Updated content (539 chars)
[OK] (6244) Updated content (354 chars)
[OK] (2881) Updated content (1504 chars)
[OK] (2881) Updated content (1335 chars)
[OK] (2881) Updated content (1522 chars)
[OK] (2881) Updated content (530 chars)
[OK] (2881) Updated content (706 chars)
[OK] (2881) Updated content (709 chars)
[OK] (2881) Updated content (1659 chars)
[OK] (2881) Updated content (566 chars)
[OK] (2881) Updated content (533 chars)
[OK] (2881) Updated content (1222 chars)
[OK] (2881) Updated content (1028 chars)
[OK] (2881) Updated content (721 chars)
[OK] (2881) Updated content (1358 chars)
[OK] (6244) Updated content (699 chars)
[OK] (2881) Updated content (1278 chars)
[OK] (3017) Updated content (404 chars)
[OK] (8163) Updated content (682 chars)
[OK] (1568) Updated content (337 chars)
[OK] (2537) Updated content (357 chars)
[OK] (3228) Updated content (675 chars)
[OK] (3228) Updated content (344 chars)
[OK] (3228) Updated content (698 chars)
[OK] (3532) Updated content (372 chars)
[OK] (3228) Updated content (387 chars)
[OK] (2537) Updated content (755 chars)
[OK] (3228) Updated content (385 chars)
[OK] (7795) Updated content (328 chars)
[OK] (2610) Updated content (679 chars)
[OK] (3032) Updated content (601 chars)
[OK] (2610) Updated content (954 chars)
[OK] (6782) Updated content (391 chars)
[OK] (3236) Updated content (690 chars)
[OK] (3236) Updated content (382 chars)
[OK] (2610) Updated content (1040 chars)
[OK] (3032) Updated content (366 chars)
[OK] (8096) Updated content (655 chars)
[OK] (8096) Updated content (3395 chars)
[OK] (2610) Updated content (794 chars)
[OK] (3707) Updated content (2055 chars)
[OK] (6719) Updated content (304 chars)
[OK] (3707) Updated content (2964 chars)
[OK] (3707) Updated content (316 chars)
[OK] (8171) Updated content (393 chars)
[OK] (8112) Updated content (1836 chars)
[OK] (3236) Updated content (378 chars)
[OK] (6719) Updated content (295 chars)
[OK] (8112) Updated content (1585 chars)
[OK] (8096) Updated content (327 chars)
[OK] (8171) Updated content (752 chars)
[OK] (6788) Updated content (683 chars)
[OK] (1905) Updated content (396 chars)
[OK] (1905) Updated content (432 chars)
[OK] (1905) Updated content (375 chars)
[OK] (1314) Updated content (453 chars)
[OK] (1905) Updated content (818 chars)
[OK] (4979) Updated content (366 chars)
[OK] (1905) Updated content (1130 chars)
[OK] (5289) Updated content (355 chars)
[OK] (1905) Updated content (964 chars)
[OK] (4979) Updated content (2122 chars)
[OK] (2472) Updated content (769 chars)
[OK] (2472) Updated content (3330 chars)
[OK] (3035) Updated content (652 chars)
[OK] (8091) Updated content (273 chars)
[OK] (2472) Updated content (756 chars)
[OK] (2472) Updated content (758 chars)
[OK] (3035) Updated content (393 chars)
[OK] (2472) Updated content (421 chars)
[OK] (8996) Updated content (1836 chars)
[OK] (2472) Updated content (392 chars)
[OK] (2472) Updated content (384 chars)
[OK] (3138) Updated content (754 chars)
[OK] (6719) Updated content (695 chars)
[OK] (8996) Updated content (368 chars)
[OK] (8996) Updated content (426 chars)
[OK] (8289) Updated content (643 chars)
[OK] (1808) Updated content (485 chars)
[OK] (8996) Updated content (364 chars)
[OK] (1808) Updated content (1426 chars)
[OK] (8996) Updated content (773 chars)
[OK] (8996) Updated content (361 chars)
[OK] (8289) Updated content (332 chars)
[OK] (6139) Updated content (3330 chars)
[OK] (8289) Updated content (374 chars)
[OK] (6139) Updated content (1686 chars)
[OK] (8996) Updated content (362 chars)
[OK] (3023) Updated content (420 chars)
[OK] (6139) Updated content (665 chars)
[OK] (3023) Updated content (406 chars)
[OK] (6139) Updated content (694 chars)
[OK] (3023) Updated content (455 chars)
[OK] (3260) Updated content (356 chars)
[OK] (3048) Updated content (372 chars)
[OK] (6139) Updated content (325 chars)
[OK] (3466) Updated content (368 chars)
[OK] (3466) Updated content (363 chars)
[OK] (8454) Updated content (317 chars)
[OK] (8454) Updated content (310 chars)
[OK] (3466) Updated content (387 chars)
[OK] (4534) Updated content (684 chars)
[OK] (4534) Updated content (366 chars)
[OK] (2412) Updated content (1438 chars)
[OK] (2449) Updated content (2188 chars)
[OK] (4534) Updated content (348 chars)
[OK] (6170) Updated content (553 chars)
[OK] (2455) Updated content (430 chars)
[OK] (2455) Updated content (834 chars)
[OK] (8088) Updated content (401 chars)
[OK] (2455) Updated content (2027 chars)
[SKIP] (6139) Failed to fetch: https://news.cnyes.com/news/id/6499179
[OK] (1527) Updated content (399 chars)
[OK] (2412) Updated content (814 chars)
[OK] (2455) Updated content (436 chars)
[OK] (1736) Updated content (418 chars)
[OK] (3504) Updated content (417 chars)
[OK] (3504) Updated content (656 chars)
[OK] (4510) Updated content (417 chars)
[OK] (6291) Updated content (457 chars)
[OK] (3504) Updated content (425 chars)
[OK] (3576) Updated content (1176 chars)
[OK] (2367) Updated content (379 chars)
[OK] (3504) Updated content (1180 chars)
[OK] (3576) Updated content (2055 chars)
[OK] (3010) Updated content (280 chars)
[OK] (3504) Updated content (412 chars)
[OK] (6928) Updated content (2055 chars)
[OK] (3576) Updated content (417 chars)
[OK] (3576) Updated content (419 chars)
[OK] (7715) Updated content (279 chars)
[OK] (7715) Updated content (595 chars)
[OK] (6187) Updated content (378 chars)
[OK] (7715) Updated content (631 chars)
[OK] (3576) Updated content (414 chars)
[OK] (3576) Updated content (4413 chars)
[OK] (3576) Updated content (410 chars)
[OK] (1802) Updated content (359 chars)
[OK] (6187) Updated content (382 chars)
[OK] (3010) Updated content (559 chars)
[OK] (1802) Updated content (348 chars)
[OK] (6584) Updated content (1228 chars)
[OK] (2369) Updated content (367 chars)
[OK] (6584) Updated content (1586 chars)
[OK] (6584) Updated content (1228 chars)
[OK] (6584) Updated content (1322 chars)
[OK] (5536) Updated content (1840 chars)
[OK] (5536) Updated content (396 chars)
[OK] (6667) Updated content (3330 chars)
[OK] (5536) Updated content (363 chars)
[OK] (5536) Updated content (389 chars)
[OK] (7610) Updated content (706 chars)
[OK] (3576) Updated content (406 chars)
[OK] (5536) Updated content (376 chars)
[OK] (6285) Updated content (623 chars)
[OK] (3455) Updated content (306 chars)
[OK] (6584) Updated content (1476 chars)
[OK] (3455) Updated content (726 chars)
[OK] (3455) Updated content (317 chars)
[OK] (3455) Updated content (315 chars)
[OK] (6584) Updated content (1323 chars)
[OK] (3455) Updated content (380 chars)
[OK] (2425) Updated content (385 chars)
[OK] (2883) Updated content (539 chars)
[OK] (1605) Updated content (705 chars)
[OK] (2425) Updated content (392 chars)
[OK] (2425) Updated content (1600 chars)
[OK] (2883) Updated content (706 chars)
[OK] (2883) Updated content (698 chars)
[OK] (2883) Updated content (2403 chars)
[OK] (2883) Updated content (530 chars)
[OK] (2883) Updated content (1333 chars)
[OK] (2425) Updated content (394 chars)
[OK] (2883) Updated content (532 chars)
[OK] (2883) Updated content (1028 chars)
[OK] (2883) Updated content (1727 chars)
[OK] (2883) Updated content (1210 chars)
[OK] (2883) Updated content (510 chars)
[OK] (2883) Updated content (799 chars)
[OK] (2883) Updated content (776 chars)
[OK] (2883) Updated content (943 chars)
[OK] (3339) Updated content (749 chars)
[OK] (2883) Updated content (1053 chars)
[OK] (3339) Updated content (376 chars)
[OK] (7703) Updated content (374 chars)
[OK] (1904) Updated content (432 chars)
[OK] (3339) Updated content (370 chars)
[OK] (2308) Updated content (1040 chars)
[OK] (2308) Updated content (1210 chars)
[OK] (3339) Updated content (429 chars)
[OK] (6166) Updated content (2053 chars)
[OK] (2308) Updated content (1324 chars)
[OK] (2308) Updated content (3250 chars)
[OK] (6834) Updated content (686 chars)
[OK] (6166) Updated content (3395 chars)
[OK] (6166) Updated content (373 chars)
[OK] (3339) Updated content (736 chars)
[OK] (6834) Updated content (325 chars)
[OK] (6166) Updated content (329 chars)
[OK] (3596) Updated content (1035 chars)
[OK] (2886) Updated content (528 chars)
[OK] (2886) Updated content (1053 chars)
[OK] (5432) Updated content (629 chars)
[OK] (8064) Updated content (551 chars)
[OK] (3339) Updated content (415 chars)
[OK] (6834) Updated content (645 chars)
[OK] (2886) Updated content (2403 chars)
[OK] (6451) Updated content (674 chars)
[OK] (2316) Updated content (325 chars)
[OK] (6451) Updated content (753 chars)
[OK] (6166) Updated content (326 chars)
[OK] (6451) Updated content (349 chars)
[OK] (2478) Updated content (406 chars)
[OK] (2478) Updated content (404 chars)
[OK] (6672) Updated content (726 chars)
[OK] (3234) Updated content (383 chars)
[OK] (2478) Updated content (784 chars)
[OK] (6257) Updated content (1737 chars)
[OK] (6451) Updated content (346 chars)
[OK] (2316) Updated content (651 chars)
[OK] (3234) Updated content (387 chars)
[OK] (2233) Updated content (663 chars)
[OK] (2233) Updated content (611 chars)
[OK] (1301) Updated content (1186 chars)
[OK] (2316) Updated content (360 chars)
[OK] (2409) Updated content (709 chars)
[OK] (3321) Updated content (423 chars)
[OK] (3321) Updated content (383 chars)
[OK] (2409) Updated content (958 chars)
[OK] (3234) Updated content (674 chars)
[OK] (2409) Updated content (501 chars)
[OK] (2478) Updated content (385 chars)
[OK] (2393) Updated content (1040 chars)
[OK] (3321) Updated content (393 chars)
[OK] (3045) Updated content (799 chars)
[OK] (3321) Updated content (411 chars)
[OK] (2409) Updated content (1028 chars)
[OK] (2409) Updated content (530 chars)
[OK] (3045) Updated content (814 chars)
[OK] (2838) Updated content (592 chars)
[OK] (3624) Updated content (776 chars)
[OK] (3045) Updated content (932 chars)
[OK] (3624) Updated content (387 chars)
[OK] (3003) Updated content (662 chars)
[OK] (3624) Updated content (386 chars)
[OK] (4974) Updated content (640 chars)
[OK] (3003) Updated content (652 chars)
[OK] (4755) Updated content (682 chars)
[OK] (3624) Updated content (766 chars)
[OK] (3045) Updated content (1099 chars)
[OK] (2801) Updated content (794 chars)
[OK] (2801) Updated content (2546 chars)
[OK] (3624) Updated content (437 chars)
[OK] (2105) Updated content (706 chars)
[OK] (2801) Updated content (679 chars)
[OK] (3357) Updated content (344 chars)
[OK] (2801) Updated content (776 chars)
[OK] (2354) Updated content (495 chars)
[OK] (2354) Updated content (639 chars)
[OK] (4721) Updated content (673 chars)
[OK] (4721) Updated content (684 chars)
[OK] (4721) Updated content (1336 chars)
[OK] (3357) Updated content (338 chars)
[OK] (4721) Updated content (360 chars)
[OK] (9910) Updated content (412 chars)
[OK] (3357) Updated content (3330 chars)
[OK] (9910) Updated content (786 chars)
[OK] (9910) Updated content (307 chars)
[OK] (4721) Updated content (362 chars)
[OK] (8028) Updated content (428 chars)
[OK] (9910) Updated content (387 chars)
[OK] (9910) Updated content (763 chars)
[OK] (4721) Updated content (367 chars)
[OK] (7734) Updated content (651 chars)
[OK] (7734) Updated content (375 chars)
[OK] (9910) Updated content (676 chars)
[OK] (7734) Updated content (320 chars)
[OK] (6715) Updated content (359 chars)
[OK] (1590) Updated content (714 chars)
[OK] (3491) Updated content (3330 chars)
[OK] (3491) Updated content (410 chars)
[OK] (6781) Updated content (1196 chars)
[OK] (9910) Updated content (383 chars)
[OK] (8155) Updated content (373 chars)
[OK] (3491) Updated content (410 chars)
[OK] (8155) Updated content (711 chars)
[OK] (8155) Updated content (361 chars)
[OK] (4749) Updated content (883 chars)
[OK] (4976) Updated content (719 chars)
[OK] (4976) Updated content (413 chars)
[OK] (4976) Updated content (755 chars)
[OK] (8027) Updated content (370 chars)
[OK] (9907) Updated content (489 chars)
[OK] (4976) Updated content (409 chars)
[OK] (2323) Updated content (999 chars)
[OK] (6715) Updated content (641 chars)
[OK] (8926) Updated content (759 chars)
[OK] (2323) Updated content (865 chars)
[OK] (8926) Updated content (485 chars)
[OK] (6116) Updated content (653 chars)
[OK] (2406) Updated content (1176 chars)
[OK] (2406) Updated content (367 chars)
[OK] (8926) Updated content (1522 chars)
[OK] (2059) Updated content (1210 chars)
[OK] (6153) Updated content (357 chars)
[OK] (2887) Updated content (538 chars)
[OK] (2887) Updated content (1956 chars)
[OK] (2887) Updated content (794 chars)
[OK] (6153) Updated content (365 chars)
[OK] (2887) Updated content (1026 chars)
[OK] (3481) Updated content (613 chars)
[OK] (6153) Updated content (391 chars)
[OK] (2406) Updated content (779 chars)
[OK] (2887) Updated content (676 chars)
[OK] (2887) Updated content (650 chars)
[OK] (2887) Updated content (807 chars)
[OK] (2887) Updated content (773 chars)
[OK] (2887) Updated content (554 chars)
[OK] (2887) Updated content (719 chars)
[OK] (6271) Updated content (1336 chars)
[OK] (6271) Updated content (722 chars)
[OK] (2887) Updated content (1117 chars)
[OK] (6725) Updated content (362 chars)
[OK] (6271) Updated content (799 chars)
[OK] (2327) Updated content (674 chars)
[OK] (2327) Updated content (3548 chars)
[OK] (2327) Updated content (3568 chars)
[OK] (2327) Updated content (542 chars)
[OK] (2327) Updated content (2055 chars)
[OK] (2327) Updated content (1840 chars)
[OK] (2327) Updated content (380 chars)
[OK] (6725) Updated content (676 chars)
[OK] (2327) Updated content (1190 chars)
[OK] (2327) Updated content (713 chars)
[OK] (6405) Updated content (423 chars)
[OK] (3661) Updated content (396 chars)
[OK] (6405) Updated content (349 chars)
[OK] (1410) Updated content (363 chars)
[OK] (6405) Updated content (793 chars)
[OK] (3016) Updated content (2965 chars)
[OK] (3016) Updated content (310 chars)
[OK] (3016) Updated content (651 chars)
[OK] (3016) Updated content (718 chars)
[OK] (3016) Updated content (655 chars)
[OK] (4904) Updated content (814 chars)
[OK] (6204) Updated content (375 chars)
[OK] (6526) Updated content (818 chars)
[OK] (6443) Updated content (1176 chars)
[OK] (4904) Updated content (1016 chars)
[OK] (6153) Updated content (795 chars)
[OK] (5328) Updated content (803 chars)
[OK] (5328) Updated content (795 chars)
[OK] (5328) Updated content (451 chars)
[OK] (5328) Updated content (1837 chars)
[OK] (6443) Updated content (390 chars)
[OK] (4764) Updated content (353 chars)
[OK] (4764) Updated content (693 chars)
[OK] (7751) Updated content (322 chars)
[OK] (7751) Updated content (369 chars)
[OK] (3663) Updated content (631 chars)
[OK] (4764) Updated content (696 chars)
[OK] (5328) Updated content (434 chars)
[OK] (6944) Updated content (1836 chars)
[OK] (3663) Updated content (376 chars)
[OK] (3213) Updated content (391 chars)
[OK] (6426) Updated content (331 chars)
[OK] (3015) Updated content (701 chars)
[OK] (4919) Updated content (3372 chars)
[OK] (4919) Updated content (677 chars)
[OK] (4919) Updated content (335 chars)
[OK] (4919) Updated content (3055 chars)
[OK] (6405) Updated content (740 chars)
[OK] (6426) Updated content (340 chars)
[OK] (7751) Updated content (368 chars)
[OK] (5328) Updated content (446 chars)
[OK] (3014) Updated content (672 chars)
[OK] (3014) Updated content (350 chars)
[OK] (8249) Updated content (750 chars)
[OK] (4919) Updated content (382 chars)
[OK] (8249) Updated content (713 chars)
[OK] (3014) Updated content (541 chars)
[OK] (2034) Updated content (602 chars)
[OK] (6426) Updated content (1146 chars)
[OK] (3567) Updated content (365 chars)
[OK] (3014) Updated content (699 chars)
[OK] (2313) Updated content (943 chars)
[OK] (2313) Updated content (688 chars)
[OK] (2313) Updated content (510 chars)
[OK] (3014) Updated content (330 chars)
[OK] (2313) Updated content (710 chars)
[OK] (2313) Updated content (1295 chars)
[OK] (1809) Updated content (359 chars)
[OK] (3322) Updated content (320 chars)
[OK] (6415) Updated content (462 chars)
[OK] (6415) Updated content (750 chars)
[OK] (7769) Updated content (939 chars)
[OK] (6415) Updated content (405 chars)
[OK] (2313) Updated content (810 chars)
[OK] (6415) Updated content (794 chars)
[OK] (6415) Updated content (340 chars)
[OK] (3711) Updated content (1294 chars)
[OK] (1326) Updated content (371 chars)
[OK] (3711) Updated content (2188 chars)
[OK] (3711) Updated content (443 chars)
[OK] (6415) Updated content (333 chars)
[OK] (3711) Updated content (616 chars)
[OK] (3711) Updated content (1402 chars)
[OK] (6284) Updated content (367 chars)
[OK] (6199) Updated content (365 chars)
[OK] (6199) Updated content (989 chars)
[OK] (3034) Updated content (1211 chars)
[OK] (6199) Updated content (324 chars)
[OK] (6412) Updated content (697 chars)
[OK] (2388) Updated content (452 chars)
[OK] (6199) Updated content (592 chars)
[OK] (2388) Updated content (717 chars)
[OK] (2301) Updated content (512 chars)
[OK] (2301) Updated content (694 chars)
[OK] (2362) Updated content (425 chars)
[OK] (6206) Updated content (384 chars)
[OK] (2301) Updated content (688 chars)
[OK] (2498) Updated content (923 chars)
[OK] (6949) Updated content (437 chars)
[OK] (2301) Updated content (954 chars)
[OK] (6949) Updated content (400 chars)
[OK] (6949) Updated content (424 chars)
[OK] (2337) Updated content (821 chars)
[OK] (6949) Updated content (757 chars)
[OK] (4939) Updated content (319 chars)
[OK] (4939) Updated content (319 chars)
[OK] (4939) Updated content (309 chars)
[OK] (6414) Updated content (724 chars)
[OK] (3380) Updated content (1035 chars)
[OK] (6909) Updated content (314 chars)
[OK] (2332) Updated content (424 chars)
[OK] (2332) Updated content (569 chars)
[OK] (2834) Updated content (2546 chars)
[OK] (5483) Updated content (745 chars)
[OK] (5478) Updated content (637 chars)
[OK] (5483) Updated content (777 chars)
[OK] (5478) Updated content (584 chars)
[OK] (1560) Updated content (389 chars)
[OK] (3605) Updated content (569 chars)
[OK] (5478) Updated content (660 chars)
[OK] (6278) Updated content (1834 chars)
[OK] (5483) Updated content (392 chars)
[OK] (3665) Updated content (2468 chars)
[OK] (2889) Updated content (1955 chars)
[OK] (1303) Updated content (788 chars)
[OK] (3380) Updated content (688 chars)
[OK] (6588) Updated content (817 chars)
[OK] (6588) Updated content (669 chars)
[OK] (2889) Updated content (585 chars)
[OK] (1303) Updated content (825 chars)
[OK] (6588) Updated content (698 chars)
[OK] (2344) Updated content (885 chars)
[OK] (2344) Updated content (3330 chars)
[OK] (2344) Updated content (514 chars)
[OK] (1303) Updated content (411 chars)
[OK] (2344) Updated content (3395 chars)
[OK] (2344) Updated content (679 chars)
[OK] (2344) Updated content (490 chars)
[OK] (2344) Updated content (453 chars)
[OK] (5483) Updated content (397 chars)
[OK] (3008) Updated content (1324 chars)
[OK] (3149) Updated content (628 chars)
[OK] (2344) Updated content (1117 chars)
[OK] (3008) Updated content (384 chars)
[OK] (3008) Updated content (3044 chars)
[OK] (3008) Updated content (374 chars)
[OK] (3008) Updated content (2468 chars)
[OK] (3008) Updated content (3548 chars)
[OK] (3008) Updated content (1241 chars)
[OK] (8042) Updated content (398 chars)
[OK] (7740) Updated content (1564 chars)
[OK] (8042) Updated content (664 chars)
[OK] (8042) Updated content (378 chars)
[OK] (8042) Updated content (792 chars)
[OK] (3008) Updated content (387 chars)
[OK] (8044) Updated content (948 chars)
[OK] (8042) Updated content (756 chars)
[OK] (3443) Updated content (385 chars)
[OK] (8042) Updated content (657 chars)
[OK] (3443) Updated content (2122 chars)
[OK] (2344) Updated content (774 chars)
[OK] (3443) Updated content (701 chars)
[OK] (2426) Updated content (750 chars)
[OK] (3443) Updated content (1669 chars)
[OK] (2426) Updated content (701 chars)
[OK] (2426) Updated content (3361 chars)
[OK] (6613) Updated content (3395 chars)
[OK] (2426) Updated content (904 chars)
[OK] (3443) Updated content (368 chars)
[OK] (2426) Updated content (396 chars)
[OK] (6613) Updated content (384 chars)
[OK] (6613) Updated content (667 chars)
[OK] (8042) Updated content (762 chars)
[OK] (6613) Updated content (1831 chars)
[OK] (4513) Updated content (388 chars)
[OK] (2912) Updated content (728 chars)
[OK] (4513) Updated content (401 chars)
[OK] (4513) Updated content (383 chars)
[OK] (6613) Updated content (671 chars)
[OK] (6613) Updated content (366 chars)
[OK] (8043) Updated content (1834 chars)
[OK] (6213) Updated content (384 chars)
[OK] (8043) Updated content (758 chars)
[OK] (8043) Updated content (398 chars)
[OK] (8043) Updated content (395 chars)
[OK] (8043) Updated content (397 chars)
[OK] (3406) Updated content (388 chars)
[OK] (6613) Updated content (327 chars)
[OK] (8043) Updated content (3361 chars)
[OK] (6191) Updated content (680 chars)
[OK] (6191) Updated content (663 chars)
[OK] (3406) Updated content (3373 chars)
[OK] (3406) Updated content (651 chars)
[OK] (5315) Updated content (477 chars)
[OK] (3406) Updated content (1180 chars)
[OK] (3406) Updated content (356 chars)
[OK] (6274) Updated content (680 chars)
[OK] (2401) Updated content (4413 chars)
[OK] (3081) Updated content (382 chars)
[OK] (1101) Updated content (861 chars)
[OK] (1101) Updated content (1192 chars)
[OK] (6274) Updated content (339 chars)
[OK] (2401) Updated content (669 chars)
[OK] (2375) Updated content (2968 chars)
[OK] (8046) Updated content (1669 chars)
[OK] (3406) Updated content (742 chars)
[OK] (2375) Updated content (3568 chars)
[OK] (8046) Updated content (746 chars)
[OK] (3029) Updated content (349 chars)
[OK] (6722) Updated content (578 chars)
[OK] (6449) Updated content (651 chars)
[OK] (6449) Updated content (1180 chars)
[OK] (6862) Updated content (654 chars)
[OK] (6449) Updated content (695 chars)
[OK] (2375) Updated content (372 chars)
[OK] (6449) Updated content (4413 chars)
[OK] (6449) Updated content (370 chars)
[OK] (6862) Updated content (653 chars)
[OK] (2305) Updated content (4413 chars)
[OK] (2305) Updated content (321 chars)
[OK] (2305) Updated content (337 chars)
[OK] (2885) Updated content (994 chars)
[OK] (6449) Updated content (699 chars)
[OK] (2885) Updated content (1426 chars)
[OK] (2885) Updated content (204 chars)
[OK] (6449) Updated content (372 chars)
[OK] (2375) Updated content (385 chars)
[OK] (2885) Updated content (2403 chars)
[OK] (2355) Updated content (1831 chars)
[OK] (2464) Updated content (733 chars)
[OK] (2885) Updated content (834 chars)
[OK] (2464) Updated content (3395 chars)
[OK] (2464) Updated content (385 chars)
[OK] (6449) Updated content (364 chars)
[OK] (3037) Updated content (3330 chars)
[OK] (2464) Updated content (708 chars)
[OK] (2340) Updated content (786 chars)
[OK] (3037) Updated content (3250 chars)
[OK] (2340) Updated content (427 chars)
[OK] (2464) Updated content (2055 chars)
[OK] (2340) Updated content (432 chars)
[OK] (6691) Updated content (1836 chars)
[OK] (2340) Updated content (434 chars)
[OK] (3356) Updated content (328 chars)
[OK] (2383) Updated content (416 chars)
[OK] (6417) Updated content (1676 chars)
[OK] (2360) Updated content (1977 chars)
[OK] (6126) Updated content (699 chars)
[OK] (3717) Updated content (362 chars)
[OK] (3717) Updated content (371 chars)
[OK] (6126) Updated content (448 chars)
[OK] (6126) Updated content (590 chars)
[OK] (6126) Updated content (364 chars)
[OK] (6515) Updated content (764 chars)
[OK] (6126) Updated content (714 chars)
[OK] (6126) Updated content (541 chars)
[OK] (2465) Updated content (397 chars)
[OK] (3060) Updated content (424 chars)
[OK] (2465) Updated content (333 chars)
[OK] (3049) Updated content (732 chars)
[OK] (1312) Updated content (661 chars)
[OK] (6669) Updated content (881 chars)
[OK] (6669) Updated content (3395 chars)
[OK] (3060) Updated content (723 chars)
[OK] (3049) Updated content (336 chars)
[OK] (2458) Updated content (714 chars)
[OK] (6669) Updated content (414 chars)
[OK] (6763) Updated content (427 chars)
[OK] (3450) Updated content (3372 chars)
[OK] (7712) Updated content (325 chars)
[OK] (2413) Updated content (411 chars)
[OK] (3450) Updated content (306 chars)
[OK] (6669) Updated content (1210 chars)
[OK] (2413) Updated content (382 chars)
[OK] (3227) Updated content (649 chars)
[OK] (3450) Updated content (312 chars)
[OK] (3708) Updated content (243 chars)
[OK] (2413) Updated content (376 chars)
[OK] (2408) Updated content (1522 chars)
[OK] (2408) Updated content (3330 chars)
[OK] (3708) Updated content (243 chars)
[OK] (2408) Updated content (3395 chars)
[OK] (2404) Updated content (702 chars)
[OK] (3708) Updated content (547 chars)
[OK] (2408) Updated content (391 chars)
[OK] (2408) Updated content (1279 chars)
[OK] (2404) Updated content (1216 chars)
[OK] (2404) Updated content (3395 chars)
[OK] (2404) Updated content (390 chars)
[OK] (2404) Updated content (1836 chars)
[OK] (2408) Updated content (428 chars)
[OK] (2404) Updated content (731 chars)
[OK] (2404) Updated content (1216 chars)
[OK] (2404) Updated content (392 chars)
[OK] (3060) Updated content (717 chars)
[OK] (3042) Updated content (683 chars)
[OK] (3042) Updated content (270 chars)
[OK] (3042) Updated content (1074 chars)
[OK] (1102) Updated content (456 chars)
[OK] (1102) Updated content (526 chars)
[OK] (6531) Updated content (396 chars)
[OK] (2404) Updated content (728 chars)
[OK] (3042) Updated content (659 chars)
[OK] (6472) Updated content (407 chars)
[OK] (1319) Updated content (788 chars)
[OK] (3540) Updated content (378 chars)
[OK] (1319) Updated content (461 chars)
[OK] (2609) Updated content (444 chars)
[OK] (2609) Updated content (610 chars)
[OK] (1319) Updated content (408 chars)
[OK] (3042) Updated content (311 chars)
[OK] (2609) Updated content (442 chars)
[OK] (4958) Updated content (1825 chars)
[OK] (6472) Updated content (745 chars)
[OK] (8271) Updated content (762 chars)
[OK] (2609) Updated content (689 chars)
[OK] (2609) Updated content (512 chars)
[OK] (4958) Updated content (1242 chars)
[OK] (3540) Updated content (339 chars)
[OK] (4958) Updated content (659 chars)
[OK] (4958) Updated content (1178 chars)
[OK] (2880) Updated content (1944 chars)
[OK] (9105) Updated content (278 chars)
[OK] (2880) Updated content (2546 chars)
[OK] (2880) Updated content (443 chars)
[OK] (8215) Updated content (361 chars)
[OK] (2353) Updated content (729 chars)
[OK] (2880) Updated content (611 chars)
[OK] (2609) Updated content (612 chars)
[OK] (8215) Updated content (698 chars)
[OK] (2880) Updated content (444 chars)
[OK] (2880) Updated content (901 chars)
[OK] (2880) Updated content (1426 chars)
[OK] (2880) Updated content (612 chars)
[OK] (4973) Updated content (679 chars)
[OK] (4973) Updated content (341 chars)
[OK] (2880) Updated content (456 chars)
[OK] (3653) Updated content (1048 chars)
[OK] (4973) Updated content (657 chars)
[OK] (3653) Updated content (715 chars)
[OK] (4973) Updated content (742 chars)
[OK] (3702) Updated content (459 chars)
[OK] (2049) Updated content (469 chars)
[OK] (3702) Updated content (627 chars)
[OK] (3702) Updated content (444 chars)
[OK] (3702) Updated content (610 chars)
[OK] (3702) Updated content (374 chars)
[OK] (3702) Updated content (289 chars)
[OK] (6830) Updated content (389 chars)
[OK] (4973) Updated content (676 chars)
[OK] (4722) Updated content (340 chars)
[OK] (3294) Updated content (366 chars)
[OK] (4722) Updated content (337 chars)
[OK] (4722) Updated content (371 chars)
[OK] (3294) Updated content (350 chars)
[OK] (4722) Updated content (572 chars)
[OK] (2548) Updated content (1675 chars)
[OK] (2376) Updated content (1183 chars)
[OK] (2548) Updated content (1600 chars)
[OK] (3537) Updated content (361 chars)
[OK] (1402) Updated content (533 chars)
[OK] (2548) Updated content (1444 chars)
[OK] (1402) Updated content (810 chars)
[OK] (1402) Updated content (706 chars)
[OK] (1402) Updated content (672 chars)
[OK] (4722) Updated content (561 chars)
[OK] (1402) Updated content (698 chars)
[OK] (1402) Updated content (796 chars)
[OK] (2528) Updated content (1600 chars)
[OK] (1402) Updated content (721 chars)
[OK] (2207) Updated content (634 chars)
[OK] (8086) Updated content (462 chars)
[OK] (2528) Updated content (462 chars)
[OK] (6456) Updated content (1414 chars)
[OK] (1402) Updated content (1028 chars)
[OK] (6182) Updated content (1216 chars)
[OK] (5392) Updated content (353 chars)
[OK] (6456) Updated content (1341 chars)
[OK] (6182) Updated content (2959 chars)
[OK] (6182) Updated content (691 chars)
[OK] (6182) Updated content (385 chars)
[OK] (6182) Updated content (788 chars)
[OK] (6182) Updated content (1216 chars)
[OK] (2317) Updated content (1205 chars)
[OK] (2317) Updated content (3395 chars)
[OK] (3529) Updated content (315 chars)
[OK] (2317) Updated content (1210 chars)
[OK] (8121) Updated content (836 chars)
[OK] (2317) Updated content (4413 chars)
[OK] (2317) Updated content (2055 chars)
[OK] (2317) Updated content (657 chars)
[OK] (2504) Updated content (420 chars)
[OK] (3030) Updated content (338 chars)
[OK] (6182) Updated content (377 chars)
[OK] (8121) Updated content (797 chars)
[OK] (2302) Updated content (739 chars)
[OK] (8121) Updated content (846 chars)
[OK] (8261) Updated content (372 chars)
[OK] (8261) Updated content (328 chars)
[OK] (2302) Updated content (745 chars)
[OK] (8121) Updated content (831 chars)
[OK] (2302) Updated content (391 chars)
[OK] (2317) Updated content (690 chars)
[OK] (8261) Updated content (367 chars)

[DONE] Content fetching complete!
[TIME] Total: 1053.37 seconds
[週二 2026/06/16 16:26:00.96] Analyzing sentiment... 
[週二 2026/06/16 16:26:00.97] Running nstock analyze_sentiment... 
d:\StockPulse\stocks_news\nstock\analyze_sentiment.py:200: DeprecationWarning: 'asyncio.WindowsSelectorEventLoopPolicy' is deprecated and slated for removal in Python 3.16
  asyncio.set_event_loop_policy(asyncio.WindowsSelectorEventLoopPolicy())
d:\StockPulse\stocks_news\nstock\analyze_sentiment.py:200: DeprecationWarning: 'asyncio.set_event_loop_policy' is deprecated and slated for removal in Python 3.16
  asyncio.set_event_loop_policy(asyncio.WindowsSelectorEventLoopPolicy())

============================================================
NStock 新聞情緒分析
============================================================

[OK] 資料庫連線成功

[INFO] 找到 261 筆需要分析的新聞

開始處理 261 筆新聞 (並發數: 2)...

  [INFO] 進度: 10/261 (失敗: 0)
  [INFO] 進度: 20/261 (失敗: 0)
  [INFO] 進度: 30/261 (失敗: 0)
  [INFO] 進度: 40/261 (失敗: 0)
  [INFO] 進度: 50/261 (失敗: 0)
  [INFO] 進度: 60/261 (失敗: 0)
  [INFO] 進度: 70/261 (失敗: 0)
  [INFO] 進度: 80/261 (失敗: 0)
  [INFO] 進度: 90/261 (失敗: 0)
  [INFO] 進度: 100/261 (失敗: 0)
  [INFO] 進度: 110/261 (失敗: 0)
  [INFO] 進度: 120/261 (失敗: 0)
  [INFO] 進度: 130/261 (失敗: 0)
  [INFO] 進度: 140/261 (失敗: 0)
  [INFO] 進度: 150/261 (失敗: 0)
  [INFO] 進度: 160/261 (失敗: 0)
  [INFO] 進度: 170/261 (失敗: 0)
  [INFO] 進度: 180/261 (失敗: 0)
  [INFO] 進度: 190/261 (失敗: 0)
  [INFO] 進度: 200/261 (失敗: 0)
  [INFO] 進度: 210/261 (失敗: 0)
  [INFO] 進度: 220/261 (失敗: 0)
  [INFO] 進度: 230/261 (失敗: 0)
  [INFO] 進度: 240/261 (失敗: 0)
  [INFO] 進度: 250/261 (失敗: 0)
  [INFO] 進度: 260/261 (失敗: 0)

============================================================
[OK] 情緒分析完成!
============================================================
成功: 261 筆
失敗: 0 筆
總計: 261 筆
耗時: 2386.1 秒
============================================================

[週二 2026/06/16 17:05:49.95] Running yahoo analyze_sentiment... 
d:\StockPulse\stocks_news\yahoo\analyze_sentiment.py:186: DeprecationWarning: 'asyncio.WindowsSelectorEventLoopPolicy' is deprecated and slated for removal in Python 3.16
  asyncio.set_event_loop_policy(asyncio.WindowsSelectorEventLoopPolicy())
d:\StockPulse\stocks_news\yahoo\analyze_sentiment.py:186: DeprecationWarning: 'asyncio.set_event_loop_policy' is deprecated and slated for removal in Python 3.16
  asyncio.set_event_loop_policy(asyncio.WindowsSelectorEventLoopPolicy())
[START] Analyzing sentiment scores...
Found 915 news items to analyze

[START] Processing 915 tasks (max concurrency: 2)...

  [PROGRESS] 10/915 completed (0 failed)
  [PROGRESS] 20/915 completed (0 failed)
  [PROGRESS] 30/915 completed (0 failed)
  [PROGRESS] 40/915 completed (0 failed)
  [PROGRESS] 50/915 completed (0 failed)
  [PROGRESS] 60/915 completed (0 failed)
  [PROGRESS] 70/915 completed (0 failed)
  [PROGRESS] 80/915 completed (0 failed)
  [PROGRESS] 90/915 completed (0 failed)
  [PROGRESS] 100/915 completed (0 failed)
  [PROGRESS] 110/915 completed (0 failed)
  [PROGRESS] 120/915 completed (0 failed)
  [PROGRESS] 130/915 completed (0 failed)
  [PROGRESS] 140/915 completed (0 failed)
  [PROGRESS] 150/915 completed (0 failed)
  [PROGRESS] 160/915 completed (0 failed)
  [PROGRESS] 170/915 completed (0 failed)
  [PROGRESS] 180/915 completed (0 failed)
  [PROGRESS] 190/915 completed (0 failed)
  [PROGRESS] 200/915 completed (0 failed)
  [PROGRESS] 210/915 completed (0 failed)
  [PROGRESS] 220/915 completed (0 failed)
  [PROGRESS] 230/915 completed (0 failed)
  [PROGRESS] 240/915 completed (0 failed)
  [PROGRESS] 250/915 completed (0 failed)
  [PROGRESS] 260/915 completed (0 failed)
  [PROGRESS] 270/915 completed (0 failed)
  [PROGRESS] 280/915 completed (0 failed)
  [PROGRESS] 290/915 completed (0 failed)
  [PROGRESS] 300/915 completed (0 failed)
  [PROGRESS] 310/915 completed (0 failed)
  [PROGRESS] 320/915 completed (0 failed)
  [PROGRESS] 330/915 completed (0 failed)
  [PROGRESS] 340/915 completed (0 failed)
  [PROGRESS] 350/915 completed (0 failed)
  [PROGRESS] 360/915 completed (0 failed)
  [PROGRESS] 370/915 completed (0 failed)
  [PROGRESS] 380/915 completed (0 failed)
  [PROGRESS] 390/915 completed (0 failed)
  [PROGRESS] 400/915 completed (0 failed)
  [PROGRESS] 410/915 completed (0 failed)
  [PROGRESS] 420/915 completed (0 failed)
  [PROGRESS] 430/915 completed (0 failed)
  [PROGRESS] 440/915 completed (0 failed)
  [PROGRESS] 450/915 completed (0 failed)
  [PROGRESS] 460/915 completed (0 failed)
  [PROGRESS] 470/915 completed (0 failed)
  [PROGRESS] 480/915 completed (0 failed)
  [PROGRESS] 490/915 completed (0 failed)
  [PROGRESS] 500/915 completed (0 failed)
  [PROGRESS] 510/915 completed (0 failed)
  [PROGRESS] 520/915 completed (0 failed)
  [PROGRESS] 530/915 completed (0 failed)
  [PROGRESS] 540/915 completed (0 failed)
  [PROGRESS] 550/915 completed (0 failed)
  [PROGRESS] 560/915 completed (0 failed)
  [PROGRESS] 570/915 completed (0 failed)
  [PROGRESS] 580/915 completed (0 failed)
  [PROGRESS] 590/915 completed (0 failed)
  [PROGRESS] 600/915 completed (0 failed)
  [PROGRESS] 610/915 completed (0 failed)
  [PROGRESS] 620/915 completed (0 failed)
  [PROGRESS] 630/915 completed (0 failed)
  [PROGRESS] 640/915 completed (0 failed)
  [PROGRESS] 650/915 completed (0 failed)
  [PROGRESS] 660/915 completed (0 failed)
  [PROGRESS] 670/915 completed (0 failed)
  [PROGRESS] 680/915 completed (0 failed)
  [PROGRESS] 690/915 completed (0 failed)
  [PROGRESS] 700/915 completed (0 failed)
  [PROGRESS] 710/915 completed (0 failed)
  [PROGRESS] 720/915 completed (0 failed)
  [PROGRESS] 730/915 completed (0 failed)
  [PROGRESS] 740/915 completed (0 failed)
  [PROGRESS] 750/915 completed (0 failed)
  [PROGRESS] 760/915 completed (0 failed)
  [PROGRESS] 770/915 completed (0 failed)
  [PROGRESS] 780/915 completed (0 failed)
  [PROGRESS] 790/915 completed (0 failed)
  [PROGRESS] 800/915 completed (0 failed)
  [PROGRESS] 810/915 completed (0 failed)
  [PROGRESS] 820/915 completed (0 failed)
  [PROGRESS] 830/915 completed (0 failed)
  [PROGRESS] 840/915 completed (0 failed)
  [PROGRESS] 850/915 completed (0 failed)
  [PROGRESS] 860/915 completed (0 failed)
  [PROGRESS] 870/915 completed (0 failed)
  [PROGRESS] 880/915 completed (0 failed)
  [PROGRESS] 890/915 completed (0 failed)
  [PROGRESS] 900/915 completed (0 failed)
  [PROGRESS] 910/915 completed (0 failed)

[DONE] Sentiment analysis complete!
Success: 915
Failed: 0
Total: 915
[TIME] Total: 9046.25 seconds
[週二 2026/06/16 19:36:38.30] Running cnyes analyze_sentiment... 
d:\StockPulse\stocks_news\cnyes\analyze_sentiment.py:186: DeprecationWarning: 'asyncio.WindowsSelectorEventLoopPolicy' is deprecated and slated for removal in Python 3.16
  asyncio.set_event_loop_policy(asyncio.WindowsSelectorEventLoopPolicy())
d:\StockPulse\stocks_news\cnyes\analyze_sentiment.py:186: DeprecationWarning: 'asyncio.set_event_loop_policy' is deprecated and slated for removal in Python 3.16
  asyncio.set_event_loop_policy(asyncio.WindowsSelectorEventLoopPolicy())
[START] Analyzing sentiment scores...
Found 1063 news items to analyze

[START] Processing 1063 tasks (max concurrency: 2)...

  [SKIP] (2303) 分析失敗
  [SKIP] (2303) 分析失敗
  [SKIP] (2303) 分析失敗
  [PROGRESS] 10/1063 completed (3 failed)
  [PROGRESS] 20/1063 completed (3 failed)
  [PROGRESS] 30/1063 completed (3 failed)
  [PROGRESS] 40/1063 completed (3 failed)
  [SKIP] (2618) 分析失敗
  [PROGRESS] 50/1063 completed (4 failed)
  [SKIP] (2891) 分析失敗
  [PROGRESS] 60/1063 completed (5 failed)
  [PROGRESS] 70/1063 completed (5 failed)
  [PROGRESS] 80/1063 completed (5 failed)
  [PROGRESS] 90/1063 completed (5 failed)
  [PROGRESS] 100/1063 completed (5 failed)
  [PROGRESS] 110/1063 completed (5 failed)
  [PROGRESS] 120/1063 completed (5 failed)
  [PROGRESS] 130/1063 completed (5 failed)
  [PROGRESS] 140/1063 completed (5 failed)
  [PROGRESS] 150/1063 completed (5 failed)
  [PROGRESS] 160/1063 completed (5 failed)
  [PROGRESS] 170/1063 completed (5 failed)
  [PROGRESS] 180/1063 completed (5 failed)
  [PROGRESS] 190/1063 completed (5 failed)
  [PROGRESS] 200/1063 completed (5 failed)
  [PROGRESS] 210/1063 completed (5 failed)
  [PROGRESS] 220/1063 completed (5 failed)
  [PROGRESS] 230/1063 completed (5 failed)
  [PROGRESS] 240/1063 completed (5 failed)
  [PROGRESS] 250/1063 completed (5 failed)
  [PROGRESS] 260/1063 completed (5 failed)
  [PROGRESS] 270/1063 completed (5 failed)
  [PROGRESS] 280/1063 completed (5 failed)
  [PROGRESS] 290/1063 completed (5 failed)
  [PROGRESS] 300/1063 completed (5 failed)
  [PROGRESS] 310/1063 completed (5 failed)
  [PROGRESS] 320/1063 completed (5 failed)
  [PROGRESS] 330/1063 completed (5 failed)
  [PROGRESS] 340/1063 completed (5 failed)
  [PROGRESS] 350/1063 completed (5 failed)
  [PROGRESS] 360/1063 completed (5 failed)
  [PROGRESS] 370/1063 completed (5 failed)
  [PROGRESS] 380/1063 completed (5 failed)
  [PROGRESS] 390/1063 completed (5 failed)
  [PROGRESS] 400/1063 completed (5 failed)
  [PROGRESS] 410/1063 completed (5 failed)
  [PROGRESS] 420/1063 completed (5 failed)
  [PROGRESS] 430/1063 completed (5 failed)
  [PROGRESS] 440/1063 completed (5 failed)
  [PROGRESS] 450/1063 completed (5 failed)
  [PROGRESS] 460/1063 completed (5 failed)
  [PROGRESS] 470/1063 completed (5 failed)
  [PROGRESS] 480/1063 completed (5 failed)
  [PROGRESS] 490/1063 completed (5 failed)
  [PROGRESS] 500/1063 completed (5 failed)
  [PROGRESS] 510/1063 completed (5 failed)
  [PROGRESS] 520/1063 completed (5 failed)
  [PROGRESS] 530/1063 completed (5 failed)
  [PROGRESS] 540/1063 completed (5 failed)
  [PROGRESS] 550/1063 completed (5 failed)
  [PROGRESS] 560/1063 completed (5 failed)
  [PROGRESS] 570/1063 completed (5 failed)
  [PROGRESS] 580/1063 completed (5 failed)
  [PROGRESS] 590/1063 completed (5 failed)
  [PROGRESS] 600/1063 completed (5 failed)
  [PROGRESS] 610/1063 completed (5 failed)
  [PROGRESS] 620/1063 completed (5 failed)
  [PROGRESS] 630/1063 completed (5 failed)
  [PROGRESS] 640/1063 completed (5 failed)
  [PROGRESS] 650/1063 completed (5 failed)
  [PROGRESS] 660/1063 completed (5 failed)
  [PROGRESS] 670/1063 completed (5 failed)
  [PROGRESS] 680/1063 completed (5 failed)
  [PROGRESS] 690/1063 completed (5 failed)
  [PROGRESS] 700/1063 completed (5 failed)
  [PROGRESS] 710/1063 completed (5 failed)
  [PROGRESS] 720/1063 completed (5 failed)
  [PROGRESS] 730/1063 completed (5 failed)
  [PROGRESS] 740/1063 completed (5 failed)
  [PROGRESS] 750/1063 completed (5 failed)
  [PROGRESS] 760/1063 completed (5 failed)
  [PROGRESS] 770/1063 completed (5 failed)
  [PROGRESS] 780/1063 completed (5 failed)
  [PROGRESS] 790/1063 completed (5 failed)
  [PROGRESS] 800/1063 completed (5 failed)
  [PROGRESS] 810/1063 completed (5 failed)
  [PROGRESS] 820/1063 completed (5 failed)
  [PROGRESS] 830/1063 completed (5 failed)
  [PROGRESS] 840/1063 completed (5 failed)
  [PROGRESS] 850/1063 completed (5 failed)
  [PROGRESS] 860/1063 completed (5 failed)
  [PROGRESS] 870/1063 completed (5 failed)
  [PROGRESS] 880/1063 completed (5 failed)
  [PROGRESS] 890/1063 completed (5 failed)
  [PROGRESS] 900/1063 completed (5 failed)
  [PROGRESS] 910/1063 completed (5 failed)
  [PROGRESS] 920/1063 completed (5 failed)
  [PROGRESS] 930/1063 completed (5 failed)
  [PROGRESS] 940/1063 completed (5 failed)
  [PROGRESS] 950/1063 completed (5 failed)
  [PROGRESS] 960/1063 completed (5 failed)
  [PROGRESS] 970/1063 completed (5 failed)
  [PROGRESS] 980/1063 completed (5 failed)
  [PROGRESS] 990/1063 completed (5 failed)
  [PROGRESS] 1000/1063 completed (5 failed)
  [PROGRESS] 1010/1063 completed (5 failed)
  [PROGRESS] 1020/1063 completed (5 failed)
  [PROGRESS] 1030/1063 completed (5 failed)
  [PROGRESS] 1040/1063 completed (5 failed)
  [PROGRESS] 1050/1063 completed (5 failed)

[DONE] Sentiment analysis complete!
Success: 1058
Failed: 5
Total: 1063
[TIME] Total: 9810.39 seconds
[週二 2026/06/16 22:20:10.51] Hot pipeline complete. 
