============================================ 
[週二 2026/06/23 13:30:13.15] Daily crawlers starting 
============================================ 
[週二 2026/06/23 13:30:13.17] Running nstock mid... 
d:\StockPulse\stocks_news\nstock\crawler_mid.py:43: DeprecationWarning: 'asyncio.WindowsSelectorEventLoopPolicy' is deprecated and slated for removal in Python 3.16
  asyncio.set_event_loop_policy(asyncio.WindowsSelectorEventLoopPolicy())
d:\StockPulse\stocks_news\nstock\crawler_mid.py:43: DeprecationWarning: 'asyncio.set_event_loop_policy' is deprecated and slated for removal in Python 3.16
  asyncio.set_event_loop_policy(asyncio.WindowsSelectorEventLoopPolicy())

============================================================
NStock 股市新聞爬蟲 - 中型股
============================================================

[INFO] 讀取股票清單: 487 支股票

[INFO] 已處理: 0 支
[INFO] 待處理: 487 支

[OK] 資料庫連線成功

[1/487] 處理 1295...
  [OK] 1295: 找到 2 筆新聞
[2/487] 處理 5014...
  [-] 5014: 無符合條件的新聞
[3/487] 處理 3570...
  [OK] 3570: 找到 1 筆新聞
[4/487] 處理 2433...
  [OK] 2433: 找到 3 筆新聞
[5/487] 處理 2450...
  [OK] 2450: 找到 1 筆新聞
[6/487] 處理 3021...
  [OK] 3021: 找到 1 筆新聞
[7/487] 處理 4173...
  [OK] 4173: 找到 2 筆新聞
[8/487] 處理 1733...
  [-] 1733: 無符合條件的新聞
[9/487] 處理 1735...
  [-] 1735: 無符合條件的新聞
[10/487] 處理 7757...
  [-] 7757: 無符合條件的新聞
[11/487] 處理 9918...
  [OK] 9918: 找到 2 筆新聞
[12/487] 處理 6441...
  [-] 6441: 無符合條件的新聞
[13/487] 處理 6792...
  [-] 6792: 無符合條件的新聞
[14/487] 處理 1598...
  [-] 1598: 無符合條件的新聞
[15/487] 處理 4728...
  [OK] 4728: 找到 2 筆新聞
[16/487] 處理 3557...
  [OK] 3557: 找到 2 筆新聞
[17/487] 處理 1788...
  [OK] 1788: 找到 5 筆新聞
[18/487] 處理 3313...
  [OK] 3313: 找到 3 筆新聞
[19/487] 處理 6674...
  [OK] 6674: 找到 2 筆新聞
[20/487] 處理 3287...
  [OK] 3287: 找到 2 筆新聞
[21/487] 處理 8442...
  [OK] 8442: 找到 2 筆新聞
[22/487] 處理 3332...
  [-] 3332: 無符合條件的新聞
[23/487] 處理 8410...
  [OK] 8410: 找到 3 筆新聞
[24/487] 處理 9103...
  [-] 9103: 無符合條件的新聞
[25/487] 處理 4111...
  [-] 4111: 無符合條件的新聞
[26/487] 處理 2816...
  [-] 2816: 無符合條件的新聞
[27/487] 處理 1219...
  [-] 1219: 無符合條件的新聞
[28/487] 處理 8463...
  [-] 8463: 無符合條件的新聞
[29/487] 處理 2483...
  [-] 2483: 無符合條件的新聞
[30/487] 處理 5353...
  [OK] 5353: 找到 1 筆新聞
[31/487] 處理 3441...
  [OK] 3441: 找到 2 筆新聞
[32/487] 處理 8411...
  [OK] 8411: 找到 2 筆新聞
[33/487] 處理 3522...
  [OK] 3522: 找到 5 筆新聞
[34/487] 處理 7721...
  [-] 7721: 無符合條件的新聞
[35/487] 處理 1777...
  [-] 1777: 無符合條件的新聞
[36/487] 處理 8032...
  [OK] 8032: 找到 2 筆新聞
[37/487] 處理 3713...
  [-] 3713: 無符合條件的新聞
[38/487] 處理 5321...
  [-] 5321: 無符合條件的新聞
[39/487] 處理 9946...
  [-] 9946: 無符合條件的新聞
[40/487] 處理 2028...
  [OK] 2028: 找到 5 筆新聞
[41/487] 處理 4131...
  [OK] 4131: 找到 1 筆新聞
[42/487] 處理 1446...
  [OK] 1446: 找到 1 筆新聞
[43/487] 處理 4160...
  [OK] 4160: 找到 5 筆新聞
[44/487] 處理 6141...
  [OK] 6141: 找到 3 筆新聞
[45/487] 處理 6654...
  [OK] 6654: 找到 1 筆新聞
[46/487] 處理 4163...
  [OK] 4163: 找到 1 筆新聞
[47/487] 處理 5312...
  [OK] 5312: 找到 1 筆新聞
[48/487] 處理 1416...
  [-] 1416: 無符合條件的新聞
[49/487] 處理 6160...
  [OK] 6160: 找到 3 筆新聞
[50/487] 處理 3499...
  [OK] 3499: 找到 1 筆新聞
[51/487] 處理 1108...
  [OK] 1108: 找到 1 筆新聞
[52/487] 處理 7547...
  [-] 7547: 無符合條件的新聞
[53/487] 處理 4161...
  [OK] 4161: 找到 2 筆新聞
[54/487] 處理 4420...
  [OK] 4420: 找到 2 筆新聞
[55/487] 處理 4401...
  [-] 4401: 無符合條件的新聞
[56/487] 處理 4106...
  [-] 4106: 無符合條件的新聞
[57/487] 處理 6791...
  [OK] 6791: 找到 5 筆新聞
[58/487] 處理 3259...
  [-] 3259: 無符合條件的新聞
[59/487] 處理 2239...
  [OK] 2239: 找到 2 筆新聞
[60/487] 處理 4133...
  [-] 4133: 無符合條件的新聞
[61/487] 處理 3284...
  [-] 3284: 無符合條件的新聞
[62/487] 處理 2064...
  [OK] 2064: 找到 5 筆新聞
[63/487] 處理 3388...
  [-] 3388: 無符合條件的新聞
[64/487] 處理 2536...
  [OK] 2536: 找到 2 筆新聞
[65/487] 處理 5460...
  [OK] 5460: 找到 3 筆新聞
[66/487] 處理 8277...
  [-] 8277: 無符合條件的新聞
[67/487] 處理 8489...
  [-] 8489: 無符合條件的新聞
[68/487] 處理 9943...
  [-] 9943: 無符合條件的新聞
[69/487] 處理 4166...
  [OK] 4166: 找到 2 筆新聞
[70/487] 處理 8916...
  [-] 8916: 無符合條件的新聞
[71/487] 處理 2756...
  [-] 2756: 無符合條件的新聞
[72/487] 處理 5907...
  [OK] 5907: 找到 5 筆新聞
[73/487] 處理 5230...
  [-] 5230: 無符合條件的新聞
[74/487] 處理 1451...
  [OK] 1451: 找到 5 筆新聞
[75/487] 處理 1447...
  [-] 1447: 無符合條件的新聞
[76/487] 處理 9906...
  [OK] 9906: 找到 1 筆新聞
[77/487] 處理 1234...
  [OK] 1234: 找到 2 筆新聞
[78/487] 處理 6136...
  [OK] 6136: 找到 3 筆新聞
[79/487] 處理 6281...
  [-] 6281: 無符合條件的新聞
[80/487] 處理 9908...
  [OK] 9908: 找到 3 筆新聞
[81/487] 處理 6951...
  [-] 6951: 無符合條件的新聞
[82/487] 處理 2509...
  [-] 2509: 無符合條件的新聞
[83/487] 處理 1799...
  [-] 1799: 無符合條件的新聞
[84/487] 處理 5398...
  [-] 5398: 無符合條件的新聞
[85/487] 處理 5531...
  [OK] 5531: 找到 3 筆新聞
[86/487] 處理 6612...
  [-] 6612: 無符合條件的新聞
[87/487] 處理 1570...
  [-] 1570: 無符合條件的新聞
[88/487] 處理 4707...
  [-] 4707: 無符合條件的新聞
[89/487] 處理 1268...
  [-] 1268: 無符合條件的新聞
[90/487] 處理 3310...
  [-] 3310: 無符合條件的新聞
[91/487] 處理 6560...
  [-] 6560: 無符合條件的新聞
[92/487] 處理 6703...
  [OK] 6703: 找到 2 筆新聞
[93/487] 處理 1437...
  [OK] 1437: 找到 1 筆新聞
[94/487] 處理 3508...
  [OK] 3508: 找到 2 筆新聞
[95/487] 處理 1103...
  [-] 1103: 無符合條件的新聞
[96/487] 處理 4171...
  [OK] 4171: 找到 1 筆新聞
[97/487] 處理 3114...
  [OK] 3114: 找到 1 筆新聞
[98/487] 處理 8403...
  [-] 8403: 無符合條件的新聞
[99/487] 處理 6128...
  [OK] 6128: 找到 2 筆新聞
[100/487] 處理 1438...
  [OK] 1438: 找到 3 筆新聞
[101/487] 處理 8908...
  [-] 8908: 無符合條件的新聞
[102/487] 處理 6534...
  [OK] 6534: 找到 1 筆新聞
[103/487] 處理 2227...
  [-] 2227: 無符合條件的新聞
[104/487] 處理 3188...
  [OK] 3188: 找到 2 筆新聞
[105/487] 處理 5251...
  [OK] 5251: 找到 2 筆新聞
[106/487] 處理 6118...
  [OK] 6118: 找到 2 筆新聞
[107/487] 處理 8416...
  [-] 8416: 無符合條件的新聞
[108/487] 處理 4503...
  [-] 4503: 無符合條件的新聞
[109/487] 處理 6733...
  [-] 6733: 無符合條件的新聞
[110/487] 處理 6843...
  [OK] 6843: 找到 1 筆新聞
[111/487] 處理 1595...
  [OK] 1595: 找到 2 筆新聞
[112/487] 處理 6794...
  [-] 6794: 無符合條件的新聞
[113/487] 處理 3679...
  [-] 3679: 無符合條件的新聞
[114/487] 處理 2373...
  [OK] 2373: 找到 5 筆新聞
[115/487] 處理 3130...
  [OK] 3130: 找到 2 筆新聞
[116/487] 處理 1315...
  [-] 1315: 無符合條件的新聞
[117/487] 處理 6965...
  [-] 6965: 無符合條件的新聞
[118/487] 處理 6124...
  [OK] 6124: 找到 1 筆新聞
[119/487] 處理 6743...
  [OK] 6743: 找到 3 筆新聞
[120/487] 處理 5244...
  [-] 5244: 無符合條件的新聞
[121/487] 處理 1110...
  [OK] 1110: 找到 5 筆新聞
[122/487] 處理 6651...
  [-] 6651: 無符合條件的新聞
[123/487] 處理 4994...
  [-] 4994: 無符合條件的新聞
[124/487] 處理 3276...
  [-] 3276: 無符合條件的新聞
[125/487] 處理 4552...
  [OK] 4552: 找到 3 筆新聞
[126/487] 處理 6221...
  [OK] 6221: 找到 5 筆新聞
[127/487] 處理 8935...
  [OK] 8935: 找到 3 筆新聞
[128/487] 處理 6277...
  [-] 6277: 無符合條件的新聞
[129/487] 處理 2482...
  [-] 2482: 無符合條件的新聞
[130/487] 處理 1264...
  [-] 1264: 無符合條件的新聞
[131/487] 處理 6751...
  [-] 6751: 無符合條件的新聞
[132/487] 處理 6184...
  [-] 6184: 無符合條件的新聞
[133/487] 處理 4528...
  [OK] 4528: 找到 3 筆新聞
[134/487] 處理 3229...
  [-] 3229: 無符合條件的新聞
[135/487] 處理 6752...
  [-] 6752: 無符合條件的新聞
[136/487] 處理 1752...
  [-] 1752: 無符合條件的新聞
[137/487] 處理 6140...
  [-] 6140: 無符合條件的新聞
[138/487] 處理 2243...
  [OK] 2243: 找到 2 筆新聞
[139/487] 處理 1725...
  [-] 1725: 無符合條件的新聞
[140/487] 處理 4414...
  [-] 4414: 無符合條件的新聞
[141/487] 處理 4942...
  [-] 4942: 無符合條件的新聞
[142/487] 處理 2314...
  [OK] 2314: 找到 2 筆新聞
[143/487] 處理 5481...
  [OK] 5481: 找到 3 筆新聞
[144/487] 處理 1614...
  [OK] 1614: 找到 5 筆新聞
[145/487] 處理 3043...
  [OK] 3043: 找到 3 筆新聞
[146/487] 處理 4744...
  [OK] 4744: 找到 3 筆新聞
[147/487] 處理 4946...
  [OK] 4946: 找到 1 筆新聞
[148/487] 處理 6498...
  [-] 6498: 無符合條件的新聞
[149/487] 處理 6573...
  [OK] 6573: 找到 5 筆新聞
[150/487] 處理 6728...
  [-] 6728: 無符合條件的新聞
[151/487] 處理 7704...
  [-] 7704: 無符合條件的新聞
[152/487] 處理 6790...
  [-] 6790: 無符合條件的新聞
[153/487] 處理 8433...
  [OK] 8433: 找到 3 筆新聞
[154/487] 處理 3325...
  [OK] 3325: 找到 2 筆新聞
[155/487] 處理 4113...
  [OK] 4113: 找到 3 筆新聞
[156/487] 處理 6859...
  [-] 6859: 無符合條件的新聞
[157/487] 處理 6877...
  [-] 6877: 無符合條件的新聞
[158/487] 處理 1604...
  [OK] 1604: 找到 5 筆新聞
[159/487] 處理 4716...
  [-] 4716: 無符合條件的新聞
[160/487] 處理 2414...
  [OK] 2414: 找到 3 筆新聞
[161/487] 處理 1530...
  [-] 1530: 無符合條件的新聞
[162/487] 處理 6649...
  [-] 6649: 無符合條件的新聞
[163/487] 處理 3577...
  [OK] 3577: 找到 4 筆新聞
[164/487] 處理 6158...
  [OK] 6158: 找到 2 筆新聞
[165/487] 處理 6229...
  [OK] 6229: 找到 3 筆新聞
[166/487] 處理 2739...
  [-] 2739: 無符合條件的新聞
[167/487] 處理 5202...
  [OK] 5202: 找到 1 筆新聞
[168/487] 處理 2013...
  [-] 2013: 無符合條件的新聞
[169/487] 處理 1414...
  [OK] 1414: 找到 2 筆新聞
[170/487] 處理 2516...
  [OK] 2516: 找到 1 筆新聞
[171/487] 處理 7718...
  [-] 7718: 無符合條件的新聞
[172/487] 處理 5903...
  [OK] 5903: 找到 3 筆新聞
[173/487] 處理 6167...
  [-] 6167: 無符合條件的新聞
[174/487] 處理 1444...
  [OK] 1444: 找到 1 筆新聞
[175/487] 處理 2704...
  [-] 2704: 無符合條件的新聞
[176/487] 處理 6532...
  [-] 6532: 無符合條件的新聞
[177/487] 處理 2461...
  [-] 2461: 無符合條件的新聞
[178/487] 處理 3434...
  [OK] 3434: 找到 3 筆新聞
[179/487] 處理 1531...
  [OK] 1531: 找到 2 筆新聞
[180/487] 處理 2743...
  [OK] 2743: 找到 2 筆新聞
[181/487] 處理 4580...
  [OK] 4580: 找到 2 筆新聞
[182/487] 處理 3518...
  [OK] 3518: 找到 2 筆新聞
[183/487] 處理 2505...
  [-] 2505: 無符合條件的新聞
[184/487] 處理 3178...
  [-] 3178: 無符合條件的新聞
[185/487] 處理 4737...
  [OK] 4737: 找到 3 筆新聞
[186/487] 處理 2611...
  [-] 2611: 無符合條件的新聞
[187/487] 處理 6023...
  [OK] 6023: 找到 3 筆新聞
[188/487] 處理 4555...
  [-] 4555: 無符合條件的新聞
[189/487] 處理 1464...
  [OK] 1464: 找到 5 筆新聞
[190/487] 處理 6690...
  [-] 6690: 無符合條件的新聞
[191/487] 處理 5490...
  [OK] 5490: 找到 2 筆新聞
[192/487] 處理 1232...
  [-] 1232: 無符合條件的新聞
[193/487] 處理 6419...
  [-] 6419: 無符合條件的新聞
[194/487] 處理 3083...
  [-] 3083: 無符合條件的新聞
[195/487] 處理 6796...
  [-] 6796: 無符合條件的新聞
[196/487] 處理 2415...
  [-] 2415: 無符合條件的新聞
[197/487] 處理 2063...
  [-] 2063: 無符合條件的新聞
[198/487] 處理 8049...
  [-] 8049: 無符合條件的新聞
[199/487] 處理 8279...
  [-] 8279: 無符合條件的新聞
[200/487] 處理 1512...
  [OK] 1512: 找到 2 筆新聞
[201/487] 處理 2643...
  [-] 2643: 無符合條件的新聞
[202/487] 處理 6614...
  [-] 6614: 無符合條件的新聞
[203/487] 處理 9924...
  [-] 9924: 無符合條件的新聞
[204/487] 處理 8047...
  [-] 8047: 無符合條件的新聞
[205/487] 處理 3303...
  [OK] 3303: 找到 3 筆新聞
[206/487] 處理 2705...
  [OK] 2705: 找到 1 筆新聞
[207/487] 處理 6523...
  [-] 6523: 無符合條件的新聞
[208/487] 處理 1615...
  [-] 1615: 無符合條件的新聞
[209/487] 處理 5410...
  [OK] 5410: 找到 2 筆新聞
[210/487] 處理 4417...
  [OK] 4417: 找到 3 筆新聞
[211/487] 處理 6115...
  [OK] 6115: 找到 2 筆新聞
[212/487] 處理 3611...
  [OK] 3611: 找到 3 筆新聞
[213/487] 處理 6570...
  [-] 6570: 無符合條件的新聞
[214/487] 處理 8089...
  [OK] 8089: 找到 5 筆新聞
[215/487] 處理 9930...
  [-] 9930: 無符合條件的新聞
[216/487] 處理 5512...
  [OK] 5512: 找到 3 筆新聞
[217/487] 處理 5310...
  [-] 5310: 無符合條件的新聞
[218/487] 處理 1225...
  [-] 1225: 無符合條件的新聞
[219/487] 處理 2069...
  [-] 2069: 無符合條件的新聞
[220/487] 處理 2514...
  [OK] 2514: 找到 2 筆新聞
[221/487] 處理 8071...
  [OK] 8071: 找到 1 筆新聞
[222/487] 處理 6423...
  [OK] 6423: 找到 2 筆新聞
[223/487] 處理 6967...
  [-] 6967: 無符合條件的新聞
[224/487] 處理 6914...
  [-] 6914: 無符合條件的新聞
[225/487] 處理 3432...
  [OK] 3432: 找到 3 筆新聞
[226/487] 處理 2020...
  [OK] 2020: 找到 1 筆新聞
[227/487] 處理 2038...
  [OK] 2038: 找到 3 筆新聞
[228/487] 處理 5272...
  [-] 5272: 無符合條件的新聞
[229/487] 處理 1580...
  [OK] 1580: 找到 1 筆新聞
[230/487] 處理 6835...
  [-] 6835: 無符合條件的新聞
[231/487] 處理 4951...
  [-] 4951: 無符合條件的新聞
[232/487] 處理 6916...
  [OK] 6916: 找到 2 筆新聞
[233/487] 處理 6741...
  [OK] 6741: 找到 1 筆新聞
[234/487] 處理 5438...
  [-] 5438: 無符合條件的新聞
[235/487] 處理 9940...
  [OK] 9940: 找到 1 筆新聞
[236/487] 處理 6910...
  [OK] 6910: 找到 2 筆新聞
[237/487] 處理 1709...
  [-] 1709: 無符合條件的新聞
[238/487] 處理 1583...
  [OK] 1583: 找到 3 筆新聞
[239/487] 處理 8040...
  [-] 8040: 無符合條件的新聞
[240/487] 處理 3631...
  [OK] 3631: 找到 3 筆新聞
[241/487] 處理 1760...
  [OK] 1760: 找到 3 筆新聞
[242/487] 處理 6220...
  [-] 6220: 無符合條件的新聞
[243/487] 處理 2017...
  [-] 2017: 無符合條件的新聞
[244/487] 處理 2488...
  [OK] 2488: 找到 2 筆新聞
[245/487] 處理 1432...
  [-] 1432: 無符合條件的新聞
[246/487] 處理 1762...
  [OK] 1762: 找到 2 筆新聞
[247/487] 處理 3492...
  [OK] 3492: 找到 1 筆新聞
[248/487] 處理 6130...
  [OK] 6130: 找到 5 筆新聞
[249/487] 處理 7556...
  [OK] 7556: 找到 2 筆新聞
[250/487] 處理 2423...
  [-] 2423: 無符合條件的新聞
[251/487] 處理 3528...
  [-] 3528: 無符合條件的新聞
[252/487] 處理 3071...
  [OK] 3071: 找到 4 筆新聞
[253/487] 處理 5209...
  [OK] 5209: 找到 2 筆新聞
[254/487] 處理 3057...
  [OK] 3057: 找到 3 筆新聞
[255/487] 處理 1339...
  [-] 1339: 無符合條件的新聞
[256/487] 處理 1455...
  [OK] 1455: 找到 2 筆新聞
[257/487] 處理 2534...
  [-] 2534: 無符合條件的新聞
[258/487] 處理 9925...
  [OK] 9925: 找到 2 筆新聞
[259/487] 處理 3511...
  [-] 3511: 無符合條件的新聞
[260/487] 處理 5511...
  [OK] 5511: 找到 2 筆新聞
[261/487] 處理 2608...
  [-] 2608: 無符合條件的新聞
[262/487] 處理 3556...
  [-] 3556: 無符合條件的新聞
[263/487] 處理 3684...
  [-] 3684: 無符合條件的新聞
[264/487] 處理 3438...
  [OK] 3438: 找到 2 筆新聞
[265/487] 處理 1217...
  [OK] 1217: 找到 3 筆新聞
[266/487] 處理 2762...
  [OK] 2762: 找到 1 筆新聞
[267/487] 處理 5468...
  [OK] 5468: 找到 1 筆新聞
[268/487] 處理 6283...
  [OK] 6283: 找到 3 筆新聞
[269/487] 處理 4771...
  [-] 4771: 無符合條件的新聞
[270/487] 處理 6689...
  [OK] 6689: 找到 1 筆新聞
[271/487] 處理 2107...
  [-] 2107: 無符合條件的新聞
[272/487] 處理 6863...
  [-] 6863: 無符合條件的新聞
[273/487] 處理 8072...
  [OK] 8072: 找到 3 筆新聞
[274/487] 處理 2102...
  [-] 2102: 無符合條件的新聞
[275/487] 處理 5283...
  [-] 5283: 無符合條件的新聞
[276/487] 處理 1471...
  [OK] 1471: 找到 2 筆新聞
[277/487] 處理 5201...
  [OK] 5201: 找到 5 筆新聞
[278/487] 處理 5213...
  [OK] 5213: 找到 1 筆新聞
[279/487] 處理 9919...
  [-] 9919: 無符合條件的新聞
[280/487] 處理 4556...
  [OK] 4556: 找到 1 筆新聞
[281/487] 處理 2477...
  [OK] 2477: 找到 3 筆新聞
[282/487] 處理 2254...
  [-] 2254: 無符合條件的新聞
[283/487] 處理 1806...
  [OK] 1806: 找到 1 筆新聞
[284/487] 處理 3176...
  [-] 3176: 無符合條件的新聞
[285/487] 處理 1201...
  [OK] 1201: 找到 1 筆新聞
[286/487] 處理 6129...
  [OK] 6129: 找到 5 筆新聞
[287/487] 處理 3564...
  [-] 3564: 無符合條件的新聞
[288/487] 處理 4952...
  [-] 4952: 無符合條件的新聞
[289/487] 處理 1104...
  [-] 1104: 無符合條件的新聞
[290/487] 處理 1734...
  [OK] 1734: 找到 5 筆新聞
[291/487] 處理 2025...
  [OK] 2025: 找到 1 筆新聞
[292/487] 處理 5285...
  [-] 5285: 無符合條件的新聞
[293/487] 處理 3272...
  [-] 3272: 無符合條件的新聞
[294/487] 處理 6174...
  [-] 6174: 無符合條件的新聞
[295/487] 處理 6509...
  [OK] 6509: 找到 1 筆新聞
[296/487] 處理 4560...
  [OK] 4560: 找到 2 筆新聞
[297/487] 處理 3669...
  [-] 3669: 無符合條件的新聞
[298/487] 處理 3594...
  [OK] 3594: 找到 1 筆新聞
[299/487] 處理 8048...
  [OK] 8048: 找到 2 筆新聞
[300/487] 處理 6243...
  [OK] 6243: 找到 2 筆新聞
[301/487] 處理 3230...
  [-] 3230: 無符合條件的新聞
[302/487] 處理 2601...
  [OK] 2601: 找到 5 筆新聞
[303/487] 處理 6465...
  [OK] 6465: 找到 3 筆新聞
[304/487] 處理 3226...
  [OK] 3226: 找到 3 筆新聞
[305/487] 處理 8933...
  [-] 8933: 無符合條件的新聞
[306/487] 處理 2250...
  [OK] 2250: 找到 2 筆新聞
[307/487] 處理 9937...
  [OK] 9937: 找到 3 筆新聞
[308/487] 處理 6658...
  [-] 6658: 無符合條件的新聞
[309/487] 處理 3349...
  [OK] 3349: 找到 1 筆新聞
[310/487] 處理 2022...
  [OK] 2022: 找到 1 筆新聞
[311/487] 處理 3555...
  [-] 3555: 無符合條件的新聞
[312/487] 處理 1783...
  [-] 1783: 無符合條件的新聞
[313/487] 處理 8446...
  [OK] 8446: 找到 4 筆新聞
[314/487] 處理 1732...
  [-] 1732: 無符合條件的新聞
[315/487] 處理 3705...
  [-] 3705: 無符合條件的新聞
[316/487] 處理 3094...
  [OK] 3094: 找到 2 筆新聞
[317/487] 處理 3205...
  [OK] 3205: 找到 2 筆新聞
[318/487] 處理 6922...
  [OK] 6922: 找到 3 筆新聞
[319/487] 處理 3052...
  [-] 3052: 無符合條件的新聞
[320/487] 處理 9927...
  [OK] 9927: 找到 5 筆新聞
[321/487] 處理 6142...
  [-] 6142: 無符合條件的新聞
[322/487] 處理 5457...
  [OK] 5457: 找到 5 筆新聞
[323/487] 處理 5905...
  [-] 5905: 無符合條件的新聞
[324/487] 處理 3306...
  [OK] 3306: 找到 1 筆新聞
[325/487] 處理 4987...
  [OK] 4987: 找到 3 筆新聞
[326/487] 處理 4557...
  [-] 4557: 無符合條件的新聞
[327/487] 處理 1591...
  [-] 1591: 無符合條件的新聞
[328/487] 處理 5203...
  [OK] 5203: 找到 5 筆新聞
[329/487] 處理 6148...
  [-] 6148: 無符合條件的新聞
[330/487] 處理 7642...
  [-] 7642: 無符合條件的新聞
[331/487] 處理 2745...
  [-] 2745: 無符合條件的新聞
[332/487] 處理 6218...
  [-] 6218: 無符合條件的新聞
[333/487] 處理 2613...
  [-] 2613: 無符合條件的新聞
[334/487] 處理 2545...
  [-] 2545: 無符合條件的新聞
[335/487] 處理 3046...
  [OK] 3046: 找到 1 筆新聞
[336/487] 處理 4137...
  [OK] 4137: 找到 3 筆新聞
[337/487] 處理 2820...
  [-] 2820: 無符合條件的新聞
[338/487] 處理 6224...
  [OK] 6224: 找到 5 筆新聞
[339/487] 處理 6579...
  [OK] 6579: 找到 1 筆新聞
[340/487] 處理 3623...
  [OK] 3623: 找到 5 筆新聞
[341/487] 處理 2032...
  [OK] 2032: 找到 3 筆新聞
[342/487] 處理 6617...
  [-] 6617: 無符合條件的新聞
[343/487] 處理 2748...
  [-] 2748: 無符合條件的新聞
[344/487] 處理 6168...
  [OK] 6168: 找到 3 筆新聞
[345/487] 處理 3552...
  [OK] 3552: 找到 2 筆新聞
[346/487] 處理 2546...
  [-] 2546: 無符合條件的新聞
[347/487] 處理 6266...
  [-] 6266: 無符合條件的新聞
[348/487] 處理 6161...
  [-] 6161: 無符合條件的新聞
[349/487] 處理 6901...
  [OK] 6901: 找到 2 筆新聞
[350/487] 處理 8213...
  [-] 8213: 無符合條件的新聞
[351/487] 處理 6679...
  [OK] 6679: 找到 2 筆新聞
[352/487] 處理 3296...
  [OK] 3296: 找到 2 筆新聞
[353/487] 處理 1707...
  [OK] 1707: 找到 2 筆新聞
[354/487] 處理 3297...
  [OK] 3297: 找到 2 筆新聞
[355/487] 處理 8099...
  [-] 8099: 無符合條件的新聞
[356/487] 處理 3031...
  [-] 3031: 無符合條件的新聞
[357/487] 處理 2755...
  [OK] 2755: 找到 1 筆新聞
[358/487] 處理 8183...
  [OK] 8183: 找到 2 筆新聞
[359/487] 處理 2390...
  [OK] 2390: 找到 3 筆新聞
[360/487] 處理 6492...
  [-] 6492: 無符合條件的新聞
[361/487] 處理 1309...
  [OK] 1309: 找到 1 筆新聞
[362/487] 處理 4506...
  [-] 4506: 無符合條件的新聞
[363/487] 處理 1533...
  [OK] 1533: 找到 3 筆新聞
[364/487] 處理 2397...
  [OK] 2397: 找到 2 筆新聞
[365/487] 處理 3625...
  [OK] 3625: 找到 5 筆新聞
[366/487] 處理 2852...
  [OK] 2852: 找到 1 筆新聞
[367/487] 處理 8050...
  [-] 8050: 無符合條件的新聞
[368/487] 處理 9935...
  [OK] 9935: 找到 3 筆新聞
[369/487] 處理 5519...
  [OK] 5519: 找到 3 筆新聞
[370/487] 處理 4572...
  [OK] 4572: 找到 2 筆新聞
[371/487] 處理 2511...
  [OK] 2511: 找到 4 筆新聞
[372/487] 處理 4545...
  [-] 4545: 無符合條件的新聞
[373/487] 處理 6931...
  [-] 6931: 無符合條件的新聞
[374/487] 處理 2491...
  [OK] 2491: 找到 1 筆新聞
[375/487] 處理 5465...
  [OK] 5465: 找到 3 筆新聞
[376/487] 處理 6668...
  [OK] 6668: 找到 5 筆新聞
[377/487] 處理 6470...
  [OK] 6470: 找到 3 筆新聞
[378/487] 處理 6933...
  [OK] 6933: 找到 2 筆新聞
[379/487] 處理 7728...
  [-] 7728: 無符合條件的新聞
[380/487] 處理 2440...
  [OK] 2440: 找到 3 筆新聞
[381/487] 處理 3703...
  [OK] 3703: 找到 5 筆新聞
[382/487] 處理 2468...
  [-] 2468: 無符合條件的新聞
[383/487] 處理 2905...
  [OK] 2905: 找到 2 筆新聞
[384/487] 處理 8147...
  [OK] 8147: 找到 1 筆新聞
[385/487] 處理 9136...
  [-] 9136: 無符合條件的新聞
[386/487] 處理 3169...
  [-] 3169: 無符合條件的新聞
[387/487] 處理 6219...
  [-] 6219: 無符合條件的新聞
[388/487] 處理 6552...
  [-] 6552: 無符合條件的新聞
[389/487] 處理 6216...
  [OK] 6216: 找到 3 筆新聞
[390/487] 處理 3454...
  [-] 3454: 無符合條件的新聞
[391/487] 處理 6538...
  [OK] 6538: 找到 2 筆新聞
[392/487] 處理 9951...
  [OK] 9951: 找到 5 筆新聞
[393/487] 處理 3597...
  [-] 3597: 無符合條件的新聞
[394/487] 處理 3527...
  [OK] 3527: 找到 3 筆新聞
[395/487] 處理 6885...
  [-] 6885: 無符合條件的新聞
[396/487] 處理 6237...
  [-] 6237: 無符合條件的新聞
[397/487] 處理 6624...
  [OK] 6624: 找到 1 筆新聞
[398/487] 處理 6684...
  [-] 6684: 無符合條件的新聞
[399/487] 處理 8924...
  [-] 8924: 無符合條件的新聞
[400/487] 處理 4933...
  [OK] 4933: 找到 1 筆新聞
[401/487] 處理 3147...
  [OK] 3147: 找到 5 筆新聞
[402/487] 處理 3687...
  [OK] 3687: 找到 1 筆新聞
[403/487] 處理 6024...
  [-] 6024: 無符合條件的新聞
[404/487] 處理 3360...
  [OK] 3360: 找到 1 筆新聞
[405/487] 處理 6418...
  [-] 6418: 無符合條件的新聞
[406/487] 處理 7765...
  [OK] 7765: 找到 1 筆新聞
[407/487] 處理 5609...
  [-] 5609: 無符合條件的新聞
[408/487] 處理 8383...
  [OK] 8383: 找到 4 筆新聞
[409/487] 處理 8084...
  [-] 8084: 無符合條件的新聞
[410/487] 處理 6431...
  [OK] 6431: 找到 3 筆新聞
[411/487] 處理 3024...
  [-] 3024: 無符合條件的新聞
[412/487] 處理 2471...
  [-] 2471: 無符合條件的新聞
[413/487] 處理 6165...
  [OK] 6165: 找到 5 筆新聞
[414/487] 處理 6756...
  [OK] 6756: 找到 1 筆新聞
[415/487] 處理 2460...
  [OK] 2460: 找到 1 筆新聞
[416/487] 處理 2066...
  [OK] 2066: 找到 2 筆新聞
[417/487] 處理 5236...
  [-] 5236: 無符合條件的新聞
[418/487] 處理 3607...
  [-] 3607: 無符合條件的新聞
[419/487] 處理 7738...
  [OK] 7738: 找到 2 筆新聞
[420/487] 處理 3290...
  [OK] 3290: 找到 3 筆新聞
[421/487] 處理 8045...
  [-] 8045: 無符合條件的新聞
[422/487] 處理 6164...
  [-] 6164: 無符合條件的新聞
[423/487] 處理 4549...
  [OK] 4549: 找到 1 筆新聞
[424/487] 處理 8349...
  [-] 8349: 無符合條件的新聞
[425/487] 處理 5356...
  [OK] 5356: 找到 3 筆新聞
[426/487] 處理 3209...
  [OK] 3209: 找到 1 筆新聞
[427/487] 處理 6156...
  [-] 6156: 無符合條件的新聞
[428/487] 處理 3615...
  [-] 3615: 無符合條件的新聞
[429/487] 處理 5278...
  [-] 5278: 無符合條件的新聞
[430/487] 處理 5011...
  [-] 5011: 無符合條件的新聞
[431/487] 處理 1537...
  [OK] 1537: 找到 3 筆新聞
[432/487] 處理 3058...
  [OK] 3058: 找到 2 筆新聞
[433/487] 處理 8076...
  [-] 8076: 無符合條件的新聞
[434/487] 處理 5471...
  [OK] 5471: 找到 4 筆新聞
[435/487] 處理 4119...
  [-] 4119: 無符合條件的新聞
[436/487] 處理 4564...
  [OK] 4564: 找到 3 筆新聞
[437/487] 處理 8937...
  [OK] 8937: 找到 5 筆新聞
[438/487] 處理 6263...
  [-] 6263: 無符合條件的新聞
[439/487] 處理 6641...
  [OK] 6641: 找到 2 筆新聞
[440/487] 處理 1256...
  [-] 1256: 無符合條件的新聞
[441/487] 處理 1541...
  [OK] 1541: 找到 4 筆新聞
[442/487] 處理 3311...
  [-] 3311: 無符合條件的新聞
[443/487] 處理 2431...
  [OK] 2431: 找到 1 筆新聞
[444/487] 處理 3484...
  [OK] 3484: 找到 3 筆新聞
[445/487] 處理 3040...
  [-] 3040: 無符合條件的新聞
[446/487] 處理 2832...
  [-] 2832: 無符合條件的新聞
[447/487] 處理 3308...
  [-] 3308: 無符合條件的新聞
[448/487] 處理 4729...
  [OK] 4729: 找到 5 筆新聞
[449/487] 處理 2065...
  [-] 2065: 無符合條件的新聞
[450/487] 處理 1565...
  [OK] 1565: 找到 2 筆新聞
[451/487] 處理 5287...
  [OK] 5287: 找到 1 筆新聞
[452/487] 處理 4107...
  [-] 4107: 無符合條件的新聞
[453/487] 處理 5493...
  [OK] 5493: 找到 1 筆新聞
[454/487] 處理 3437...
  [OK] 3437: 找到 3 筆新聞
[455/487] 處理 5484...
  [-] 5484: 無符合條件的新聞
[456/487] 處理 5299...
  [OK] 5299: 找到 1 筆新聞
[457/487] 處理 4306...
  [-] 4306: 無符合條件的新聞
[458/487] 處理 2707...
  [OK] 2707: 找到 1 筆新聞
[459/487] 處理 6111...
  [OK] 6111: 找到 3 筆新聞
[460/487] 處理 6432...
  [OK] 6432: 找到 1 筆新聞
[461/487] 處理 4934...
  [OK] 4934: 找到 1 筆新聞
[462/487] 處理 1521...
  [-] 1521: 無符合條件的新聞
[463/487] 處理 8182...
  [OK] 8182: 找到 5 筆新聞
[464/487] 處理 8440...
  [OK] 8440: 找到 1 筆新聞
[465/487] 處理 4956...
  [OK] 4956: 找到 3 筆新聞
[466/487] 處理 2547...
  [-] 2547: 無符合條件的新聞
[467/487] 處理 5403...
  [-] 5403: 無符合條件的新聞
[468/487] 處理 3122...
  [-] 3122: 無符合條件的新聞
[469/487] 處理 4908...
  [OK] 4908: 找到 3 筆新聞
[470/487] 處理 1218...
  [OK] 1218: 找到 2 筆新聞
[471/487] 處理 1321...
  [OK] 1321: 找到 2 筆新聞
[472/487] 處理 6742...
  [OK] 6742: 找到 3 筆新聞
[473/487] 處理 3550...
  [OK] 3550: 找到 1 筆新聞
[474/487] 處理 2524...
  [OK] 2524: 找到 3 筆新聞
[475/487] 處理 1720...
  [OK] 1720: 找到 3 筆新聞
[476/487] 處理 8404...
  [OK] 8404: 找到 2 筆新聞
[477/487] 處理 4726...
  [-] 4726: 無符合條件的新聞
[478/487] 處理 8059...
  [OK] 8059: 找到 1 筆新聞
[479/487] 處理 3002...
  [-] 3002: 無符合條件的新聞
[480/487] 處理 2364...
  [OK] 2364: 找到 4 筆新聞
[481/487] 處理 2913...
  [OK] 2913: 找到 2 筆新聞
[482/487] 處理 9902...
  [-] 9902: 無符合條件的新聞
[483/487] 處理 9911...
  [-] 9911: 無符合條件的新聞
[484/487] 處理 1702...
  [-] 1702: 無符合條件的新聞
[485/487] 處理 6606...
  [-] 6606: 無符合條件的新聞
[486/487] 處理 5515...
  [-] 5515: 無符合條件的新聞
[487/487] 處理 3447...
  [OK] 3447: 找到 2 筆新聞

============================================================
[OK] 爬取完成!
============================================================
處理股票: 487 支
抓取新聞: 640 筆
耗時: 2042.3 秒
============================================================

[週二 2026/06/23 14:04:20.91] Running yahoo mid... 
d:\StockPulse\stocks_news\yahoo\crawler_mid.py:321: DeprecationWarning: 'asyncio.WindowsSelectorEventLoopPolicy' is deprecated and slated for removal in Python 3.16
  asyncio.set_event_loop_policy(asyncio.WindowsSelectorEventLoopPolicy())
d:\StockPulse\stocks_news\yahoo\crawler_mid.py:321: DeprecationWarning: 'asyncio.set_event_loop_policy' is deprecated and slated for removal in Python 3.16
  asyncio.set_event_loop_policy(asyncio.WindowsSelectorEventLoopPolicy())
⚡ [中間股] 爬蟲啟動（平衡模式）
📄 總共 487 支股票
✅ 已完成 0 支
🔄 待處理 487 支
⚙️  配置：並發=5（日期過濾在 fetch_content.py 處理）
⚡ 開始並行處理 487 個任務 (最大並發: 5)...

🚀 (2483) 掃描到 5 則新聞，開始儲存...
🚀 (2707) 掃描到 5 則新聞，開始儲存...
💾 (2483) 完成，共存入 5 則新聞
💾 (2707) 完成，共存入 5 則新聞
🚀 (1702) 掃描到 5 則新聞，開始儲存...
💾 (1702) 完成，共存入 5 則新聞
🚀 (3046) 掃描到 5 則新聞，開始儲存...
💾 (3046) 完成，共存入 5 則新聞
🚀 (5398) 掃描到 5 則新聞，開始儲存...
💾 (5398) 完成，共存入 5 則新聞
🚀 (1707) 掃描到 5 則新聞，開始儲存...
💾 (1707) 完成，共存入 5 則新聞
🚀 (5907) 掃描到 5 則新聞，開始儲存...
💾 (5907) 完成，共存入 5 則新聞
🚀 (2524) 掃描到 5 則新聞，開始儲存...
💾 (2524) 完成，共存入 5 則新聞
🚀 (8045) 掃描到 5 則新聞，開始儲存...
💾 (8045) 完成，共存入 5 則新聞
🚀 (1734) 掃描到 5 則新聞，開始儲存...
💾 (1734) 完成，共存入 5 則新聞
🚀 (5272) 掃描到 5 則新聞，開始儲存...
💾 (5272) 完成，共存入 5 則新聞
🚀 (3325) 掃描到 5 則新聞，開始儲存...
💾 (3325) 完成，共存入 5 則新聞
🚀 (2905) 掃描到 5 則新聞，開始儲存...
💾 (2905) 完成，共存入 5 則新聞
🚀 (8032) 掃描到 5 則新聞，開始儲存...
💾 (8032) 完成，共存入 5 則新聞
🚀 (3631) 掃描到 5 則新聞，開始儲存...
💾 (3631) 完成，共存入 5 則新聞
🚀 (4744) 掃描到 5 則新聞，開始儲存...
🚀 (6910) 掃描到 5 則新聞，開始儲存...
💾 (4744) 完成，共存入 5 則新聞
💾 (6910) 完成，共存入 5 則新聞
🚀 (9946) 掃描到 5 則新聞，開始儲存...
💾 (9946) 完成，共存入 5 則新聞
🚀 (6651) 掃描到 5 則新聞，開始儲存...
💾 (6651) 完成，共存入 5 則新聞
🚀 (2739) 掃描到 5 則新聞，開始儲存...
💾 (2739) 完成，共存入 5 則新聞
🚀 (2511) 掃描到 5 則新聞，開始儲存...
💾 (2511) 完成，共存入 5 則新聞
🚀 (6532) 掃描到 5 則新聞，開始儲存...
💾 (6532) 完成，共存入 5 則新聞
🚀 (3703) 掃描到 5 則新聞，開始儲存...
💾 (3703) 完成，共存入 5 則新聞
🚀 (7642) 掃描到 5 則新聞，開始儲存...
💾 (7642) 完成，共存入 5 則新聞
🚀 (6174) 掃描到 5 則新聞，開始儲存...
💾 (6174) 完成，共存入 5 則新聞
🚀 (3031) 掃描到 5 則新聞，開始儲存...
💾 (3031) 完成，共存入 5 則新聞
🚀 (3229) 掃描到 5 則新聞，開始儲存...
💾 (3229) 完成，共存入 5 則新聞
🚀 (1104) 掃描到 5 則新聞，開始儲存...
💾 (1104) 完成，共存入 5 則新聞
🚀 (3052) 掃描到 5 則新聞，開始儲存...
💾 (3052) 完成，共存入 5 則新聞
🚀 (2364) 掃描到 5 則新聞，開始儲存...
💾 (2364) 完成，共存入 5 則新聞
🚀 (8277) 掃描到 5 則新聞，開始儲存...
💾 (8277) 完成，共存入 5 則新聞
🚀 (1565) 掃描到 5 則新聞，開始儲存...
🚀 (8076) 掃描到 5 則新聞，開始儲存...
💾 (1565) 完成，共存入 5 則新聞
💾 (8076) 完成，共存入 5 則新聞
🚀 (3437) 掃描到 5 則新聞，開始儲存...
💾 (3437) 完成，共存入 5 則新聞
🚀 (2461) 掃描到 5 則新聞，開始儲存...
💾 (2461) 完成，共存入 5 則新聞
🚀 (5512) 掃描到 5 則新聞，開始儲存...
💾 (5512) 完成，共存入 5 則新聞
🚀 (6914) 掃描到 5 則新聞，開始儲存...
💾 (6914) 完成，共存入 5 則新聞
🚀 (8059) 掃描到 5 則新聞，開始儲存...
💾 (8059) 完成，共存入 5 則新聞
🚀 (6674) 掃描到 5 則新聞，開始儲存...
💾 (6674) 完成，共存入 5 則新聞
🚀 (5251) 掃描到 5 則新聞，開始儲存...
💾 (5251) 完成，共存入 5 則新聞
🚀 (3557) 掃描到 5 則新聞，開始儲存...
💾 (3557) 完成，共存入 5 則新聞
🚀 (1225) 掃描到 5 則新聞，開始儲存...
💾 (1225) 完成，共存入 5 則新聞
🚀 (5471) 掃描到 5 則新聞，開始儲存...
💾 (5471) 完成，共存入 5 則新聞
🚀 (3625) 掃描到 5 則新聞，開始儲存...
🚀 (2514) 掃描到 5 則新聞，開始儲存...
💾 (3625) 完成，共存入 5 則新聞
💾 (2514) 完成，共存入 5 則新聞
🚀 (4306) 掃描到 5 則新聞，開始儲存...
💾 (4306) 完成，共存入 5 則新聞
🚀 (3205) 掃描到 5 則新聞，開始儲存...
💾 (3205) 完成，共存入 5 則新聞
🚀 (1471) 掃描到 5 則新聞，開始儲存...
💾 (1471) 完成，共存入 5 則新聞
🚀 (3441) 掃描到 5 則新聞，開始儲存...
💾 (3441) 完成，共存入 5 則新聞
🚀 (6728) 掃描到 5 則新聞，開始儲存...
💾 (6728) 完成，共存入 5 則新聞
🚀 (4994) 掃描到 5 則新聞，開始儲存...
💾 (4994) 完成，共存入 5 則新聞
🚀 (1256) 掃描到 5 則新聞，開始儲存...
💾 (1256) 完成，共存入 5 則新聞
🚀 (5213) 掃描到 5 則新聞，開始儲存...
🚀 (5283) 掃描到 5 則新聞，開始儲存...
💾 (5283) 完成，共存入 5 則新聞
💾 (5213) 完成，共存入 5 則新聞
🚀 (2611) 掃描到 5 則新聞，開始儲存...
💾 (2611) 完成，共存入 5 則新聞
🚀 (6498) 掃描到 5 則新聞，開始儲存...
💾 (6498) 完成，共存入 5 則新聞
🚀 (2063) 掃描到 5 則新聞，開始儲存...
💾 (2063) 完成，共存入 5 則新聞
🚀 (6658) 掃描到 5 則新聞，開始儲存...
💾 (6658) 完成，共存入 5 則新聞
🚀 (1201) 掃描到 5 則新聞，開始儲存...
💾 (1201) 完成，共存入 5 則新聞
🚀 (6419) 掃描到 5 則新聞，開始儲存...
💾 (6419) 完成，共存入 5 則新聞
🚀 (5244) 掃描到 5 則新聞，開始儲存...
💾 (5244) 完成，共存入 5 則新聞
🚀 (2102) 掃描到 5 則新聞，開始儲存...
🚀 (8433) 掃描到 5 則新聞，開始儲存...
💾 (2102) 完成，共存入 5 則新聞
💾 (8433) 完成，共存入 5 則新聞
🚀 (1799) 掃描到 5 則新聞，開始儲存...
💾 (1799) 完成，共存入 5 則新聞
🚀 (5209) 掃描到 5 則新聞，開始儲存...
💾 (5209) 完成，共存入 5 則新聞
🚀 (1446) 掃描到 5 則新聞，開始儲存...
💾 (1446) 完成，共存入 5 則新聞
🚀 (7704) 掃描到 5 則新聞，開始儲存...
💾 (7704) 完成，共存入 5 則新聞
🚀 (3522) 掃描到 5 則新聞，開始儲存...
💾 (3522) 完成，共存入 5 則新聞
🚀 (4560) 掃描到 5 則新聞，開始儲存...
💾 (4560) 完成，共存入 5 則新聞
🚀 (3432) 掃描到 5 則新聞，開始儲存...
💾 (3432) 完成，共存入 5 則新聞
🚀 (3259) 掃描到 5 則新聞，開始儲存...
💾 (3259) 完成，共存入 5 則新聞
🚀 (1217) 掃描到 5 則新聞，開始儲存...
💾 (1217) 完成，共存入 5 則新聞
🚀 (6141) 掃描到 5 則新聞，開始儲存...
💾 (6141) 完成，共存入 5 則新聞
🚀 (7765) 掃描到 5 則新聞，開始儲存...
💾 (7765) 完成，共存入 5 則新聞
🚀 (4580) 掃描到 5 則新聞，開始儲存...
💾 (4580) 完成，共存入 5 則新聞
🚀 (2254) 掃描到 5 則新聞，開始儲存...
💾 (2254) 完成，共存入 5 則新聞
🚀 (6221) 掃描到 5 則新聞，開始儲存...
💾 (6221) 完成，共存入 5 則新聞
🚀 (2643) 掃描到 5 則新聞，開始儲存...
💾 (2643) 完成，共存入 5 則新聞
🚀 (8040) 掃描到 5 則新聞，開始儲存...
💾 (8040) 完成，共存入 5 則新聞
🚀 (5287) 掃描到 5 則新聞，開始儲存...
💾 (5287) 完成，共存入 5 則新聞
🚀 (1315) 掃描到 5 則新聞，開始儲存...
💾 (1315) 完成，共存入 5 則新聞
🚀 (6877) 掃描到 5 則新聞，開始儲存...
💾 (6877) 完成，共存入 5 則新聞
🚀 (1437) 掃描到 5 則新聞，開始儲存...
💾 (1437) 完成，共存入 5 則新聞
🚀 (5490) 掃描到 5 則新聞，開始儲存...
💾 (5490) 完成，共存入 5 則新聞
🚀 (8440) 掃描到 5 則新聞，開始儲存...
💾 (8440) 完成，共存入 5 則新聞
🚀 (6570) 掃描到 5 則新聞，開始儲存...
💾 (6570) 完成，共存入 5 則新聞
🚀 (6922) 掃描到 5 則新聞，開始儲存...
💾 (6922) 完成，共存入 5 則新聞
🚀 (8933) 掃描到 5 則新聞，開始儲存...
💾 (8933) 完成，共存入 5 則新聞
🚀 (5299) 掃描到 5 則新聞，開始儲存...
💾 (5299) 完成，共存入 5 則新聞
🚀 (4572) 掃描到 5 則新聞，開始儲存...
🚀 (2705) 掃描到 5 則新聞，開始儲存...
💾 (4572) 完成，共存入 5 則新聞
💾 (2705) 完成，共存入 5 則新聞
🚀 (2020) 掃描到 5 則新聞，開始儲存...
💾 (2020) 完成，共存入 5 則新聞
🚀 (8213) 掃描到 5 則新聞，開始儲存...
💾 (8213) 完成，共存入 5 則新聞
🚀 (5905) 掃描到 5 則新聞，開始儲存...
💾 (5905) 完成，共存入 5 則新聞
🚀 (1455) 掃描到 5 則新聞，開始儲存...
💾 (1455) 完成，共存入 5 則新聞
🚀 (3564) 掃描到 5 則新聞，開始儲存...
💾 (3564) 完成，共存入 5 則新聞
🚀 (2482) 掃描到 5 則新聞，開始儲存...
💾 (2482) 完成，共存入 5 則新聞
🚀 (1110) 掃描到 5 則新聞，開始儲存...
💾 (1110) 完成，共存入 5 則新聞
🚀 (9925) 掃描到 5 則新聞，開始儲存...
💾 (9925) 完成，共存入 5 則新聞
🚀 (6129) 掃描到 5 則新聞，開始儲存...
💾 (6129) 完成，共存入 5 則新聞
🚀 (1720) 掃描到 5 則新聞，開始儲存...
💾 (1720) 完成，共存入 5 則新聞
🚀 (5481) 掃描到 5 則新聞，開始儲存...
💾 (5481) 完成，共存入 5 則新聞
🚀 (2816) 掃描到 5 則新聞，開始儲存...
💾 (2816) 完成，共存入 5 則新聞
🚀 (1447) 掃描到 5 則新聞，開始儲存...
🚀 (4951) 掃描到 5 則新聞，開始儲存...
💾 (1447) 完成，共存入 5 則新聞
💾 (4951) 完成，共存入 5 則新聞
🚀 (4119) 掃描到 5 則新聞，開始儲存...
💾 (4119) 完成，共存入 5 則新聞
🚀 (2440) 掃描到 5 則新聞，開始儲存...
💾 (2440) 完成，共存入 5 則新聞
🚀 (3296) 掃描到 5 則新聞，開始儲存...
💾 (3296) 完成，共存入 5 則新聞
🚀 (4737) 掃描到 5 則新聞，開始儲存...
💾 (4737) 完成，共存入 5 則新聞
🚀 (4171) 掃描到 5 則新聞，開始儲存...
💾 (4171) 完成，共存入 5 則新聞
🚀 (3434) 掃描到 5 則新聞，開始儲存...
💾 (3434) 完成，共存入 5 則新聞
🚀 (1762) 掃描到 5 則新聞，開始儲存...
💾 (1762) 完成，共存入 5 則新聞
🚀 (6690) 掃描到 5 則新聞，開始儲存...
💾 (6690) 完成，共存入 5 則新聞
🚀 (1537) 掃描到 5 則新聞，開始儲存...
💾 (1537) 完成，共存入 5 則新聞
🚀 (1414) 掃描到 5 則新聞，開始儲存...
💾 (1414) 完成，共存入 5 則新聞
🚀 (4952) 掃描到 5 則新聞，開始儲存...
💾 (4952) 完成，共存入 5 則新聞
🚀 (6752) 掃描到 5 則新聞，開始儲存...
💾 (6752) 完成，共存入 5 則新聞
🚀 (6418) 掃描到 5 則新聞，開始儲存...
💾 (6418) 完成，共存入 5 則新聞
🚀 (6220) 掃描到 5 則新聞，開始儲存...
💾 (6220) 完成，共存入 5 則新聞
🚀 (2762) 掃描到 5 則新聞，開始儲存...
💾 (2762) 完成，共存入 5 則新聞
🚀 (6796) 掃描到 5 則新聞，開始儲存...
💾 (6796) 完成，共存入 5 則新聞
🚀 (6229) 掃描到 5 則新聞，開始儲存...
💾 (6229) 完成，共存入 5 則新聞
🚀 (3570) 掃描到 5 則新聞，開始儲存...
💾 (3570) 完成，共存入 5 則新聞
🚀 (1264) 掃描到 5 則新聞，開始儲存...
💾 (1264) 完成，共存入 5 則新聞
🚀 (8182) 掃描到 5 則新聞，開始儲存...
💾 (8182) 完成，共存入 5 則新聞
🚀 (5202) 掃描到 5 則新聞，開始儲存...
💾 (5202) 完成，共存入 5 則新聞
🚀 (1268) 掃描到 5 則新聞，開始儲存...
💾 (1268) 完成，共存入 5 則新聞
🚀 (4956) 掃描到 5 則新聞，開始儲存...
💾 (4956) 完成，共存入 5 則新聞
🚀 (6237) 掃描到 5 則新聞，開始儲存...
💾 (6237) 完成，共存入 5 則新聞
🚀 (9927) 掃描到 5 則新聞，開始儲存...
💾 (9927) 完成，共存入 5 則新聞
🚀 (5493) 掃描到 5 則新聞，開始儲存...
💾 (5493) 完成，共存入 5 則新聞
🚀 (1788) 掃描到 5 則新聞，開始儲存...
💾 (1788) 完成，共存入 5 則新聞
🚀 (2505) 掃描到 5 則新聞，開始儲存...
💾 (2505) 完成，共存入 5 則新聞
🚀 (8937) 掃描到 5 則新聞，開始儲存...
💾 (8937) 完成，共存入 5 則新聞
🚀 (6124) 掃描到 5 則新聞，開始儲存...
💾 (6124) 完成，共存入 5 則新聞
🚀 (6538) 掃描到 5 則新聞，開始儲存...
💾 (6538) 完成，共存入 5 則新聞
🚀 (1615) 掃描到 5 則新聞，開始儲存...
💾 (1615) 完成，共存入 5 則新聞
🚀 (3303) 掃描到 5 則新聞，開始儲存...
💾 (3303) 完成，共存入 5 則新聞
🚀 (1760) 掃描到 5 則新聞，開始儲存...
💾 (1760) 完成，共存入 5 則新聞
🚀 (4528) 掃描到 5 則新聞，開始儲存...
💾 (4528) 完成，共存入 5 則新聞
🚀 (9924) 掃描到 5 則新聞，開始儲存...
💾 (9924) 完成，共存入 5 則新聞
🚀 (1732) 掃描到 5 則新聞，開始儲存...
💾 (1732) 完成，共存入 5 則新聞
🚀 (6617) 掃描到 5 則新聞，開始儲存...
💾 (6617) 完成，共存入 5 則新聞
🚀 (4106) 掃描到 5 則新聞，開始儲存...
💾 (4106) 完成，共存入 5 則新聞
🚀 (5460) 掃描到 5 則新聞，開始儲存...
💾 (5460) 完成，共存入 5 則新聞
🚀 (4564) 掃描到 5 則新聞，開始儲存...
💾 (4564) 完成，共存入 5 則新聞
🚀 (4946) 掃描到 5 則新聞，開始儲存...
💾 (4946) 完成，共存入 5 則新聞
🚀 (4716) 掃描到 5 則新聞，開始儲存...
💾 (4716) 完成，共存入 5 則新聞
🚀 (3349) 掃描到 5 則新聞，開始儲存...
💾 (3349) 完成，共存入 5 則新聞
🚀 (4557) 掃描到 5 則新聞，開始儲存...
💾 (4557) 完成，共存入 5 則新聞
🚀 (3552) 掃描到 5 則新聞，開始儲存...
💾 (3552) 完成，共存入 5 則新聞
🚀 (6277) 掃描到 5 則新聞，開始儲存...
💾 (6277) 完成，共存入 5 則新聞
🚀 (8916) 掃描到 5 則新聞，開始儲存...
💾 (8916) 完成，共存入 5 則新聞
🚀 (5511) 掃描到 5 則新聞，開始儲存...
💾 (5511) 完成，共存入 5 則新聞
🚀 (1595) 掃描到 5 則新聞，開始儲存...
💾 (1595) 完成，共存入 5 則新聞
🚀 (6901) 掃描到 5 則新聞，開始儲存...
💾 (6901) 完成，共存入 5 則新聞
🚀 (6492) 掃描到 5 則新聞，開始儲存...
💾 (6492) 完成，共存入 5 則新聞
🚀 (6843) 掃描到 5 則新聞，開始儲存...
💾 (6843) 完成，共存入 5 則新聞
🚀 (2743) 掃描到 5 則新聞，開始儲存...
💾 (2743) 完成，共存入 5 則新聞
🚀 (1591) 掃描到 5 則新聞，開始儲存...
💾 (1591) 完成，共存入 5 則新聞
🚀 (6552) 掃描到 5 則新聞，開始儲存...
💾 (6552) 完成，共存入 5 則新聞
🚀 (6743) 掃描到 5 則新聞，開始儲存...
💾 (6743) 完成，共存入 5 則新聞
🚀 (6509) 掃描到 5 則新聞，開始儲存...
💾 (6509) 完成，共存入 5 則新聞
🚀 (1531) 掃描到 5 則新聞，開始儲存...
💾 (1531) 完成，共存入 5 則新聞
🚀 (2608) 掃描到 5 則新聞，開始儲存...
💾 (2608) 完成，共存入 5 則新聞
🚀 (2064) 掃描到 5 則新聞，開始儲存...
💾 (2064) 完成，共存入 5 則新聞
🚀 (7718) 掃描到 5 則新聞，開始儲存...
💾 (7718) 完成，共存入 5 則新聞
🚀 (6573) 掃描到 5 則新聞，開始儲存...
💾 (6573) 完成，共存入 5 則新聞
🚀 (4401) 掃描到 5 則新聞，開始儲存...
💾 (4401) 完成，共存入 5 則新聞
🚀 (3555) 掃描到 5 則新聞，開始儲存...
💾 (3555) 完成，共存入 5 則新聞
🚀 (4131) 掃描到 5 則新聞，開始儲存...
💾 (4131) 完成，共存入 5 則新聞
🚀 (6859) 掃描到 5 則新聞，開始儲存...
💾 (6859) 完成，共存入 5 則新聞
🚀 (6534) 掃描到 5 則新聞，開始儲存...
💾 (6534) 完成，共存入 5 則新聞
🚀 (6224) 掃描到 5 則新聞，開始儲存...
💾 (6224) 完成，共存入 5 則新聞
🚀 (3679) 掃描到 5 則新聞，開始儲存...
💾 (3679) 完成，共存入 5 則新聞
🚀 (3360) 掃描到 5 則新聞，開始儲存...
💾 (3360) 完成，共存入 5 則新聞
🚀 (9935) 掃描到 5 則新聞，開始儲存...
💾 (9935) 完成，共存入 5 則新聞
🚀 (3684) 掃描到 5 則新聞，開始儲存...
💾 (3684) 完成，共存入 5 則新聞
🚀 (6794) 掃描到 5 則新聞，開始儲存...
💾 (6794) 完成，共存入 5 則新聞
🚀 (6916) 掃描到 5 則新聞，開始儲存...
💾 (6916) 完成，共存入 5 則新聞
🚀 (2069) 掃描到 5 則新聞，開始儲存...
💾 (2069) 完成，共存入 5 則新聞
🚀 (3577) 掃描到 5 則新聞，開始儲存...
🚀 (2066) 掃描到 5 則新聞，開始儲存...
💾 (3577) 完成，共存入 5 則新聞
💾 (2066) 完成，共存入 5 則新聞
🚀 (1604) 掃描到 5 則新聞，開始儲存...
💾 (1604) 完成，共存入 5 則新聞
🚀 (1570) 掃描到 5 則新聞，開始儲存...
💾 (1570) 完成，共存入 5 則新聞
🚀 (1580) 掃描到 5 則新聞，開始儲存...
💾 (1580) 完成，共存入 5 則新聞
🚀 (2509) 掃描到 5 則新聞，開始儲存...
💾 (2509) 完成，共存入 5 則新聞
🚀 (3615) 掃描到 5 則新聞，開始儲存...
💾 (3615) 完成，共存入 5 則新聞
🚀 (6965) 掃描到 5 則新聞，開始儲存...
💾 (6965) 完成，共存入 5 則新聞
🚀 (1777) 掃描到 5 則新聞，開始儲存...
💾 (1777) 完成，共存入 5 則新聞
🚀 (6023) 掃描到 5 則新聞，開始儲存...
💾 (6023) 完成，共存入 5 則新聞
🚀 (2460) 掃描到 5 則新聞，開始儲存...
💾 (2460) 完成，共存入 5 則新聞
🚀 (2227) 掃描到 5 則新聞，開始儲存...
💾 (2227) 完成，共存入 5 則新聞
🚀 (6733) 掃描到 5 則新聞，開始儲存...
💾 (6733) 完成，共存入 5 則新聞
🚀 (6614) 掃描到 5 則新聞，開始儲存...
💾 (6614) 完成，共存入 5 則新聞
🚀 (6742) 掃描到 5 則新聞，開始儲存...
💾 (6742) 完成，共存入 5 則新聞
🚀 (3499) 掃描到 5 則新聞，開始儲存...
💾 (3499) 完成，共存入 5 則新聞
🚀 (3607) 掃描到 5 則新聞，開始儲存...
💾 (3607) 完成，共存入 5 則新聞
🚀 (6689) 掃描到 5 則新聞，開始儲存...
💾 (6689) 完成，共存入 5 則新聞
🚀 (9943) 掃描到 5 則新聞，開始儲存...
💾 (9943) 完成，共存入 5 則新聞
🚀 (6218) 掃描到 5 則新聞，開始儲存...
💾 (6218) 完成，共存入 5 則新聞
🚀 (4111) 掃描到 5 則新聞，開始儲存...
💾 (4111) 完成，共存入 5 則新聞
🚀 (5203) 掃描到 5 則新聞，開始儲存...
💾 (5203) 完成，共存入 5 則新聞
🚀 (5484) 掃描到 5 則新聞，開始儲存...
💾 (5484) 完成，共存入 5 則新聞
🚀 (3447) 掃描到 5 則新聞，開始儲存...
💾 (3447) 完成，共存入 5 則新聞
🚀 (1752) 掃描到 5 則新聞，開始儲存...
💾 (1752) 完成，共存入 5 則新聞
🚀 (3308) 掃描到 5 則新聞，開始儲存...
💾 (3308) 完成，共存入 5 則新聞
🚀 (3188) 掃描到 5 則新聞，開始儲存...
💾 (3188) 完成，共存入 5 則新聞
🚀 (6560) 掃描到 5 則新聞，開始儲存...
💾 (6560) 完成，共存入 5 則新聞
🚀 (8279) 掃描到 5 則新聞，開始儲存...
💾 (8279) 完成，共存入 5 則新聞
🚀 (7757) 掃描到 5 則新聞，開始儲存...
💾 (7757) 完成，共存入 5 則新聞
🚀 (3130) 掃描到 5 則新聞，開始儲存...
💾 (3130) 完成，共存入 5 則新聞
🚀 (6243) 掃描到 5 則新聞，開始儲存...
💾 (6243) 完成，共存入 5 則新聞
🚀 (1806) 掃描到 5 則新聞，開始儲存...
💾 (1806) 完成，共存入 5 則新聞
🚀 (3492) 掃描到 5 則新聞，開始儲存...
💾 (3492) 完成，共存入 5 則新聞
🚀 (9902) 掃描到 5 則新聞，開始儲存...
💾 (9902) 完成，共存入 5 則新聞
🚀 (2107) 掃描到 5 則新聞，開始儲存...
💾 (2107) 完成，共存入 5 則新聞
🚀 (3687) 掃描到 5 則新聞，開始儲存...
💾 (3687) 完成，共存入 5 則新聞
🚀 (3147) 掃描到 5 則新聞，開始儲存...
💾 (3147) 完成，共存入 5 則新聞
🚀 (2756) 掃描到 5 則新聞，開始儲存...
💾 (2756) 完成，共存入 5 則新聞
🚀 (4555) 掃描到 5 則新聞，開始儲存...
💾 (4555) 完成，共存入 5 則新聞
🚀 (6679) 掃描到 5 則新聞，開始儲存...
💾 (6679) 完成，共存入 5 則新聞
🚀 (6140) 掃描到 5 則新聞，開始儲存...
🚀 (1598) 掃描到 5 則新聞，開始儲存...
💾 (6140) 完成，共存入 5 則新聞
💾 (1598) 完成，共存入 5 則新聞
🚀 (6283) 掃描到 5 則新聞，開始儲存...
💾 (6283) 完成，共存入 5 則新聞
🚀 (2913) 掃描到 5 則新聞，開始儲存...
💾 (2913) 完成，共存入 5 則新聞
🚀 (5403) 掃描到 5 則新聞，開始儲存...
💾 (5403) 完成，共存入 5 則新聞
🚀 (1541) 掃描到 5 則新聞，開始儲存...
💾 (1541) 完成，共存入 5 則新聞
🚀 (1309) 掃描到 5 則新聞，開始儲存...
💾 (1309) 完成，共存入 5 則新聞
🚀 (3169) 掃描到 5 則新聞，開始儲存...
💾 (3169) 完成，共存入 5 則新聞
🚀 (8147) 掃描到 5 則新聞，開始儲存...
💾 (8147) 完成，共存入 5 則新聞
🚀 (6219) 掃描到 5 則新聞，開始儲存...
💾 (6219) 完成，共存入 5 則新聞
🚀 (8089) 掃描到 5 則新聞，開始儲存...
💾 (8089) 完成，共存入 5 則新聞
🚀 (3313) 掃描到 5 則新聞，開始儲存...
💾 (3313) 完成，共存入 5 則新聞
🚀 (1521) 掃描到 5 則新聞，開始儲存...
💾 (1521) 完成，共存入 5 則新聞
🚀 (1438) 掃描到 5 則新聞，開始儲存...
💾 (1438) 完成，共存入 5 則新聞
🚀 (4933) 掃描到 5 則新聞，開始儲存...
💾 (4933) 完成，共存入 5 則新聞
🚀 (4942) 掃描到 5 則新聞，開始儲存...
💾 (4942) 完成，共存入 5 則新聞
🚀 (6649) 掃描到 5 則新聞，開始儲存...
💾 (6649) 完成，共存入 5 則新聞
🚀 (4729) 掃描到 5 則新聞，開始儲存...
💾 (4729) 完成，共存入 5 則新聞
🚀 (6684) 掃描到 5 則新聞，開始儲存...
💾 (6684) 完成，共存入 5 則新聞
🚀 (8489) 掃描到 5 則新聞，開始儲存...
💾 (8489) 完成，共存入 5 則新聞
🚀 (4545) 掃描到 5 則新聞，開始儲存...
💾 (4545) 完成，共存入 5 則新聞
🚀 (9906) 掃描到 5 則新聞，開始儲存...
💾 (9906) 完成，共存入 5 則新聞
🚀 (1530) 掃描到 5 則新聞，開始儲存...
💾 (1530) 完成，共存入 5 則新聞
🚀 (2022) 掃描到 5 則新聞，開始儲存...
💾 (2022) 完成，共存入 5 則新聞
🚀 (3276) 掃描到 5 則新聞，開始儲存...
💾 (3276) 完成，共存入 5 則新聞
🚀 (8404) 掃描到 5 則新聞，開始儲存...
💾 (8404) 完成，共存入 5 則新聞
🚀 (2028) 掃描到 5 則新聞，開始儲存...
💾 (2028) 完成，共存入 5 則新聞
🚀 (2536) 掃描到 5 則新聞，開始儲存...
💾 (2536) 完成，共存入 5 則新聞
🚀 (3310) 掃描到 5 則新聞，開始儲存...
💾 (3310) 完成，共存入 5 則新聞
🚀 (6703) 掃描到 5 則新聞，開始儲存...
💾 (6703) 完成，共存入 5 則新聞
🚀 (6136) 掃描到 5 則新聞，開始儲存...
💾 (6136) 完成，共存入 5 則新聞
🚀 (3508) 掃描到 5 則新聞，開始儲存...
💾 (3508) 完成，共存入 5 則新聞
🚀 (9911) 掃描到 5 則新聞，開始儲存...
💾 (9911) 完成，共存入 5 則新聞
🚀 (5515) 掃描到 5 則新聞，開始儲存...
💾 (5515) 完成，共存入 5 則新聞
🚀 (2601) 掃描到 5 則新聞，開始儲存...
💾 (2601) 完成，共存入 5 則新聞
🚀 (5312) 掃描到 5 則新聞，開始儲存...
💾 (5312) 完成，共存入 5 則新聞
🚀 (2065) 掃描到 5 則新聞，開始儲存...
💾 (2065) 完成，共存入 5 則新聞
🚀 (1103) 掃描到 5 則新聞，開始儲存...
💾 (1103) 完成，共存入 5 則新聞
🚀 (2250) 掃描到 5 則新聞，開始儲存...
💾 (2250) 完成，共存入 5 則新聞
🚀 (6606) 掃描到 5 則新聞，開始儲存...
💾 (6606) 完成，共存入 5 則新聞
🚀 (8183) 掃描到 5 則新聞，開始儲存...
💾 (8183) 完成，共存入 5 則新聞
🚀 (1583) 掃描到 5 則新聞，開始儲存...
💾 (1583) 完成，共存入 5 則新聞
🚀 (9951) 掃描到 5 則新聞，開始儲存...
💾 (9951) 完成，共存入 5 則新聞
🚀 (3611) 掃描到 5 則新聞，開始儲存...
💾 (3611) 完成，共存入 5 則新聞
🚀 (4173) 掃描到 5 則新聞，開始儲存...
💾 (4173) 完成，共存入 5 則新聞
🚀 (2431) 掃描到 5 則新聞，開始儲存...
💾 (2431) 完成，共存入 5 則新聞
🚀 (3297) 掃描到 5 則新聞，開始儲存...
💾 (3297) 完成，共存入 5 則新聞
🚀 (8050) 掃描到 5 則新聞，開始儲存...
💾 (8050) 完成，共存入 5 則新聞
🚀 (6668) 掃描到 5 則新聞，開始儲存...
💾 (6668) 完成，共存入 5 則新聞
🚀 (5310) 掃描到 5 則新聞，開始儲存...
💾 (5310) 完成，共存入 5 則新聞
🚀 (3230) 掃描到 5 則新聞，開始儲存...
💾 (3230) 完成，共存入 5 則新聞
🚀 (1735) 掃描到 5 則新聞，開始儲存...
🚀 (3114) 掃描到 5 則新聞，開始儲存...
💾 (1735) 完成，共存入 5 則新聞
💾 (3114) 完成，共存入 5 則新聞
🚀 (8071) 掃描到 5 則新聞，開始儲存...
💾 (8071) 完成，共存入 5 則新聞
🚀 (5457) 掃描到 5 則新聞，開始儲存...
💾 (5457) 完成，共存入 5 則新聞
🚀 (5278) 掃描到 5 則新聞，開始儲存...
💾 (5278) 完成，共存入 5 則新聞
🚀 (6111) 掃描到 5 則新聞，開始儲存...
💾 (6111) 完成，共存入 5 則新聞
🚀 (3669) 掃描到 5 則新聞，開始儲存...
💾 (3669) 完成，共存入 5 則新聞
🚀 (6165) 掃描到 5 則新聞，開始儲存...
💾 (6165) 完成，共存入 5 則新聞
🚀 (9908) 掃描到 5 則新聞，開始儲存...
💾 (9908) 完成，共存入 5 則新聞
🚀 (5230) 掃描到 5 則新聞，開始儲存...
💾 (5230) 完成，共存入 5 則新聞
🚀 (6142) 掃描到 5 則新聞，開始儲存...
💾 (6142) 完成，共存入 5 則新聞
🚀 (8047) 掃描到 5 則新聞，開始儲存...
💾 (8047) 完成，共存入 5 則新聞
🚀 (2390) 掃描到 5 則新聞，開始儲存...
💾 (2390) 完成，共存入 5 則新聞
🚀 (5438) 掃描到 5 則新聞，開始儲存...
💾 (5438) 完成，共存入 5 則新聞
🚀 (5356) 掃描到 5 則新聞，開始儲存...
💾 (5356) 完成，共存入 5 則新聞
🚀 (3002) 掃描到 5 則新聞，開始儲存...
💾 (3002) 完成，共存入 5 則新聞
🚀 (3287) 掃描到 5 則新聞，開始儲存...
💾 (3287) 完成，共存入 5 則新聞
🚀 (8442) 掃描到 5 則新聞，開始儲存...
💾 (8442) 完成，共存入 5 則新聞
🚀 (4133) 掃描到 5 則新聞，開始儲存...
💾 (4133) 完成，共存入 5 則新聞
🚀 (6161) 掃描到 5 則新聞，開始儲存...
💾 (6161) 完成，共存入 5 則新聞
🚀 (3332) 掃描到 5 則新聞，開始儲存...
💾 (3332) 完成，共存入 5 則新聞
🚀 (1232) 掃描到 5 則新聞，開始儲存...
💾 (1232) 完成，共存入 5 則新聞
🚀 (5236) 掃描到 5 則新聞，開始儲存...
💾 (5236) 完成，共存入 5 則新聞
🚀 (1218) 掃描到 5 則新聞，開始儲存...
💾 (1218) 完成，共存入 5 則新聞
🚀 (6470) 掃描到 5 則新聞，開始儲存...
💾 (6470) 完成，共存入 5 則新聞
🚀 (5011) 掃描到 5 則新聞，開始儲存...
💾 (5011) 完成，共存入 5 則新聞
🚀 (2013) 掃描到 5 則新聞，開始儲存...
💾 (2013) 完成，共存入 5 則新聞
🚀 (1725) 掃描到 5 則新聞，開始儲存...
💾 (1725) 完成，共存入 5 則新聞
🚀 (3043) 掃描到 5 則新聞，開始儲存...
💾 (3043) 完成，共存入 5 則新聞
🚀 (3594) 掃描到 5 則新聞，開始儲存...
💾 (3594) 完成，共存入 5 則新聞
🚀 (4771) 掃描到 5 則新聞，開始儲存...
💾 (4771) 完成，共存入 5 則新聞
🚀 (6835) 掃描到 5 則新聞，開始儲存...
💾 (6835) 完成，共存入 5 則新聞
🚀 (4506) 掃描到 5 則新聞，開始儲存...
💾 (4506) 完成，共存入 5 則新聞
🚀 (1451) 掃描到 5 則新聞，開始儲存...
💾 (1451) 完成，共存入 5 則新聞
🚀 (4503) 掃描到 5 則新聞，開始儲存...
💾 (4503) 完成，共存入 5 則新聞
🚀 (7556) 掃描到 5 則新聞，開始儲存...
💾 (7556) 完成，共存入 5 則新聞
🚀 (8924) 掃描到 5 則新聞，開始儲存...
💾 (8924) 完成，共存入 5 則新聞
🚀 (6148) 掃描到 5 則新聞，開始儲存...
💾 (6148) 完成，共存入 5 則新聞
🚀 (7721) 掃描到 5 則新聞，開始儲存...
💾 (7721) 完成，共存入 5 則新聞
🚀 (3311) 掃描到 5 則新聞，開始儲存...
💾 (3311) 完成，共存入 5 則新聞
🚀 (3306) 掃描到 5 則新聞，開始儲存...
💾 (3306) 完成，共存入 5 則新聞
🚀 (2450) 掃描到 5 則新聞，開始儲存...
💾 (2450) 完成，共存入 5 則新聞
🚀 (3705) 掃描到 5 則新聞，開始儲存...
💾 (3705) 完成，共存入 5 則新聞
🚀 (3083) 掃描到 5 則新聞，開始儲存...
💾 (3083) 完成，共存入 5 則新聞
⚠️ 請求失敗 (https://tw.stock.yahoo.com/quote/4987.TW/news): HTTP Error 404: 
💤 (4987) 無新聞列表
🚀 (2546) 掃描到 5 則新聞，開始儲存...
💾 (2546) 完成，共存入 5 則新聞
🚀 (6790) 掃描到 5 則新聞，開始儲存...
💾 (6790) 完成，共存入 5 則新聞
🚀 (2314) 掃描到 5 則新聞，開始儲存...
🚀 (3178) 掃描到 5 則新聞，開始儲存...
💾 (2314) 完成，共存入 5 則新聞
💾 (3178) 完成，共存入 5 則新聞
🚀 (4107) 掃描到 5 則新聞，開始儲存...
💾 (4107) 完成，共存入 5 則新聞
🚀 (6612) 掃描到 5 則新聞，開始儲存...
💾 (6612) 完成，共存入 5 則新聞
🚀 (2468) 掃描到 5 則新聞，開始儲存...
💾 (2468) 完成，共存入 5 則新聞
🚀 (3094) 掃描到 5 則新聞，開始儲存...
💾 (3094) 完成，共存入 5 則新聞
🚀 (3528) 掃描到 5 則新聞，開始儲存...
💾 (3528) 完成，共存入 5 則新聞
🚀 (3511) 掃描到 5 則新聞，開始儲存...
💾 (3511) 完成，共存入 5 則新聞
🚀 (5285) 掃描到 5 則新聞，開始儲存...
💾 (5285) 完成，共存入 5 則新聞
🚀 (1339) 掃描到 5 則新聞，開始儲存...
💾 (1339) 完成，共存入 5 則新聞
🚀 (6115) 掃描到 5 則新聞，開始儲存...
💾 (6115) 完成，共存入 5 則新聞
🚀 (6130) 掃描到 5 則新聞，開始儲存...
💾 (6130) 完成，共存入 5 則新聞
🚀 (2477) 掃描到 5 則新聞，開始儲存...
💾 (2477) 完成，共存入 5 則新聞
🚀 (8416) 掃描到 5 則新聞，開始儲存...
💾 (8416) 完成，共存入 5 則新聞
🚀 (6951) 掃描到 5 則新聞，開始儲存...
💾 (6951) 完成，共存入 5 則新聞
🚀 (2820) 掃描到 5 則新聞，開始儲存...
💾 (2820) 完成，共存入 5 則新聞
🚀 (1321) 掃描到 5 則新聞，開始儲存...
💾 (1321) 完成，共存入 5 則新聞
🚀 (4163) 掃描到 5 則新聞，開始儲存...
💾 (4163) 完成，共存入 5 則新聞
🚀 (1464) 掃描到 5 則新聞，開始儲存...
💾 (1464) 完成，共存入 5 則新聞
🚀 (2547) 掃描到 5 則新聞，開始儲存...
💾 (2547) 完成，共存入 5 則新聞
🚀 (6465) 掃描到 5 則新聞，開始儲存...
💾 (6465) 完成，共存入 5 則新聞
🚀 (2516) 掃描到 5 則新聞，開始儲存...
⚠️ 請求失敗 (https://tw.stock.yahoo.com/quote/3454.TW/news): HTTP Error 404: 
💤 (3454) 無新聞列表
💾 (2516) 完成，共存入 5 則新聞
🚀 (4113) 掃描到 5 則新聞，開始儲存...
💾 (4113) 完成，共存入 5 則新聞
🚀 (6160) 掃描到 5 則新聞，開始儲存...
💾 (6160) 完成，共存入 5 則新聞
🚀 (3518) 掃描到 5 則新聞，開始儲存...
💾 (3518) 完成，共存入 5 則新聞
🚀 (2423) 掃描到 5 則新聞，開始儲存...
💾 (2423) 完成，共存入 5 則新聞
🚀 (1416) 掃描到 5 則新聞，開始儲存...
💾 (1416) 完成，共存入 5 則新聞
🚀 (3058) 掃描到 5 則新聞，開始儲存...
💾 (3058) 完成，共存入 5 則新聞
🚀 (4161) 掃描到 5 則新聞，開始儲存...
💾 (4161) 完成，共存入 5 則新聞
🚀 (2704) 掃描到 5 則新聞，開始儲存...
💾 (2704) 完成，共存入 5 則新聞
🚀 (3226) 掃描到 5 則新聞，開始儲存...
💾 (3226) 完成，共存入 5 則新聞
🚀 (8072) 掃描到 5 則新聞，開始儲存...
💾 (8072) 完成，共存入 5 則新聞
🚀 (5465) 掃描到 5 則新聞，開始儲存...
💾 (5465) 完成，共存入 5 則新聞
🚀 (6024) 掃描到 5 則新聞，開始儲存...
💾 (6024) 完成，共存入 5 則新聞
🚀 (2433) 掃描到 5 則新聞，開始儲存...
💾 (2433) 完成，共存入 5 則新聞
💤 (9103) 無新聞列表
🚀 (8935) 掃描到 5 則新聞，開始儲存...
💾 (8935) 完成，共存入 5 則新聞
🚀 (6931) 掃描到 5 則新聞，開始儲存...
💾 (6931) 完成，共存入 5 則新聞
🚀 (1614) 掃描到 5 則新聞，開始儲存...
💾 (1614) 完成，共存入 5 則新聞
🚀 (6156) 掃描到 5 則新聞，開始儲存...
💾 (6156) 完成，共存入 5 則新聞
🚀 (2488) 掃描到 5 則新聞，開始儲存...
💾 (2488) 完成，共存入 5 則新聞
🚀 (4728) 掃描到 5 則新聞，開始儲存...
💾 (4728) 完成，共存入 5 則新聞
🚀 (4137) 掃描到 5 則新聞，開始儲存...
💾 (4137) 完成，共存入 5 則新聞
🚀 (3438) 掃描到 5 則新聞，開始儲存...
💾 (3438) 完成，共存入 5 則新聞
🚀 (3388) 掃描到 5 則新聞，開始儲存...
💾 (3388) 完成，共存入 5 則新聞
🚀 (2755) 掃描到 5 則新聞，開始儲存...
💾 (2755) 完成，共存入 5 則新聞
🚀 (3597) 掃描到 5 則新聞，開始儲存...
💾 (3597) 完成，共存入 5 則新聞
🚀 (6158) 掃描到 5 則新聞，開始儲存...
🚀 (6579) 掃描到 5 則新聞，開始儲存...
💾 (6158) 完成，共存入 5 則新聞
💾 (6579) 完成，共存入 5 則新聞
🚀 (6933) 掃描到 5 則新聞，開始儲存...
🚀 (5531) 掃描到 5 則新聞，開始儲存...
💾 (6933) 完成，共存入 5 則新聞
💾 (5531) 完成，共存入 5 則新聞
🚀 (2239) 掃描到 5 則新聞，開始儲存...
💾 (2239) 完成，共存入 5 則新聞
🚀 (3176) 掃描到 5 則新聞，開始儲存...
💾 (3176) 完成，共存入 5 則新聞
🚀 (3272) 掃描到 5 則新聞，開始儲存...
💾 (3272) 完成，共存入 5 則新聞
🚀 (5201) 掃描到 5 則新聞，開始儲存...
💾 (5201) 完成，共存入 5 則新聞
🚀 (3550) 掃描到 5 則新聞，開始儲存...
💾 (3550) 完成，共存入 5 則新聞
🚀 (6523) 掃描到 5 則新聞，開始儲存...
💾 (6523) 完成，共存入 5 則新聞
🚀 (1295) 掃描到 5 則新聞，開始儲存...
🚀 (4556) 掃描到 5 則新聞，開始儲存...
💾 (1295) 完成，共存入 5 則新聞
💾 (4556) 完成，共存入 5 則新聞
🚀 (4908) 掃描到 5 則新聞，開始儲存...
💾 (4908) 完成，共存入 5 則新聞
🚀 (8084) 掃描到 5 則新聞，開始儲存...
💾 (8084) 完成，共存入 5 則新聞
🚀 (5609) 掃描到 5 則新聞，開始儲存...
💾 (5609) 完成，共存入 5 則新聞
🚀 (3021) 掃描到 5 則新聞，開始儲存...
💾 (3021) 完成，共存入 5 則新聞
🚀 (6432) 掃描到 5 則新聞，開始儲存...
💾 (6432) 完成，共存入 5 則新聞
🚀 (1733) 掃描到 5 則新聞，開始儲存...
💾 (1733) 完成，共存入 5 則新聞
🚀 (7738) 掃描到 5 則新聞，開始儲存...
💾 (7738) 完成，共存入 5 則新聞
🚀 (6791) 掃描到 5 則新聞，開始儲存...
💾 (6791) 完成，共存入 5 則新聞
🚀 (3040) 掃描到 5 則新聞，開始儲存...
💾 (3040) 完成，共存入 5 則新聞
🚀 (2832) 掃描到 5 則新聞，開始儲存...
💾 (2832) 完成，共存入 5 則新聞
🚀 (6164) 掃描到 5 則新聞，開始儲存...
💾 (6164) 完成，共存入 5 則新聞
🚀 (3209) 掃描到 5 則新聞，開始儲存...
💾 (3209) 完成，共存入 5 則新聞
🚀 (5410) 掃描到 5 則新聞，開始儲存...
💾 (5410) 完成，共存入 5 則新聞
🚀 (2032) 掃描到 5 則新聞，開始儲存...
💾 (2032) 完成，共存入 5 則新聞
🚀 (6281) 掃描到 5 則新聞，開始儲存...
💾 (6281) 完成，共存入 5 則新聞
🚀 (9919) 掃描到 5 則新聞，開始儲存...
💾 (9919) 完成，共存入 5 則新聞
🚀 (2748) 掃描到 5 則新聞，開始儲存...
💾 (2748) 完成，共存入 5 則新聞
🚀 (2613) 掃描到 5 則新聞，開始儲存...
💾 (2613) 完成，共存入 5 則新聞
🚀 (3024) 掃描到 5 則新聞，開始儲存...
💾 (3024) 完成，共存入 5 則新聞
🚀 (1533) 掃描到 5 則新聞，開始儲存...
💾 (1533) 完成，共存入 5 則新聞
🚀 (8446) 掃描到 5 則新聞，開始儲存...
💾 (8446) 完成，共存入 5 則新聞
🚀 (6263) 掃描到 5 則新聞，開始儲存...
💾 (6263) 完成，共存入 5 則新聞
🚀 (3713) 掃描到 5 則新聞，開始儲存...
💾 (3713) 完成，共存入 5 則新聞
🚀 (2017) 掃描到 5 則新聞，開始儲存...
💾 (2017) 完成，共存入 5 則新聞
🚀 (4420) 掃描到 5 則新聞，開始儲存...
💾 (4420) 完成，共存入 5 則新聞
🚀 (2415) 掃描到 5 則新聞，開始儲存...
💾 (2415) 完成，共存入 5 則新聞
🚀 (2534) 掃描到 5 則新聞，開始儲存...
💾 (2534) 完成，共存入 5 則新聞
🚀 (8049) 掃描到 5 則新聞，開始儲存...
💾 (8049) 完成，共存入 5 則新聞
🚀 (9918) 掃描到 5 則新聞，開始儲存...
💾 (9918) 完成，共存入 5 則新聞
🚀 (1512) 掃描到 5 則新聞，開始儲存...
💾 (1512) 完成，共存入 5 則新聞
🚀 (2038) 掃描到 5 則新聞，開始儲存...
💾 (2038) 完成，共存入 5 則新聞
🚀 (3527) 掃描到 5 則新聞，開始儲存...
💾 (3527) 完成，共存入 5 則新聞
🚀 (5519) 掃描到 5 則新聞，開始儲存...
💾 (5519) 完成，共存入 5 則新聞
🚀 (6624) 掃描到 5 則新聞，開始儲存...
💾 (6624) 完成，共存入 5 則新聞
🚀 (8048) 掃描到 5 則新聞，開始儲存...
💾 (8048) 完成，共存入 5 則新聞
🚀 (6751) 掃描到 5 則新聞，開始儲存...
💾 (6751) 完成，共存入 5 則新聞
🚀 (4414) 掃描到 5 則新聞，開始儲存...
💾 (4414) 完成，共存入 5 則新聞
🚀 (9136) 掃描到 1 則新聞，開始儲存...
💾 (9136) 完成，共存入 1 則新聞
🚀 (2397) 掃描到 5 則新聞，開始儲存...
💾 (2397) 完成，共存入 5 則新聞
🚀 (6654) 掃描到 5 則新聞，開始儲存...
💾 (6654) 完成，共存入 5 則新聞
🚀 (5014) 掃描到 5 則新聞，開始儲存...
💾 (5014) 完成，共存入 5 則新聞
🚀 (6266) 掃描到 5 則新聞，開始儲存...
💾 (6266) 完成，共存入 5 則新聞
🚀 (8411) 掃描到 5 則新聞，開始儲存...
💾 (8411) 完成，共存入 5 則新聞
🚀 (1783) 掃描到 5 則新聞，開始儲存...
🚀 (6741) 掃描到 5 則新聞，開始儲存...
💾 (1783) 完成，共存入 5 則新聞
💾 (6741) 完成，共存入 5 則新聞
🚀 (6118) 掃描到 5 則新聞，開始儲存...
💾 (6118) 完成，共存入 5 則新聞
🚀 (3071) 掃描到 5 則新聞，開始儲存...
💾 (3071) 完成，共存入 5 則新聞
🚀 (7547) 掃描到 5 則新聞，開始儲存...
💾 (7547) 完成，共存入 5 則新聞
🚀 (4934) 掃描到 5 則新聞，開始儲存...
💾 (4934) 完成，共存入 5 則新聞
🚀 (2414) 掃描到 5 則新聞，開始儲存...
💾 (2414) 完成，共存入 5 則新聞
🚀 (6967) 掃描到 5 則新聞，開始儲存...
💾 (6967) 完成，共存入 5 則新聞
🚀 (1444) 掃描到 5 則新聞，開始儲存...
💾 (1444) 完成，共存入 5 則新聞
🚀 (8908) 掃描到 5 則新聞，開始儲存...
💾 (8908) 完成，共存入 5 則新聞
🚀 (5468) 掃描到 5 則新聞，開始儲存...
💾 (5468) 完成，共存入 5 則新聞
🚀 (6431) 掃描到 5 則新聞，開始儲存...
💾 (6431) 完成，共存入 5 則新聞
🚀 (4707) 掃描到 5 則新聞，開始儲存...
💾 (4707) 完成，共存入 5 則新聞
🚀 (2852) 掃描到 5 則新聞，開始儲存...
💾 (2852) 完成，共存入 5 則新聞
🚀 (1234) 掃描到 5 則新聞，開始儲存...
💾 (1234) 完成，共存入 5 則新聞
🚀 (6128) 掃描到 5 則新聞，開始儲存...
💾 (6128) 完成，共存入 5 則新聞
🚀 (8099) 掃描到 5 則新聞，開始儲存...
💾 (8099) 完成，共存入 5 則新聞
🚀 (3122) 掃描到 5 則新聞，開始儲存...
💾 (3122) 完成，共存入 5 則新聞
🚀 (2745) 掃描到 5 則新聞，開始儲存...
💾 (2745) 完成，共存入 5 則新聞
🚀 (4549) 掃描到 5 則新聞，開始儲存...
💾 (4549) 完成，共存入 5 則新聞
🚀 (4552) 掃描到 5 則新聞，開始儲存...
💾 (4552) 完成，共存入 5 則新聞
🚀 (6441) 掃描到 5 則新聞，開始儲存...
💾 (6441) 完成，共存入 5 則新聞
🚀 (8410) 掃描到 5 則新聞，開始儲存...
💾 (8410) 完成，共存入 5 則新聞
🚀 (8349) 掃描到 5 則新聞，開始儲存...
💾 (8349) 完成，共存入 5 則新聞
🚀 (3290) 掃描到 5 則新聞，開始儲存...
💾 (3290) 完成，共存入 5 則新聞
🚀 (2373) 掃描到 5 則新聞，開始儲存...
💾 (2373) 完成，共存入 5 則新聞
🚀 (2025) 掃描到 5 則新聞，開始儲存...
💾 (2025) 完成，共存入 5 則新聞
🚀 (6184) 掃描到 5 則新聞，開始儲存...
💾 (6184) 完成，共存入 5 則新聞
🚀 (1709) 掃描到 5 則新聞，開始儲存...
💾 (1709) 完成，共存入 5 則新聞
🚀 (4160) 掃描到 5 則新聞，開始儲存...
💾 (4160) 完成，共存入 5 則新聞
🚀 (6167) 掃描到 5 則新聞，開始儲存...
💾 (6167) 完成，共存入 5 則新聞
🚀 (8383) 掃描到 5 則新聞，開始儲存...
💾 (8383) 完成，共存入 5 則新聞
🚀 (6168) 掃描到 5 則新聞，開始儲存...
💾 (6168) 完成，共存入 5 則新聞
🚀 (6863) 掃描到 5 則新聞，開始儲存...
💾 (6863) 完成，共存入 5 則新聞
🚀 (1432) 掃描到 5 則新聞，開始儲存...
💾 (1432) 完成，共存入 5 則新聞
🚀 (4417) 掃描到 5 則新聞，開始儲存...
💾 (4417) 完成，共存入 5 則新聞
🚀 (1108) 掃描到 5 則新聞，開始儲存...
💾 (1108) 完成，共存入 5 則新聞
🚀 (2471) 掃描到 5 則新聞，開始儲存...
💾 (2471) 完成，共存入 5 則新聞
🚀 (9940) 掃描到 5 則新聞，開始儲存...
💾 (9940) 完成，共存入 5 則新聞
🚀 (9937) 掃描到 5 則新聞，開始儲存...
💾 (9937) 完成，共存入 5 則新聞
🚀 (7728) 掃描到 5 則新聞，開始儲存...
💾 (7728) 完成，共存入 5 則新聞
🚀 (3057) 掃描到 5 則新聞，開始儲存...
💾 (3057) 完成，共存入 5 則新聞
🚀 (5321) 掃描到 5 則新聞，開始儲存...
💾 (5321) 完成，共存入 5 則新聞
🚀 (4166) 掃描到 5 則新聞，開始儲存...
💾 (4166) 完成，共存入 5 則新聞
🚀 (5903) 掃描到 5 則新聞，開始儲存...
💾 (5903) 完成，共存入 5 則新聞
🚀 (1219) 掃描到 5 則新聞，開始儲存...
💾 (1219) 完成，共存入 5 則新聞
🚀 (9930) 掃描到 5 則新聞，開始儲存...
💾 (9930) 完成，共存入 5 則新聞
🚀 (2491) 掃描到 5 則新聞，開始儲存...
💾 (2491) 完成，共存入 5 則新聞
🚀 (2545) 掃描到 5 則新聞，開始儲存...
💾 (2545) 完成，共存入 5 則新聞
🚀 (5353) 掃描到 5 則新聞，開始儲存...
💾 (5353) 完成，共存入 5 則新聞
🚀 (6423) 掃描到 5 則新聞，開始儲存...
💾 (6423) 完成，共存入 5 則新聞
🚀 (6756) 掃描到 5 則新聞，開始儲存...
💾 (6756) 完成，共存入 5 則新聞
🚀 (4726) 掃描到 5 則新聞，開始儲存...
💾 (4726) 完成，共存入 5 則新聞
🚀 (3556) 掃描到 5 則新聞，開始儲存...
💾 (3556) 完成，共存入 5 則新聞
🚀 (3284) 掃描到 5 則新聞，開始儲存...
💾 (3284) 完成，共存入 5 則新聞
🚀 (6885) 掃描到 5 則新聞，開始儲存...
💾 (6885) 完成，共存入 5 則新聞
🚀 (3623) 掃描到 5 則新聞，開始儲存...
💾 (3623) 完成，共存入 5 則新聞
🚀 (8463) 掃描到 5 則新聞，開始儲存...
💾 (8463) 完成，共存入 5 則新聞
🚀 (6641) 掃描到 5 則新聞，開始儲存...
💾 (6641) 完成，共存入 5 則新聞
🚀 (8403) 掃描到 5 則新聞，開始儲存...
💾 (8403) 完成，共存入 5 則新聞
🚀 (6792) 掃描到 5 則新聞，開始儲存...
💾 (6792) 完成，共存入 5 則新聞
🚀 (3484) 掃描到 5 則新聞，開始儲存...
💾 (3484) 完成，共存入 5 則新聞
🚀 (2243) 掃描到 5 則新聞，開始儲存...
💾 (2243) 完成，共存入 5 則新聞
🚀 (6216) 掃描到 5 則新聞，開始儲存...
💾 (6216) 完成，共存入 5 則新聞

🎉 [中間股] 全部處理完成！
⏱️ 總耗時: 508.50 秒
[週二 2026/06/23 14:12:51.38] Running cnyes mid... 
d:\StockPulse\stocks_news\cnyes\crawler_mid.py:411: DeprecationWarning: 'asyncio.WindowsSelectorEventLoopPolicy' is deprecated and slated for removal in Python 3.16
  asyncio.set_event_loop_policy(asyncio.WindowsSelectorEventLoopPolicy())
d:\StockPulse\stocks_news\cnyes\crawler_mid.py:411: DeprecationWarning: 'asyncio.set_event_loop_policy' is deprecated and slated for removal in Python 3.16
  asyncio.set_event_loop_policy(asyncio.WindowsSelectorEventLoopPolicy())
[中間股] Crawler started
Total stocks: 487
Completed: 0
Remaining: 487
Config: concurrency=5, days_filter=7

[START] Processing 487 tasks (max concurrency: 5)...

[START] (6835) Found 13 total news, 1 pages
[DONE] (6835) Saved 1 news items
[START] (6796) Found 6 total news, 1 pages
[START] (5907) Found 22 total news, 1 pages
   [ERROR] (5907) Failed to process news 6501614: invalid input for query argument $5: '' ('str' object cannot be interpreted as an integer)
   [ERROR] (5907) Failed to process news 6501613: invalid input for query argument $5: '' ('str' object cannot be interpreted as an integer)
   [ERROR] (5907) Failed to process news 6501611: invalid input for query argument $5: '' ('str' object cannot be interpreted as an integer)
   [ERROR] (5907) Failed to process news 6501616: invalid input for query argument $5: '' ('str' object cannot be interpreted as an integer)
   [ERROR] (5907) Failed to process news 6501609: invalid input for query argument $5: '' ('str' object cannot be interpreted as an integer)
[DONE] (5907) Saved 4 news items
[START] (1799) Found 19 total news, 1 pages
[START] (2239) Found 7 total news, 1 pages
[DONE] (2239) Saved 1 news items
[START] (1583) Found 29 total news, 2 pages
[START] (4946) Found 31 total news, 2 pages
[START] (2022) Found 10 total news, 1 pages
[START] (5244) Found 11 total news, 1 pages
[DONE] (2022) Saved 1 news items
[START] (6266) Found 13 total news, 1 pages
   Page 2/2: +4 news
   [ERROR] (1583) Failed to process news 6501350: invalid input for query argument $5: '' ('str' object cannot be interpreted as an integer)
[DONE] (1583) Saved 3 news items
   Page 2/2: +6 news
   [ERROR] (4946) Failed to process news 6505184: invalid input for query argument $5: '' ('str' object cannot be interpreted as an integer)
[DONE] (4946) Saved 4 news items
[START] (3499) Found 10 total news, 1 pages
[DONE] (3499) Saved 1 news items
[START] (6859) Found 13 total news, 1 pages
[DONE] (6859) Saved 4 news items
[START] (9911) Found 11 total news, 1 pages
[START] (6916) Found 19 total news, 1 pages
[DONE] (6916) Saved 5 news items
[START] (8089) Found 23 total news, 1 pages
   [ERROR] (8089) Failed to process news 6503257: invalid input for query argument $5: '' ('str' object cannot be interpreted as an integer)
   [ERROR] (8089) Failed to process news 6503259: invalid input for query argument $5: '' ('str' object cannot be interpreted as an integer)
[DONE] (8089) Saved 6 news items
[START] (6281) Found 5 total news, 1 pages
[START] (2705) Found 7 total news, 1 pages
[DONE] (2705) Saved 1 news items
[START] (3284) Found 37 total news, 2 pages
[START] (6651) Found 33 total news, 2 pages
[START] (2832) Found 18 total news, 1 pages
   Page 2/2: +12 news
[DONE] (3284) Saved 6 news items
[START] (3570) Found 9 total news, 1 pages
   Page 2/2: +8 news
[DONE] (6651) Saved 5 news items
[START] (1565) Found 5 total news, 1 pages
[START] (5283) Found 9 total news, 1 pages
[START] (6167) Found 6 total news, 1 pages
[DONE] (6167) Saved 2 news items
[START] (1416) Found 10 total news, 1 pages
[START] (1438) Found 11 total news, 1 pages
[START] (1268) Found 11 total news, 1 pages
[START] (8403) Found 8 total news, 1 pages
[START] (2431) Found 17 total news, 1 pages
[DONE] (2431) Saved 4 news items
[START] (6532) Found 30 total news, 2 pages
[START] (9919) Found 11 total news, 1 pages
   Page 2/2: +5 news
[START] (5287) Found 7 total news, 1 pages
[DONE] (5287) Saved 1 news items
[START] (2483) Found 50 total news, 2 pages
[START] (6674) Found 7 total news, 1 pages
   [ERROR] (6674) Failed to process news 6507523: invalid input for query argument $5: '' ('str' object cannot be interpreted as an integer)
   [ERROR] (6674) Failed to process news 6507522: invalid input for query argument $5: '' ('str' object cannot be interpreted as an integer)
   Page 2/2: +25 news
[DONE] (2483) Saved 10 news items
[START] (2545) Found 43 total news, 2 pages
[START] (3303) Found 22 total news, 1 pages
[DONE] (3303) Saved 4 news items
[START] (1219) Found 15 total news, 1 pages
   Page 2/2: +18 news
   [ERROR] (2545) Failed to process news 6505261: invalid input for query argument $5: '' ('str' object cannot be interpreted as an integer)
[DONE] (2545) Saved 5 news items
[START] (5457) Found 32 total news, 2 pages
[START] (3705) Found 11 total news, 1 pages
[DONE] (3705) Saved 1 news items
[START] (1734) Found 16 total news, 1 pages
   [ERROR] (1734) Failed to process news 6501723: invalid input for query argument $5: '' ('str' object cannot be interpreted as an integer)
   [ERROR] (1734) Failed to process news 6501721: invalid input for query argument $5: '' ('str' object cannot be interpreted as an integer)
   [ERROR] (1734) Failed to process news 6501720: invalid input for query argument $5: '' ('str' object cannot be interpreted as an integer)
[DONE] (1734) Saved 6 news items
[START] (2460) Found 27 total news, 2 pages
   Page 2/2: +7 news
[DONE] (5457) Saved 5 news items
   Page 2/2: +2 news
[DONE] (2460) Saved 5 news items
[START] (2482) Found 13 total news, 1 pages
[DONE] (2482) Saved 2 news items
[START] (6174) Found 65 total news, 3 pages
[START] (2017) Found 13 total news, 1 pages
[START] (8071) Found 43 total news, 2 pages
   Page 2/3: +25 news
[START] (1256) Found 29 total news, 2 pages
   Page 2/2: +18 news
[DONE] (8071) Saved 5 news items
   Page 3/3: +15 news
[DONE] (6174) Saved 2 news items
   Page 2/2: +4 news
[START] (2064) Found 26 total news, 2 pages
[START] (3040) Found 15 total news, 1 pages
[SKIP] (6614) No news found
   Page 2/2: +1 news
[DONE] (2064) Saved 8 news items
[START] (7642) Found 18 total news, 1 pages
[START] (4557) Found 13 total news, 1 pages
[DONE] (4557) Saved 1 news items
[START] (4420) Found 5 total news, 1 pages
[START] (6910) Found 5 total news, 1 pages
[START] (7556) Found 28 total news, 2 pages
[START] (3209) Found 41 total news, 2 pages
[START] (6901) Found 27 total news, 2 pages
[START] (1217) Found 5 total news, 1 pages
[START] (1531) Found 9 total news, 1 pages
   Page 2/2: +3 news
[DONE] (7556) Saved 4 news items
   Page 2/2: +16 news
[DONE] (3209) Saved 1 news items
   Page 2/2: +2 news
[DONE] (6901) Saved 1 news items
[START] (1218) Found 13 total news, 1 pages
   [ERROR] (1218) Failed to process news 6501344: invalid input for query argument $5: '' ('str' object cannot be interpreted as an integer)
[DONE] (1218) Saved 1 news items
[START] (3669) Found 24 total news, 1 pages
[START] (6877) Found 12 total news, 1 pages
[DONE] (3669) Saved 1 news items
[START] (8463) Found 10 total news, 1 pages
[DONE] (8463) Saved 1 news items
[START] (2250) Found 10 total news, 1 pages
[START] (8084) Found 29 total news, 2 pages
[START] (1806) Found 12 total news, 1 pages
[START] (3332) Found 16 total news, 1 pages
[DONE] (1806) Saved 1 news items
[DONE] (3332) Saved 4 news items
[START] (2611) Found 22 total news, 1 pages
[START] (4107) Found 10 total news, 1 pages
   Page 2/2: +4 news
[DONE] (8084) Saved 3 news items
[START] (4552) Found 4 total news, 1 pages
[START] (1455) Found 6 total news, 1 pages
[START] (1521) Found 19 total news, 1 pages
[START] (2107) Found 10 total news, 1 pages
[START] (3325) Found 15 total news, 1 pages
[START] (5515) Found 10 total news, 1 pages
[DONE] (5515) Saved 1 news items
[START] (1533) Found 12 total news, 1 pages
[START] (8410) Found 5 total news, 1 pages
[START] (2414) Found 10 total news, 1 pages
[START] (8279) Found 12 total news, 1 pages
[DONE] (8279) Saved 1 news items
[WARN] Request failed (https://www.cnyes.com/twstock/6509/news/stock): Failed to perform, curl: (28) Operation timed out after 20002 milliseconds with 0 bytes received. See https://curl.se/libcurl/c/libcurl-errors.html first for more details.
[SKIP] (6509) Failed to fetch page
[WARN] Request failed (https://www.cnyes.com/twstock/2739/news/stock): Failed to perform, curl: (28) Operation timed out after 20002 milliseconds with 0 bytes received. See https://curl.se/libcurl/c/libcurl-errors.html first for more details.
[SKIP] (2739) Failed to fetch page
[WARN] Request failed (https://www.cnyes.com/twstock/8433/news/stock): Failed to perform, curl: (28) Operation timed out after 20001 milliseconds with 0 bytes received. See https://curl.se/libcurl/c/libcurl-errors.html first for more details.
[SKIP] (8433) Failed to fetch page
[WARN] Request failed (https://www.cnyes.com/twstock/5609/news/stock): Failed to perform, curl: (28) Operation timed out after 20015 milliseconds with 0 bytes received. See https://curl.se/libcurl/c/libcurl-errors.html first for more details.
[SKIP] (5609) Failed to fetch page
[WARN] Request failed (https://www.cnyes.com/twstock/3297/news/stock): Failed to perform, curl: (28) Operation timed out after 20008 milliseconds with 0 bytes received. See https://curl.se/libcurl/c/libcurl-errors.html first for more details.
[SKIP] (3297) Failed to fetch page
[WARN] Request failed (https://www.cnyes.com/twstock/2536/news/stock): Failed to perform, curl: (28) Operation timed out after 20004 milliseconds with 0 bytes received. See https://curl.se/libcurl/c/libcurl-errors.html first for more details.
[SKIP] (2536) Failed to fetch page
[WARN] Request failed (https://www.cnyes.com/twstock/1234/news/stock): Failed to perform, curl: (28) Operation timed out after 20002 milliseconds with 0 bytes received. See https://curl.se/libcurl/c/libcurl-errors.html first for more details.
[SKIP] (1234) Failed to fetch page
[WARN] Request failed (https://www.cnyes.com/twstock/6728/news/stock): Failed to perform, curl: (28) Operation timed out after 20704 milliseconds with 0 bytes received. See https://curl.se/libcurl/c/libcurl-errors.html first for more details.
[SKIP] (6728) Failed to fetch page
[WARN] Request failed (https://www.cnyes.com/twstock/3230/news/stock): Failed to perform, curl: (28) Operation timed out after 20005 milliseconds with 0 bytes received. See https://curl.se/libcurl/c/libcurl-errors.html first for more details.
[SKIP] (3230) Failed to fetch page
[WARN] Request failed (https://www.cnyes.com/twstock/3577/news/stock): Failed to perform, curl: (28) Operation timed out after 20011 milliseconds with 0 bytes received. See https://curl.se/libcurl/c/libcurl-errors.html first for more details.
[SKIP] (3577) Failed to fetch page
[START] (8446) Found 9 total news, 1 pages
   [ERROR] (8446) Failed to process news 6502934: invalid input for query argument $5: '' ('str' object cannot be interpreted as an integer)
[DONE] (8446) Saved 1 news items
[START] (6573) Found 49 total news, 2 pages
[WARN] Request failed (https://www.cnyes.com/twstock/6792/news/stock): Failed to perform, curl: (28) Operation timed out after 20000 milliseconds with 0 bytes received. See https://curl.se/libcurl/c/libcurl-errors.html first for more details.
[SKIP] (6792) Failed to fetch page
[START] (8183) Found 17 total news, 1 pages
   [ERROR] (8183) Failed to process news 6504733: invalid input for query argument $5: '' ('str' object cannot be interpreted as an integer)
[DONE] (8183) Saved 1 news items
   Page 2/2: +24 news
   [ERROR] (6573) Failed to process news 6507599: invalid input for query argument $5: '' ('str' object cannot be interpreted as an integer)
[DONE] (6573) Saved 9 news items
[WARN] Request failed (https://www.cnyes.com/twstock/2013/news/stock): Failed to perform, curl: (28) Operation timed out after 20015 milliseconds with 0 bytes received. See https://curl.se/libcurl/c/libcurl-errors.html first for more details.
[SKIP] (2013) Failed to fetch page
[START] (4560) Found 6 total news, 1 pages
[DONE] (4560) Saved 2 news items
[START] (1760) Found 20 total news, 1 pages
[DONE] (1760) Saved 1 news items
[START] (3349) Found 10 total news, 1 pages
[DONE] (3349) Saved 1 news items
[START] (5905) Found 18 total news, 1 pages
[DONE] (5905) Saved 1 news items
[START] (6216) Found 4 total news, 1 pages
[START] (1733) Found 8 total news, 1 pages
[START] (6649) Found 10 total news, 1 pages
[START] (3290) Found 16 total news, 1 pages
[DONE] (3290) Saved 1 news items
[START] (3434) Found 13 total news, 1 pages
[DONE] (3434) Saved 1 news items
[START] (8032) Found 19 total news, 1 pages
[DONE] (8032) Saved 3 news items
[START] (9946) Found 19 total news, 1 pages
[DONE] (9946) Saved 2 news items
[START] (2314) Found 25 total news, 1 pages
[START] (6220) Found 22 total news, 1 pages
[START] (6140) Found 38 total news, 2 pages
   [ERROR] (2314) Failed to process news 6501112: invalid input for query argument $5: '' ('str' object cannot be interpreted as an integer)
[DONE] (2314) Saved 1 news items
[DONE] (6220) Saved 1 news items
[START] (5321) Found 47 total news, 2 pages
   Page 2/2: +22 news
   Page 2/2: +13 news
[DONE] (5321) Saved 5 news items
[START] (6229) Found 15 total news, 1 pages
[START] (4726) Found 17 total news, 1 pages
[START] (5278) Found 18 total news, 1 pages
[START] (1512) Found 13 total news, 1 pages
[DONE] (1512) Saved 1 news items
[START] (4716) Found 27 total news, 2 pages
[START] (3447) Found 6 total news, 1 pages
[START] (3484) Found 8 total news, 1 pages
[DONE] (3484) Saved 3 news items
   Page 2/2: +2 news
[DONE] (4716) Saved 3 news items
[START] (1321) Found 5 total news, 1 pages
[START] (2601) Found 32 total news, 2 pages
[START] (6419) Found 46 total news, 2 pages
[START] (3522) Found 35 total news, 2 pages
   Page 2/2: +7 news
   [ERROR] (2601) Failed to process news 6505173: invalid input for query argument $5: '' ('str' object cannot be interpreted as an integer)
   [ERROR] (2601) Failed to process news 6505172: invalid input for query argument $5: '' ('str' object cannot be interpreted as an integer)
   [ERROR] (2601) Failed to process news 6505170: invalid input for query argument $5: '' ('str' object cannot be interpreted as an integer)
   [ERROR] (2601) Failed to process news 6505169: invalid input for query argument $5: '' ('str' object cannot be interpreted as an integer)
   [ERROR] (2601) Failed to process news 6505167: invalid input for query argument $5: '' ('str' object cannot be interpreted as an integer)
   [ERROR] (2601) Failed to process news 6501736: invalid input for query argument $5: '' ('str' object cannot be interpreted as an integer)
   [ERROR] (2601) Failed to process news 6501735: invalid input for query argument $5: '' ('str' object cannot be interpreted as an integer)
[DONE] (2601) Saved 6 news items
   Page 2/2: +21 news
[DONE] (6419) Saved 2 news items
   Page 2/2: +10 news
[DONE] (3522) Saved 9 news items
[START] (6237) Found 30 total news, 2 pages
[START] (2534) Found 16 total news, 1 pages
[DONE] (2534) Saved 2 news items
   Page 2/2: +5 news
[START] (6742) Found 37 total news, 2 pages
[START] (2063) Found 14 total news, 1 pages
[START] (6523) Found 8 total news, 1 pages
   Page 2/2: +12 news
[DONE] (6742) Saved 5 news items
[START] (6161) Found 24 total news, 1 pages
[START] (3031) Found 23 total news, 1 pages
[DONE] (3031) Saved 2 news items
[START] (8099) Found 22 total news, 1 pages
[START] (1788) Found 14 total news, 1 pages
[DONE] (1788) Saved 6 news items
[START] (3607) Found 10 total news, 1 pages
[START] (7728) Found 13 total news, 1 pages
[DONE] (7728) Saved 1 news items
[START] (8908) Found 20 total news, 1 pages
[START] (4111) Found 6 total news, 1 pages
[START] (4956) Found 23 total news, 1 pages
[DONE] (4956) Saved 2 news items
[START] (8937) Found 34 total news, 2 pages
[START] (1104) Found 18 total news, 1 pages
[DONE] (1104) Saved 1 news items
   Page 2/2: +9 news
[DONE] (8937) Saved 13 news items
[START] (3454) Found 1 total news, 1 pages
[START] (1537) Found 5 total news, 1 pages
[DONE] (1537) Saved 1 news items
[START] (7704) Found 20 total news, 1 pages
[DONE] (7704) Saved 1 news items
[START] (8213) Found 28 total news, 2 pages
[START] (6129) Found 30 total news, 2 pages
   Page 2/2: +3 news
   Page 2/2: +5 news
[DONE] (6129) Saved 10 news items
[START] (7721) Found 24 total news, 1 pages
[DONE] (7721) Saved 1 news items
[START] (6654) Found 33 total news, 2 pages
[START] (2102) Found 7 total news, 1 pages
[START] (2707) Found 15 total news, 1 pages
[DONE] (2707) Saved 7 news items
   Page 2/2: +8 news
[DONE] (6654) Saved 7 news items
[START] (6160) Found 14 total news, 1 pages
[DONE] (6160) Saved 1 news items
[START] (2547) Found 34 total news, 2 pages
   Page 2/2: +9 news
   [ERROR] (2547) Failed to process news 6507530: invalid input for query argument $5: '' ('str' object cannot be interpreted as an integer)
   [ERROR] (2547) Failed to process news 6507531: invalid input for query argument $5: '' ('str' object cannot be interpreted as an integer)
[DONE] (2547) Saved 2 news items
[START] (6570) Found 23 total news, 1 pages
[START] (1264) Found 25 total news, 1 pages
[START] (2762) Found 17 total news, 1 pages
[START] (5465) Found 8 total news, 1 pages
[DONE] (5465) Saved 2 news items
[START] (6111) Found 14 total news, 1 pages
[DONE] (6111) Saved 3 news items
[START] (3308) Found 19 total news, 1 pages
[START] (3071) Found 22 total news, 1 pages
[DONE] (3071) Saved 3 news items
[START] (6024) Found 11 total news, 1 pages
   [ERROR] (6024) Failed to process news 6501617: invalid input for query argument $5: '' ('str' object cannot be interpreted as an integer)
[START] (3130) Found 15 total news, 1 pages
[DONE] (3130) Saved 1 news items
[START] (3094) Found 32 total news, 2 pages
[START] (3508) Found 34 total news, 2 pages
[START] (3597) Found 22 total news, 1 pages
[DONE] (3597) Saved 2 news items
   Page 2/2: +7 news
[DONE] (3094) Saved 8 news items
   Page 2/2: +9 news
[DONE] (3508) Saved 5 news items
[START] (2756) Found 10 total news, 1 pages
[START] (2852) Found 11 total news, 1 pages
[DONE] (2852) Saved 2 news items
[START] (1598) Found 30 total news, 2 pages
[START] (5209) Found 21 total news, 1 pages
   [ERROR] (5209) Failed to process news 6502900: invalid input for query argument $5: '' ('str' object cannot be interpreted as an integer)
[DONE] (5209) Saved 1 news items
[START] (3437) Found 19 total news, 1 pages
[DONE] (3437) Saved 1 news items
   Page 2/2: +5 news
[START] (9951) Found 13 total news, 1 pages
   [ERROR] (9951) Failed to process news 6503460: invalid input for query argument $5: '' ('str' object cannot be interpreted as an integer)
   [ERROR] (9951) Failed to process news 6503464: invalid input for query argument $5: '' ('str' object cannot be interpreted as an integer)
   [ERROR] (9951) Failed to process news 6503461: invalid input for query argument $5: '' ('str' object cannot be interpreted as an integer)
   [ERROR] (9951) Failed to process news 6503459: invalid input for query argument $5: '' ('str' object cannot be interpreted as an integer)
[DONE] (9951) Saved 2 news items
[START] (3388) Found 36 total news, 2 pages
[START] (2524) Found 13 total news, 1 pages
[DONE] (2524) Saved 2 news items
   Page 2/2: +11 news
[DONE] (3388) Saved 2 news items
[START] (6684) Found 25 total news, 1 pages
[DONE] (6684) Saved 4 news items
[START] (6794) Found 12 total news, 1 pages
[START] (4744) Found 26 total news, 2 pages
[START] (2461) Found 24 total news, 1 pages
   Page 2/2: +1 news
[DONE] (4744) Saved 6 news items
[START] (6668) Found 34 total news, 2 pages
[START] (6689) Found 18 total news, 1 pages
[DONE] (6689) Saved 1 news items
[START] (3557) Found 20 total news, 1 pages
   [ERROR] (3557) Failed to process news 6504702: invalid input for query argument $5: '' ('str' object cannot be interpreted as an integer)
   Page 2/2: +9 news
   [ERROR] (6668) Failed to process news 6502917: invalid input for query argument $5: '' ('str' object cannot be interpreted as an integer)
[DONE] (6668) Saved 12 news items
[START] (9943) Found 6 total news, 1 pages
[DONE] (9943) Saved 2 news items
[START] (5356) Found 14 total news, 1 pages
   [ERROR] (5356) Failed to process news 6505275: invalid input for query argument $5: '' ('str' object cannot be interpreted as an integer)
[DONE] (5356) Saved 1 news items
[START] (1762) Found 23 total news, 1 pages
[START] (2227) Found 15 total news, 1 pages
[START] (9908) Found 5 total news, 1 pages
[DONE] (9908) Saved 1 news items
[START] (2450) Found 15 total news, 1 pages
[DONE] (2450) Saved 1 news items
[START] (4934) Found 33 total news, 2 pages
[START] (2397) Found 23 total news, 1 pages
[DONE] (2397) Saved 2 news items
   Page 2/2: +8 news
[DONE] (4934) Saved 3 news items
[START] (3564) Found 26 total news, 2 pages
[START] (4414) Found 14 total news, 1 pages
[START] (3057) Found 19 total news, 1 pages
   Page 2/2: +1 news
[START] (3169) Found 15 total news, 1 pages
[START] (7718) Found 15 total news, 1 pages
[START] (6690) Found 8 total news, 1 pages
[DONE] (6690) Saved 1 news items
[START] (8349) Found 12 total news, 1 pages
[DONE] (8349) Saved 1 news items
[START] (5251) Found 15 total news, 1 pages
[START] (4545) Found 20 total news, 1 pages
[DONE] (4545) Saved 3 news items
[START] (4171) Found 8 total news, 1 pages
   [ERROR] (4171) Failed to process news 6503436: invalid input for query argument $5: '' ('str' object cannot be interpreted as an integer)
[START] (3594) Found 15 total news, 1 pages
[DONE] (3594) Saved 1 news items
[START] (8040) Found 47 total news, 2 pages
   Page 2/2: +22 news
[DONE] (8040) Saved 4 news items
[START] (1580) Found 19 total news, 1 pages
[START] (8048) Found 8 total news, 1 pages
[START] (5202) Found 30 total news, 2 pages
[START] (7757) Found 5 total news, 1 pages
   Page 2/2: +5 news
[DONE] (5202) Saved 2 news items
[START] (5468) Found 23 total news, 1 pages
[DONE] (5468) Saved 11 news items
[START] (2440) Found 19 total news, 1 pages
[START] (2038) Found 6 total news, 1 pages
[START] (4564) Found 4 total news, 1 pages
[START] (5490) Found 9 total news, 1 pages
[DONE] (5490) Saved 1 news items
[START] (3310) Found 18 total news, 1 pages
[START] (6579) Found 24 total news, 1 pages
[DONE] (6579) Saved 2 news items
[START] (6431) Found 30 total news, 2 pages
[START] (2468) Found 31 total news, 2 pages
[START] (3306) Found 6 total news, 1 pages
[DONE] (3306) Saved 1 news items
   Page 2/2: +5 news
[DONE] (6431) Saved 4 news items
   Page 2/2: +6 news
[DONE] (2468) Saved 1 news items
[START] (6432) Found 66 total news, 3 pages
   Page 2/3: +25 news
   Page 3/3: +16 news
[DONE] (6432) Saved 12 news items
[WARN] Request failed (https://www.cnyes.com/twstock/1295/news/stock): Failed to perform, curl: (28) Operation timed out after 20004 milliseconds with 0 bytes received. See https://curl.se/libcurl/c/libcurl-errors.html first for more details.
[SKIP] (1295) Failed to fetch page
[START] (3360) Found 30 total news, 2 pages
[START] (6156) Found 18 total news, 1 pages
[DONE] (6156) Saved 3 news items
   Page 2/2: +5 news
[DONE] (3360) Saved 7 news items
[START] (3615) Found 70 total news, 3 pages
[START] (2364) Found 23 total news, 1 pages
   [ERROR] (2364) Failed to process news 6507501: invalid input for query argument $5: '' ('str' object cannot be interpreted as an integer)
   [ERROR] (2364) Failed to process news 6507502: invalid input for query argument $5: '' ('str' object cannot be interpreted as an integer)
[DONE] (2364) Saved 4 news items
[START] (6184) Found 13 total news, 1 pages
[DONE] (6184) Saved 1 news items
[START] (3147) Found 35 total news, 2 pages
   Page 2/3: +25 news
[START] (2471) Found 11 total news, 1 pages
   Page 2/2: +10 news
[DONE] (3147) Saved 6 news items
   Page 3/3: +20 news
[DONE] (3615) Saved 8 news items
[START] (3021) Found 31 total news, 2 pages
   Page 2/2: +6 news
[START] (4728) Found 7 total news, 1 pages
[DONE] (3021) Saved 1 news items
[START] (4106) Found 7 total news, 1 pages
[START] (5484) Found 44 total news, 2 pages
[START] (3623) Found 20 total news, 1 pages
   [ERROR] (3623) Failed to process news 6502894: invalid input for query argument $5: '' ('str' object cannot be interpreted as an integer)
[DONE] (3623) Saved 8 news items
[START] (7738) Found 1 total news, 1 pages
[START] (2020) Found 8 total news, 1 pages
[DONE] (2020) Saved 1 news items
   Page 2/2: +19 news
[START] (4119) Found 8 total news, 1 pages
[START] (6617) Found 19 total news, 1 pages
[START] (3043) Found 18 total news, 1 pages
[DONE] (3043) Saved 2 news items
[START] (5519) Found 9 total news, 1 pages
[DONE] (5519) Saved 1 news items
[START] (6931) Found 10 total news, 1 pages
[START] (3527) Found 12 total news, 1 pages
[DONE] (3527) Saved 4 news items
[START] (1541) Found 15 total news, 1 pages
[DONE] (1541) Saved 7 news items
[START] (2509) Found 13 total news, 1 pages
[START] (8277) Found 62 total news, 3 pages
[START] (5011) Found 35 total news, 2 pages
[START] (6791) Found 18 total news, 1 pages
[DONE] (6791) Saved 6 news items
   Page 2/3: +25 news
[START] (5493) Found 18 total news, 1 pages
   [ERROR] (5493) Failed to process news 6500923: invalid input for query argument $5: '' ('str' object cannot be interpreted as an integer)
[DONE] (5493) Saved 1 news items
   Page 2/2: +10 news
[DONE] (5011) Saved 7 news items
[START] (3287) Found 16 total news, 1 pages
   Page 3/3: +12 news
[DONE] (8277) Saved 5 news items
[START] (1432) Found 11 total news, 1 pages
[DONE] (1432) Saved 2 news items
[START] (8076) Found 24 total news, 1 pages
[START] (1725) Found 16 total news, 1 pages
[DONE] (1725) Saved 5 news items
[START] (8182) Found 54 total news, 3 pages
[START] (3518) Found 27 total news, 2 pages
[START] (6560) Found 14 total news, 1 pages
   Page 2/3: +25 news
[START] (4908) Found 59 total news, 3 pages
   Page 2/2: +2 news
[DONE] (3518) Saved 3 news items
   Page 3/3: +4 news
[DONE] (8182) Saved 6 news items
   Page 2/3: +25 news
[START] (5403) Found 13 total news, 1 pages
[START] (2546) Found 12 total news, 1 pages
   Page 3/3: +9 news
[DONE] (4908) Saved 4 news items
[START] (6277) Found 20 total news, 1 pages
[START] (2028) Found 16 total news, 1 pages
   [ERROR] (2028) Failed to process news 6507175: invalid input for query argument $5: '' ('str' object cannot be interpreted as an integer)
   [ERROR] (2028) Failed to process news 6504694: invalid input for query argument $5: '' ('str' object cannot be interpreted as an integer)
   [ERROR] (2028) Failed to process news 6504695: invalid input for query argument $5: '' ('str' object cannot be interpreted as an integer)
   [ERROR] (2028) Failed to process news 6504692: invalid input for query argument $5: '' ('str' object cannot be interpreted as an integer)
[DONE] (2028) Saved 4 news items
[START] (3555) Found 30 total news, 2 pages
   Page 2/2: +5 news
[DONE] (3555) Saved 1 news items
[START] (6243) Found 24 total news, 1 pages
   [ERROR] (6243) Failed to process news 6501746: invalid input for query argument $5: '' ('str' object cannot be interpreted as an integer)
[DONE] (6243) Saved 8 news items
[START] (4133) Found 14 total news, 1 pages
[START] (2254) Found 12 total news, 1 pages
[START] (4417) Found 6 total news, 1 pages
[DONE] (4417) Saved 2 news items
[START] (6658) Found 52 total news, 3 pages
   Page 2/3: +25 news
   Page 3/3: +2 news
[DONE] (6658) Saved 1 news items
[START] (5310) Found 27 total news, 2 pages
   Page 2/2: +2 news
[DONE] (5310) Saved 2 news items
[START] (6965) Found 4 total news, 1 pages
[DONE] (6965) Saved 1 news items
[START] (3046) Found 18 total news, 1 pages
[DONE] (3046) Saved 1 news items
[START] (3713) Found 24 total news, 1 pages
[DONE] (3713) Saved 1 news items
[START] (4737) Found 5 total news, 1 pages
[START] (8935) Found 24 total news, 1 pages
[DONE] (8935) Saved 5 news items
[START] (2608) Found 10 total news, 1 pages
[START] (1752) Found 11 total news, 1 pages
[START] (1201) Found 7 total news, 1 pages
[START] (6263) Found 33 total news, 2 pages
[START] (6498) Found 8 total news, 1 pages
[DONE] (6498) Saved 1 news items
   Page 2/2: +8 news
[START] (6741) Found 17 total news, 1 pages
[START] (1570) Found 17 total news, 1 pages
[DONE] (1570) Saved 1 news items
[START] (1732) Found 12 total news, 1 pages
[START] (6115) Found 10 total news, 1 pages
[START] (2516) Found 13 total news, 1 pages
[DONE] (2516) Saved 1 news items
[START] (4506) Found 8 total news, 1 pages
[START] (3122) Found 41 total news, 2 pages
[START] (8047) Found 32 total news, 2 pages
   Page 2/2: +16 news
[START] (1315) Found 7 total news, 1 pages
   Page 2/2: +7 news
[START] (5203) Found 15 total news, 1 pages
[DONE] (5203) Saved 7 news items
[START] (3703) Found 37 total news, 2 pages
[START] (1103) Found 16 total news, 1 pages
[START] (4163) Found 33 total news, 2 pages
[START] (4580) Found 7 total news, 1 pages
   Page 2/2: +12 news
[DONE] (3703) Saved 9 news items
   Page 2/2: +8 news
   [ERROR] (4163) Failed to process news 6503435: invalid input for query argument $5: '' ('str' object cannot be interpreted as an integer)
[DONE] (4163) Saved 2 news items
[START] (6221) Found 14 total news, 1 pages
[DONE] (6221) Saved 7 news items
[START] (5299) Found 25 total news, 1 pages
[START] (6967) Found 25 total news, 1 pages
[DONE] (5299) Saved 3 news items
[START] (1707) Found 11 total news, 1 pages
[DONE] (1707) Saved 2 news items
[START] (1735) Found 18 total news, 1 pages
[START] (2704) Found 7 total news, 1 pages
[DONE] (1735) Saved 1 news items
[START] (1471) Found 14 total news, 1 pages
[DONE] (1471) Saved 3 news items
[START] (6136) Found 10 total news, 1 pages
[DONE] (6136) Saved 2 news items
[START] (3528) Found 29 total news, 2 pages
[START] (1604) Found 16 total news, 1 pages
   [ERROR] (1604) Failed to process news 6501591: invalid input for query argument $5: '' ('str' object cannot be interpreted as an integer)
   [ERROR] (1604) Failed to process news 6501589: invalid input for query argument $5: '' ('str' object cannot be interpreted as an integer)
[DONE] (1604) Saved 7 news items
[START] (1615) Found 11 total news, 1 pages
[START] (3176) Found 29 total news, 2 pages
   Page 2/2: +4 news
[DONE] (3528) Saved 3 news items
   Page 2/2: +4 news
[START] (6492) Found 14 total news, 1 pages
[START] (4137) Found 26 total news, 2 pages
[START] (4549) Found 20 total news, 1 pages
   Page 2/2: +1 news
   [ERROR] (4137) Failed to process news 6501756: invalid input for query argument $5: '' ('str' object cannot be interpreted as an integer)
   [ERROR] (4137) Failed to process news 6501120: invalid input for query argument $5: '' ('str' object cannot be interpreted as an integer)
[DONE] (4137) Saved 4 news items
[START] (2745) Found 5 total news, 1 pages
[START] (8404) Found 31 total news, 2 pages
[START] (6951) Found 19 total news, 1 pages
[START] (6023) Found 12 total news, 1 pages
[DONE] (6023) Saved 3 news items
   Page 2/2: +6 news
[DONE] (8404) Saved 2 news items
[START] (6756) Found 22 total news, 1 pages
[DONE] (6756) Saved 1 news items
[START] (4131) Found 19 total news, 1 pages
[DONE] (4131) Saved 3 news items
[START] (8049) Found 6 total news, 1 pages
[START] (1614) Found 11 total news, 1 pages
   [ERROR] (1614) Failed to process news 6501274: invalid input for query argument $5: '' ('str' object cannot be interpreted as an integer)
   [ERROR] (1614) Failed to process news 6501273: invalid input for query argument $5: '' ('str' object cannot be interpreted as an integer)
[DONE] (1614) Saved 4 news items
[START] (8924) Found 12 total news, 1 pages
[START] (6933) Found 17 total news, 1 pages
[START] (4771) Found 10 total news, 1 pages
[START] (3226) Found 9 total news, 1 pages
[START] (2065) Found 9 total news, 1 pages
[START] (5398) Found 21 total news, 1 pages
[START] (5014) Found 10 total news, 1 pages
[START] (3188) Found 9 total news, 1 pages
[START] (6164) Found 13 total news, 1 pages
[START] (2433) Found 9 total news, 1 pages
[DONE] (2433) Saved 2 news items
[START] (1232) Found 11 total news, 1 pages
[START] (4572) Found 9 total news, 1 pages
   [ERROR] (4572) Failed to process news 6504737: invalid input for query argument $5: '' ('str' object cannot be interpreted as an integer)
[DONE] (4572) Saved 2 news items
[START] (4401) Found 6 total news, 1 pages
[START] (1530) Found 26 total news, 2 pages
[START] (4503) Found 10 total news, 1 pages
   Page 2/2: +1 news
[START] (1446) Found 5 total news, 1 pages
[DONE] (1446) Saved 1 news items
[START] (9103) Found 7 total news, 1 pages
[START] (6612) Found 11 total news, 1 pages
[START] (8916) Found 16 total news, 1 pages
[START] (2423) Found 18 total news, 1 pages
[DONE] (2423) Saved 1 news items
[START] (4160) Found 11 total news, 1 pages
[DONE] (4160) Saved 6 news items
[START] (8383) Found 23 total news, 1 pages
[DONE] (8383) Saved 1 news items
[START] (3511) Found 31 total news, 2 pages
[START] (5312) Found 11 total news, 1 pages
   [ERROR] (5312) Failed to process news 6501744: invalid input for query argument $5: '' ('str' object cannot be interpreted as an integer)
[DONE] (5312) Saved 1 news items
[START] (6224) Found 66 total news, 3 pages
[START] (4166) Found 9 total news, 1 pages
[DONE] (4166) Saved 2 news items
   Page 2/2: +6 news
[DONE] (3511) Saved 3 news items
[START] (9925) Found 11 total news, 1 pages
[DONE] (9925) Saved 2 news items
   Page 2/3: +25 news
[START] (9940) Found 30 total news, 2 pages
[START] (5353) Found 19 total news, 1 pages
[START] (1414) Found 6 total news, 1 pages
   Page 2/2: +5 news
[DONE] (9940) Saved 3 news items
   Page 3/3: +16 news
   [ERROR] (6224) Failed to process news 6504720: invalid input for query argument $5: '' ('str' object cannot be interpreted as an integer)
   [ERROR] (6224) Failed to process news 6504716: invalid input for query argument $5: '' ('str' object cannot be interpreted as an integer)
   [ERROR] (6224) Failed to process news 6504721: invalid input for query argument $5: '' ('str' object cannot be interpreted as an integer)
   [ERROR] (6224) Failed to process news 6501228: invalid input for query argument $5: '' ('str' object cannot be interpreted as an integer)
[DONE] (6224) Saved 14 news items
[START] (5230) Found 26 total news, 2 pages
   Page 2/2: +1 news
[DONE] (5230) Saved 6 news items
[START] (4994) Found 14 total news, 1 pages
[START] (1591) Found 47 total news, 2 pages
[START] (6679) Found 18 total news, 1 pages
[DONE] (6679) Saved 1 news items
[START] (5471) Found 26 total news, 2 pages
   Page 2/2: +22 news
[START] (6843) Found 15 total news, 1 pages
[START] (2643) Found 10 total news, 1 pages
[DONE] (2643) Saved 1 news items
[START] (3205) Found 13 total news, 1 pages
   Page 2/2: +1 news
[DONE] (5471) Saved 8 news items
[START] (6283) Found 15 total news, 1 pages
[START] (2913) Found 6 total news, 1 pages
[START] (2511) Found 11 total news, 1 pages
[DONE] (2511) Saved 3 news items
[START] (1225) Found 17 total news, 1 pages
[START] (6534) Found 9 total news, 1 pages
[DONE] (6534) Saved 1 news items
[START] (8045) Found 6 total news, 1 pages
[START] (6606) Found 7 total news, 1 pages
[START] (4161) Found 8 total news, 1 pages
[DONE] (4161) Saved 1 news items
[START] (5903) Found 25 total news, 1 pages
[DONE] (5903) Saved 4 news items
[START] (6470) Found 5 total news, 1 pages
[START] (2025) Found 24 total news, 1 pages
[START] (6218) Found 40 total news, 2 pages
[START] (4987) Found 8 total news, 1 pages
[START] (6118) Found 20 total news, 1 pages
[DONE] (6118) Saved 1 news items
   Page 2/2: +15 news
[DONE] (6218) Saved 4 news items
[START] (9902) Found 7 total news, 1 pages
[DONE] (9902) Saved 1 news items
[START] (4555) Found 40 total news, 2 pages
[START] (3296) Found 23 total news, 1 pages
[DONE] (3296) Saved 4 news items
[START] (3492) Found 10 total news, 1 pages
[DONE] (3492) Saved 1 news items
[START] (3631) Found 5 total news, 1 pages
   Page 2/2: +15 news
[START] (3550) Found 41 total news, 2 pages
[START] (1451) Found 11 total news, 1 pages
[DONE] (1451) Saved 6 news items
   Page 2/2: +16 news
[START] (2755) Found 12 total news, 1 pages
[DONE] (3550) Saved 12 news items
[DONE] (2755) Saved 2 news items
[START] (4952) Found 24 total news, 1 pages
[DONE] (4952) Saved 3 news items
[START] (6124) Found 15 total news, 1 pages
[DONE] (6124) Saved 1 news items
[START] (7765) Found 7 total news, 1 pages
[DONE] (7765) Saved 1 news items
[START] (1595) Found 58 total news, 3 pages
[START] (3024) Found 19 total news, 1 pages
   Page 2/3: +25 news
[START] (8050) Found 17 total news, 1 pages
[START] (6141) Found 65 total news, 3 pages
[START] (3052) Found 8 total news, 1 pages
   Page 3/3: +8 news
[DONE] (1595) Saved 5 news items
[START] (4306) Found 8 total news, 1 pages
   Page 2/3: +25 news
[START] (9927) Found 12 total news, 1 pages
   [ERROR] (9927) Failed to process news 6502938: invalid input for query argument $5: '' ('str' object cannot be interpreted as an integer)
[DONE] (9927) Saved 4 news items
   Page 3/3: +15 news
[DONE] (6141) Saved 6 news items
[START] (6790) Found 5 total news, 1 pages
[START] (6703) Found 6 total news, 1 pages
[START] (6922) Found 26 total news, 2 pages
[START] (5512) Found 15 total news, 1 pages
[DONE] (5512) Saved 2 news items
   Page 2/2: +1 news
   [ERROR] (6922) Failed to process news 6501751: invalid input for query argument $5: '' ('str' object cannot be interpreted as an integer)
[DONE] (6922) Saved 1 news items
[START] (1777) Found 8 total news, 1 pages
[START] (6641) Found 9 total news, 1 pages
[START] (3679) Found 7 total news, 1 pages
[START] (5438) Found 10 total news, 1 pages
[DONE] (5438) Saved 1 news items
[START] (4942) Found 8 total news, 1 pages
[START] (3313) Found 27 total news, 2 pages
[START] (6733) Found 9 total news, 1 pages
[START] (8059) Found 17 total news, 1 pages
[DONE] (8059) Saved 1 news items
[START] (5531) Found 20 total news, 1 pages
   [ERROR] (5531) Failed to process news 6501302: invalid input for query argument $5: '' ('str' object cannot be interpreted as an integer)
[DONE] (5531) Saved 4 news items
   Page 2/2: +2 news
   [ERROR] (3313) Failed to process news 6502889: invalid input for query argument $5: '' ('str' object cannot be interpreted as an integer)
[DONE] (3313) Saved 6 news items
[START] (4729) Found 35 total news, 2 pages
[START] (4933) Found 15 total news, 1 pages
[START] (1444) Found 14 total news, 1 pages
[DONE] (1444) Saved 1 news items
   Page 2/2: +10 news
[DONE] (4729) Saved 9 news items
[START] (1464) Found 20 total news, 1 pages
[DONE] (1464) Saved 6 news items
[START] (3259) Found 19 total news, 1 pages
[SKIP] (6148) No __NEXT_DATA__ found
[START] (3311) Found 15 total news, 1 pages
[START] (5285) Found 28 total news, 2 pages
[START] (9930) Found 8 total news, 1 pages
[DONE] (9930) Saved 1 news items
   Page 2/2: +3 news
[DONE] (5285) Saved 4 news items
[START] (1783) Found 10 total news, 1 pages
[SKIP] (9924) No __NEXT_DATA__ found
[START] (6441) Found 28 total news, 2 pages
[START] (2488) Found 10 total news, 1 pages
[START] (3556) Found 20 total news, 1 pages
[DONE] (3556) Saved 1 news items
[START] (8933) Found 26 total news, 2 pages
   Page 2/2: +3 news
   Page 2/2: +1 news
[DONE] (8933) Saved 4 news items
[START] (2066) Found 10 total news, 1 pages
[DONE] (2066) Saved 2 news items
[START] (6165) Found 14 total news, 1 pages
   [ERROR] (6165) Failed to process news 6505042: invalid input for query argument $5: '' ('str' object cannot be interpreted as an integer)
[DONE] (6165) Saved 5 news items
[START] (9937) Found 4 total news, 1 pages
[START] (4113) Found 20 total news, 1 pages
[START] (2743) Found 5 total news, 1 pages
[START] (2491) Found 72 total news, 3 pages
[START] (4173) Found 8 total news, 1 pages
[DONE] (4173) Saved 2 news items
[START] (8411) Found 10 total news, 1 pages
   [ERROR] (8411) Failed to process news 6503452: invalid input for query argument $5: '' ('str' object cannot be interpreted as an integer)
   [ERROR] (8411) Failed to process news 6503451: invalid input for query argument $5: '' ('str' object cannot be interpreted as an integer)
[SKIP] (2477) No __NEXT_DATA__ found
   Page 2/3: +25 news
[START] (8147) Found 41 total news, 2 pages
   Page 3/3: +22 news
   [ERROR] (2491) Failed to process news 6507664: invalid input for query argument $5: '' ('str' object cannot be interpreted as an integer)
   [ERROR] (2491) Failed to process news 6507253: invalid input for query argument $5: '' ('str' object cannot be interpreted as an integer)
[DONE] (2491) Saved 7 news items
   Page 2/2: +16 news
[DONE] (8147) Saved 1 news items
[START] (6552) Found 25 total news, 1 pages
[DONE] (6552) Saved 1 news items
[START] (2415) Found 20 total news, 1 pages
[START] (1447) Found 22 total news, 1 pages
[START] (4528) Found 9 total news, 1 pages
[DONE] (4528) Saved 1 news items
[START] (6538) Found 88 total news, 4 pages
[START] (5236) Found 19 total news, 1 pages
   Page 2/4: +25 news
[START] (2390) Found 8 total news, 1 pages
[DONE] (2390) Saved 1 news items
   Page 3/4: +25 news
[START] (5272) Found 11 total news, 1 pages
[START] (2905) Found 17 total news, 1 pages
   [ERROR] (2905) Failed to process news 6504872: invalid input for query argument $5: '' ('str' object cannot be interpreted as an integer)
[DONE] (2905) Saved 1 news items
   Page 4/4: +13 news
[DONE] (6538) Saved 7 news items
[START] (6914) Found 9 total news, 1 pages
[START] (2514) Found 8 total news, 1 pages
[START] (6130) Found 23 total news, 1 pages
   [ERROR] (6130) Failed to process news 6507192: invalid input for query argument $5: '' ('str' object cannot be interpreted as an integer)
[DONE] (6130) Saved 3 news items
[START] (6423) Found 6 total news, 1 pages
[START] (3178) Found 8 total news, 1 pages
[START] (5481) Found 5 total news, 1 pages
[START] (4707) Found 37 total news, 2 pages
[START] (3083) Found 11 total news, 1 pages
   Page 2/2: +12 news
[DONE] (4707) Saved 4 news items
[START] (6142) Found 18 total news, 1 pages
[DONE] (6142) Saved 3 news items
[START] (6418) Found 23 total news, 1 pages
[START] (1110) Found 21 total news, 1 pages
[DONE] (1110) Saved 9 news items
[START] (6128) Found 7 total news, 1 pages
   [ERROR] (6128) Failed to process news 6503441: invalid input for query argument $5: '' ('str' object cannot be interpreted as an integer)
[DONE] (6128) Saved 1 news items
[START] (2748) Found 7 total news, 1 pages
[START] (6158) Found 4 total news, 1 pages
[START] (3552) Found 7 total news, 1 pages
[START] (1720) Found 7 total news, 1 pages
[START] (2613) Found 7 total news, 1 pages
[START] (6752) Found 6 total news, 1 pages
[START] (1108) Found 11 total news, 1 pages
[DONE] (1108) Saved 1 news items
[START] (1702) Found 32 total news, 2 pages
[START] (8440) Found 24 total news, 1 pages
[DONE] (8440) Saved 2 news items
[START] (3687) Found 24 total news, 1 pages
   [ERROR] (3687) Failed to process news 6505065: invalid input for query argument $5: '' ('str' object cannot be interpreted as an integer)
   [ERROR] (3687) Failed to process news 6504711: invalid input for query argument $5: '' ('str' object cannot be interpreted as an integer)
[DONE] (3687) Saved 1 news items
   Page 2/2: +7 news
[START] (3229) Found 53 total news, 3 pages
[START] (2373) Found 8 total news, 1 pages
   [ERROR] (2373) Failed to process news 6502867: invalid input for query argument $5: '' ('str' object cannot be interpreted as an integer)
   [ERROR] (2373) Failed to process news 6502865: invalid input for query argument $5: '' ('str' object cannot be interpreted as an integer)
[DONE] (2373) Saved 2 news items
   Page 2/3: +25 news
[START] (1437) Found 17 total news, 1 pages
[DONE] (1437) Saved 1 news items
[START] (6885) Found 22 total news, 1 pages
   Page 3/3: +3 news
[DONE] (3229) Saved 3 news items
[START] (2032) Found 9 total news, 1 pages
[DONE] (2032) Saved 1 news items
[START] (8489) Found 16 total news, 1 pages
[START] (3272) Found 17 total news, 1 pages
[START] (4951) Found 12 total news, 1 pages
[START] (8442) Found 18 total news, 1 pages
[DONE] (8442) Saved 1 news items
[START] (6219) Found 18 total news, 1 pages
[DONE] (6219) Saved 2 news items
[START] (2820) Found 11 total news, 1 pages
[START] (3441) Found 80 total news, 4 pages
   Page 2/4: +25 news
[START] (9918) Found 6 total news, 1 pages
[START] (1309) Found 29 total news, 2 pages
[START] (5460) Found 4 total news, 1 pages
   Page 3/4: +25 news
[START] (2243) Found 51 total news, 3 pages
   Page 4/4: +5 news
[DONE] (3441) Saved 14 news items
   Page 2/2: +4 news
[DONE] (1309) Saved 2 news items
[START] (6743) Found 13 total news, 1 pages
   Page 2/3: +25 news
[START] (3432) Found 33 total news, 2 pages
   Page 3/3: +1 news
   [ERROR] (2243) Failed to process news 6507494: invalid input for query argument $5: '' ('str' object cannot be interpreted as an integer)
[DONE] (2243) Saved 10 news items
   Page 2/2: +8 news
[DONE] (3432) Saved 1 news items
[START] (7547) Found 23 total news, 1 pages
[START] (6465) Found 44 total news, 2 pages
[START] (8416) Found 11 total news, 1 pages
[DONE] (8416) Saved 1 news items
   Page 2/2: +19 news
[DONE] (6465) Saved 8 news items
[START] (9935) Found 14 total news, 1 pages
[DONE] (9935) Saved 3 news items
[START] (3438) Found 34 total news, 2 pages
[START] (9906) Found 41 total news, 2 pages
[START] (5201) Found 19 total news, 1 pages
   [ERROR] (5201) Failed to process news 6501606: invalid input for query argument $5: '' ('str' object cannot be interpreted as an integer)
[DONE] (5201) Saved 6 news items
   Page 2/2: +16 news
[DONE] (9906) Saved 3 news items
   Page 2/2: +9 news
[DONE] (3438) Saved 5 news items
[START] (3058) Found 10 total news, 1 pages
[START] (3611) Found 6 total news, 1 pages
   [ERROR] (3611) Failed to process news 6501119: invalid input for query argument $5: '' ('str' object cannot be interpreted as an integer)
[DONE] (3611) Saved 1 news items
[START] (4556) Found 51 total news, 3 pages
[START] (3684) Found 21 total news, 1 pages
[DONE] (3684) Saved 2 news items
[START] (5511) Found 7 total news, 1 pages
[START] (6751) Found 8 total news, 1 pages
[DONE] (6751) Saved 1 news items
[START] (3276) Found 17 total news, 1 pages
   Page 2/3: +25 news
   Page 3/3: +1 news
[DONE] (4556) Saved 5 news items
[START] (2816) Found 13 total news, 1 pages
[DONE] (2816) Saved 1 news items
[START] (6863) Found 13 total news, 1 pages
[START] (1709) Found 13 total news, 1 pages
[START] (9136) Found 17 total news, 1 pages
[START] (3114) Found 27 total news, 2 pages
[START] (5213) Found 49 total news, 2 pages
[START] (6624) Found 19 total news, 1 pages
[DONE] (6624) Saved 2 news items
   Page 2/2: +2 news
[DONE] (3114) Saved 6 news items
[START] (3625) Found 31 total news, 2 pages
   Page 2/2: +24 news
[DONE] (5213) Saved 1 news items
[START] (8072) Found 9 total news, 1 pages
[DONE] (8072) Saved 2 news items
   Page 2/2: +6 news
   [ERROR] (3625) Failed to process news 6504709: invalid input for query argument $5: '' ('str' object cannot be interpreted as an integer)
   [ERROR] (3625) Failed to process news 6504708: invalid input for query argument $5: '' ('str' object cannot be interpreted as an integer)
   [ERROR] (3625) Failed to process news 6504706: invalid input for query argument $5: '' ('str' object cannot be interpreted as an integer)
   [ERROR] (3625) Failed to process news 6504705: invalid input for query argument $5: '' ('str' object cannot be interpreted as an integer)
   [ERROR] (3625) Failed to process news 6504703: invalid input for query argument $5: '' ('str' object cannot be interpreted as an integer)
[DONE] (3625) Saved 4 news items
[START] (5410) Found 18 total news, 1 pages
[START] (2069) Found 15 total news, 1 pages
[START] (1339) Found 12 total news, 1 pages
[START] (6168) Found 27 total news, 2 pages
[START] (3002) Found 24 total news, 1 pages
[START] (2505) Found 18 total news, 1 pages
[DONE] (3002) Saved 7 news items
   Page 2/2: +2 news
[DONE] (6168) Saved 5 news items

[DONE] [中間股] All processing complete!
[TIME] Total: 979.64 seconds
[週二 2026/06/23 14:29:14.88] Running nstock lower... 
d:\StockPulse\stocks_news\nstock\crawler_lower.py:43: DeprecationWarning: 'asyncio.WindowsSelectorEventLoopPolicy' is deprecated and slated for removal in Python 3.16
  asyncio.set_event_loop_policy(asyncio.WindowsSelectorEventLoopPolicy())
d:\StockPulse\stocks_news\nstock\crawler_lower.py:43: DeprecationWarning: 'asyncio.set_event_loop_policy' is deprecated and slated for removal in Python 3.16
  asyncio.set_event_loop_policy(asyncio.WindowsSelectorEventLoopPolicy())

============================================================
NStock 股市新聞爬蟲 - 低流動性股
============================================================

[INFO] 讀取股票清單: 293 支股票

[INFO] 已處理: 0 支
[INFO] 待處理: 293 支

[OK] 資料庫連線成功

[1/293] 處理 2008...
  [OK] 2008: 找到 5 筆新聞
[2/293] 處理 5548...
  [OK] 5548: 找到 5 筆新聞
[3/293] 處理 6874...
  [OK] 6874: 找到 5 筆新聞
[4/293] 處理 2736...
  [OK] 2736: 找到 5 筆新聞
[5/293] 處理 6508...
  [OK] 6508: 找到 3 筆新聞
[6/293] 處理 9931...
  [OK] 9931: 找到 5 筆新聞
[7/293] 處理 4558...
  [OK] 4558: 找到 5 筆新聞
[8/293] 處理 6754...
  [OK] 6754: 找到 4 筆新聞
[9/293] 處理 9950...
  [OK] 9950: 找到 5 筆新聞
[10/293] 處理 6692...
  [OK] 6692: 找到 3 筆新聞
[11/293] 處理 6464...
  [OK] 6464: 找到 5 筆新聞
[12/293] 處理 1776...
  [OK] 1776: 找到 5 筆新聞
[13/293] 處理 6884...
  [OK] 6884: 找到 4 筆新聞
[14/293] 處理 5211...
  [OK] 5211: 找到 5 筆新聞
[15/293] 處理 8087...
  [OK] 8087: 找到 5 筆新聞
[16/293] 處理 1456...
  [OK] 1456: 找到 5 筆新聞
[17/293] 處理 5450...
  [OK] 5450: 找到 5 筆新聞
[18/293] 處理 5220...
  [OK] 5220: 找到 5 筆新聞
[19/293] 處理 7713...
  [OK] 7713: 找到 5 筆新聞
[20/293] 處理 1240...
  [OK] 1240: 找到 4 筆新聞
[21/293] 處理 3467...
  [OK] 3467: 找到 2 筆新聞
[22/293] 處理 6680...
  [OK] 6680: 找到 5 筆新聞
[23/293] 處理 2849...
  [OK] 2849: 找到 3 筆新聞
[24/293] 處理 5538...
  [OK] 5538: 找到 5 筆新聞
[25/293] 處理 4502...
  [OK] 4502: 找到 5 筆新聞
[26/293] 處理 5546...
  [OK] 5546: 找到 4 筆新聞
[27/293] 處理 5355...
  [OK] 5355: 找到 4 筆新聞
[28/293] 處理 1726...
  [OK] 1726: 找到 5 筆新聞
[29/293] 處理 6804...
  [OK] 6804: 找到 4 筆新聞
[30/293] 處理 6101...
  [OK] 6101: 找到 5 筆新聞
[31/293] 處理 6195...
  [OK] 6195: 找到 5 筆新聞
[32/293] 處理 3646...
  [OK] 3646: 找到 4 筆新聞
[33/293] 處理 1463...
  [OK] 1463: 找到 5 筆新聞
[34/293] 處理 7584...
  [OK] 7584: 找到 5 筆新聞
[35/293] 處理 8092...
  [OK] 8092: 找到 5 筆新聞
[36/293] 處理 8421...
  [OK] 8421: 找到 3 筆新聞
[37/293] 處理 6762...
  [OK] 6762: 找到 4 筆新聞
[38/293] 處理 8426...
  [OK] 8426: 找到 4 筆新聞
[39/293] 處理 4538...
  [OK] 4538: 找到 2 筆新聞
[40/293] 處理 8482...
  [OK] 8482: 找到 5 筆新聞
[41/293] 處理 3168...
  [OK] 3168: 找到 5 筆新聞
[42/293] 處理 3489...
  [OK] 3489: 找到 5 筆新聞
[43/293] 處理 5015...
  [OK] 5015: 找到 5 筆新聞
[44/293] 處理 4530...
  [OK] 4530: 找到 4 筆新聞
[45/293] 處理 3118...
  [OK] 3118: 找到 5 筆新聞
[46/293] 處理 6771...
  [OK] 6771: 找到 5 筆新聞
[47/293] 處理 2923...
  [OK] 2923: 找到 4 筆新聞
[48/293] 處理 6246...
  [OK] 6246: 找到 5 筆新聞
[49/293] 處理 1742...
  [OK] 1742: 找到 5 筆新聞
[50/293] 處理 2701...
  [OK] 2701: 找到 5 筆新聞
[51/293] 處理 4102...
  [OK] 4102: 找到 5 筆新聞
[52/293] 處理 6655...
  [OK] 6655: 找到 4 筆新聞
[53/293] 處理 2712...
  [OK] 2712: 找到 3 筆新聞
[54/293] 處理 5007...
  [-] 5007: 無符合條件的新聞
[55/293] 處理 2702...
  [OK] 2702: 找到 4 筆新聞
[56/293] 處理 8931...
  [OK] 8931: 找到 5 筆新聞
[57/293] 處理 3268...
  [OK] 3268: 找到 4 筆新聞
[58/293] 處理 6114...
  [OK] 6114: 找到 5 筆新聞
[59/293] 處理 4735...
  [OK] 4735: 找到 5 筆新聞
[60/293] 處理 2067...
  [OK] 2067: 找到 3 筆新聞
[61/293] 處理 2496...
  [OK] 2496: 找到 5 筆新聞
[62/293] 處理 5212...
  [OK] 5212: 找到 5 筆新聞
[63/293] 處理 1439...
  [OK] 1439: 找到 5 筆新聞
[64/293] 處理 8940...
  [OK] 8940: 找到 2 筆新聞
[65/293] 處理 4207...
  [OK] 4207: 找到 5 筆新聞
[66/293] 處理 3266...
  [OK] 3266: 找到 4 筆新聞
[67/293] 處理 8272...
  [OK] 8272: 找到 5 筆新聞
[68/293] 處理 6201...
  [OK] 6201: 找到 5 筆新聞
[69/293] 處理 6629...
  [OK] 6629: 找到 5 筆新聞
[70/293] 處理 4702...
  [OK] 4702: 找到 5 筆新聞
[71/293] 處理 3171...
  [OK] 3171: 找到 5 筆新聞
[72/293] 處理 6671...
  [OK] 6671: 找到 5 筆新聞
[73/293] 處理 4426...
  [OK] 4426: 找到 5 筆新聞
[74/293] 處理 5529...
  [OK] 5529: 找到 5 筆新聞
[75/293] 處理 1730...
  [OK] 1730: 找到 5 筆新聞
[76/293] 處理 7767...
  [OK] 7767: 找到 5 筆新聞
[77/293] 處理 2616...
  [OK] 2616: 找到 5 筆新聞
[78/293] 處理 8162...
  [OK] 8162: 找到 5 筆新聞
[79/293] 處理 1452...
  [OK] 1452: 找到 5 筆新聞
[80/293] 處理 6154...
  [OK] 6154: 找到 5 筆新聞
[81/293] 處理 1236...
  [OK] 1236: 找到 5 筆新聞
[82/293] 處理 8472...
  [OK] 8472: 找到 4 筆新聞
[83/293] 處理 6865...
  [OK] 6865: 找到 5 筆新聞
[84/293] 處理 9928...
  [OK] 9928: 找到 4 筆新聞
[85/293] 處理 1516...
  [OK] 1516: 找到 5 筆新聞
[86/293] 處理 6855...
  [OK] 6855: 找到 5 筆新聞
[87/293] 處理 4999...
  [OK] 4999: 找到 5 筆新聞
[88/293] 處理 6846...
  [OK] 6846: 找到 3 筆新聞
[89/293] 處理 3054...
  [OK] 3054: 找到 5 筆新聞
[90/293] 處理 2061...
  [OK] 2061: 找到 3 筆新聞
[91/293] 處理 6169...
  [OK] 6169: 找到 5 筆新聞
[92/293] 處理 5206...
  [OK] 5206: 找到 5 筆新聞
[93/293] 處理 6276...
  [OK] 6276: 找到 5 筆新聞
[94/293] 處理 8367...
  [OK] 8367: 找到 4 筆新聞
[95/293] 處理 6881...
  [OK] 6881: 找到 4 筆新聞
[96/293] 處理 4568...
  [OK] 4568: 找到 5 筆新聞
[97/293] 處理 4190...
  [OK] 4190: 找到 5 筆新聞
[98/293] 處理 6597...
  [OK] 6597: 找到 3 筆新聞
[99/293] 處理 4550...
  [OK] 4550: 找到 5 筆新聞
[100/293] 處理 2430...
  [OK] 2430: 找到 5 筆新聞
[101/293] 處理 6952...
  [OK] 6952: 找到 3 筆新聞
[102/293] 處理 4527...
  [OK] 4527: 找到 5 筆新聞
[103/293] 處理 3224...
  [OK] 3224: 找到 5 筆新聞
[104/293] 處理 3664...
  [OK] 3664: 找到 4 筆新聞
[105/293] 處理 8906...
  [OK] 8906: 找到 5 筆新聞
[106/293] 處理 2506...
  [OK] 2506: 找到 5 筆新聞
[107/293] 處理 5464...
  [OK] 5464: 找到 5 筆新聞
[108/293] 處理 7770...
  [OK] 7770: 找到 5 筆新聞
[109/293] 處理 8437...
  [OK] 8437: 找到 4 筆新聞
[110/293] 處理 4138...
  [OK] 4138: 找到 5 筆新聞
[111/293] 處理 2109...
  [OK] 2109: 找到 4 筆新聞
[112/293] 處理 8176...
  [OK] 8176: 找到 3 筆新聞
[113/293] 處理 4754...
  [OK] 4754: 找到 5 筆新聞
[114/293] 處理 6955...
  [OK] 6955: 找到 3 筆新聞
[115/293] 處理 8444...
  [OK] 8444: 找到 5 筆新聞
[116/293] 處理 6590...
  [OK] 6590: 找到 4 筆新聞
[117/293] 處理 1323...
  [OK] 1323: 找到 5 筆新聞
[118/293] 處理 5704...
  [OK] 5704: 找到 5 筆新聞
[119/293] 處理 7709...
  [OK] 7709: 找到 5 筆新聞
[120/293] 處理 4116...
  [OK] 4116: 找到 5 筆新聞
[121/293] 處理 1235...
  [OK] 1235: 找到 2 筆新聞
[122/293] 處理 1294...
  [OK] 1294: 找到 5 筆新聞
[123/293] 處理 8429...
  [OK] 8429: 找到 4 筆新聞
[124/293] 處理 6924...
  [OK] 6924: 找到 5 筆新聞
[125/293] 處理 9960...
  [OK] 9960: 找到 5 筆新聞
[126/293] 處理 4188...
  [OK] 4188: 找到 5 筆新聞
[127/293] 處理 3512...
  [OK] 3512: 找到 5 筆新聞
[128/293] 處理 4745...
  [OK] 4745: 找到 5 筆新聞
[129/293] 處理 5489...
  [OK] 5489: 找到 5 筆新聞
[130/293] 處理 2033...
  [OK] 2033: 找到 4 筆新聞
[131/293] 處理 2908...
  [OK] 2908: 找到 5 筆新聞
[132/293] 處理 4440...
  [OK] 4440: 找到 2 筆新聞
[133/293] 處理 912000...
  [OK] 912000: 找到 4 筆新聞
[134/293] 處理 6902...
  [OK] 6902: 找到 5 筆新聞
[135/293] 處理 1337...
  [OK] 1337: 找到 4 筆新聞
[136/293] 處理 6482...
  [OK] 6482: 找到 5 筆新聞
[137/293] 處理 4911...
  [OK] 4911: 找到 5 筆新聞
[138/293] 處理 5902...
  [OK] 5902: 找到 5 筆新聞
[139/293] 處理 5344...
  [OK] 5344: 找到 5 筆新聞
[140/293] 處理 6577...
  [OK] 6577: 找到 5 筆新聞
[141/293] 處理 1817...
  [OK] 1817: 找到 5 筆新聞
[142/293] 處理 4569...
  [OK] 4569: 找到 5 筆新聞
[143/293] 處理 5223...
  [OK] 5223: 找到 5 筆新聞
[144/293] 處理 1340...
  [OK] 1340: 找到 5 筆新聞
[145/293] 處理 1467...
  [OK] 1467: 找到 5 筆新聞
[146/293] 處理 4121...
  [OK] 4121: 找到 2 筆新聞
[147/293] 處理 4155...
  [OK] 4155: 找到 5 筆新聞
[148/293] 處理 2706...
  [OK] 2706: 找到 5 筆新聞
[149/293] 處理 8201...
  [OK] 8201: 找到 2 筆新聞
[150/293] 處理 1525...
  [OK] 1525: 找到 5 筆新聞
[151/293] 處理 8905...
  [OK] 8905: 找到 4 筆新聞
[152/293] 處理 1459...
  [-] 1459: 無符合條件的新聞
[153/293] 處理 1417...
  [OK] 1417: 找到 5 筆新聞
[154/293] 處理 3093...
  [OK] 3093: 找到 5 筆新聞
[155/293] 處理 3150...
  [OK] 3150: 找到 4 筆新聞
[156/293] 處理 4554...
  [OK] 4554: 找到 5 筆新聞
[157/293] 處理 6578...
  [OK] 6578: 找到 4 筆新聞
[158/293] 處理 6516...
  [OK] 6516: 找到 2 筆新聞
[159/293] 處理 7747...
  [OK] 7747: 找到 5 筆新聞
[160/293] 處理 1460...
  [OK] 1460: 找到 5 筆新聞
[161/293] 處理 6968...
  [OK] 6968: 找到 5 筆新聞
[162/293] 處理 6294...
  [OK] 6294: 找到 5 筆新聞
[163/293] 處理 4120...
  [OK] 4120: 找到 3 筆新聞
[164/293] 處理 2929...
  [OK] 2929: 找到 3 筆新聞
[165/293] 處理 6971...
  [OK] 6971: 找到 5 筆新聞
[166/293] 處理 2718...
  [OK] 2718: 找到 5 筆新聞
[167/293] 處理 6708...
  [OK] 6708: 找到 4 筆新聞
[168/293] 處理 6697...
  [OK] 6697: 找到 5 筆新聞
[169/293] 處理 6666...
  [OK] 6666: 找到 5 筆新聞
[170/293] 處理 1445...
  [OK] 1445: 找到 5 筆新聞
[171/293] 處理 6936...
  [OK] 6936: 找到 3 筆新聞
[172/293] 處理 2424...
  [OK] 2424: 找到 5 筆新聞
[173/293] 處理 4439...
  [OK] 4439: 找到 5 筆新聞
[174/293] 處理 8930...
  [OK] 8930: 找到 5 筆新聞
[175/293] 處理 1474...
  [OK] 1474: 找到 5 筆新聞
[176/293] 處理 8401...
  [OK] 8401: 找到 5 筆新聞
[177/293] 處理 5516...
  [OK] 5516: 找到 5 筆新聞
[178/293] 處理 2734...
  [OK] 2734: 找到 4 筆新聞
[179/293] 處理 6208...
  [OK] 6208: 找到 5 筆新聞
[180/293] 處理 1466...
  [OK] 1466: 找到 4 筆新聞
[181/293] 處理 8487...
  [OK] 8487: 找到 5 筆新聞
[182/293] 處理 5488...
  [OK] 5488: 找到 4 筆新聞
[183/293] 處理 2729...
  [OK] 2729: 找到 5 筆新聞
[184/293] 處理 3158...
  [OK] 3158: 找到 5 筆新聞
[185/293] 處理 4433...
  [-] 4433: 無符合條件的新聞
[186/293] 處理 8450...
  [OK] 8450: 找到 5 筆新聞
[187/293] 處理 3164...
  [OK] 3164: 找到 5 筆新聞
[188/293] 處理 6494...
  [OK] 6494: 找到 5 筆新聞
[189/293] 處理 1109...
  [OK] 1109: 找到 5 筆新聞
[190/293] 處理 4747...
  [OK] 4747: 找到 5 筆新聞
[191/293] 處理 5533...
  [OK] 5533: 找到 5 筆新聞
[192/293] 處理 1457...
  [OK] 1457: 找到 4 筆新聞
[193/293] 處理 5364...
  [OK] 5364: 找到 5 筆新聞
[194/293] 處理 7791...
  [OK] 7791: 找到 5 筆新聞
[195/293] 處理 4995...
  [OK] 4995: 找到 3 筆新聞
[196/293] 處理 1737...
  [OK] 1737: 找到 3 筆新聞
[197/293] 處理 4741...
  [OK] 4741: 找到 5 筆新聞
[198/293] 處理 9962...
  [OK] 9962: 找到 5 筆新聞
[199/293] 處理 8102...
  [OK] 8102: 找到 5 筆新聞
[200/293] 處理 8024...
  [OK] 8024: 找到 5 筆新聞
[201/293] 處理 6185...
  [OK] 6185: 找到 5 筆新聞
[202/293] 處理 1473...
  [OK] 1473: 找到 5 筆新聞
[203/293] 處理 1593...
  [OK] 1593: 找到 5 筆新聞
[204/293] 處理 7723...
  [OK] 7723: 找到 2 筆新聞
[205/293] 處理 6183...
  [OK] 6183: 找到 2 筆新聞
[206/293] 處理 3652...
  [OK] 3652: 找到 5 筆新聞
[207/293] 處理 7730...
  [OK] 7730: 找到 5 筆新聞
[208/293] 處理 2114...
  [OK] 2114: 找到 5 筆新聞
[209/293] 處理 6921...
  [OK] 6921: 找到 5 筆新聞
[210/293] 處理 3206...
  [OK] 3206: 找到 2 筆新聞
[211/293] 處理 4416...
  [OK] 4416: 找到 5 筆新聞
[212/293] 處理 2596...
  [OK] 2596: 找到 4 筆新聞
[213/293] 處理 1558...
  [OK] 1558: 找到 5 筆新聞
[214/293] 處理 1731...
  [OK] 1731: 找到 5 筆新聞
[215/293] 處理 5324...
  [OK] 5324: 找到 5 筆新聞
[216/293] 處理 6194...
  [OK] 6194: 找到 5 筆新聞
[217/293] 處理 7708...
  [OK] 7708: 找到 5 筆新聞
[218/293] 處理 2642...
  [OK] 2642: 找到 4 筆新聞
[219/293] 處理 3521...
  [OK] 3521: 找到 5 筆新聞
[220/293] 處理 8097...
  [OK] 8097: 找到 5 筆新聞
[221/293] 處理 9905...
  [OK] 9905: 找到 5 筆新聞
[222/293] 處理 8466...
  [OK] 8466: 找到 3 筆新聞
[223/293] 處理 2732...
  [OK] 2732: 找到 5 筆新聞
[224/293] 處理 8481...
  [OK] 8481: 找到 5 筆新聞
[225/293] 處理 4108...
  [OK] 4108: 找到 5 筆新聞
[226/293] 處理 3710...
  [OK] 3710: 找到 5 筆新聞
[227/293] 處理 4907...
  [OK] 4907: 找到 5 筆新聞
[228/293] 處理 8432...
  [OK] 8432: 找到 5 筆新聞
[229/293] 處理 1336...
  [OK] 1336: 找到 2 筆新聞
[230/293] 處理 7705...
  [OK] 7705: 找到 5 筆新聞
[231/293] 處理 4581...
  [OK] 4581: 找到 5 筆新聞
[232/293] 處理 5525...
  [OK] 5525: 找到 5 筆新聞
[233/293] 處理 6241...
  [OK] 6241: 找到 4 筆新聞
[234/293] 處理 3373...
  [OK] 3373: 找到 5 筆新聞
[235/293] 處理 3541...
  [OK] 3541: 找到 5 筆新聞
[236/293] 處理 6969...
  [OK] 6969: 找到 4 筆新聞
[237/293] 處理 6582...
  [OK] 6582: 找到 4 筆新聞
[238/293] 處理 3419...
  [OK] 3419: 找到 5 筆新聞
[239/293] 處理 5487...
  [OK] 5487: 找到 5 筆新聞
[240/293] 處理 4711...
  [OK] 4711: 找到 5 筆新聞
[241/293] 處理 3666...
  [OK] 3666: 找到 5 筆新聞
[242/293] 處理 4126...
  [OK] 4126: 找到 5 筆新聞
[243/293] 處理 4930...
  [OK] 4930: 找到 4 筆新聞
[244/293] 處理 7631...
  [OK] 7631: 找到 5 筆新聞
[245/293] 處理 6109...
  [OK] 6109: 找到 2 筆新聞
[246/293] 處理 4205...
  [OK] 4205: 找到 5 筆新聞
[247/293] 處理 2945...
  [OK] 2945: 找到 5 筆新聞
[248/293] 處理 8435...
  [OK] 8435: 找到 5 筆新聞
[249/293] 處理 5603...
  [OK] 5603: 找到 5 筆新聞
[250/293] 處理 5215...
  [OK] 5215: 找到 3 筆新聞
[251/293] 處理 1338...
  [OK] 1338: 找到 5 筆新聞
[252/293] 處理 3716...
  [OK] 3716: 找到 5 筆新聞
[253/293] 處理 6982...
  [OK] 6982: 找到 5 筆新聞
[254/293] 處理 2007...
  [OK] 2007: 找到 5 筆新聞
[255/293] 處理 1805...
  [OK] 1805: 找到 3 筆新聞
[256/293] 處理 2012...
  [OK] 2012: 找到 5 筆新聞
[257/293] 處理 6569...
  [OK] 6569: 找到 5 筆新聞
[258/293] 處理 6123...
  [OK] 6123: 找到 5 筆新聞
[259/293] 處理 6198...
  [OK] 6198: 找到 3 筆新聞
[260/293] 處理 6108...
  [OK] 6108: 找到 5 筆新聞
[261/293] 處理 3494...
  [OK] 3494: 找到 3 筆新聞
[262/293] 處理 6716...
  [OK] 6716: 找到 2 筆新聞
[263/293] 處理 6593...
  [OK] 6593: 找到 5 筆新聞
[264/293] 處理 4935...
  [OK] 4935: 找到 4 筆新聞
[265/293] 處理 1535...
  [OK] 1535: 找到 5 筆新聞
[266/293] 處理 6637...
  [OK] 6637: 找到 5 筆新聞
[267/293] 處理 9949...
  [OK] 9949: 找到 4 筆新聞
[268/293] 處理 4127...
  [OK] 4127: 找到 5 筆新聞
[269/293] 處理 2438...
  [OK] 2438: 找到 5 筆新聞
[270/293] 處理 2538...
  [OK] 2538: 找到 5 筆新聞
[271/293] 處理 2906...
  [OK] 2906: 找到 5 筆新聞
[272/293] 處理 3520...
  [OK] 3520: 找到 5 筆新聞
[273/293] 處理 6906...
  [OK] 6906: 找到 3 筆新聞
[274/293] 處理 2459...
  [OK] 2459: 找到 5 筆新聞
[275/293] 處理 6821...
  [OK] 6821: 找到 5 筆新聞
[276/293] 處理 1796...
  [OK] 1796: 找到 5 筆新聞
[277/293] 處理 8928...
  [OK] 8928: 找到 3 筆新聞
[278/293] 處理 4442...
  [OK] 4442: 找到 5 筆新聞
[279/293] 處理 3066...
  [OK] 3066: 找到 5 筆新聞
[280/293] 處理 6292...
  [OK] 6292: 找到 5 筆新聞
[281/293] 處理 6259...
  [OK] 6259: 找到 5 筆新聞
[282/293] 處理 2916...
  [OK] 2916: 找到 4 筆新聞
[283/293] 處理 2029...
  [OK] 2029: 找到 5 筆新聞
[284/293] 處理 2752...
  [OK] 2752: 找到 5 筆新聞
[285/293] 處理 3085...
  [OK] 3085: 找到 5 筆新聞
[286/293] 處理 6504...
  [OK] 6504: 找到 5 筆新聞
[287/293] 處理 6598...
  [OK] 6598: 找到 3 筆新聞
[288/293] 處理 4438...
  [OK] 4438: 找到 5 筆新聞
[289/293] 處理 4109...
  [OK] 4109: 找到 5 筆新聞
[290/293] 處理 5543...
  [OK] 5543: 找到 3 筆新聞
[291/293] 處理 5210...
  [OK] 5210: 找到 4 筆新聞
[292/293] 處理 6248...
  [OK] 6248: 找到 5 筆新聞
[293/293] 處理 5523...
  [OK] 5523: 找到 5 筆新聞

============================================================
[OK] 爬取完成!
============================================================
處理股票: 293 支
抓取新聞: 1311 筆
耗時: 1208.8 秒
============================================================

[週二 2026/06/23 14:49:26.16] Running yahoo lower... 
d:\StockPulse\stocks_news\yahoo\crawler_lower.py:285: DeprecationWarning: 'asyncio.WindowsSelectorEventLoopPolicy' is deprecated and slated for removal in Python 3.16
  asyncio.set_event_loop_policy(asyncio.WindowsSelectorEventLoopPolicy())
d:\StockPulse\stocks_news\yahoo\crawler_lower.py:285: DeprecationWarning: 'asyncio.set_event_loop_policy' is deprecated and slated for removal in Python 3.16
  asyncio.set_event_loop_policy(asyncio.WindowsSelectorEventLoopPolicy())
🐢 [偏下股] 爬蟲啟動（保守模式）
📄 總共 293 支股票
✅ 已完成 0 支
🔄 待處理 293 支
⚙️  配置：並發=2
🐢 開始並行處理 293 個任務 (最大並發: 2)...

💤 (912000) 無新聞列表
🚀 (3085) 掃描到 5 則新聞，開始儲存...
💾 (3085) 完成，共存入 5 則新聞
🚀 (6629) 掃描到 5 則新聞，開始儲存...
💾 (6629) 完成，共存入 5 則新聞
🚀 (6185) 掃描到 5 則新聞，開始儲存...
💾 (6185) 完成，共存入 5 則新聞
🚀 (1525) 掃描到 5 則新聞，開始儲存...
💾 (1525) 完成，共存入 5 則新聞
🚀 (5223) 掃描到 5 則新聞，開始儲存...
💾 (5223) 完成，共存入 5 則新聞
🚀 (4581) 掃描到 5 則新聞，開始儲存...
💾 (4581) 完成，共存入 5 則新聞
🚀 (4442) 掃描到 5 則新聞，開始儲存...
💾 (4442) 完成，共存入 5 則新聞
🚀 (5007) 掃描到 5 則新聞，開始儲存...
💾 (5007) 完成，共存入 5 則新聞
🚀 (6855) 掃描到 5 則新聞，開始儲存...
💾 (6855) 完成，共存入 5 則新聞
🚀 (8940) 掃描到 5 則新聞，開始儲存...
💾 (8940) 完成，共存入 5 則新聞
🚀 (6936) 掃描到 5 則新聞，開始儲存...
💾 (6936) 完成，共存入 5 則新聞
🚀 (7730) 掃描到 5 則新聞，開始儲存...
💾 (7730) 完成，共存入 5 則新聞
🚀 (4116) 掃描到 5 則新聞，開始儲存...
💾 (4116) 完成，共存入 5 則新聞
🚀 (6494) 掃描到 5 則新聞，開始儲存...
💾 (6494) 完成，共存入 5 則新聞
🚀 (6955) 掃描到 5 則新聞，開始儲存...
💾 (6955) 完成，共存入 5 則新聞
🚀 (1742) 掃描到 5 則新聞，開始儲存...
💾 (1742) 完成，共存入 5 則新聞
🚀 (5529) 掃描到 5 則新聞，開始儲存...
💾 (5529) 完成，共存入 5 則新聞
🚀 (4439) 掃描到 5 則新聞，開始儲存...
💾 (4439) 完成，共存入 5 則新聞
🚀 (8928) 掃描到 5 則新聞，開始儲存...
💾 (8928) 完成，共存入 5 則新聞
🚀 (6762) 掃描到 5 則新聞，開始儲存...
💾 (6762) 完成，共存入 5 則新聞
🚀 (7584) 掃描到 5 則新聞，開始儲存...
💾 (7584) 完成，共存入 5 則新聞
🚀 (2732) 掃描到 5 則新聞，開始儲存...
💾 (2732) 完成，共存入 5 則新聞
🚀 (8481) 掃描到 5 則新聞，開始儲存...
💾 (8481) 完成，共存入 5 則新聞
🚀 (2459) 掃描到 5 則新聞，開始儲存...
💾 (2459) 完成，共存入 5 則新聞
🚀 (7713) 掃描到 5 則新聞，開始儲存...
💾 (7713) 完成，共存入 5 則新聞
🚀 (4120) 掃描到 5 則新聞，開始儲存...
💾 (4120) 完成，共存入 5 則新聞
🚀 (1340) 掃描到 5 則新聞，開始儲存...
💾 (1340) 完成，共存入 5 則新聞
🚀 (1445) 掃描到 5 則新聞，開始儲存...
💾 (1445) 完成，共存入 5 則新聞
🚀 (2109) 掃描到 5 則新聞，開始儲存...
💾 (2109) 完成，共存入 5 則新聞
🚀 (6804) 掃描到 5 則新聞，開始儲存...
💾 (6804) 完成，共存入 5 則新聞
🚀 (2945) 掃描到 5 則新聞，開始儲存...
💾 (2945) 完成，共存入 5 則新聞
🚀 (6971) 掃描到 5 則新聞，開始儲存...
💾 (6971) 完成，共存入 5 則新聞
🚀 (1796) 掃描到 5 則新聞，開始儲存...
💾 (1796) 完成，共存入 5 則新聞
🚀 (6516) 掃描到 5 則新聞，開始儲存...
💾 (6516) 完成，共存入 5 則新聞
🚀 (2596) 掃描到 5 則新聞，開始儲存...
💾 (2596) 完成，共存入 5 則新聞
🚀 (6655) 掃描到 5 則新聞，開始儲存...
🚀 (2538) 掃描到 5 則新聞，開始儲存...
💾 (2538) 完成，共存入 5 則新聞
💾 (6655) 完成，共存入 5 則新聞
🚀 (2029) 掃描到 5 則新聞，開始儲存...
💾 (2029) 完成，共存入 5 則新聞
🚀 (4527) 掃描到 5 則新聞，開始儲存...
💾 (4527) 完成，共存入 5 則新聞
🚀 (4205) 掃描到 5 則新聞，開始儲存...
💾 (4205) 完成，共存入 5 則新聞
🚀 (6697) 掃描到 5 則新聞，開始儲存...
💾 (6697) 完成，共存入 5 則新聞
🚀 (4930) 掃描到 5 則新聞，開始儲存...
💾 (4930) 完成，共存入 5 則新聞
🚀 (7705) 掃描到 5 則新聞，開始儲存...
💾 (7705) 完成，共存入 5 則新聞
🚀 (4995) 掃描到 5 則新聞，開始儲存...
💾 (4995) 完成，共存入 5 則新聞
🚀 (4702) 掃描到 5 則新聞，開始儲存...
💾 (4702) 完成，共存入 5 則新聞
🚀 (5538) 掃描到 5 則新聞，開始儲存...
💾 (5538) 完成，共存入 5 則新聞
🚀 (6208) 掃描到 5 則新聞，開始儲存...
💾 (6208) 完成，共存入 5 則新聞
🚀 (4127) 掃描到 5 則新聞，開始儲存...
💾 (4127) 完成，共存入 5 則新聞
🚀 (6169) 掃描到 5 則新聞，開始儲存...
💾 (6169) 完成，共存入 5 則新聞
🚀 (4155) 掃描到 5 則新聞，開始儲存...
💾 (4155) 完成，共存入 5 則新聞
🚀 (1516) 掃描到 5 則新聞，開始儲存...
💾 (1516) 完成，共存入 5 則新聞
🚀 (2033) 掃描到 5 則新聞，開始儲存...
💾 (2033) 完成，共存入 5 則新聞
🚀 (3268) 掃描到 5 則新聞，開始儲存...
💾 (3268) 完成，共存入 5 則新聞
🚀 (8437) 掃描到 5 則新聞，開始儲存...
💾 (8437) 完成，共存入 5 則新聞
🚀 (1452) 掃描到 5 則新聞，開始儲存...
💾 (1452) 完成，共存入 5 則新聞
🚀 (5533) 掃描到 5 則新聞，開始儲存...
💾 (5533) 完成，共存入 5 則新聞
🚀 (5344) 掃描到 5 則新聞，開始儲存...
💾 (5344) 完成，共存入 5 則新聞
🚀 (5543) 掃描到 5 則新聞，開始儲存...
💾 (5543) 完成，共存入 5 則新聞
🚀 (3710) 掃描到 5 則新聞，開始儲存...
💾 (3710) 完成，共存入 5 則新聞
🚀 (1439) 掃描到 5 則新聞，開始儲存...
💾 (1439) 完成，共存入 5 則新聞
🚀 (6821) 掃描到 5 則新聞，開始儲存...
💾 (6821) 完成，共存入 5 則新聞
🚀 (5324) 掃描到 5 則新聞，開始儲存...
💾 (5324) 完成，共存入 5 則新聞
🚀 (5015) 掃描到 5 則新聞，開始儲存...
💾 (5015) 完成，共存入 5 則新聞
🚀 (2701) 掃描到 5 則新聞，開始儲存...
💾 (2701) 完成，共存入 5 則新聞
🚀 (8102) 掃描到 5 則新聞，開始儲存...
💾 (8102) 完成，共存入 5 則新聞
🚀 (1236) 掃描到 5 則新聞，開始儲存...
💾 (1236) 完成，共存入 5 則新聞
🚀 (2923) 掃描到 5 則新聞，開始儲存...
💾 (2923) 完成，共存入 5 則新聞
🚀 (6577) 掃描到 5 則新聞，開始儲存...
💾 (6577) 完成，共存入 5 則新聞
🚀 (4502) 掃描到 5 則新聞，開始儲存...
💾 (4502) 完成，共存入 5 則新聞
🚀 (8435) 掃描到 5 則新聞，開始儲存...
💾 (8435) 完成，共存入 5 則新聞
🚀 (5525) 掃描到 5 則新聞，開始儲存...
💾 (5525) 完成，共存入 5 則新聞
🚀 (8097) 掃描到 5 則新聞，開始儲存...
💾 (8097) 完成，共存入 5 則新聞
🚀 (4907) 掃描到 5 則新聞，開始儲存...
💾 (4907) 完成，共存入 5 則新聞
🚀 (3646) 掃描到 5 則新聞，開始儲存...
💾 (3646) 完成，共存入 5 則新聞
🚀 (8176) 掃描到 5 則新聞，開始儲存...
💾 (8176) 完成，共存入 5 則新聞
🚀 (4426) 掃描到 5 則新聞，開始儲存...
💾 (4426) 完成，共存入 5 則新聞
🚀 (3093) 掃描到 5 則新聞，開始儲存...
💾 (3093) 完成，共存入 5 則新聞
🚀 (6874) 掃描到 5 則新聞，開始儲存...
💾 (6874) 完成，共存入 5 則新聞
🚀 (6881) 掃描到 5 則新聞，開始儲存...
💾 (6881) 完成，共存入 5 則新聞
🚀 (5355) 掃描到 5 則新聞，開始儲存...
💾 (5355) 完成，共存入 5 則新聞
🚀 (2008) 掃描到 5 則新聞，開始儲存...
💾 (2008) 完成，共存入 5 則新聞
🚀 (8906) 掃描到 5 則新聞，開始儲存...
💾 (8906) 完成，共存入 5 則新聞
🚀 (8201) 掃描到 5 則新聞，開始儲存...
💾 (8201) 完成，共存入 5 則新聞
🚀 (1338) 掃描到 5 則新聞，開始儲存...
💾 (1338) 完成，共存入 5 則新聞
🚀 (2849) 掃描到 5 則新聞，開始儲存...
💾 (2849) 完成，共存入 5 則新聞
🚀 (7709) 掃描到 5 則新聞，開始儲存...
💾 (7709) 完成，共存入 5 則新聞
🚀 (1459) 掃描到 5 則新聞，開始儲存...
💾 (1459) 完成，共存入 5 則新聞
🚀 (5220) 掃描到 5 則新聞，開始儲存...
💾 (5220) 完成，共存入 5 則新聞
🚀 (8367) 掃描到 5 則新聞，開始儲存...
💾 (8367) 完成，共存入 5 則新聞
🚀 (6666) 掃描到 5 則新聞，開始儲存...
💾 (6666) 完成，共存入 5 則新聞
🚀 (6259) 掃描到 5 則新聞，開始儲存...
💾 (6259) 完成，共存入 5 則新聞
🚀 (3489) 掃描到 5 則新聞，開始儲存...
💾 (3489) 完成，共存入 5 則新聞
🚀 (4747) 掃描到 5 則新聞，開始儲存...
💾 (4747) 完成，共存入 5 則新聞
🚀 (1726) 掃描到 5 則新聞，開始儲存...
💾 (1726) 完成，共存入 5 則新聞
🚀 (1294) 掃描到 5 則新聞，開始儲存...
💾 (1294) 完成，共存入 5 則新聞
🚀 (4416) 掃描到 5 則新聞，開始儲存...
💾 (4416) 完成，共存入 5 則新聞
🚀 (1776) 掃描到 5 則新聞，開始儲存...
💾 (1776) 完成，共存入 5 則新聞
🚀 (2642) 掃描到 5 則新聞，開始儲存...
💾 (2642) 完成，共存入 5 則新聞
🚀 (6865) 掃描到 5 則新聞，開始儲存...
💾 (6865) 完成，共存入 5 則新聞
🚀 (4109) 掃描到 5 則新聞，開始儲存...
💾 (4109) 完成，共存入 5 則新聞
🚀 (3158) 掃描到 5 則新聞，開始儲存...
💾 (3158) 完成，共存入 5 則新聞
🚀 (1456) 掃描到 5 則新聞，開始儲存...
💾 (1456) 完成，共存入 5 則新聞
🚀 (8092) 掃描到 5 則新聞，開始儲存...
💾 (8092) 完成，共存入 5 則新聞
🚀 (4569) 掃描到 5 則新聞，開始儲存...
💾 (4569) 完成，共存入 5 則新聞
🚀 (8466) 掃描到 5 則新聞，開始儲存...
💾 (8466) 完成，共存入 5 則新聞
🚀 (1336) 掃描到 5 則新聞，開始儲存...
💾 (1336) 完成，共存入 5 則新聞
🚀 (4735) 掃描到 5 則新聞，開始儲存...
💾 (4735) 完成，共存入 5 則新聞
🚀 (3494) 掃描到 5 則新聞，開始儲存...
💾 (3494) 完成，共存入 5 則新聞
🚀 (4102) 掃描到 5 則新聞，開始儲存...
💾 (4102) 完成，共存入 5 則新聞
🚀 (4554) 掃描到 5 則新聞，開始儲存...
💾 (4554) 完成，共存入 5 則新聞
🚀 (5902) 掃描到 5 則新聞，開始儲存...
💾 (5902) 完成，共存入 5 則新聞
🚀 (4550) 掃描到 5 則新聞，開始儲存...
💾 (4550) 完成，共存入 5 則新聞
🚀 (6906) 掃描到 5 則新聞，開始儲存...
💾 (6906) 完成，共存入 5 則新聞
🚀 (1737) 掃描到 5 則新聞，開始儲存...
💾 (1737) 完成，共存入 5 則新聞
🚀 (6195) 掃描到 5 則新聞，開始儲存...
💾 (6195) 完成，共存入 5 則新聞
🚀 (2734) 掃描到 5 則新聞，開始儲存...
🚀 (7770) 掃描到 5 則新聞，開始儲存...
💾 (2734) 完成，共存入 5 則新聞
💾 (7770) 完成，共存入 5 則新聞
🚀 (9949) 掃描到 5 則新聞，開始儲存...
💾 (9949) 完成，共存入 5 則新聞
🚀 (1460) 掃描到 5 則新聞，開始儲存...
💾 (1460) 完成，共存入 5 則新聞
🚀 (2007) 掃描到 5 則新聞，開始儲存...
💾 (2007) 完成，共存入 5 則新聞
🚀 (2929) 掃描到 5 則新聞，開始儲存...
💾 (2929) 完成，共存入 5 則新聞
🚀 (6952) 掃描到 5 則新聞，開始儲存...
💾 (6952) 完成，共存入 5 則新聞
🚀 (6884) 掃描到 5 則新聞，開始儲存...
💾 (6884) 完成，共存入 5 則新聞
🚀 (5212) 掃描到 5 則新聞，開始儲存...
💾 (5212) 完成，共存入 5 則新聞
🚀 (7791) 掃描到 5 則新聞，開始儲存...
💾 (7791) 完成，共存入 5 則新聞
🚀 (4433) 掃描到 5 則新聞，開始儲存...
💾 (4433) 完成，共存入 5 則新聞
🚀 (2114) 掃描到 5 則新聞，開始儲存...
💾 (2114) 完成，共存入 5 則新聞
🚀 (2067) 掃描到 5 則新聞，開始儲存...
💾 (2067) 完成，共存入 5 則新聞
🚀 (5206) 掃描到 5 則新聞，開始儲存...
💾 (5206) 完成，共存入 5 則新聞
🚀 (6969) 掃描到 5 則新聞，開始儲存...
💾 (6969) 完成，共存入 5 則新聞
🚀 (8024) 掃描到 5 則新聞，開始儲存...
💾 (8024) 完成，共存入 5 則新聞
🚀 (4741) 掃描到 5 則新聞，開始儲存...
💾 (4741) 完成，共存入 5 則新聞
🚀 (1593) 掃描到 5 則新聞，開始儲存...
💾 (1593) 完成，共存入 5 則新聞
🚀 (8421) 掃描到 5 則新聞，開始儲存...
🚀 (6671) 掃描到 5 則新聞，開始儲存...
💾 (8421) 完成，共存入 5 則新聞
💾 (6671) 完成，共存入 5 則新聞
🚀 (4188) 掃描到 5 則新聞，開始儲存...
💾 (4188) 完成，共存入 5 則新聞
🚀 (2616) 掃描到 5 則新聞，開始儲存...
💾 (2616) 完成，共存入 5 則新聞
🚀 (6921) 掃描到 5 則新聞，開始儲存...
💾 (6921) 完成，共存入 5 則新聞
🚀 (8450) 掃描到 5 則新聞，開始儲存...
💾 (8450) 完成，共存入 5 則新聞
🚀 (8426) 掃描到 5 則新聞，開始儲存...
💾 (8426) 完成，共存入 5 則新聞
🚀 (6590) 掃描到 5 則新聞，開始儲存...
💾 (6590) 完成，共存入 5 則新聞
🚀 (4568) 掃描到 5 則新聞，開始儲存...
💾 (4568) 完成，共存入 5 則新聞
🚀 (2752) 掃描到 5 則新聞，開始儲存...
💾 (2752) 完成，共存入 5 則新聞
🚀 (5210) 掃描到 5 則新聞，開始儲存...
💾 (5210) 完成，共存入 5 則新聞
🚀 (1474) 掃描到 5 則新聞，開始儲存...
💾 (1474) 完成，共存入 5 則新聞
🚀 (5487) 掃描到 5 則新聞，開始儲存...
💾 (5487) 完成，共存入 5 則新聞
🚀 (4438) 掃描到 5 則新聞，開始儲存...
💾 (4438) 完成，共存入 5 則新聞
🚀 (8401) 掃描到 5 則新聞，開始儲存...
💾 (8401) 完成，共存入 5 則新聞
🚀 (6504) 掃描到 5 則新聞，開始儲存...
💾 (6504) 完成，共存入 5 則新聞
🚀 (3652) 掃描到 5 則新聞，開始儲存...
💾 (3652) 完成，共存入 5 則新聞
🚀 (5603) 掃描到 5 則新聞，開始儲存...
💾 (5603) 完成，共存入 5 則新聞
🚀 (6754) 掃描到 5 則新聞，開始儲存...
💾 (6754) 完成，共存入 5 則新聞
🚀 (1730) 掃描到 5 則新聞，開始儲存...
💾 (1730) 完成，共存入 5 則新聞
🚀 (2496) 掃描到 5 則新聞，開始儲存...
💾 (2496) 完成，共存入 5 則新聞
🚀 (1466) 掃描到 5 則新聞，開始儲存...
💾 (1466) 完成，共存入 5 則新聞
🚀 (5450) 掃描到 5 則新聞，開始儲存...
💾 (5450) 完成，共存入 5 則新聞
🚀 (5523) 掃描到 5 則新聞，開始儲存...
💾 (5523) 完成，共存入 5 則新聞
🚀 (3164) 掃描到 5 則新聞，開始儲存...
💾 (3164) 完成，共存入 5 則新聞
🚀 (1805) 掃描到 5 則新聞，開始儲存...
💾 (1805) 完成，共存入 5 則新聞
🚀 (6968) 掃描到 5 則新聞，開始儲存...
💾 (6968) 完成，共存入 5 則新聞
🚀 (6246) 掃描到 5 則新聞，開始儲存...
💾 (6246) 完成，共存入 5 則新聞
🚀 (6248) 掃描到 5 則新聞，開始儲存...
💾 (6248) 完成，共存入 5 則新聞
🚀 (8482) 掃描到 5 則新聞，開始儲存...
💾 (8482) 完成，共存入 5 則新聞
🚀 (3224) 掃描到 5 則新聞，開始儲存...
💾 (3224) 完成，共存入 5 則新聞
🚀 (1235) 掃描到 5 則新聞，開始儲存...
💾 (1235) 完成，共存入 5 則新聞
🚀 (4121) 掃描到 5 則新聞，開始儲存...
💾 (4121) 完成，共存入 5 則新聞
🚀 (2729) 掃描到 5 則新聞，開始儲存...
💾 (2729) 完成，共存入 5 則新聞
🚀 (6582) 掃描到 5 則新聞，開始儲存...
💾 (6582) 完成，共存入 5 則新聞
🚀 (6902) 掃描到 5 則新聞，開始儲存...
💾 (6902) 完成，共存入 5 則新聞
🚀 (3150) 掃描到 5 則新聞，開始儲存...
💾 (3150) 完成，共存入 5 則新聞
🚀 (8905) 掃描到 5 則新聞，開始儲存...
💾 (8905) 完成，共存入 5 則新聞
🚀 (4126) 掃描到 5 則新聞，開始儲存...
💾 (4126) 完成，共存入 5 則新聞
🚀 (3419) 掃描到 5 則新聞，開始儲存...
💾 (3419) 完成，共存入 5 則新聞
🚀 (3664) 掃描到 5 則新聞，開始儲存...
💾 (3664) 完成，共存入 5 則新聞
🚀 (2712) 掃描到 5 則新聞，開始儲存...
💾 (2712) 完成，共存入 5 則新聞
🚀 (1817) 掃描到 5 則新聞，開始儲存...
💾 (1817) 完成，共存入 5 則新聞
🚀 (6508) 掃描到 5 則新聞，開始儲存...
💾 (6508) 完成，共存入 5 則新聞
🚀 (2424) 掃描到 5 則新聞，開始儲存...
💾 (2424) 完成，共存入 5 則新聞
🚀 (1535) 掃描到 5 則新聞，開始儲存...
💾 (1535) 完成，共存入 5 則新聞
🚀 (3066) 掃描到 5 則新聞，開始儲存...
💾 (3066) 完成，共存入 5 則新聞
🚀 (2430) 掃描到 5 則新聞，開始儲存...
💾 (2430) 完成，共存入 5 則新聞
🚀 (1109) 掃描到 5 則新聞，開始儲存...
💾 (1109) 完成，共存入 5 則新聞
🚀 (6108) 掃描到 5 則新聞，開始儲存...
💾 (6108) 完成，共存入 5 則新聞
🚀 (1473) 掃描到 5 則新聞，開始儲存...
💾 (1473) 完成，共存入 5 則新聞
🚀 (4538) 掃描到 5 則新聞，開始儲存...
💾 (4538) 完成，共存入 5 則新聞
🚀 (5516) 掃描到 5 則新聞，開始儲存...
💾 (5516) 完成，共存入 5 則新聞
🚀 (3512) 掃描到 5 則新聞，開始儲存...
💾 (3512) 完成，共存入 5 則新聞
🚀 (5215) 掃描到 5 則新聞，開始儲存...
💾 (5215) 完成，共存入 5 則新聞
🚀 (1467) 掃描到 5 則新聞，開始儲存...
💾 (1467) 完成，共存入 5 則新聞
🚀 (8087) 掃描到 5 則新聞，開始儲存...
💾 (8087) 完成，共存入 5 則新聞
🚀 (5464) 掃描到 5 則新聞，開始儲存...
💾 (5464) 完成，共存入 5 則新聞
🚀 (8487) 掃描到 5 則新聞，開始儲存...
💾 (8487) 完成，共存入 5 則新聞
🚀 (2061) 掃描到 5 則新聞，開始儲存...
💾 (2061) 完成，共存入 5 則新聞
🚀 (3373) 掃描到 5 則新聞，開始儲存...
💾 (3373) 完成，共存入 5 則新聞
🚀 (4108) 掃描到 5 則新聞，開始儲存...
💾 (4108) 完成，共存入 5 則新聞
🚀 (6276) 掃描到 5 則新聞，開始儲存...
💾 (6276) 完成，共存入 5 則新聞
🚀 (6194) 掃描到 5 則新聞，開始儲存...
💾 (6194) 完成，共存入 5 則新聞
🚀 (9962) 掃描到 5 則新聞，開始儲存...
💾 (9962) 完成，共存入 5 則新聞
🚀 (4999) 掃描到 5 則新聞，開始儲存...
💾 (4999) 完成，共存入 5 則新聞
🚀 (2916) 掃描到 5 則新聞，開始儲存...
💾 (2916) 完成，共存入 5 則新聞
🚀 (4911) 掃描到 5 則新聞，開始儲存...
💾 (4911) 完成，共存入 5 則新聞
🚀 (6198) 掃描到 5 則新聞，開始儲存...
💾 (6198) 完成，共存入 5 則新聞
🚀 (6846) 掃描到 5 則新聞，開始儲存...
💾 (6846) 完成，共存入 5 則新聞
🚀 (8432) 掃描到 5 則新聞，開始儲存...
💾 (8432) 完成，共存入 5 則新聞
🚀 (2736) 掃描到 5 則新聞，開始儲存...
💾 (2736) 完成，共存入 5 則新聞
🚀 (2702) 掃描到 5 則新聞，開始儲存...
🚀 (6482) 掃描到 5 則新聞，開始儲存...
💾 (2702) 完成，共存入 5 則新聞
💾 (6482) 完成，共存入 5 則新聞
🚀 (8429) 掃描到 5 則新聞，開始儲存...
💾 (8429) 完成，共存入 5 則新聞
🚀 (4440) 掃描到 5 則新聞，開始儲存...
💾 (4440) 完成，共存入 5 則新聞
🚀 (7767) 掃描到 5 則新聞，開始儲存...
💾 (7767) 完成，共存入 5 則新聞
🚀 (6241) 掃描到 5 則新聞，開始儲存...
💾 (6241) 完成，共存入 5 則新聞
🚀 (4530) 掃描到 5 則新聞，開始儲存...
💾 (4530) 完成，共存入 5 則新聞
🚀 (3118) 掃描到 5 則新聞，開始儲存...
💾 (3118) 完成，共存入 5 則新聞
🚀 (4558) 掃描到 5 則新聞，開始儲存...
🚀 (6123) 掃描到 5 則新聞，開始儲存...
💾 (4558) 完成，共存入 5 則新聞
💾 (6123) 完成，共存入 5 則新聞
🚀 (8162) 掃描到 5 則新聞，開始儲存...
💾 (8162) 完成，共存入 5 則新聞
🚀 (2906) 掃描到 5 則新聞，開始儲存...
💾 (2906) 完成，共存入 5 則新聞
🚀 (8272) 掃描到 5 則新聞，開始儲存...
💾 (8272) 完成，共存入 5 則新聞
🚀 (6569) 掃描到 5 則新聞，開始儲存...
💾 (6569) 完成，共存入 5 則新聞
🚀 (2438) 掃描到 5 則新聞，開始儲存...
💾 (2438) 完成，共存入 5 則新聞
🚀 (2908) 掃描到 5 則新聞，開始儲存...
💾 (2908) 完成，共存入 5 則新聞
🚀 (4935) 掃描到 5 則新聞，開始儲存...
💾 (4935) 完成，共存入 5 則新聞
🚀 (6771) 掃描到 5 則新聞，開始儲存...
💾 (6771) 完成，共存入 5 則新聞
🚀 (8472) 掃描到 5 則新聞，開始儲存...
💾 (8472) 完成，共存入 5 則新聞
🚀 (1463) 掃描到 5 則新聞，開始儲存...
💾 (1463) 完成，共存入 5 則新聞
🚀 (4190) 掃描到 5 則新聞，開始儲存...
💾 (4190) 完成，共存入 5 則新聞
🚀 (6292) 掃描到 5 則新聞，開始儲存...
💾 (6292) 完成，共存入 5 則新聞
🚀 (1337) 掃描到 5 則新聞，開始儲存...
💾 (1337) 完成，共存入 5 則新聞
🚀 (3171) 掃描到 5 則新聞，開始儲存...
💾 (3171) 完成，共存入 5 則新聞
🚀 (4754) 掃描到 5 則新聞，開始儲存...
💾 (4754) 完成，共存入 5 則新聞
🚀 (1457) 掃描到 5 則新聞，開始儲存...
💾 (1457) 完成，共存入 5 則新聞
🚀 (6924) 掃描到 5 則新聞，開始儲存...
💾 (6924) 完成，共存入 5 則新聞
🚀 (5364) 掃描到 5 則新聞，開始儲存...
💾 (5364) 完成，共存入 5 則新聞
🚀 (6593) 掃描到 5 則新聞，開始儲存...
🚀 (1240) 掃描到 5 則新聞，開始儲存...
💾 (1240) 完成，共存入 5 則新聞
💾 (6593) 完成，共存入 5 則新聞
🚀 (3266) 掃描到 5 則新聞，開始儲存...
🚀 (5488) 掃描到 5 則新聞，開始儲存...
💾 (3266) 完成，共存入 5 則新聞
💾 (5488) 完成，共存入 5 則新聞
🚀 (3521) 掃描到 5 則新聞，開始儲存...
💾 (3521) 完成，共存入 5 則新聞
🚀 (6637) 掃描到 5 則新聞，開始儲存...
💾 (6637) 完成，共存入 5 則新聞
🚀 (5546) 掃描到 5 則新聞，開始儲存...
💾 (5546) 完成，共存入 5 則新聞
🚀 (6598) 掃描到 5 則新聞，開始儲存...
💾 (6598) 完成，共存入 5 則新聞
🚀 (6982) 掃描到 5 則新聞，開始儲存...
💾 (6982) 完成，共存入 5 則新聞
🚀 (3666) 掃描到 5 則新聞，開始儲存...
💾 (3666) 完成，共存入 5 則新聞
🚀 (6114) 掃描到 5 則新聞，開始儲存...
💾 (6114) 完成，共存入 5 則新聞
🚀 (6708) 掃描到 5 則新聞，開始儲存...
💾 (6708) 完成，共存入 5 則新聞
🚀 (1731) 掃描到 5 則新聞，開始儲存...
💾 (1731) 完成，共存入 5 則新聞
🚀 (9960) 掃描到 5 則新聞，開始儲存...
💾 (9960) 完成，共存入 5 則新聞
🚀 (6201) 掃描到 5 則新聞，開始儲存...
💾 (6201) 完成，共存入 5 則新聞
🚀 (7747) 掃描到 5 則新聞，開始儲存...
💾 (7747) 完成，共存入 5 則新聞
🚀 (3467) 掃描到 5 則新聞，開始儲存...
🚀 (7631) 掃描到 5 則新聞，開始儲存...
💾 (3467) 完成，共存入 5 則新聞
💾 (7631) 完成，共存入 5 則新聞
🚀 (6578) 掃描到 5 則新聞，開始儲存...
💾 (6578) 完成，共存入 5 則新聞
🚀 (3206) 掃描到 5 則新聞，開始儲存...
💾 (3206) 完成，共存入 5 則新聞
🚀 (7723) 掃描到 5 則新聞，開始儲存...
💾 (7723) 完成，共存入 5 則新聞
🚀 (2012) 掃描到 5 則新聞，開始儲存...
💾 (2012) 完成，共存入 5 則新聞
🚀 (9928) 掃描到 5 則新聞，開始儲存...
💾 (9928) 完成，共存入 5 則新聞
🚀 (6716) 掃描到 5 則新聞，開始儲存...
💾 (6716) 完成，共存入 5 則新聞
🚀 (6183) 掃描到 5 則新聞，開始儲存...
💾 (6183) 完成，共存入 5 則新聞
🚀 (3541) 掃描到 5 則新聞，開始儲存...
💾 (3541) 完成，共存入 5 則新聞
🚀 (6109) 掃描到 5 則新聞，開始儲存...
💾 (6109) 完成，共存入 5 則新聞
🚀 (4711) 掃描到 5 則新聞，開始儲存...
💾 (4711) 完成，共存入 5 則新聞
🚀 (9931) 掃描到 5 則新聞，開始儲存...
💾 (9931) 完成，共存入 5 則新聞
🚀 (2506) 掃描到 5 則新聞，開始儲存...
💾 (2506) 完成，共存入 5 則新聞
🚀 (2718) 掃描到 5 則新聞，開始儲存...
💾 (2718) 完成，共存入 5 則新聞
🚀 (1558) 掃描到 5 則新聞，開始儲存...
💾 (1558) 完成，共存入 5 則新聞
🚀 (6597) 掃描到 5 則新聞，開始儲存...
💾 (6597) 完成，共存入 5 則新聞
🚀 (2706) 掃描到 5 則新聞，開始儲存...
💾 (2706) 完成，共存入 5 則新聞
🚀 (1417) 掃描到 5 則新聞，開始儲存...
💾 (1417) 完成，共存入 5 則新聞
🚀 (8931) 掃描到 5 則新聞，開始儲存...
💾 (8931) 完成，共存入 5 則新聞
🚀 (5704) 掃描到 5 則新聞，開始儲存...
💾 (5704) 完成，共存入 5 則新聞
🚀 (9905) 掃描到 5 則新聞，開始儲存...
💾 (9905) 完成，共存入 5 則新聞
🚀 (6464) 掃描到 5 則新聞，開始儲存...
💾 (6464) 完成，共存入 5 則新聞
🚀 (3716) 掃描到 5 則新聞，開始儲存...
💾 (3716) 完成，共存入 5 則新聞
🚀 (6101) 掃描到 5 則新聞，開始儲存...
💾 (6101) 完成，共存入 5 則新聞
🚀 (9950) 掃描到 5 則新聞，開始儲存...
💾 (9950) 完成，共存入 5 則新聞
🚀 (3168) 掃描到 5 則新聞，開始儲存...
💾 (3168) 完成，共存入 5 則新聞
🚀 (3054) 掃描到 5 則新聞，開始儲存...
💾 (3054) 完成，共存入 5 則新聞
🚀 (8444) 掃描到 5 則新聞，開始儲存...
💾 (8444) 完成，共存入 5 則新聞
🚀 (8930) 掃描到 5 則新聞，開始儲存...
💾 (8930) 完成，共存入 5 則新聞
🚀 (3520) 掃描到 5 則新聞，開始儲存...
💾 (3520) 完成，共存入 5 則新聞
🚀 (5548) 掃描到 5 則新聞，開始儲存...
💾 (5548) 完成，共存入 5 則新聞
🚀 (4138) 掃描到 5 則新聞，開始儲存...
💾 (4138) 完成，共存入 5 則新聞
🚀 (4207) 掃描到 5 則新聞，開始儲存...
💾 (4207) 完成，共存入 5 則新聞
🚀 (7708) 掃描到 5 則新聞，開始儲存...
💾 (7708) 完成，共存入 5 則新聞
🚀 (5211) 掃描到 5 則新聞，開始儲存...
💾 (5211) 完成，共存入 5 則新聞
🚀 (1323) 掃描到 5 則新聞，開始儲存...
💾 (1323) 完成，共存入 5 則新聞
🚀 (6154) 掃描到 5 則新聞，開始儲存...
💾 (6154) 完成，共存入 5 則新聞
🚀 (5489) 掃描到 5 則新聞，開始儲存...
💾 (5489) 完成，共存入 5 則新聞
🚀 (6692) 掃描到 5 則新聞，開始儲存...
💾 (6692) 完成，共存入 5 則新聞
🚀 (6680) 掃描到 5 則新聞，開始儲存...
💾 (6680) 完成，共存入 5 則新聞
🚀 (6294) 掃描到 5 則新聞，開始儲存...
💾 (6294) 完成，共存入 5 則新聞
🚀 (4745) 掃描到 5 則新聞，開始儲存...
💾 (4745) 完成，共存入 5 則新聞

🎉 [偏下股] 全部處理完成！
⏱️ 總耗時: 920.16 秒
[週二 2026/06/23 15:04:49.47] Running cnyes lower... 
d:\StockPulse\stocks_news\cnyes\crawler_lower.py:412: DeprecationWarning: 'asyncio.WindowsSelectorEventLoopPolicy' is deprecated and slated for removal in Python 3.16
  asyncio.set_event_loop_policy(asyncio.WindowsSelectorEventLoopPolicy())
d:\StockPulse\stocks_news\cnyes\crawler_lower.py:412: DeprecationWarning: 'asyncio.set_event_loop_policy' is deprecated and slated for removal in Python 3.16
  asyncio.set_event_loop_policy(asyncio.WindowsSelectorEventLoopPolicy())
[偏下股] Crawler started
Total stocks: 293
Completed: 0
Remaining: 293
Config: concurrency=5, days_filter=30

[START] Processing 293 tasks (max concurrency: 5)...

[START] (4530) Found 26 total news, 2 pages
[START] (3710) Found 51 total news, 3 pages
[START] (3158) Found 13 total news, 1 pages
[START] (3646) Found 10 total news, 1 pages
[DONE] (3646) Saved 3 news items
[DONE] (3158) Saved 9 news items
   Page 2/2: +1 news
[DONE] (4530) Saved 10 news items
   Page 2/3: +25 news
[START] (4426) Found 14 total news, 1 pages
[DONE] (4426) Saved 8 news items
[START] (1457) Found 9 total news, 1 pages
[DONE] (1457) Saved 6 news items
   Page 3/3: +1 news
[DONE] (3710) Saved 22 news items
[SKIP] (6582) No __NEXT_DATA__ found
[START] (5210) Found 20 total news, 1 pages
[DONE] (5210) Saved 5 news items
[START] (4433) Found 14 total news, 1 pages
[DONE] (4433) Saved 9 news items
[START] (4995) Found 9 total news, 1 pages
[DONE] (4995) Saved 3 news items
[START] (4205) Found 6 total news, 1 pages
[DONE] (4205) Saved 2 news items
[START] (6924) Found 24 total news, 1 pages
[DONE] (6924) Saved 11 news items
[START] (2538) Found 7 total news, 1 pages
[DONE] (2538) Saved 2 news items
[START] (1417) Found 13 total news, 1 pages
[DONE] (1417) Saved 2 news items
[START] (6494) Found 19 total news, 1 pages
[DONE] (6494) Saved 13 news items
[SKIP] (4116) No __NEXT_DATA__ found
[START] (2945) Found 17 total news, 1 pages
[DONE] (2945) Saved 9 news items
[START] (8102) Found 14 total news, 1 pages
[DONE] (8102) Saved 7 news items
[START] (1336) Found 19 total news, 1 pages
[DONE] (1336) Saved 8 news items
[START] (5488) Found 13 total news, 1 pages
[DONE] (5488) Saved 5 news items
[START] (5487) Found 9 total news, 1 pages
[DONE] (5487) Saved 2 news items
[SKIP] (2438) No __NEXT_DATA__ found
[START] (3206) Found 12 total news, 1 pages
[DONE] (3206) Saved 4 news items
[START] (8087) Found 42 total news, 2 pages
[START] (3164) Found 9 total news, 1 pages
[DONE] (3164) Saved 6 news items
   Page 2/2: +17 news
[DONE] (8087) Saved 28 news items
[START] (2007) Found 9 total news, 1 pages
[DONE] (2007) Saved 6 news items
[START] (6754) Found 11 total news, 1 pages
[DONE] (6754) Saved 3 news items
[START] (2849) Found 7 total news, 1 pages
[DONE] (2849) Saved 1 news items
[SKIP] (8435) No __NEXT_DATA__ found
[START] (9962) Found 6 total news, 1 pages
[DONE] (9962) Saved 3 news items
[START] (4735) Found 12 total news, 1 pages
[DONE] (4735) Saved 6 news items
[START] (2929) Found 23 total news, 1 pages
[START] (6208) Found 42 total news, 2 pages
[DONE] (2929) Saved 11 news items
   Page 2/2: +17 news
[DONE] (6208) Saved 18 news items
[START] (6952) Found 8 total news, 1 pages
[DONE] (6952) Saved 2 news items
[SKIP] (2701) No __NEXT_DATA__ found
[SKIP] (4188) No __NEXT_DATA__ found
[START] (1796) Found 6 total news, 1 pages
[DONE] (1796) Saved 2 news items
[START] (5212) Found 14 total news, 1 pages
[DONE] (5212) Saved 11 news items
[START] (6955) Found 7 total news, 1 pages
[DONE] (6955) Saved 1 news items
[START] (6259) Found 48 total news, 2 pages
[START] (8487) Found 12 total news, 1 pages
[DONE] (8487) Saved 5 news items
[START] (3494) Found 16 total news, 1 pages
[DONE] (3494) Saved 3 news items
[START] (1516) Found 11 total news, 1 pages
[DONE] (1516) Saved 6 news items
[START] (5015) Found 15 total news, 1 pages
   Page 2/2: +23 news
[DONE] (5015) Saved 12 news items
[DONE] (6259) Saved 25 news items
[START] (4930) Found 15 total news, 1 pages
[DONE] (4930) Saved 4 news items
[SKIP] (8097) No __NEXT_DATA__ found
[START] (3168) Found 8 total news, 1 pages
[DONE] (3168) Saved 3 news items
[START] (3419) Found 6 total news, 1 pages
[DONE] (3419) Saved 1 news items
[START] (7713) Found 14 total news, 1 pages
[DONE] (7713) Saved 9 news items
[START] (6874) Found 8 total news, 1 pages
[DONE] (6874) Saved 4 news items
[SKIP] (4999) No __NEXT_DATA__ found
[SKIP] (7708) No __NEXT_DATA__ found
[START] (2702) Found 10 total news, 1 pages
[DONE] (2702) Saved 2 news items
[START] (4711) Found 12 total news, 1 pages
[DONE] (4711) Saved 5 news items
[START] (8444) Found 24 total news, 1 pages
[DONE] (8444) Saved 14 news items
[START] (8401) Found 8 total news, 1 pages
[DONE] (8401) Saved 2 news items
[START] (6692) Found 11 total news, 1 pages
[DONE] (6692) Saved 5 news items
[START] (8421) Found 9 total news, 1 pages
[DONE] (8421) Saved 2 news items
[START] (6697) Found 10 total news, 1 pages
[DONE] (6697) Saved 7 news items
[START] (2718) Found 12 total news, 1 pages
[DONE] (2718) Saved 3 news items
[SKIP] (8940) No __NEXT_DATA__ found
[START] (3150) Found 7 total news, 1 pages
[DONE] (3150) Saved 3 news items
[START] (4438) Found 20 total news, 1 pages
[DONE] (4438) Saved 9 news items
[START] (1466) Found 8 total news, 1 pages
[DONE] (1466) Saved 3 news items
[START] (6804) Found 11 total news, 1 pages
[DONE] (6804) Saved 3 news items
[SKIP] (3268) No __NEXT_DATA__ found
[START] (8466) Found 19 total news, 1 pages
[DONE] (8466) Saved 8 news items
[SKIP] (4138) No __NEXT_DATA__ found
[SKIP] (1776) No __NEXT_DATA__ found
[START] (3652) Found 29 total news, 2 pages
[START] (6936) Found 12 total news, 1 pages
[DONE] (6936) Saved 2 news items
   Page 2/2: +4 news
[DONE] (3652) Saved 20 news items
[SKIP] (8930) No __NEXT_DATA__ found
[START] (6108) Found 22 total news, 1 pages
[DONE] (6108) Saved 4 news items
[START] (1235) Found 13 total news, 1 pages
[DONE] (1235) Saved 1 news items
[START] (6101) Found 18 total news, 1 pages
[DONE] (6101) Saved 9 news items
[START] (6241) Found 42 total news, 2 pages
[START] (2916) Found 9 total news, 1 pages
[DONE] (2916) Saved 4 news items
   Page 2/2: +17 news
[DONE] (6241) Saved 17 news items
[START] (5603) Found 8 total news, 1 pages
[DONE] (5603) Saved 5 news items
[START] (1452) Found 7 total news, 1 pages
[DONE] (1452) Saved 3 news items
[START] (3118) Found 9 total news, 1 pages
[DONE] (3118) Saved 6 news items
[SKIP] (4207) No __NEXT_DATA__ found
[START] (3224) Found 18 total news, 1 pages
[DONE] (3224) Saved 5 news items
[START] (2114) Found 8 total news, 1 pages
[DONE] (2114) Saved 4 news items
[START] (6194) Found 12 total news, 1 pages
[DONE] (6194) Saved 4 news items
[SKIP] (2061) No __NEXT_DATA__ found
[START] (4439) Found 18 total news, 1 pages
[DONE] (4439) Saved 9 news items
[START] (5355) Found 27 total news, 2 pages
[START] (1525) Found 13 total news, 1 pages
[DONE] (1525) Saved 6 news items
   Page 2/2: +2 news
[DONE] (5355) Saved 16 news items
[START] (1460) Found 9 total news, 1 pages
[DONE] (1460) Saved 4 news items
[START] (8931) Found 11 total news, 1 pages
[DONE] (8931) Saved 6 news items
[START] (6183) Found 6 total news, 1 pages
[DONE] (6183) Saved 2 news items
[START] (6593) Found 8 total news, 1 pages
[DONE] (6593) Saved 4 news items
[START] (8367) Found 12 total news, 1 pages
[DONE] (8367) Saved 3 news items
[SKIP] (4190) No __NEXT_DATA__ found
[START] (4754) Found 12 total news, 1 pages
[DONE] (4754) Saved 8 news items
[SKIP] (1340) No __NEXT_DATA__ found
[START] (8432) Found 27 total news, 2 pages
[START] (6276) Found 27 total news, 2 pages
[START] (3664) Found 45 total news, 2 pages
[START] (6504) Found 11 total news, 1 pages
[DONE] (6504) Saved 3 news items
   Page 2/2: +2 news
[DONE] (8432) Saved 21 news items
   Page 2/2: +20 news
[DONE] (3664) Saved 13 news items
   Page 2/2: +2 news
[DONE] (6276) Saved 19 news items
[START] (4126) Found 7 total news, 1 pages
[DONE] (4126) Saved 4 news items
[START] (6884) Found 9 total news, 1 pages
[DONE] (6884) Saved 3 news items
[START] (1456) Found 17 total news, 1 pages
[DONE] (1456) Saved 9 news items
[START] (1439) Found 9 total news, 1 pages
[DONE] (1439) Saved 5 news items
[START] (4527) Found 13 total news, 1 pages
[DONE] (4527) Saved 8 news items
[START] (5516) Found 6 total news, 1 pages
[DONE] (5516) Saved 2 news items
[START] (3066) Found 23 total news, 1 pages
[DONE] (3066) Saved 13 news items
[START] (6464) Found 24 total news, 1 pages
[DONE] (6464) Saved 3 news items
[START] (6969) Found 2 total news, 1 pages
[DONE] (6969) Saved 1 news items
[START] (8426) Found 11 total news, 1 pages
[DONE] (8426) Saved 3 news items
[START] (1726) Found 16 total news, 1 pages
[DONE] (1726) Saved 12 news items
[START] (2732) Found 14 total news, 1 pages
[DONE] (2732) Saved 3 news items
[START] (4121) Found 15 total news, 1 pages
[DONE] (4121) Saved 2 news items
[START] (1463) Found 18 total news, 1 pages
[DONE] (1463) Saved 3 news items
[START] (4568) Found 16 total news, 1 pages
[DONE] (4568) Saved 6 news items
[START] (3054) Found 55 total news, 3 pages
[START] (4747) Found 15 total news, 1 pages
[DONE] (4747) Saved 7 news items
[START] (8437) Found 11 total news, 1 pages
[DONE] (8437) Saved 5 news items
[START] (1535) Found 14 total news, 1 pages
[DONE] (1535) Saved 9 news items
   Page 2/3: +25 news
[START] (5523) Found 10 total news, 1 pages
[DONE] (5523) Saved 7 news items
[START] (7730) Found 23 total news, 1 pages
[DONE] (7730) Saved 2 news items
[START] (9928) Found 8 total news, 1 pages
[DONE] (9928) Saved 2 news items
[START] (6590) Found 7 total news, 1 pages
[DONE] (6590) Saved 2 news items
   Page 3/3: +5 news
[DONE] (3054) Saved 29 news items
[START] (2496) Found 6 total news, 1 pages
[DONE] (2496) Saved 3 news items
[START] (6666) Found 20 total news, 1 pages
[DONE] (6666) Saved 12 news items
[START] (6855) Found 12 total news, 1 pages
[DONE] (6855) Saved 7 news items
[START] (2012) Found 8 total news, 1 pages
[DONE] (2012) Saved 3 news items
[START] (4127) Found 51 total news, 3 pages
[START] (5902) Found 17 total news, 1 pages
[DONE] (5902) Saved 9 news items
   Page 2/3: +25 news
[START] (8481) Found 7 total news, 1 pages
[DONE] (8481) Saved 3 news items
[START] (5543) Found 22 total news, 1 pages
[START] (3266) Found 8 total news, 1 pages
[DONE] (3266) Saved 4 news items
[DONE] (5543) Saved 6 news items
   Page 3/3: +1 news
[DONE] (4127) Saved 21 news items
[START] (4702) Found 7 total news, 1 pages
[DONE] (4702) Saved 4 news items
[START] (8024) Found 12 total news, 1 pages
[DONE] (8024) Saved 9 news items
[START] (1474) Found 5 total news, 1 pages
[DONE] (1474) Saved 2 news items
[START] (6637) Found 12 total news, 1 pages
[DONE] (6637) Saved 8 news items
[START] (5206) Found 13 total news, 1 pages
[DONE] (5206) Saved 8 news items
[START] (8092) Found 10 total news, 1 pages
[DONE] (8092) Saved 2 news items
[START] (8905) Found 14 total news, 1 pages
[DONE] (8905) Saved 4 news items
[START] (6771) Found 8 total news, 1 pages
[DONE] (6771) Saved 5 news items
[START] (3716) Found 1 total news, 1 pages
[START] (1730) Found 8 total news, 1 pages
[DONE] (1730) Saved 5 news items
[START] (4440) Found 6 total news, 1 pages
[DONE] (4440) Saved 1 news items
[START] (6482) Found 14 total news, 1 pages
[DONE] (6482) Saved 12 news items
[START] (8429) Found 10 total news, 1 pages
[DONE] (8429) Saved 4 news items
[START] (4911) Found 7 total news, 1 pages
[DONE] (4911) Saved 4 news items
[START] (9949) Found 12 total news, 1 pages
[DONE] (9949) Saved 2 news items
[START] (2424) Found 51 total news, 3 pages
[START] (4745) Found 34 total news, 2 pages
[START] (1817) Found 11 total news, 1 pages
[DONE] (1817) Saved 6 news items
[START] (7791) Found 2 total news, 1 pages
[DONE] (7791) Saved 2 news items
[START] (4581) Found 4 total news, 1 pages
[DONE] (4581) Saved 1 news items
   Page 2/3: +25 news
   Page 2/2: +9 news
[DONE] (4745) Saved 13 news items
   Page 3/3: +1 news
[DONE] (2424) Saved 30 news items
[START] (5548) Found 11 total news, 1 pages
[DONE] (5548) Saved 6 news items
[START] (9960) Found 21 total news, 1 pages
[DONE] (9960) Saved 3 news items
[START] (1593) Found 22 total news, 1 pages
[DONE] (1593) Saved 13 news items
[START] (2067) Found 17 total news, 1 pages
[DONE] (2067) Saved 3 news items
[START] (4907) Found 10 total news, 1 pages
[DONE] (4907) Saved 4 news items
[START] (6629) Found 26 total news, 2 pages
[START] (7705) Found 9 total news, 1 pages
[DONE] (7705) Saved 4 news items
[START] (4502) Found 15 total news, 1 pages
[DONE] (4502) Saved 2 news items
[START] (6185) Found 20 total news, 1 pages
[DONE] (6185) Saved 17 news items
   Page 2/2: +1 news
[DONE] (6629) Saved 15 news items
[START] (1337) Found 7 total news, 1 pages
[DONE] (1337) Saved 3 news items
[START] (3171) Found 22 total news, 1 pages
[DONE] (3171) Saved 10 news items
[START] (8450) Found 8 total news, 1 pages
[DONE] (8450) Saved 3 news items
[START] (6198) Found 20 total news, 1 pages
[DONE] (6198) Saved 6 news items
[START] (6292) Found 37 total news, 2 pages
   Page 2/2: +12 news
[DONE] (6292) Saved 25 news items
[START] (2923) Found 23 total news, 1 pages
[DONE] (2923) Saved 10 news items
[START] (6248) Found 8 total news, 1 pages
[DONE] (6248) Saved 2 news items
[START] (5364) Found 15 total news, 1 pages
[DONE] (5364) Saved 7 news items
[START] (1737) Found 12 total news, 1 pages
[DONE] (1737) Saved 2 news items
[START] (3085) Found 21 total news, 1 pages
[DONE] (3085) Saved 7 news items
[START] (4120) Found 8 total news, 1 pages
[DONE] (4120) Saved 3 news items
[START] (3467) Found 19 total news, 1 pages
[DONE] (3467) Saved 7 news items
[START] (6169) Found 22 total news, 1 pages
[DONE] (6169) Saved 10 news items
[START] (2734) Found 11 total news, 1 pages
[DONE] (2734) Saved 1 news items
[START] (2642) Found 13 total news, 1 pages
[DONE] (2642) Saved 9 news items
[START] (8162) Found 52 total news, 3 pages
   Page 2/3: +25 news
[START] (8176) Found 8 total news, 1 pages
[DONE] (8176) Saved 3 news items
[START] (6716) Found 36 total news, 2 pages
[START] (8928) Found 6 total news, 1 pages
[DONE] (8928) Saved 1 news items
[START] (6921) Found 2 total news, 1 pages
[DONE] (6921) Saved 2 news items
   Page 3/3: +2 news
[DONE] (8162) Saved 35 news items
   Page 2/2: +11 news
[DONE] (6716) Saved 20 news items
[START] (1459) Found 17 total news, 1 pages
[DONE] (1459) Saved 6 news items
[START] (3489) Found 8 total news, 1 pages
[DONE] (3489) Saved 4 news items
[START] (9931) Found 15 total news, 1 pages
[DONE] (9931) Saved 12 news items
[START] (8482) Found 10 total news, 1 pages
[DONE] (8482) Saved 4 news items
[START] (6154) Found 12 total news, 1 pages
[DONE] (6154) Saved 10 news items
[START] (4108) Found 15 total news, 1 pages
[START] (6577) Found 13 total news, 1 pages
[DONE] (4108) Saved 8 news items
[DONE] (6577) Saved 8 news items
[START] (1805) Found 23 total news, 1 pages
[DONE] (1805) Saved 12 news items
[START] (6865) Found 17 total news, 1 pages
[DONE] (6865) Saved 10 news items
[START] (1323) Found 16 total news, 1 pages
[DONE] (1323) Saved 10 news items
[START] (6294) Found 14 total news, 1 pages
[DONE] (6294) Saved 11 news items
[START] (4558) Found 6 total news, 1 pages
[DONE] (4558) Saved 2 news items
[START] (1473) Found 14 total news, 1 pages
[DONE] (1473) Saved 11 news items
[START] (1467) Found 7 total news, 1 pages
[DONE] (1467) Saved 3 news items
[START] (3666) Found 17 total news, 1 pages
[DONE] (3666) Saved 10 news items
[START] (7770) Found 2 total news, 1 pages
[DONE] (7770) Saved 1 news items
[START] (2729) Found 21 total news, 1 pages
[DONE] (2729) Saved 10 news items
[START] (6246) Found 13 total news, 1 pages
[DONE] (6246) Saved 2 news items
[START] (6680) Found 5 total news, 1 pages
[DONE] (6680) Saved 2 news items
[START] (5220) Found 8 total news, 1 pages
[DONE] (5220) Saved 5 news items
[START] (5215) Found 108 total news, 5 pages
[START] (4102) Found 11 total news, 1 pages
[DONE] (4102) Saved 8 news items
[START] (1240) Found 7 total news, 1 pages
[START] (8906) Found 19 total news, 1 pages
[DONE] (1240) Saved 3 news items
[DONE] (8906) Saved 14 news items
   Page 2/5: +25 news
[START] (6906) Found 18 total news, 1 pages
[DONE] (6906) Saved 10 news items
   Page 3/5: +25 news
[START] (5344) Found 17 total news, 1 pages
[DONE] (5344) Saved 11 news items
   Page 4/5: +25 news
[START] (5211) Found 11 total news, 1 pages
[DONE] (5211) Saved 5 news items
[START] (5525) Found 11 total news, 1 pages
[DONE] (5525) Saved 6 news items
[START] (2616) Found 13 total news, 1 pages
[DONE] (2616) Saved 9 news items
   Page 5/5: +8 news
[DONE] (5215) Saved 55 news items
[START] (6881) Found 10 total news, 1 pages
[DONE] (6881) Saved 4 news items
[START] (8201) Found 20 total news, 1 pages
[DONE] (8201) Saved 6 news items
[START] (1558) Found 9 total news, 1 pages
[DONE] (1558) Saved 5 news items
[START] (6114) Found 7 total news, 1 pages
[DONE] (6114) Saved 3 news items
[START] (8472) Found 18 total news, 1 pages
[START] (7584) Found 20 total news, 1 pages
[DONE] (8472) Saved 11 news items
[DONE] (7584) Saved 13 news items
[START] (1294) Found 8 total news, 1 pages
[DONE] (1294) Saved 3 news items
[START] (3512) Found 14 total news, 1 pages
[DONE] (3512) Saved 10 news items
[START] (912000) Found 5 total news, 1 pages
[DONE] (912000) Saved 4 news items
[START] (1731) Found 14 total news, 1 pages
[DONE] (1731) Saved 10 news items
[START] (5704) Found 4 total news, 1 pages
[DONE] (5704) Saved 1 news items
[START] (6578) Found 13 total news, 1 pages
[DONE] (6578) Saved 5 news items
[START] (5546) Found 21 total news, 1 pages
[DONE] (5546) Saved 9 news items
[START] (1109) Found 6 total news, 1 pages
[DONE] (1109) Saved 2 news items
[START] (7631) Found 21 total news, 1 pages
[DONE] (7631) Saved 9 news items
[START] (2033) Found 10 total news, 1 pages
[DONE] (2033) Saved 5 news items
[START] (2459) Found 12 total news, 1 pages
[DONE] (2459) Saved 7 news items
[START] (6762) Found 7 total news, 1 pages
[DONE] (6762) Saved 2 news items
[START] (6671) Found 18 total news, 1 pages
[DONE] (6671) Saved 7 news items
[START] (9950) Found 6 total news, 1 pages
[DONE] (9950) Saved 1 news items
[START] (6982) Found 30 total news, 2 pages
[START] (7709) Found 45 total news, 2 pages
[START] (7723) Found 13 total news, 1 pages
[DONE] (7723) Saved 4 news items
[START] (5529) Found 26 total news, 2 pages
[START] (1236) Found 6 total news, 1 pages
[DONE] (1236) Saved 2 news items
   Page 2/2: +5 news
[DONE] (6982) Saved 24 news items
   Page 2/2: +20 news
[DONE] (7709) Saved 15 news items
   Page 2/2: +1 news
[DONE] (5529) Saved 4 news items
[START] (1338) Found 13 total news, 1 pages
[DONE] (1338) Saved 6 news items
[START] (3373) Found 7 total news, 1 pages
[DONE] (3373) Saved 2 news items
[START] (4109) Found 20 total news, 1 pages
[DONE] (4109) Saved 7 news items
[START] (4935) Found 10 total news, 1 pages
[DONE] (4935) Saved 8 news items
[START] (6821) Found 34 total news, 2 pages
   Page 2/2: +9 news
[DONE] (6821) Saved 24 news items
[START] (2506) Found 15 total news, 1 pages
[DONE] (2506) Saved 6 news items
[START] (4538) Found 8 total news, 1 pages
[DONE] (4538) Saved 2 news items
[START] (9905) Found 16 total news, 1 pages
[SKIP] (7747) No news found
[DONE] (9905) Saved 8 news items
[START] (2109) Found 7 total news, 1 pages
[DONE] (2109) Saved 4 news items
[START] (5324) Found 10 total news, 1 pages
[DONE] (5324) Saved 6 news items
[START] (2736) Found 11 total news, 1 pages
[DONE] (2736) Saved 7 news items
[START] (2706) Found 4 total news, 1 pages
[DONE] (2706) Saved 1 news items
[START] (2430) Found 12 total news, 1 pages
[DONE] (2430) Saved 4 news items
[START] (2906) Found 10 total news, 1 pages
[DONE] (2906) Saved 6 news items
[START] (6708) Found 5 total news, 1 pages
[DONE] (6708) Saved 2 news items
[START] (5538) Found 16 total news, 1 pages
[DONE] (5538) Saved 8 news items
[START] (5533) Found 14 total news, 1 pages
[DONE] (5533) Saved 12 news items
[START] (3521) Found 24 total news, 1 pages
[DONE] (3521) Saved 10 news items
[START] (6201) Found 16 total news, 1 pages
[DONE] (6201) Saved 12 news items
[START] (6598) Found 12 total news, 1 pages
[DONE] (6598) Saved 3 news items
[START] (6109) Found 21 total news, 1 pages
[DONE] (6109) Saved 4 news items
[START] (6597) Found 25 total news, 1 pages
[DONE] (6597) Saved 8 news items
[START] (4416) Found 96 total news, 4 pages
[START] (6195) Found 15 total news, 1 pages
[DONE] (6195) Saved 11 news items
[START] (6123) Found 15 total news, 1 pages
[DONE] (6123) Saved 8 news items
   Page 2/4: +25 news
[START] (2008) Found 12 total news, 1 pages
[START] (2712) Found 11 total news, 1 pages
[DONE] (2712) Saved 2 news items
[DONE] (2008) Saved 4 news items
   Page 3/4: +25 news
[START] (2029) Found 13 total news, 1 pages
[DONE] (2029) Saved 8 news items
[START] (4741) Found 56 total news, 3 pages
   Page 4/4: +21 news
[DONE] (4416) Saved 54 news items
[START] (6846) Found 12 total news, 1 pages
[DONE] (6846) Saved 2 news items
[START] (3093) Found 35 total news, 2 pages
   Page 2/3: +25 news
   Page 2/2: +10 news
[DONE] (3093) Saved 17 news items
[START] (6902) Found 27 total news, 2 pages
   Page 3/3: +6 news
[DONE] (4741) Saved 22 news items
[START] (8272) Found 15 total news, 1 pages
[DONE] (8272) Saved 10 news items
   Page 2/2: +2 news
[DONE] (6902) Saved 12 news items
[START] (5489) Found 9 total news, 1 pages
[DONE] (5489) Saved 6 news items
[START] (5464) Found 69 total news, 3 pages
[START] (6569) Found 15 total news, 1 pages
[DONE] (6569) Saved 10 news items
[START] (3520) Found 30 total news, 2 pages
[START] (6968) Found 11 total news, 1 pages
[DONE] (6968) Saved 7 news items
[START] (6516) Found 8 total news, 1 pages
[DONE] (6516) Saved 4 news items
   Page 2/3: +25 news
   Page 2/2: +5 news
[DONE] (3520) Saved 22 news items
   Page 3/3: +19 news
[DONE] (5464) Saved 42 news items
[START] (6655) Found 7 total news, 1 pages
[DONE] (6655) Saved 1 news items
[START] (2752) Found 11 total news, 1 pages
[DONE] (2752) Saved 7 news items
[START] (7767) Found 1 total news, 1 pages
[DONE] (7767) Saved 1 news items
[START] (4550) Found 8 total news, 1 pages
[DONE] (4550) Saved 5 news items
[START] (2908) Found 14 total news, 1 pages
[DONE] (2908) Saved 6 news items
[START] (2596) Found 10 total news, 1 pages
[START] (5007) Found 5 total news, 1 pages
[DONE] (5007) Saved 2 news items
[DONE] (2596) Saved 4 news items
[START] (3541) Found 16 total news, 1 pages
[DONE] (3541) Saved 13 news items
[START] (6971) Found 18 total news, 1 pages
[DONE] (6971) Saved 11 news items
[START] (4554) Found 12 total news, 1 pages
[DONE] (4554) Saved 2 news items
[START] (1445) Found 15 total news, 1 pages
[DONE] (1445) Saved 11 news items
[START] (5223) Found 16 total news, 1 pages
[DONE] (5223) Saved 9 news items
[START] (4442) Found 20 total news, 1 pages
[DONE] (4442) Saved 12 news items
[START] (6508) Found 8 total news, 1 pages
[START] (4155) Found 16 total news, 1 pages
[DONE] (6508) Saved 4 news items
[DONE] (4155) Saved 8 news items
[START] (5450) Found 13 total news, 1 pages
[DONE] (5450) Saved 7 news items
[START] (1742) Found 15 total news, 1 pages
[DONE] (1742) Saved 9 news items
[START] (4569) Found 25 total news, 1 pages
[DONE] (4569) Saved 9 news items

[DONE] [偏下股] All processing complete!
[TIME] Total: 275.98 seconds
[週二 2026/06/23 15:09:28.60] Running nstock rare... 
d:\StockPulse\stocks_news\nstock\crawler_rare.py:43: DeprecationWarning: 'asyncio.WindowsSelectorEventLoopPolicy' is deprecated and slated for removal in Python 3.16
  asyncio.set_event_loop_policy(asyncio.WindowsSelectorEventLoopPolicy())
d:\StockPulse\stocks_news\nstock\crawler_rare.py:43: DeprecationWarning: 'asyncio.set_event_loop_policy' is deprecated and slated for removal in Python 3.16
  asyncio.set_event_loop_policy(asyncio.WindowsSelectorEventLoopPolicy())

============================================================
NStock 股市新聞爬蟲 - 冷門股
============================================================

[INFO] 讀取股票清單: 195 支股票

[INFO] 已處理: 0 支
[INFO] 待處理: 195 支

[OK] 資料庫連線成功

[1/195] 處理 2073...
  [OK] 2073: 找到 5 筆新聞
[2/195] 處理 6103...
  [OK] 6103: 找到 5 筆新聞
[3/195] 處理 8077...
  [OK] 8077: 找到 4 筆新聞
[4/195] 處理 1470...
  [OK] 1470: 找到 3 筆新聞
[5/195] 處理 2321...
  [OK] 2321: 找到 4 筆新聞
[6/195] 處理 4413...
  [OK] 4413: 找到 5 筆新聞
[7/195] 處理 8923...
  [OK] 8923: 找到 5 筆新聞
[8/195] 處理 6236...
  [OK] 6236: 找到 5 筆新聞
[9/195] 處理 5205...
  [OK] 5205: 找到 5 筆新聞
[10/195] 處理 5348...
  [OK] 5348: 找到 5 筆新聞
[11/195] 處理 8488...
  [OK] 8488: 找到 5 筆新聞
[12/195] 處理 4584...
  [OK] 4584: 找到 5 筆新聞
[13/195] 處理 4419...
  [OK] 4419: 找到 5 筆新聞
[14/195] 處理 9110...
  [OK] 9110: 找到 2 筆新聞
[15/195] 處理 6856...
  [OK] 6856: 找到 5 筆新聞
[16/195] 處理 3067...
  [OK] 3067: 找到 4 筆新聞
[17/195] 處理 2035...
  [OK] 2035: 找到 3 筆新聞
[18/195] 處理 4154...
  [OK] 4154: 找到 4 筆新聞
[19/195] 處理 9929...
  [OK] 9929: 找到 5 筆新聞
[20/195] 處理 2924...
  [OK] 2924: 找到 5 筆新聞
[21/195] 處理 5514...
  [OK] 5514: 找到 2 筆新聞
[22/195] 處理 2887Z1...
  [X] 2887Z1: HTTP 500
  [WARN] 連線失敗，跳過不記錄進度 (連續失敗: 1)
[23/195] 處理 2941...
  [OK] 2941: 找到 5 筆新聞
[24/195] 處理 5703...
  [OK] 5703: 找到 5 筆新聞
[25/195] 處理 6225...
  [OK] 6225: 找到 4 筆新聞
[26/195] 處理 3064...
  [OK] 3064: 找到 5 筆新聞
[27/195] 處理 911608...
  [OK] 911608: 找到 1 筆新聞
[28/195] 處理 4198...
  [OK] 4198: 找到 3 筆新聞
[29/195] 處理 2901...
  [OK] 2901: 找到 5 筆新聞
[30/195] 處理 6581...
  [OK] 6581: 找到 5 筆新聞
[31/195] 處理 8921...
  [OK] 8921: 找到 5 筆新聞
[32/195] 處理 1213...
  [OK] 1213: 找到 3 筆新聞
[33/195] 處理 4609...
  [OK] 4609: 找到 5 筆新聞
[34/195] 處理 6144...
  [OK] 6144: 找到 5 筆新聞
[35/195] 處理 6240...
  [OK] 6240: 找到 4 筆新聞
[36/195] 處理 3115...
  [OK] 3115: 找到 4 筆新聞
[37/195] 處理 4905...
  [OK] 4905: 找到 5 筆新聞
[38/195] 處理 6904...
  [OK] 6904: 找到 2 筆新聞
[39/195] 處理 5301...
  [OK] 5301: 找到 5 筆新聞
[40/195] 處理 4305...
  [OK] 4305: 找到 5 筆新聞
[41/195] 處理 5016...
  [OK] 5016: 找到 5 筆新聞
[42/195] 處理 911622...
  [-] 911622: 無符合條件的新聞
[43/195] 處理 3531...
  [OK] 3531: 找到 5 筆新聞
[44/195] 處理 8101...
  [OK] 8101: 找到 2 筆新聞
[45/195] 處理 5345...
  [OK] 5345: 找到 5 筆新聞
[46/195] 處理 4806...
  [OK] 4806: 找到 5 筆新聞
[47/195] 處理 4139...
  [OK] 4139: 找到 5 筆新聞
[48/195] 處理 2724...
  [OK] 2724: 找到 4 筆新聞
[49/195] 處理 1418...
  [OK] 1418: 找到 5 筆新聞
[50/195] 處理 1435...
  [OK] 1435: 找到 5 筆新聞
[51/195] 處理 7716...
  [OK] 7716: 找到 5 筆新聞
[52/195] 處理 2910...
  [OK] 2910: 找到 4 筆新聞
[53/195] 處理 5878...
  [OK] 5878: 找到 5 筆新聞
[54/195] 處理 3285...
  [OK] 3285: 找到 5 筆新聞
[55/195] 處理 3632...
  [OK] 3632: 找到 4 筆新聞
[56/195] 處理 2911...
  [OK] 2911: 找到 5 筆新聞
[57/195] 處理 7732...
  [OK] 7732: 找到 5 筆新聞
[58/195] 處理 4706...
  [OK] 4706: 找到 5 筆新聞
[59/195] 處理 6929...
  [OK] 6929: 找到 5 筆新聞
[60/195] 處理 5601...
  [OK] 5601: 找到 5 筆新聞
[61/195] 處理 8342...
  [OK] 8342: 找到 5 筆新聞
[62/195] 處理 3523...
  [OK] 3523: 找到 5 筆新聞
[63/195] 處理 6574...
  [OK] 6574: 找到 5 筆新聞
[64/195] 處理 1423...
  [OK] 1423: 找到 5 筆新聞
[65/195] 處理 4192...
  [OK] 4192: 找到 5 筆新聞
[66/195] 處理 6222...
  [OK] 6222: 找到 5 筆新聞
[67/195] 處理 2948...
  [OK] 2948: 找到 5 筆新聞
[68/195] 處理 4807...
  [OK] 4807: 找到 3 筆新聞
[69/195] 處理 5276...
  [OK] 5276: 找到 5 筆新聞
[70/195] 處理 6212...
  [OK] 6212: 找到 5 筆新聞
[71/195] 處理 6556...
  [OK] 6556: 找到 5 筆新聞
[72/195] 處理 2235...
  [OK] 2235: 找到 5 筆新聞
[73/195] 處理 4767...
  [OK] 4767: 找到 5 筆新聞
[74/195] 處理 8917...
  [OK] 8917: 找到 5 筆新聞
[75/195] 處理 3288...
  [OK] 3288: 找到 5 筆新聞
[76/195] 處理 6020...
  [OK] 6020: 找到 5 筆新聞
[77/195] 處理 4432...
  [OK] 4432: 找到 5 筆新聞
[78/195] 處理 6899...
  [OK] 6899: 找到 5 筆新聞
[79/195] 處理 4406...
  [OK] 4406: 找到 3 筆新聞
[80/195] 處理 6988...
  [OK] 6988: 找到 5 筆新聞
[81/195] 處理 8067...
  [OK] 8067: 找到 5 筆新聞
[82/195] 處理 2949...
  [OK] 2949: 找到 5 筆新聞
[83/195] 處理 2939...
  [OK] 2939: 找到 4 筆新聞
[84/195] 處理 8455...
  [OK] 8455: 找到 4 筆新聞
[85/195] 處理 2937...
  [OK] 2937: 找到 5 筆新聞
[86/195] 處理 6228...
  [OK] 6228: 找到 5 筆新聞
[87/195] 處理 6496...
  [OK] 6496: 找到 5 筆新聞
[88/195] 處理 6807...
  [OK] 6807: 找到 5 筆新聞
[89/195] 處理 1813...
  [OK] 1813: 找到 5 筆新聞
[90/195] 處理 6721...
  [OK] 6721: 找到 5 筆新聞
[91/195] 處理 8941...
  [OK] 8941: 找到 5 筆新聞
[92/195] 處理 1259...
  [OK] 1259: 找到 3 筆新聞
[93/195] 處理 910861...
  [OK] 910861: 找到 5 筆新聞
[94/195] 處理 8443...
  [OK] 8443: 找到 5 筆新聞
[95/195] 處理 3191...
  [OK] 3191: 找到 5 筆新聞
[96/195] 處理 9912...
  [OK] 9912: 找到 5 筆新聞
[97/195] 處理 5906...
  [OK] 5906: 找到 3 筆新聞
[98/195] 處理 1341...
  [OK] 1341: 找到 5 筆新聞
[99/195] 處理 3593...
  [OK] 3593: 找到 5 筆新聞
[100/195] 處理 3465...
  [OK] 3465: 找到 5 筆新聞
[101/195] 處理 8066...
  [OK] 8066: 找到 5 筆新聞
[102/195] 處理 3018...
  [OK] 3018: 找到 4 筆新聞
[103/195] 處理 8423...
  [OK] 8423: 找到 5 筆新聞
[104/195] 處理 4943...
  [OK] 4943: 找到 4 筆新聞
[105/195] 處理 2248...
  [OK] 2248: 找到 5 筆新聞
[106/195] 處理 6242...
  [OK] 6242: 找到 5 筆新聞
[107/195] 處理 7753...
  [OK] 7753: 找到 4 筆新聞
[108/195] 處理 8929...
  [OK] 8929: 找到 1 筆新聞
[109/195] 處理 911868...
  [OK] 911868: 找到 3 筆新聞
[110/195] 處理 6542...
  [OK] 6542: 找到 3 筆新聞
[111/195] 處理 3426...
  [OK] 3426: 找到 4 筆新聞
[112/195] 處理 1468...
  [OK] 1468: 找到 5 筆新聞
[113/195] 處理 3629...
  [OK] 3629: 找到 5 筆新聞
[114/195] 處理 6506...
  [OK] 6506: 找到 5 筆新聞
[115/195] 處理 1443...
  [OK] 1443: 找到 4 筆新聞
[116/195] 處理 4304...
  [OK] 4304: 找到 5 筆新聞
[117/195] 處理 1203...
  [OK] 1203: 找到 5 筆新聞
[118/195] 處理 6997...
  [OK] 6997: 找到 5 筆新聞
[119/195] 處理 2740...
  [OK] 2740: 找到 5 筆新聞
[120/195] 處理 4430...
  [OK] 4430: 找到 4 筆新聞
[121/195] 處理 6661...
  [OK] 6661: 找到 3 筆新聞
[122/195] 處理 5520...
  [OK] 5520: 找到 4 筆新聞
[123/195] 處理 4183...
  [OK] 4183: 找到 5 筆新聞
[124/195] 處理 6730...
  [OK] 6730: 找到 5 筆新聞
[125/195] 處理 8409...
  [OK] 8409: 找到 5 筆新聞
[126/195] 處理 3095...
  [OK] 3095: 找到 5 筆新聞
[127/195] 處理 5455...
  [OK] 5455: 找到 5 筆新聞
[128/195] 處理 1233...
  [OK] 1233: 找到 5 筆新聞
[129/195] 處理 6767...
  [OK] 6767: 找到 5 筆新聞
[130/195] 處理 4529...
  [OK] 4529: 找到 5 筆新聞
[131/195] 處理 8477...
  [OK] 8477: 找到 5 筆新聞
[132/195] 處理 3232...
  [OK] 3232: 找到 5 筆新聞
[133/195] 處理 1454...
  [OK] 1454: 找到 4 筆新聞
[134/195] 處理 9944...
  [OK] 9944: 找到 5 筆新聞
[135/195] 處理 6615...
  [OK] 6615: 找到 5 筆新聞
[136/195] 處理 6616...
  [OK] 6616: 找到 5 筆新聞
[137/195] 處理 2726...
  [OK] 2726: 找到 5 筆新聞
[138/195] 處理 2719...
  [OK] 2719: 找到 5 筆新聞
[139/195] 處理 1441...
  [OK] 1441: 找到 5 筆新聞
[140/195] 處理 4924...
  [OK] 4924: 找到 4 筆新聞
[141/195] 處理 2024...
  [OK] 2024: 找到 5 筆新聞
[142/195] 處理 6958...
  [OK] 6958: 找到 5 筆新聞
[143/195] 處理 6844...
  [OK] 6844: 找到 5 筆新聞
[144/195] 處理 1626...
  [OK] 1626: 找到 5 筆新聞
[145/195] 處理 2434...
  [OK] 2434: 找到 5 筆新聞
[146/195] 處理 1465...
  [OK] 1465: 找到 5 筆新聞
[147/195] 處理 4535...
  [OK] 4535: 找到 5 筆新聞
[148/195] 處理 5604...
  [OK] 5604: 找到 5 筆新聞
[149/195] 處理 9926...
  [OK] 9926: 找到 5 筆新聞
[150/195] 處理 6171...
  [OK] 6171: 找到 5 筆新聞
[151/195] 處理 4950...
  [OK] 4950: 找到 5 筆新聞
[152/195] 處理 7782...
  [OK] 7782: 找到 4 筆新聞
[153/195] 處理 6474...
  [OK] 6474: 找到 5 筆新聞
[154/195] 處理 1906...
  [OK] 1906: 找到 4 筆新聞
[155/195] 處理 8354...
  [OK] 8354: 找到 5 筆新聞
[156/195] 處理 3252...
  [OK] 3252: 找到 4 筆新聞
[157/195] 處理 3672...
  [OK] 3672: 找到 3 筆新聞
[158/195] 處理 4148...
  [OK] 4148: 找到 5 筆新聞
[159/195] 處理 3516...
  [OK] 3516: 找到 5 筆新聞
[160/195] 處理 2751...
  [OK] 2751: 找到 5 筆新聞
[161/195] 處理 1781...
  [OK] 1781: 找到 4 筆新聞
[162/195] 處理 6512...
  [OK] 6512: 找到 5 筆新聞
[163/195] 處理 6645...
  [OK] 6645: 找到 4 筆新聞
[164/195] 處理 4972...
  [OK] 4972: 找到 5 筆新聞
[165/195] 處理 4153...
  [OK] 4153: 找到 5 筆新聞
[166/195] 處理 1324...
  [OK] 1324: 找到 5 筆新聞
[167/195] 處理 910322...
  [OK] 910322: 找到 5 筆新聞
[168/195] 處理 6210...
  [OK] 6210: 找到 5 筆新聞
[169/195] 處理 1413...
  [OK] 1413: 找到 3 筆新聞
[170/195] 處理 6887...
  [OK] 6887: 找到 5 筆新聞
[171/195] 處理 5013...
  [OK] 5013: 找到 5 筆新聞
[172/195] 處理 1472...
  [OK] 1472: 找到 5 筆新聞
[173/195] 處理 1599...
  [OK] 1599: 找到 5 筆新聞
[174/195] 處理 2380...
  [OK] 2380: 找到 5 筆新聞
[175/195] 處理 6662...
  [OK] 6662: 找到 5 筆新聞
[176/195] 處理 1475...
  [OK] 1475: 找到 5 筆新聞
[177/195] 處理 2947...
  [OK] 2947: 找到 5 筆新聞
[178/195] 處理 1453...
  [OK] 1453: 找到 3 筆新聞
[179/195] 處理 1538...
  [OK] 1538: 找到 5 筆新聞
[180/195] 處理 6264...
  [OK] 6264: 找到 3 筆新聞
[181/195] 處理 6527...
  [OK] 6527: 找到 4 筆新聞
[182/195] 處理 8093...
  [OK] 8093: 找到 5 筆新聞
[183/195] 處理 5701...
  [OK] 5701: 找到 5 筆新聞
[184/195] 處理 2722...
  [OK] 2722: 找到 5 筆新聞
[185/195] 處理 2926...
  [OK] 2926: 找到 5 筆新聞
[186/195] 處理 4175...
  [OK] 4175: 找到 5 筆新聞
[187/195] 處理 8424...
  [OK] 8424: 找到 4 筆新聞
[188/195] 處理 6872...
  [OK] 6872: 找到 5 筆新聞
[189/195] 處理 7743...
  [OK] 7743: 找到 5 筆新聞
[190/195] 處理 2754...
  [OK] 2754: 找到 3 筆新聞
[191/195] 處理 4804...
  [OK] 4804: 找到 5 筆新聞
[192/195] 處理 2221...
  [OK] 2221: 找到 5 筆新聞
[193/195] 處理 4402...
  [OK] 4402: 找到 5 筆新聞
[194/195] 處理 2904...
  [OK] 2904: 找到 5 筆新聞
[195/195] 處理 2432...
  [OK] 2432: 找到 4 筆新聞

============================================================
[OK] 爬取完成!
============================================================
處理股票: 195 支
抓取新聞: 884 筆
耗時: 827.7 秒
============================================================

[週二 2026/06/23 15:23:17.93] Running yahoo rare... 
d:\StockPulse\stocks_news\yahoo\crawler_rare.py:284: DeprecationWarning: 'asyncio.WindowsSelectorEventLoopPolicy' is deprecated and slated for removal in Python 3.16
  asyncio.set_event_loop_policy(asyncio.WindowsSelectorEventLoopPolicy())
d:\StockPulse\stocks_news\yahoo\crawler_rare.py:284: DeprecationWarning: 'asyncio.set_event_loop_policy' is deprecated and slated for removal in Python 3.16
  asyncio.set_event_loop_policy(asyncio.WindowsSelectorEventLoopPolicy())
🐢 [稀少股] 爬蟲啟動（保守模式）
📄 總共 195 支股票
✅ 已完成 0 支
🔄 待處理 195 支
⚙️  配置：並發=5
🐢 開始並行處理 195 個任務 (最大並發: 5)...

🚀 (1324) 掃描到 5 則新聞，開始儲存...
   ✅ (1324) | 【公告】地球民國11...
   ✅ (1324) | 【公告】地球 202...
   ✅ (1324) | 【公告】地球 202...
   ✅ (1324) | 【公告】地球董事會決...
   ✅ (1324) | 【公告】地球115年...
💾 (1324) 完成，共存入 5 則新聞
🚀 (2937) 掃描到 5 則新聞，開始儲存...
   ✅ (2937) | 【公告】集雅社115...
   ✅ (2937) | 【公告】集雅社 20...
   ✅ (2937) | 【公告】集雅社 20...
   ✅ (2937) | 【公告】集雅社董事會...
🚀 (5878) 掃描到 5 則新聞，開始儲存...
   ✅ (2937) | 【公告】集雅社115...
💾 (2937) 完成，共存入 5 則新聞
   ✅ (5878) | 【公告】台名 202...
   ✅ (5878) | 【公告】台名董事長異...
   ✅ (5878) | 【公告】台名法人董事...
   ✅ (5878) | 【公告】台名115年...
   ✅ (5878) | 【公告】台名董事長訂...
💾 (5878) 完成，共存入 5 則新聞
🚀 (6542) 掃描到 5 則新聞，開始儲存...
   ✅ (6542) | 【公告】隆中 202...
   ✅ (6542) | 【公告】隆中 202...
   ✅ (6542) | 【公告】隆中董事會決...
   ✅ (6542) | 【公告】隆中 202...
   ✅ (6542) | 【公告】隆中第二次買...
💾 (6542) 完成，共存入 5 則新聞
🚀 (2024) 掃描到 5 則新聞，開始儲存...
   ✅ (2024) | 【公告】志聯 202...
   ✅ (2024) | 【公告】志聯 202...
   ✅ (2024) | 【公告】志聯董事會通...
   ✅ (2024) | 【公告】志聯115年...
   ✅ (2024) | 【公告】志聯 202...
💾 (2024) 完成，共存入 5 則新聞
🚀 (2726) 掃描到 5 則新聞，開始儲存...
   ✅ (2726) | 【公告】雅茗-KY ...
   ✅ (2726) | 【公告】雅茗-KY董...
   ✅ (2726) | 【公告】雅茗-KY ...
   ✅ (2726) | 【公告】雅茗-KY1...
   ✅ (2726) | 【公告】更正雅茗-K...
💾 (2726) 完成，共存入 5 則新聞
🚀 (2901) 掃描到 5 則新聞，開始儲存...
   ✅ (2901) | 【公告】欣欣 202...
   ✅ (2901) | 【公告】欣欣115年...
   ✅ (2901) | 【公告】欣欣 202...
   ✅ (2901) | 【公告】欣欣115年...
   ✅ (2901) | 【公告】欣欣 202...
💾 (2901) 完成，共存入 5 則新聞
🚀 (8342) 掃描到 5 則新聞，開始儲存...
   ✅ (8342) | 【公告】說明益張承作...
   ✅ (8342) | 【公告】益張 202...
   ✅ (8342) | 【公告】益張董事長決...
   ✅ (8342) | 【公告】說明益張承作...
   ✅ (8342) | 【公告】益張 202...
💾 (8342) 完成，共存入 5 則新聞
🚀 (6616) 掃描到 5 則新聞，開始儲存...
   ✅ (6616) | 【公告】特昇-KY1...
   ✅ (6616) | 【公告】特昇-KY ...
   ✅ (6616) | 特昇-KY：訂單型態...
   ✅ (6616) | 【公告】特昇-KY1...
   ✅ (6616) | 【公告】特昇-KY代...
💾 (6616) 完成，共存入 5 則新聞
🚀 (1213) 掃描到 5 則新聞，開始儲存...
   ✅ (1213) | 【公告】大飲115年...
   ✅ (1213) | 【公告】大飲 202...
   ✅ (1213) | 【公告】大飲獨立董事...
   ✅ (1213) | 【公告】大飲 202...
   ✅ (1213) | 【公告】大飲 202...
💾 (1213) 完成，共存入 5 則新聞
🚀 (4706) 掃描到 5 則新聞，開始儲存...
   ✅ (4706) | 【公告】大恭115年...
   ✅ (4706) | 【公告】大恭董事會全...
   ✅ (4706) | 【公告】大恭改選董事...
   ✅ (4706) | 【公告】大恭 202...
   ✅ (4706) | 【公告】大恭 202...
💾 (4706) 完成，共存入 5 則新聞
🚀 (6556) 掃描到 5 則新聞，開始儲存...
   ✅ (6556) | 【公告】勝品115年...
   ✅ (6556) | 【公告】勝品115年...
   ✅ (6556) | 【公告】勝品115年...
   ✅ (6556) | 【公告】勝品115年...
   ✅ (6556) | 【公告】勝品 202...
💾 (6556) 完成，共存入 5 則新聞
🚀 (1906) 掃描到 5 則新聞，開始儲存...
   ✅ (1906) | 華紙連拉兩根漲停！近...
   ✅ (1906) | 美伊戰事見曙光！造紙...
   ✅ (1906) | 【公告】寶隆 202...
   ✅ (1906) | 寶隆看外銷市場動能有...
   ✅ (1906) | 造紙股為何集體暴衝？...
💾 (1906) 完成，共存入 5 則新聞
🚀 (1259) 掃描到 5 則新聞，開始儲存...
🚀 (4304) 掃描到 5 則新聞，開始儲存...
   ✅ (1259) | 【公告】安心 202...
   ✅ (4304) | 【公告】勝昱115年...
   ✅ (1259) | 摩斯全台近300店 ...
   ✅ (4304) | 【公告】勝昱 202...
   ✅ (4304) | 【公告】勝昱115年...
   ✅ (1259) | 【公告】安心董事會決...
   ✅ (4304) | 【公告】勝昱 202...
   ✅ (1259) | 【公告】安心民國11...
   ✅ (4304) | 【公告】勝昱115年...
💾 (4304) 完成，共存入 5 則新聞
   ✅ (1259) | 【公告】安心股東會選...
💾 (1259) 完成，共存入 5 則新聞
🚀 (1454) 掃描到 5 則新聞，開始儲存...
   ✅ (1454) | 【公告】台富115年...
   ✅ (1454) | 【公告】台富召開線上...
   ✅ (1454) | 【公告】台富 202...
   ✅ (1454) | 【公告】台富 202...
   ✅ (1454) | 【公告】台富 202...
💾 (1454) 完成，共存入 5 則新聞
🚀 (2947) 掃描到 5 則新聞，開始儲存...
   ✅ (2947) | 【公告】振宇五金董事...
   ✅ (2947) | 【公告】振宇五金 2...
   ✅ (2947) | 【公告】振宇五金11...
   ✅ (2947) | 【公告】振宇五金11...
   ✅ (2947) | 【公告】振宇五金董事...
💾 (2947) 完成，共存入 5 則新聞
🚀 (4402) 掃描到 5 則新聞，開始儲存...
   ✅ (4402) | 【公告】郡都開發有價...
   ✅ (4402) | 【公告】郡都開發 2...
   ✅ (4402) | 【公告】郡都開發11...
   ✅ (4402) | 【公告】郡都開發 2...
   ✅ (4402) | 【公告】郡都開發董事...
💾 (4402) 完成，共存入 5 則新聞
🚀 (3516) 掃描到 5 則新聞，開始儲存...
   ✅ (3516) | 【公告】亞帝歐股東常...
   ✅ (3516) | 【公告】亞帝歐董事(...
   ✅ (3516) | 【公告】代子公司歐宏...
   ✅ (3516) | 【公告】亞帝歐董事會...
   ✅ (3516) | 【公告】亞帝歐 20...
💾 (3516) 完成，共存入 5 則新聞
🚀 (8477) 掃描到 5 則新聞，開始儲存...
   ✅ (8477) | 【公告】創業家115...
   ✅ (8477) | 【公告】創業家董事會...
   ✅ (8477) | 【公告】更正公告創業...
   ✅ (8477) | 【公告】創業家董事會...
   ✅ (8477) | 【公告】創業家202...
💾 (8477) 完成，共存入 5 則新聞
🚀 (1781) 掃描到 5 則新聞，開始儲存...
   ✅ (1781) | 【公告】合世115年...
   ✅ (1781) | 【公告】合世 202...
   ✅ (1781) | 【公告】合世董事會通...
   ✅ (1781) | 【公告】合世 202...
   ✅ (1781) | 【公告】合世115年...
💾 (1781) 完成，共存入 5 則新聞
🚀 (3523) 掃描到 5 則新聞，開始儲存...
   ✅ (3523) | 【公告】迎輝 202...
   ✅ (3523) | 【公告】迎輝有價證券...
   ✅ (3523) | 【公告】迎輝115年...
   ✅ (3523) | 【公告】迎輝 202...
   ✅ (3523) | 【公告】迎輝董事會通...
💾 (3523) 完成，共存入 5 則新聞
🚀 (1443) 掃描到 5 則新聞，開始儲存...
   ✅ (1443) | 【公告】立益物流11...
   ✅ (1443) | 【公告】立益物流 2...
   ✅ (1443) | 【公告】立益物流 2...
   ✅ (1443) | 【公告】立益物流11...
   ✅ (1443) | 【公告】立益物流11...
💾 (1443) 完成，共存入 5 則新聞
🚀 (4153) 掃描到 5 則新聞，開始儲存...
   ✅ (4153) | 【公告】鈺緯 202...
   ✅ (4153) | 【公告】鈺緯115年...
   ✅ (4153) | 【公告】鈺緯董事長決...
   ✅ (4153) | 【公告】鈺緯 202...
   ✅ (4153) | 【公告】鈺緯董事會通...
💾 (4153) 完成，共存入 5 則新聞
🚀 (8923) 掃描到 5 則新聞，開始儲存...
   ✅ (8923) | 【公告】時報訂定除息...
   ✅ (8923) | 【公告】時報115年...
   ✅ (8923) | 【公告】時報 202...
   ✅ (8923) | 【公告】時報董事會通...
   ✅ (8923) | 【公告】時報115年...
💾 (8923) 完成，共存入 5 則新聞
🚀 (4767) 掃描到 5 則新聞，開始儲存...
   ✅ (4767) | 【公告】誠泰科技 2...
   ✅ (4767) | 【公告】誠泰科技 2...
   ✅ (4767) | 【公告】誠泰科技 2...
   ✅ (4767) | 【公告】誠泰科技董事...
   ✅ (4767) | 【公告】誠泰科技 2...
💾 (4767) 完成，共存入 5 則新聞
🚀 (3531) 掃描到 5 則新聞，開始儲存...
   ✅ (3531) | 【公告】先益 202...
   ✅ (3531) | 【公告】先益董事會決...
   ✅ (3531) | 【公告】先益115年...
   ✅ (3531) | 【公告】先益 202...
   ✅ (3531) | 【公告】先益董事會通...
💾 (3531) 完成，共存入 5 則新聞
🚀 (2948) 掃描到 5 則新聞，開始儲存...
   ✅ (2948) | 【公告】寶陞更正公告...
   ✅ (2948) | 【公告】寶陞 202...
   ✅ (2948) | 【公告】寶陞115年...
   ✅ (2948) | 【公告】寶陞 202...
   ✅ (2948) | 【公告】寶陞115年...
💾 (2948) 完成，共存入 5 則新聞
🚀 (8455) 掃描到 5 則新聞，開始儲存...
   ✅ (8455) | 【公告】大拓-KY2...
   ✅ (8455) | 【公告】大拓-KY ...
   ✅ (8455) | 【公告】大拓-KY有...
   ✅ (8455) | 【公告】大拓-KY董...
   ✅ (8455) | 【公告】大拓-KY ...
💾 (8455) 完成，共存入 5 則新聞
💤 (9110) 無新聞列表
🚀 (3252) 掃描到 5 則新聞，開始儲存...
   ✅ (3252) | 【公告】代重要子公司...
   ✅ (3252) | 【公告】海灣115年...
   ✅ (3252) | 【公告】海灣 202...
   ✅ (3252) | 【公告】海灣 202...
   ✅ (3252) | 【公告】海灣董事會決...
💾 (3252) 完成，共存入 5 則新聞
🚀 (4924) 掃描到 5 則新聞，開始儲存...
   ✅ (4924) | 【公告】欣厚-KY ...
   ✅ (4924) | 【公告】欣厚-KY董...
   ✅ (4924) | 【公告】欣厚-KY董...
   ✅ (4924) | 【公告】欣厚-KY ...
   ✅ (4924) | 【公告】欣厚-KY1...
💾 (4924) 完成，共存入 5 則新聞
🚀 (3064) 掃描到 5 則新聞，開始儲存...
   ✅ (3064) | 【公告】泰偉 202...
   ✅ (3064) | 【公告】泰偉 202...
   ✅ (3064) | 【公告】泰偉董事會通...
   ✅ (3064) | 【公告】泰偉 202...
   ✅ (3064) | 【公告】泰偉依證券商...
💾 (3064) 完成，共存入 5 則新聞
🚀 (3632) 掃描到 5 則新聞，開始儲存...
   ✅ (3632) | 【公告】研勤115年...
   ✅ (3632) | 【公告】研勤辦理減資...
   ✅ (3632) | 【公告】研勤 202...
   ✅ (3632) | 【公告】研勤 202...
   ✅ (3632) | 【公告】研勤民國11...
💾 (3632) 完成，共存入 5 則新聞
🚀 (2911) 掃描到 5 則新聞，開始儲存...
   ✅ (2911) | 【公告】麗嬰房 20...
   ✅ (2911) | 【公告】麗嬰房董事會...
   ✅ (2911) | 【公告】麗嬰房115...
   ✅ (2911) | 【公告】麗嬰房115...
   ✅ (2911) | 【公告】麗嬰房有價證...
💾 (2911) 完成，共存入 5 則新聞
🚀 (3095) 掃描到 5 則新聞，開始儲存...
   ✅ (3095) | 【公告】及成115年...
   ✅ (3095) | 【公告】及成未來三個...
   ✅ (3095) | 【公告】及成115年...
   ✅ (3095) | 【公告】及成 202...
   ✅ (3095) | 【公告】及成115年...
💾 (3095) 完成，共存入 5 則新聞
🚀 (4183) 掃描到 5 則新聞，開始儲存...
   ✅ (4183) | 【公告】福永生技 2...
   ✅ (4183) | 【公告】福永生技 2...
   ✅ (4183) | 【公告】福永生技 2...
   ✅ (4183) | 【公告】福永生技 2...
🚀 (6997) 掃描到 5 則新聞，開始儲存...
   ✅ (4183) | 【公告】福永生技董事...
💾 (4183) 完成，共存入 5 則新聞
   ✅ (6997) | 【公告】博弘 202...
   ✅ (6997) | 【公告】博弘董事會一...
   ✅ (6997) | 【公告】博弘股東常會...
   ✅ (6997) | 【公告】博弘115年...
   ✅ (6997) | 【公告】博弘代重要子...
💾 (6997) 完成，共存入 5 則新聞
🚀 (4804) 掃描到 5 則新聞，開始儲存...
   ✅ (4804) | 【公告】大略-KY贖...
   ✅ (4804) | 【公告】大略-KY ...
   ✅ (4804) | 大略-KY 公告本公...
   ✅ (4804) | 【公告】大略-KY董...
   ✅ (4804) | 【公告】大略-KY董...
💾 (4804) 完成，共存入 5 則新聞
🚀 (4192) 掃描到 5 則新聞，開始儲存...
   ✅ (4192) | 【公告】杏國115年...
   ✅ (4192) | 【公告】杏國115年...
   ✅ (4192) | 【公告】杏國 202...
   ✅ (4192) | 【公告】杏國 202...
   ✅ (4192) | 【公告】杏國董事會決...
💾 (4192) 完成，共存入 5 則新聞
🚀 (2924) 掃描到 5 則新聞，開始儲存...
   ✅ (2924) | 【公告】宏太-KY1...
   ✅ (2924) | 【公告】宏太-KY1...
   ✅ (2924) | 【公告】宏太-KY ...
   ✅ (2924) | 【公告】宏太-KY ...
   ✅ (2924) | 【公告】宏太-KY1...
💾 (2924) 完成，共存入 5 則新聞
🚀 (2939) 掃描到 5 則新聞，開始儲存...
   ✅ (2939) | 【公告】永邑-KY1...
   ✅ (2939) | 【公告】永邑-KY ...
   ✅ (2939) | 【公告】永邑-KY ...
   ✅ (2939) | 【公告】永邑-KY1...
   ✅ (2939) | 【公告】更正永邑-K...
💾 (2939) 完成，共存入 5 則新聞
🚀 (6144) 掃描到 5 則新聞，開始儲存...
   ✅ (6144) | 【公告】得利影115...
   ✅ (6144) | 【公告】得利影 20...
   ✅ (6144) | 【公告】得利影 20...
   ✅ (6144) | 【公告】得利影董事會...
   ✅ (6144) | 【公告】得利影115...
💾 (6144) 完成，共存入 5 則新聞
🚀 (1468) 掃描到 5 則新聞，開始儲存...
   ✅ (1468) | 【公告】昶和115年...
   ✅ (1468) | 【公告】昶和115年...
   ✅ (1468) | 【公告】昶和董事會通...
   ✅ (1468) | 【公告】昶和 202...
   ✅ (1468) | 【公告】昶和 202...
💾 (1468) 完成，共存入 5 則新聞
🚀 (4535) 掃描到 5 則新聞，開始儲存...
   ✅ (4535) | 【公告】至興 202...
   ✅ (4535) | 【公告】至興董事會推...
   ✅ (4535) | 【公告】至興股東會解...
   ✅ (4535) | 【公告】至興115年...
   ✅ (4535) | 【公告】至興115年...
💾 (4535) 完成，共存入 5 則新聞
🚀 (4905) 掃描到 5 則新聞，開始儲存...
   ✅ (4905) | 【公告】台聯電民國1...
   ✅ (4905) | 【公告】台聯電民國1...
   ✅ (4905) | 【公告】台聯電民國1...
   ✅ (4905) | 【公告】台聯電第十六...
   ✅ (4905) | 【公告】台聯電 20...
💾 (4905) 完成，共存入 5 則新聞
🚀 (9926) 掃描到 5 則新聞，開始儲存...
   ✅ (9926) | 【公告】新海115年...
   ✅ (9926) | 【公告】新海 202...
   ✅ (9926) | 【公告】新海 202...
   ✅ (9926) | 【公告】新海115年...
   ✅ (9926) | 【公告】新海 202...
💾 (9926) 完成，共存入 5 則新聞
🚀 (6210) 掃描到 5 則新聞，開始儲存...
   ✅ (6210) | 【公告】慶生改選董事...
   ✅ (6210) | 【公告】慶生董事會推...
   ✅ (6210) | 【公告】慶生115年...
   ✅ (6210) | 【公告】慶生 202...
   ✅ (6210) | 【公告】慶生 202...
💾 (6210) 完成，共存入 5 則新聞
🚀 (6988) 掃描到 5 則新聞，開始儲存...
   ✅ (6988) | 【公告】威力暘-創受...
   ✅ (6988) | 【公告】威力暘-創 ...
   ✅ (6988) | 【公告】威力暘-創買...
   ✅ (6988) | 【公告】威力暘-創買...
   ✅ (6988) | 【公告】威力暘-創1...
💾 (6988) 完成，共存入 5 則新聞
🚀 (4413) 掃描到 5 則新聞，開始儲存...
   ✅ (4413) | 【公告】飛寶企業 2...
   ✅ (4413) | 【公告】飛寶企業更正...
   ✅ (4413) | 【公告】飛寶企業總經...
   ✅ (4413) | 【公告】飛寶企業董事...
   ✅ (4413) | 【公告】飛寶企業 2...
💾 (4413) 完成，共存入 5 則新聞
🚀 (6887) 掃描到 5 則新聞，開始儲存...
   ✅ (6887) | 【公告】寶綠特-KY...
   ✅ (6887) | 【公告】寶綠特-KY...
   ✅ (6887) | 【公告】寶綠特-KY...
   ✅ (6887) | 【公告】寶綠特-KY...
   ✅ (6887) | 【公告】寶綠特-KY...
💾 (6887) 完成，共存入 5 則新聞
🚀 (1465) 掃描到 5 則新聞，開始儲存...
   ✅ (1465) | 【公告】偉全 202...
   ✅ (1465) | 【公告】偉全股東常會...
   ✅ (1465) | 【公告】偉全通過解除...
   ✅ (1465) | 【公告】偉全董事會選...
   ✅ (1465) | 【公告】偉全115年...
💾 (1465) 完成，共存入 5 則新聞
🚀 (6929) 掃描到 5 則新聞，開始儲存...
   ✅ (6929) | 【公告】佑全 202...
   ✅ (6929) | 【公告】佑全115年...
   ✅ (6929) | 【公告】佑全董事會通...
   ✅ (6929) | 【公告】佑全115年...
   ✅ (6929) | 【公告】佑全 202...
💾 (6929) 完成，共存入 5 則新聞
🚀 (7716) 掃描到 5 則新聞，開始儲存...
   ✅ (7716) | 【公告】昱臺國際訂定...
   ✅ (7716) | 【公告】昱臺國際 2...
   ✅ (7716) | 【公告】昱臺國際11...
   ✅ (7716) | 【公告】昱臺國際11...
   ✅ (7716) | 【公告】昱臺國際董事...
💾 (7716) 完成，共存入 5 則新聞
🚀 (4139) 掃描到 5 則新聞，開始儲存...
   ✅ (4139) | 【公告】馬光-KY1...
   ✅ (4139) | 【公告】馬光-KY代...
   ✅ (4139) | 【公告】馬光-KY ...
   ✅ (4139) | 【公告】馬光-KY1...
   ✅ (4139) | 【公告】馬光-KY ...
💾 (4139) 完成，共存入 5 則新聞
🚀 (5348) 掃描到 5 則新聞，開始儲存...
   ✅ (5348) | 【公告】正能量智能 ...
   ✅ (5348) | 【公告】正能量智能 ...
   ✅ (5348) | 【公告】正能量智能董...
   ✅ (5348) | 【公告】正能量智能 ...
   ✅ (5348) | 【公告】正能量智能 ...
💾 (5348) 完成，共存入 5 則新聞
🚀 (8077) 掃描到 5 則新聞，開始儲存...
   ✅ (8077) | 【公告】洛碁 202...
   ✅ (8077) | 【公告】洛碁租賃取得...
   ✅ (8077) | 【公告】洛碁 202...
   ✅ (8077) | 【公告】洛碁115年...
   ✅ (8077) | 【公告】洛碁租賃取得...
💾 (8077) 完成，共存入 5 則新聞
🚀 (3672) 掃描到 5 則新聞，開始儲存...
   ✅ (3672) | 【公告】康聯訊115...
   ✅ (3672) | 【公告】康聯訊 20...
   ✅ (3672) | 【公告】康聯訊 20...
   ✅ (3672) | 【公告】康聯訊115...
   ✅ (3672) | 【公告】康聯訊 20...
💾 (3672) 完成，共存入 5 則新聞
🚀 (8067) 掃描到 5 則新聞，開始儲存...
   ✅ (8067) | 【公告】志旭新任董事...
   ✅ (8067) | 【公告】志旭115年...
   ✅ (8067) | 【公告】志旭115年...
   ✅ (8067) | 【公告】志旭 202...
   ✅ (8067) | 【公告】志旭115年...
💾 (8067) 完成，共存入 5 則新聞
🚀 (1472) 掃描到 5 則新聞，開始儲存...
   ✅ (1472) | 【公告】三洋實業國內...
   ✅ (1472) | 【公告】三洋實業 2...
   ✅ (1472) | 【公告】三洋實業現金...
   ✅ (1472) | 【公告】三洋實業11...
   ✅ (1472) | 【公告】三洋實業改選...
💾 (1472) 完成，共存入 5 則新聞
🚀 (1599) 掃描到 5 則新聞，開始儲存...
   ✅ (1599) | 【公告】宏佳騰115...
   ✅ (1599) | 【公告】宏佳騰115...
   ✅ (1599) | 宏佳騰 公告本公司1...
   ✅ (1599) | 宏佳騰 公告本公司1...
   ✅ (1599) | 宏佳騰 公告本公司股...
💾 (1599) 完成，共存入 5 則新聞
🚀 (6872) 掃描到 5 則新聞，開始儲存...
   ✅ (6872) | 【公告】浩宇生醫 2...
   ✅ (6872) | 【公告】浩宇生醫11...
   ✅ (6872) | 【公告】浩宇生醫11...
   ✅ (6872) | 【公告】浩宇生醫新任...
   ✅ (6872) | 【公告】浩宇生醫 2...
💾 (6872) 完成，共存入 5 則新聞
🚀 (1423) 掃描到 5 則新聞，開始儲存...
   ✅ (1423) | 【公告】利華115年...
   ✅ (1423) | 【公告】利華 202...
   ✅ (1423) | 【公告】利華115年...
   ✅ (1423) | 【公告】利華115年...
   ✅ (1423) | 【公告】利華 202...
💾 (1423) 完成，共存入 5 則新聞
🚀 (5703) 掃描到 5 則新聞，開始儲存...
   ✅ (5703) | 【公告】亞都麗緻 2...
   ✅ (5703) | 【公告】亞都麗緻受邀...
   ✅ (5703) | 【公告】亞都麗緻11...
   ✅ (5703) | 【公告】亞都麗緻 2...
   ✅ (5703) | 【公告】(更正)亞都...
💾 (5703) 完成，共存入 5 則新聞
🚀 (2235) 掃描到 5 則新聞，開始儲存...
   ✅ (2235) | 【公告】謚源 202...
   ✅ (2235) | 【公告】謚源 202...
   ✅ (2235) | 【公告】謚源 202...
   ✅ (2235) | 【公告】謚源董事會決...
   ✅ (2235) | 【公告】謚源114年...
💾 (2235) 完成，共存入 5 則新聞
🚀 (6730) 掃描到 5 則新聞，開始儲存...
   ✅ (6730) | 【公告】補充公告常廣...
   ✅ (6730) | 【公告】常廣 202...
   ✅ (6730) | 【公告】常廣訂定現金...
   ✅ (6730) | 【公告】常廣115年...
   ✅ (6730) | 【公告】常廣115年...
💾 (6730) 完成，共存入 5 則新聞
🚀 (910861) 掃描到 5 則新聞，開始儲存...
   ✅ (910861) | 神州-DR 股份發行...
   ✅ (910861) | 神州-DR 神州數碼...
   ✅ (910861) | 軟房價時代來臨，數字...
   ✅ (910861) | 神州-DR 股份發行...
   ✅ (910861) | 神州-DR 股份發行...
💾 (910861) 完成，共存入 5 則新聞
🚀 (1453) 掃描到 5 則新聞，開始儲存...
   ✅ (1453) | 【公告】大將115年...
   ✅ (1453) | 【公告】大將 202...
   ✅ (1453) | 【公告】大將「中山區...
   ✅ (1453) | 【公告】大將董事會通...
   ✅ (1453) | 【公告】大將 202...
💾 (1453) 完成，共存入 5 則新聞
🚀 (2740) 掃描到 5 則新聞，開始儲存...
   ✅ (2740) | 【公告】華軒 202...
   ✅ (2740) | 【公告】華軒115年...
   ✅ (2740) | 【公告】華軒代理發言...
   ✅ (2740) | 【公告】華軒董事會通...
   ✅ (2740) | 【公告】華軒 202...
💾 (2740) 完成，共存入 5 則新聞
🚀 (3018) 掃描到 5 則新聞，開始儲存...
   ✅ (3018) | 【公告】隆銘綠能 2...
   ✅ (3018) | 【公告】應證交所要求...
   ✅ (3018) | 隆銘綠能 應證交所要...
   ✅ (3018) | 【公告】隆銘綠能與宏...
   ✅ (3018) | 隆銘綠能 公告本公司...
💾 (3018) 完成，共存入 5 則新聞
⚠️ 請求失敗 (https://tw.stock.yahoo.com/quote/3426.TW/news): HTTP Error 404: 
💤 (3426) 無新聞列表
🚀 (4154) 掃描到 5 則新聞，開始儲存...
   ✅ (4154) | 【公告】樂威科-KY...
   ✅ (4154) | 【公告】樂威科-KY...
   ✅ (4154) | 【公告】樂威科-KY...
   ✅ (4154) | 【公告】樂威科-KY...
   ✅ (4154) | 【公告】樂威科-KY...
💾 (4154) 完成，共存入 5 則新聞
🚀 (3465) 掃描到 5 則新聞，開始儲存...
   ✅ (3465) | 【公告】進泰電子11...
   ✅ (3465) | 【公告】進泰電子 2...
   ✅ (3465) | 【公告】進泰電子 2...
   ✅ (3465) | 【公告】進泰電子董事...
   ✅ (3465) | 【公告】進泰電子董事...
💾 (3465) 完成，共存入 5 則新聞
🚀 (2719) 掃描到 5 則新聞，開始儲存...
   ✅ (2719) | 【公告】燦星旅 20...
   ✅ (2719) | 【公告】燦星旅115...
   ✅ (2719) | 【公告】燦星旅受邀參...
   ✅ (2719) | 【公告】燦星旅 20...
   ✅ (2719) | 【公告】燦星旅董事會...
💾 (2719) 完成，共存入 5 則新聞
🚀 (1475) 掃描到 5 則新聞，開始儲存...
   ✅ (1475) | 【公告】業旺 202...
   ✅ (1475) | 【公告】業旺董事會決...
   ✅ (1475) | 【公告】業旺115年...
   ✅ (1475) | 【公告】業旺 202...
   ✅ (1475) | 【公告】業旺115年...
💾 (1475) 完成，共存入 5 則新聞
🚀 (4950) 掃描到 5 則新聞，開始儲存...
   ✅ (4950) | 【公告】金耘國際法人...
   ✅ (4950) | 【公告】金耘國際總經...
   ✅ (4950) | 【公告】金耘國際發言...
   ✅ (4950) | 【公告】金耘國際 2...
   ✅ (4950) | 【公告】金耘國際 2...
💾 (4950) 完成，共存入 5 則新聞
🚀 (5601) 掃描到 5 則新聞，開始儲存...
   ✅ (5601) | 【公告】台聯櫃 20...
   ✅ (5601) | 【公告】台聯櫃董事長...
   ✅ (5601) | 【公告】台聯櫃115...
   ✅ (5601) | 【公告】台聯櫃 20...
   ✅ (5601) | 【公告】台聯櫃董事會...
💾 (5601) 完成，共存入 5 則新聞
🚀 (9912) 掃描到 5 則新聞，開始儲存...
   ✅ (9912) | 【公告】偉聯115年...
   ✅ (9912) | 【公告】偉聯115年...
   ✅ (9912) | 【公告】偉聯 202...
   ✅ (9912) | 【公告】偉聯 202...
   ✅ (9912) | 【公告】偉聯115年...
💾 (9912) 完成，共存入 5 則新聞
🚀 (6645) 掃描到 5 則新聞，開始儲存...
   ✅ (6645) | 【公告】金萬林-創受...
   ✅ (6645) | 【公告】金萬林-創接...
   ✅ (6645) | 【公告】金萬林-創 ...
   ✅ (6645) | 【公告】金萬林-創董...
   ✅ (6645) | 【公告】金萬林-創1...
💾 (6645) 完成，共存入 5 則新聞
🚀 (6904) 掃描到 5 則新聞，開始儲存...
   ✅ (6904) | 【公告】伯鑫 202...
   ✅ (6904) | 【公告】伯鑫 202...
   ✅ (6904) | 【公告】伯鑫 202...
   ✅ (6904) | 【公告】伯鑫董事會決...
   ✅ (6904) | 【公告】伯鑫 202...
💾 (6904) 完成，共存入 5 則新聞
🚀 (6512) 掃描到 5 則新聞，開始儲存...
   ✅ (6512) | 【公告】啟發電 20...
   ✅ (6512) | 【公告】啟發電115...
   ✅ (6512) | 【公告】啟發電 20...
   ✅ (6512) | 【公告】啟發電115...
   ✅ (6512) | 【公告】啟發電 20...
💾 (6512) 完成，共存入 5 則新聞
🚀 (2949) 掃描到 5 則新聞，開始儲存...
   ✅ (2949) | 【公告】欣新網115...
   ✅ (2949) | 【公告】欣新網 20...
   ✅ (2949) | 【公告】欣新網董事會...
   ✅ (2949) | 【公告】欣新網代重要...
   ✅ (2949) | 【公告】欣新網董事會...
💾 (2949) 完成，共存入 5 則新聞
🚀 (3288) 掃描到 5 則新聞，開始儲存...
   ✅ (3288) | 【公告】點晶115年...
   ✅ (3288) | 【公告】點晶 202...
   ✅ (3288) | 【公告】點晶董事會通...
   ✅ (3288) | 【公告】點晶法人董事...
   ✅ (3288) | 【公告】點晶115年...
💾 (3288) 完成，共存入 5 則新聞
🚀 (5520) 掃描到 5 則新聞，開始儲存...
   ✅ (5520) | 【公告】力泰 202...
   ✅ (5520) | 【公告】力泰115年...
   ✅ (5520) | 【公告】力泰 202...
   ✅ (5520) | 【公告】力泰董事會通...
   ✅ (5520) | 【公告】力泰 202...
💾 (5520) 完成，共存入 5 則新聞
🚀 (1538) 掃描到 5 則新聞，開始儲存...
   ✅ (1538) | 【公告】正峰 202...
   ✅ (1538) | 【公告】正峰董事長兼...
   ✅ (1538) | 【公告】正峰 202...
   ✅ (1538) | 【公告】正峰 202...
   ✅ (1538) | 【公告】正峰對前董事...
💾 (1538) 完成，共存入 5 則新聞
🚀 (3115) 掃描到 5 則新聞，開始儲存...
   ✅ (3115) | 【公告】富榮綱 20...
   ✅ (3115) | 【公告】富榮綱配合檢...
   ✅ (3115) | 【公告】富榮綱董事會...
   ✅ (3115) | 【公告】富榮綱 20...
   ✅ (3115) | 【公告】富榮綱115...
💾 (3115) 完成，共存入 5 則新聞
🚀 (4148) 掃描到 5 則新聞，開始儲存...
   ✅ (4148) | 【公告】全宇生技-K...
   ✅ (4148) | 【公告】全宇生技-K...
   ✅ (4148) | 【公告】全宇生技-K...
   ✅ (4148) | 【公告】全宇生技-K...
   ✅ (4148) | 【公告】全宇生技-K...
💾 (4148) 完成，共存入 5 則新聞
🚀 (1813) 掃描到 5 則新聞，開始儲存...
   ✅ (1813) | 【公告】寶利徠法人董...
   ✅ (1813) | 【公告】寶利徠股東常...
   ✅ (1813) | 【公告】寶利徠115...
   ✅ (1813) | 【公告】寶利徠 20...
   ✅ (1813) | 【公告】寶利徠董事會...
💾 (1813) 完成，共存入 5 則新聞
🚀 (9929) 掃描到 5 則新聞，開始儲存...
   ✅ (9929) | 【公告】秋雨 202...
   ✅ (9929) | 【公告】秋雨代重要子...
   ✅ (9929) | 【公告】秋雨董事會推...
   ✅ (9929) | 【公告】秋雨董事長任...
   ✅ (9929) | 【公告】秋雨一一五年...
💾 (9929) 完成，共存入 5 則新聞
🚀 (2434) 掃描到 5 則新聞，開始儲存...
   ✅ (2434) | 【公告】統懋 202...
   ✅ (2434) | 【公告】因統懋有價證...
   ✅ (2434) | 【公告】統懋115年...
   ✅ (2434) | 【公告】統懋 202...
   ✅ (2434) | 【公告】統懋董事會通...
💾 (2434) 完成，共存入 5 則新聞
🚀 (6103) 掃描到 5 則新聞，開始儲存...
   ✅ (6103) | 【公告】合邦 202...
   ✅ (6103) | 【公告】合邦115年...
   ✅ (6103) | 【公告】合邦 202...
   ✅ (6103) | 【公告】合邦115年...
   ✅ (6103) | 【公告】合邦獨立董事...
💾 (6103) 完成，共存入 5 則新聞
🚀 (5514) 掃描到 5 則新聞，開始儲存...
   ✅ (5514) | 【公告】三豐 202...
   ✅ (5514) | 【公告】三豐115年...
   ✅ (5514) | 【公告】三豐 202...
   ✅ (5514) | 【公告】三豐115年...
🚀 (5345) 掃描到 5 則新聞，開始儲存...
   ✅ (5514) | 【公告】三豐與大同區...
💾 (5514) 完成，共存入 5 則新聞
   ✅ (5345) | 【公告】馥鴻有價證券...
   ✅ (5345) | 【公告】馥鴻115年...
   ✅ (5345) | 【公告】馥鴻115年...
   ✅ (5345) | 【公告】馥鴻 202...
   ✅ (5345) | 【公告】馥鴻 202...
💾 (5345) 完成，共存入 5 則新聞
🚀 (3232) 掃描到 5 則新聞，開始儲存...
   ✅ (3232) | 【公告】昱捷 202...
   ✅ (3232) | 【公告】昱捷董事會通...
   ✅ (3232) | 【公告】昱捷 202...
   ✅ (3232) | 【公告】昱捷115年...
   ✅ (3232) | 【公告】昱捷 202...
💾 (3232) 完成，共存入 5 則新聞
🚀 (6264) 掃描到 5 則新聞，開始儲存...
   ✅ (6264) | 【公告】富裔 202...
   ✅ (6264) | 【公告】富裔115年...
   ✅ (6264) | 【公告】更正公告富裔...
   ✅ (6264) | 【公告】富裔累積虧損...
   ✅ (6264) | 【公告】富裔董事會通...
💾 (6264) 完成，共存入 5 則新聞
🚀 (2035) 掃描到 5 則新聞，開始儲存...
   ✅ (2035) | 【公告】唐榮公司11...
   ✅ (2035) | 【公告】唐榮公司 2...
   ✅ (2035) | 【公告】唐榮公司召開...
   ✅ (2035) | 【公告】唐榮公司 2...
   ✅ (2035) | 【公告】唐榮公司本(...
💾 (2035) 完成，共存入 5 則新聞
🚀 (4609) 掃描到 5 則新聞，開始儲存...
   ✅ (4609) | 【公告】唐鋒115年...
   ✅ (4609) | 【公告】唐鋒董事會重...
   ✅ (4609) | 【公告】唐鋒董事會通...
   ✅ (4609) | 【公告】唐鋒 202...
   ✅ (4609) | 【公告】唐鋒115年...
💾 (4609) 完成，共存入 5 則新聞
🚀 (2073) 掃描到 5 則新聞，開始儲存...
   ✅ (2073) | 【公告】雄順 202...
   ✅ (2073) | 【公告】雄順董事會通...
   ✅ (2073) | 【公告】雄順115年...
   ✅ (2073) | 【公告】雄順 202...
   ✅ (2073) | 【公告】雄順董事會決...
💾 (2073) 完成，共存入 5 則新聞
🚀 (2754) 掃描到 5 則新聞，開始儲存...
   ✅ (2754) | 【公告】亞洲藏壽司 ...
   ✅ (2754) | 【公告】更正亞洲藏壽...
   ✅ (2754) | 川普投資藏壽司美國子...
   ✅ (2754) | 【公告】亞洲藏壽司更...
   ✅ (2754) | 【公告】亞洲藏壽司更...
💾 (2754) 完成，共存入 5 則新聞
🚀 (7743) 掃描到 5 則新聞，開始儲存...
   ✅ (7743) | 【公告】金利食安 2...
   ✅ (7743) | 【公告】金利食安董事...
   ✅ (7743) | 【公告】金利食安 2...
   ✅ (7743) | 【公告】金利食安 2...
   ✅ (7743) | 【公告】金利食安董事...
💾 (7743) 完成，共存入 5 則新聞
🚀 (2221) 掃描到 5 則新聞，開始儲存...
   ✅ (2221) | 【公告】大甲115年...
   ✅ (2221) | 【公告】大甲115年...
   ✅ (2221) | 【公告】大甲董事會選...
   ✅ (2221) | 【公告】大甲 202...
   ✅ (2221) | 【公告】大甲 202...
💾 (2221) 完成，共存入 5 則新聞
🚀 (6899) 掃描到 5 則新聞，開始儲存...
   ✅ (6899) | 【公告】創為精密 2...
   ✅ (6899) | 【公告】代重要子公司...
   ✅ (6899) | 【公告】創為精密董事...
   ✅ (6899) | 【公告】創為精密代重...
   ✅ (6899) | 【公告】創為精密11...
💾 (6899) 完成，共存入 5 則新聞
🚀 (2926) 掃描到 5 則新聞，開始儲存...
   ✅ (2926) | 【公告】誠品生活代母...
   ✅ (2926) | 誠品生活 代母公司誠...
   ✅ (2926) | 【公告】誠品生活 2...
   ✅ (2926) | 【公告】誠品生活董事...
   ✅ (2926) | 誠品生活 公告本公司...
💾 (2926) 完成，共存入 5 則新聞
🚀 (3593) 掃描到 5 則新聞，開始儲存...
   ✅ (3593) | 【公告】力銘海外事業...
   ✅ (3593) | 【公告】力銘 202...
   ✅ (3593) | 【公告】力銘法人董事...
   ✅ (3593) | 【公告】力銘 202...
   ✅ (3593) | 【公告】力銘辦理發行...
💾 (3593) 完成，共存入 5 則新聞
🚀 (2321) 掃描到 5 則新聞，開始儲存...
   ✅ (2321) | 【公告】東訊 202...
   ✅ (2321) | 【公告】東訊115年...
   ✅ (2321) | 【公告】東訊辦理減資...
   ✅ (2321) | 【公告】東訊 202...
   ✅ (2321) | 【公告】東訊董事會通...
💾 (2321) 完成，共存入 5 則新聞
🚀 (3191) 掃描到 5 則新聞，開始儲存...
   ✅ (3191) | 【公告】雲嘉南與遠電...
   ✅ (3191) | 【公告】雲嘉南 20...
   ✅ (3191) | 【公告】雲嘉南108...
   ✅ (3191) | 【公告】雲嘉南有價證...
   ✅ (3191) | 【公告】雲嘉南更正公...
💾 (3191) 完成，共存入 5 則新聞
🚀 (8423) 掃描到 5 則新聞，開始儲存...
🚀 (4175) 掃描到 5 則新聞，開始儲存...
   ✅ (8423) | 【公告】保綠-KY ...
   ✅ (4175) | 【公告】杏一 202...
   ✅ (8423) | 【公告】保綠-KY1...
   ✅ (4175) | 【公告】杏一資訊安全...
   ✅ (8423) | 【公告】保綠-KY董...
   ✅ (4175) | 【公告】杏一 202...
   ✅ (8423) | 【公告】保綠-KY ...
   ✅ (4175) | 【公告】杏一受邀參加...
   ✅ (8423) | 【公告】保綠-KY ...
💾 (8423) 完成，共存入 5 則新聞
   ✅ (4175) | 【公告】杏一 202...
💾 (4175) 完成，共存入 5 則新聞
🚀 (8941) 掃描到 5 則新聞，開始儲存...
   ✅ (8941) | 【公告】關中董事會決...
   ✅ (8941) | 【公告】關中董事會通...
   ✅ (8941) | 【公告】關中董事會推...
   ✅ (8941) | 【公告】關中115年...
   ✅ (8941) | 【公告】關中股東會全...
💾 (8941) 完成，共存入 5 則新聞
🚀 (8409) 掃描到 5 則新聞，開始儲存...
   ✅ (8409) | 【公告】商之器 20...
   ✅ (8409) | 【公告】商之器經董事...
   ✅ (8409) | 【公告】商之器 20...
   ✅ (8409) | 【公告】商之器115...
   ✅ (8409) | 【公告】商之器 20...
💾 (8409) 完成，共存入 5 則新聞
🚀 (1418) 掃描到 5 則新聞，開始儲存...
   ✅ (1418) | 【公告】東華 202...
   ✅ (1418) | 【公告】東華 202...
   ✅ (1418) | 【公告】東華115年...
   ✅ (1418) | 【公告】代子公司山河...
   ✅ (1418) | 【公告】東華115年...
💾 (1418) 完成，共存入 5 則新聞
🚀 (6242) 掃描到 5 則新聞，開始儲存...
   ✅ (6242) | 【公告】立康 202...
   ✅ (6242) | 【公告】立康董事長訂...
   ✅ (6242) | 【公告】立康115年...
   ✅ (6242) | 【公告】立康115年...
🚀 (1233) 掃描到 5 則新聞，開始儲存...
   ✅ (6242) | 【公告】立康董事會推...
💾 (6242) 完成，共存入 5 則新聞
   ✅ (1233) | 【公告】天仁 202...
   ✅ (1233) | 【公告】天仁115Q...
   ✅ (1233) | 【公告】天仁 202...
   ✅ (1233) | 【公告】天仁 202...
   ✅ (1233) | 【公告】天仁董事會決...
💾 (1233) 完成，共存入 5 則新聞
🚀 (8488) 掃描到 5 則新聞，開始儲存...
   ✅ (8488) | 【公告】吉源-KY ...
   ✅ (8488) | 【公告】吉源-KY ...
   ✅ (8488) | 【公告】吉源-KY ...
   ✅ (8488) | 【公告】吉源-KY董...
   ✅ (8488) | 【公告】吉源-KY ...
💾 (8488) 完成，共存入 5 則新聞
🚀 (3285) 掃描到 5 則新聞，開始儲存...
   ✅ (3285) | 【公告】微端有價證券...
   ✅ (3285) | 【公告】微端 202...
   ✅ (3285) | 【公告】微端 202...
   ✅ (3285) | 【公告】微端 202...
   ✅ (3285) | 【公告】微端董事會決...
💾 (3285) 完成，共存入 5 則新聞
🚀 (3629) 掃描到 5 則新聞，開始儲存...
   ✅ (3629) | 【公告】地心引力 2...
   ✅ (3629) | 【公告】地心引力董事...
   ✅ (3629) | 【公告】地心引力董事...
   ✅ (3629) | 【公告】地心引力董事...
   ✅ (3629) | 【公告】地心引力董事...
💾 (3629) 完成，共存入 5 則新聞
🚀 (6661) 掃描到 5 則新聞，開始儲存...
   ✅ (6661) | 【公告】威健生技 2...
   ✅ (6661) | 【公告】代威健生技之...
   ✅ (6661) | 【公告】威健生技11...
   ✅ (6661) | 【公告】威健生技 2...
   ✅ (6661) | 【公告】威健生技11...
💾 (6661) 完成，共存入 5 則新聞
🚀 (5301) 掃描到 5 則新聞，開始儲存...
   ✅ (5301) | 【公告】寶得利115...
   ✅ (5301) | 【公告】寶得利115...
   ✅ (5301) | 【公告】寶得利115...
   ✅ (5301) | 【公告】寶得利遷址案...
   ✅ (5301) | 【公告】寶得利115...
💾 (5301) 完成，共存入 5 則新聞
🚀 (1626) 掃描到 5 則新聞，開始儲存...
   ✅ (1626) | 【公告】艾美特-KY...
   ✅ (1626) | 【公告】艾美特-KY...
   ✅ (1626) | 艾美特宣示品牌國際化...
   ✅ (1626) | 【公告】艾美特-KY...
   ✅ (1626) | 【公告】艾美特-KY...
💾 (1626) 完成，共存入 5 則新聞
🚀 (5906) 掃描到 5 則新聞，開始儲存...
💤 (911622) 無新聞列表
   ✅ (5906) | 【公告】台南-KY ...
   ✅ (5906) | 台南-KY代孫公司銳...
   ✅ (5906) | 【公告】台南-KY代...
   ✅ (5906) | 【公告】台南-KY ...
   ✅ (5906) | 【公告】台南-KY ...
💾 (5906) 完成，共存入 5 則新聞
🚀 (2432) 掃描到 5 則新聞，開始儲存...
   ✅ (2432) | 【公告】倚天酷碁-創...
   ✅ (2432) | 【公告】倚天酷碁-創...
   ✅ (2432) | 【公告】倚天酷碁-創...
   ✅ (2432) | 【公告】倚天酷碁-創...
   ✅ (2432) | 【公告】倚天酷碁-創...
💾 (2432) 完成，共存入 5 則新聞
🚀 (4430) 掃描到 5 則新聞，開始儲存...
   ✅ (4430) | 【公告】耀億 202...
   ✅ (4430) | 【公告】耀億115年...
   ✅ (4430) | 【公告】耀億董事會通...
   ✅ (4430) | 【公告】耀億 202...
   ✅ (4430) | 【公告】耀億115年...
💾 (4430) 完成，共存入 5 則新聞
🚀 (5013) 掃描到 5 則新聞，開始儲存...
   ✅ (5013) | 【公告】強新115年...
   ✅ (5013) | 【公告】強新 202...
   ✅ (5013) | 【公告】強新代子公司...
   ✅ (5013) | 【公告】強新代子公司...
   ✅ (5013) | 【公告】代重要子公司...
💾 (5013) 完成，共存入 5 則新聞
🚀 (4972) 掃描到 5 則新聞，開始儲存...
   ✅ (4972) | 【公告】湯石照明 2...
   ✅ (4972) | 【公告】湯石照明股東...
   ✅ (4972) | 【公告】湯石照明11...
   ✅ (4972) | 【公告】湯石照明董事...
   ✅ (4972) | 【公告】湯石照明11...
💾 (4972) 完成，共存入 5 則新聞
🚀 (1413) 掃描到 5 則新聞，開始儲存...
   ✅ (1413) | 【公告】宏洲 202...
   ✅ (1413) | 【公告】宏洲115年...
   ✅ (1413) | 【公告】宏洲 202...
   ✅ (1413) | 【公告】宏洲115年...
   ✅ (1413) | 【公告】宏洲115年...
💾 (1413) 完成，共存入 5 則新聞
🚀 (4432) 掃描到 5 則新聞，開始儲存...
   ✅ (4432) | 【公告】銘旺實 20...
   ✅ (4432) | 【公告】銘旺實115...
   ✅ (4432) | 【公告】銘旺實115...
   ✅ (4432) | 【公告】銘旺實董事會...
   ✅ (4432) | 【公告】銘旺實更正1...
💾 (4432) 完成，共存入 5 則新聞
🚀 (1470) 掃描到 5 則新聞，開始儲存...
   ✅ (1470) | 【公告】大統新創 2...
   ✅ (1470) | 【公告】大統新創受邀...
   ✅ (1470) | 【公告】大統新創董事...
   ✅ (1470) | 【公告】大統新創11...
   ✅ (1470) | 【公告】大統新創 2...
💾 (1470) 完成，共存入 5 則新聞
🚀 (1435) 掃描到 5 則新聞，開始儲存...
   ✅ (1435) | 【公告】中福115年...
   ✅ (1435) | 【公告】（補充115...
   ✅ (1435) | 【公告】中福董事會通...
   ✅ (1435) | 【公告】中福重編之1...
   ✅ (1435) | 【公告】中福115年...
💾 (1435) 完成，共存入 5 則新聞
🚀 (6527) 掃描到 5 則新聞，開始儲存...
   ✅ (6527) | 【公告】明達醫 20...
   ✅ (6527) | 【公告】明達醫受邀參...
   ✅ (6527) | 【公告】明達醫 20...
   ✅ (6527) | 【公告】明達醫 20...
   ✅ (6527) | 【公告】明達醫 20...
💾 (6527) 完成，共存入 5 則新聞
🚀 (8424) 掃描到 5 則新聞，開始儲存...
   ✅ (8424) | 【公告】惠普 202...
   ✅ (8424) | 【公告】惠普現金股利...
   ✅ (8424) | 【公告】惠普115年...
   ✅ (8424) | 【公告】惠普董事會選...
   ✅ (8424) | 【公告】惠普115年...
💾 (8424) 完成，共存入 5 則新聞
🚀 (6574) 掃描到 5 則新聞，開始儲存...
   ✅ (6574) | 【公告】霈方115年...
   ✅ (6574) | 【公告】霈方董事會決...
   ✅ (6574) | 【公告】霈方董事會決...
   ✅ (6574) | 【公告】霈方 202...
   ✅ (6574) | 【公告】霈方115年...
💾 (6574) 完成，共存入 5 則新聞
🚀 (6496) 掃描到 5 則新聞，開始儲存...
   ✅ (6496) | 【公告】科懋 202...
   ✅ (6496) | 【公告】科懋115年...
   ✅ (6496) | 【公告】科懋代子公司...
   ✅ (6496) | 【公告】科懋代子公司...
   ✅ (6496) | 【公告】科懋董事會通...
💾 (6496) 完成，共存入 5 則新聞
💤 (911868) 無新聞列表
🚀 (6662) 掃描到 5 則新聞，開始儲存...
   ✅ (6662) | 【公告】更正樂斯科1...
   ✅ (6662) | 【公告】樂斯科115...
   ✅ (6662) | 【公告】樂斯科董事會...
   ✅ (6662) | 【公告】樂斯科115...
   ✅ (6662) | 【公告】樂斯科 20...
💾 (6662) 完成，共存入 5 則新聞
🚀 (1441) 掃描到 5 則新聞，開始儲存...
   ✅ (1441) | 【公告】大東 202...
   ✅ (1441) | 【公告】大東更正11...
   ✅ (1441) | 【公告】大東股東常會...
   ✅ (1441) | 【公告】大東115年...
   ✅ (1441) | 【公告】大東115年...
💾 (1441) 完成，共存入 5 則新聞
🚀 (2887Z1) 掃描到 5 則新聞，開始儲存...
   ✅ (2887Z1) | 【公告】(補充115...
   ✅ (2887Z1) | 【公告】台新新光金代...
   ✅ (2887Z1) | 【公告】台新新光金更...
   ✅ (2887Z1) | 【公告】台新新光金代...
   ✅ (2887Z1) | 【公告】台新新光金 ...
💾 (2887Z1) 完成，共存入 5 則新聞
🚀 (4529) 掃描到 5 則新聞，開始儲存...
   ✅ (4529) | 【公告】淳紳代重要子...
   ✅ (4529) | 【公告】淳紳代重要子...
   ✅ (4529) | 華城 本公司股東會通...
   ✅ (4529) | 【公告】淳紳預估未來...
   ✅ (4529) | 【公告】淳紳 202...
💾 (4529) 完成，共存入 5 則新聞
🚀 (8929) 掃描到 5 則新聞，開始儲存...
   ✅ (8929) | 【公告】富堡 202...
   ✅ (8929) | 【公告】富堡董事會決...
   ✅ (8929) | 【公告】富堡董事會決...
   ✅ (8929) | 【公告】富堡 202...
   ✅ (8929) | 【公告】富堡115年...
💾 (8929) 完成，共存入 5 則新聞
💤 (910322) 無新聞列表
🚀 (2751) 掃描到 5 則新聞，開始儲存...
   ✅ (2751) | 【公告】王座受邀參加...
   ✅ (2751) | 【公告】王座 202...
   ✅ (2751) | 【公告】王座 202...
   ✅ (2751) | 【公告】王座董事會通...
   ✅ (2751) | 【公告】王座115年...
💾 (2751) 完成，共存入 5 則新聞
🚀 (7732) 掃描到 5 則新聞，開始儲存...
   ✅ (7732) | 【公告】金興精密 2...
   ✅ (7732) | 【公告】金興精密董事...
   ✅ (7732) | 【公告】金興精密 2...
   ✅ (7732) | 【公告】金興精密 2...
   ✅ (7732) | 【公告】金興精密董事...
💾 (7732) 完成，共存入 5 則新聞
🚀 (2904) 掃描到 5 則新聞，開始儲存...
   ✅ (2904) | 【公告】匯僑 202...
   ✅ (2904) | 【公告】匯僑115年...
   ✅ (2904) | 【公告】匯僑 202...
   ✅ (2904) | 【公告】匯僑115年...
   ✅ (2904) | 【公告】匯僑 202...
💾 (2904) 完成，共存入 5 則新聞
🚀 (6581) 掃描到 5 則新聞，開始儲存...
   ✅ (6581) | 鋼聯自結前5月合併稅...
   ✅ (6581) | 【公告】鋼聯115年...
   ✅ (6581) | 【公告】鋼聯 202...
   ✅ (6581) | 鋼聯 公告115年5...
   ✅ (6581) | 【公告】鋼聯115年...
💾 (6581) 完成，共存入 5 則新聞
🚀 (8066) 掃描到 5 則新聞，開始儲存...
   ✅ (8066) | 【公告】來思達 20...
   ✅ (8066) | 【公告】來思達115...
   ✅ (8066) | 【公告】來思達股東會...
   ✅ (8066) | 【公告】來思達法人董...
   ✅ (8066) | 【公告】來思達董事會...
💾 (8066) 完成，共存入 5 則新聞
🚀 (7782) 掃描到 5 則新聞，開始儲存...
   ✅ (7782) | 【公告】光速火箭 2...
   ✅ (7782) | 【公告】光速火箭 2...
   ✅ (7782) | 【公告】光速火箭董事...
   ✅ (7782) | 【公告】光速火箭11...
   ✅ (7782) | 【公告】光速火箭 2...
💾 (7782) 完成，共存入 5 則新聞
🚀 (6767) 掃描到 5 則新聞，開始儲存...
   ✅ (6767) | 【公告】台微醫 20...
   ✅ (6767) | 【公告】台微醫 20...
   ✅ (6767) | 【公告】台微醫 20...
   ✅ (6767) | 【公告】台微醫 20...
   ✅ (6767) | 【公告】台微醫董事會...
💾 (6767) 完成，共存入 5 則新聞
🚀 (5604) 掃描到 5 則新聞，開始儲存...
   ✅ (5604) | 【公告】中連董事會選...
   ✅ (5604) | 【公告】中連 202...
   ✅ (5604) | 【公告】中連115年...
   ✅ (5604) | 【公告】中連115年...
   ✅ (5604) | 【公告】中連115年...
💾 (5604) 完成，共存入 5 則新聞
🚀 (4198) 掃描到 5 則新聞，開始儲存...
   ✅ (4198) | 【公告】欣大健康 2...
   ✅ (4198) | 【公告】欣大健康代子...
   ✅ (4198) | 【公告】更正欣大健康...
   ✅ (4198) | 【公告】欣大健康 2...
   ✅ (4198) | 【公告】欣大健康 2...
💾 (4198) 完成，共存入 5 則新聞
🚀 (6222) 掃描到 5 則新聞，開始儲存...
   ✅ (6222) | 【公告】立軒董事會決...
   ✅ (6222) | 【公告】立軒召開重大...
   ✅ (6222) | 【公告】立軒 202...
   ✅ (6222) | 【公告】立軒115年...
   ✅ (6222) | 【公告】立軒董事會通...
💾 (6222) 完成，共存入 5 則新聞
🚀 (6615) 掃描到 5 則新聞，開始儲存...
   ✅ (6615) | 【公告】慧智 202...
   ✅ (6615) | 【公告】慧智 202...
   ✅ (6615) | 【公告】慧智 202...
   ✅ (6615) | 【公告】慧智董事會決...
   ✅ (6615) | 【公告】慧智 202...
💾 (6615) 完成，共存入 5 則新聞
🚀 (6225) 掃描到 5 則新聞，開始儲存...
   ✅ (6225) | 【公告】天瀚董事會決...
   ✅ (6225) | 【公告】天瀚 202...
   ✅ (6225) | 【公告】天瀚代子公司...
   ✅ (6225) | 【公告】天瀚115年...
   ✅ (6225) | 【公告】天瀚115年...
💾 (6225) 完成，共存入 5 則新聞
🚀 (4807) 掃描到 5 則新聞，開始儲存...
   ✅ (4807) | 【公告】日成-KY ...
   ✅ (4807) | 【公告】日成-KY有...
   ✅ (4807) | 【公告】日成-KY董...
   ✅ (4807) | 【公告】日成-KY董...
   ✅ (4807) | 【公告】(更正)公告...
💾 (4807) 完成，共存入 5 則新聞
🚀 (2941) 掃描到 5 則新聞，開始儲存...
   ✅ (2941) | 【公告】米斯特115...
   ✅ (2941) | 【公告】米斯特 20...
   ✅ (2941) | 【公告】米斯特董事會...
   ✅ (2941) | 【公告】米斯特董事會...
   ✅ (2941) | 【公告】米斯特 20...
💾 (2941) 完成，共存入 5 則新聞
🚀 (8917) 掃描到 5 則新聞，開始儲存...
   ✅ (8917) | 【公告】欣泰訂定除息...
   ✅ (8917) | 【公告】欣泰 202...
   ✅ (8917) | 【公告】欣泰 202...
   ✅ (8917) | 【公告】欣泰115年...
   ✅ (8917) | 【公告】欣泰處分第一...
💾 (8917) 完成，共存入 5 則新聞
🚀 (8101) 掃描到 5 則新聞，開始儲存...
   ✅ (8101) | 【公告】華冠 202...
   ✅ (8101) | 【公告】華冠董事會選...
   ✅ (8101) | 【公告】華冠 202...
   ✅ (8101) | 【公告】華冠更正11...
   ✅ (8101) | 【公告】華冠115年...
💾 (8101) 完成，共存入 5 則新聞
🚀 (6506) 掃描到 5 則新聞，開始儲存...
   ✅ (6506) | 【公告】雙邦 202...
🚀 (2248) 掃描到 5 則新聞，開始儲存...
   ✅ (6506) | 【公告】雙邦 202...
   ✅ (2248) | 【公告】華勝-KY董...
   ✅ (6506) | 【公告】雙邦 202...
   ✅ (6506) | 【公告】雙邦董事會決...
   ✅ (6506) | 【公告】雙邦 202...
💾 (6506) 完成，共存入 5 則新聞
   ✅ (2248) | 【公告】華勝-KY新...
   ✅ (2248) | 【公告】華勝-KY1...
   ✅ (2248) | 【公告】華勝-KY1...
   ✅ (2248) | 【公告】華勝-KY ...
💾 (2248) 完成，共存入 5 則新聞
🚀 (1203) 掃描到 5 則新聞，開始儲存...
   ✅ (1203) | 【公告】味王 202...
   ✅ (1203) | 【公告】味王115年...
   ✅ (1203) | 【公告】味王 202...
   ✅ (1203) | 【公告】味王115年...
   ✅ (1203) | 【公告】代重要子公司...
💾 (1203) 完成，共存入 5 則新聞
🚀 (6212) 掃描到 5 則新聞，開始儲存...
   ✅ (6212) | 【公告】理銘115年...
   ✅ (6212) | 【公告】理銘 202...
   ✅ (6212) | 【公告】理銘董事會通...
   ✅ (6212) | 【公告】理銘 202...
   ✅ (6212) | 【公告】理銘115年...
💾 (6212) 完成，共存入 5 則新聞
🚀 (8354) 掃描到 5 則新聞，開始儲存...
   ✅ (8354) | 【公告】冠好 202...
   ✅ (8354) | 【公告】冠好更補正1...
   ✅ (8354) | 【公告】(更正)公告...
   ✅ (8354) | 【公告】冠好董事會決...
   ✅ (8354) | 【公告】冠好 202...
💾 (8354) 完成，共存入 5 則新聞
🚀 (6807) 掃描到 5 則新聞，開始儲存...
   ✅ (6807) | 【公告】峰源-KY董...
   ✅ (6807) | 【公告】峰源-KY第...
   ✅ (6807) | 【公告】峰源-KY2...
   ✅ (6807) | 【公告】峰源-KY ...
   ✅ (6807) | 【公告】峰源-KY代...
💾 (6807) 完成，共存入 5 則新聞
🚀 (2910) 掃描到 5 則新聞，開始儲存...
   ✅ (2910) | 【公告】統領向關係人...
   ✅ (2910) | 【公告】統領115年...
   ✅ (2910) | 【公告】統領 202...
   ✅ (2910) | 【公告】統領代重要子...
   ✅ (2910) | 【公告】統領 202...
💾 (2910) 完成，共存入 5 則新聞
🚀 (4943) 掃描到 5 則新聞，開始儲存...
   ✅ (4943) | 【公告】康控-KY ...
   ✅ (4943) | 【公告】康控-KY董...
   ✅ (4943) | 【公告】康控-KY董...
   ✅ (4943) | 【公告】康控-KY董...
   ✅ (4943) | 【公告】康控-KY董...
💾 (4943) 完成，共存入 5 則新聞
💤 (911608) 無新聞列表
🚀 (2722) 掃描到 5 則新聞，開始儲存...
   ✅ (2722) | 【公告】夏都 202...
   ✅ (2722) | 【公告】夏都受邀參加...
   ✅ (2722) | 【公告】夏都董事會通...
   ✅ (2722) | 【公告】夏都 202...
   ✅ (2722) | 【公告】夏都 202...
💾 (2722) 完成，共存入 5 則新聞
🚀 (4806) 掃描到 5 則新聞，開始儲存...
   ✅ (4806) | 【公告】桂田文創 2...
   ✅ (4806) | 【公告】桂田文創策略...
   ✅ (4806) | 【公告】桂田文創法人...
   ✅ (4806) | 【公告】桂田文創辦理...
   ✅ (4806) | 【公告】桂田文創董事...
💾 (4806) 完成，共存入 5 則新聞
🚀 (2380) 掃描到 5 則新聞，開始儲存...
   ✅ (2380) | 【公告】虹光115年...
   ✅ (2380) | 【公告】虹光115年...
   ✅ (2380) | 【公告】虹光 202...
   ✅ (2380) | 【公告】虹光更新公告...
   ✅ (2380) | 【公告】虹光代子公司...
💾 (2380) 完成，共存入 5 則新聞
🚀 (8443) 掃描到 5 則新聞，開始儲存...
   ✅ (8443) | 【公告】阿瘦115年...
   ✅ (8443) | 【公告】阿瘦 202...
   ✅ (8443) | 【公告】阿瘦董事會決...
   ✅ (8443) | 【公告】阿瘦董事會決...
   ✅ (8443) | 【公告】阿瘦董事會決...
💾 (8443) 完成，共存入 5 則新聞
🚀 (9944) 掃描到 5 則新聞，開始儲存...
   ✅ (9944) | 【公告】新麗115年...
   ✅ (9944) | 【公告】新麗115年...
   ✅ (9944) | 【公告】新麗 202...
   ✅ (9944) | 【公告】新麗 202...
   ✅ (9944) | 【公告】新麗115年...
💾 (9944) 完成，共存入 5 則新聞
🚀 (5455) 掃描到 5 則新聞，開始儲存...
   ✅ (5455) | 【公告】昇益115年...
   ✅ (5455) | 【公告】昇益第十四屆...
   ✅ (5455) | 【公告】昇益115年...
   ✅ (5455) | 【公告】昇益 202...
   ✅ (5455) | 【公告】昇益董事會通...
💾 (5455) 完成，共存入 5 則新聞
🚀 (4406) 掃描到 5 則新聞，開始儲存...
   ✅ (4406) | 【公告】新昕纖 20...
   ✅ (4406) | 【公告】新昕纖重新公...
   ✅ (4406) | 【公告】新昕纖董事會...
   ✅ (4406) | 【公告】新昕纖 20...
   ✅ (4406) | 【公告】新昕纖115...
💾 (4406) 完成，共存入 5 則新聞
🚀 (5205) 掃描到 5 則新聞，開始儲存...
   ✅ (5205) | 【公告】中茂115年...
   ✅ (5205) | 【公告】中茂 202...
   ✅ (5205) | 【公告】中茂 202...
   ✅ (5205) | 【公告】中茂115年...
   ✅ (5205) | 【公告】中茂 202...
💾 (5205) 完成，共存入 5 則新聞
🚀 (3067) 掃描到 5 則新聞，開始儲存...
   ✅ (3067) | 【公告】全域115年...
   ✅ (3067) | 【公告】全域股東會決...
   ✅ (3067) | 【公告】全域 202...
   ✅ (3067) | 【公告】全域董事會通...
   ✅ (3067) | 【公告】全域 202...
💾 (3067) 完成，共存入 5 則新聞
🚀 (6844) 掃描到 5 則新聞，開始儲存...
   ✅ (6844) | 【公告】諾貝兒策略長...
   ✅ (6844) | 【公告】諾貝兒董事長...
   ✅ (6844) | 【公告】諾貝兒 20...
   ✅ (6844) | 【公告】諾貝兒115...
   ✅ (6844) | 【公告】諾貝兒115...
💾 (6844) 完成，共存入 5 則新聞
🚀 (5276) 掃描到 5 則新聞，開始儲存...
   ✅ (5276) | 【公告】達輝-KY一...
   ✅ (5276) | 【公告】代重要子公司...
   ✅ (5276) | 達輝光電 公告本公司...
   ✅ (5276) | 新纖 公告本公司法人...
   ✅ (5276) | 【公告】達輝-KY代...
💾 (5276) 完成，共存入 5 則新聞
🚀 (6020) 掃描到 5 則新聞，開始儲存...
   ✅ (6020) | 【公告】大展證 20...
   ✅ (6020) | 【公告】大展證115...
   ✅ (6020) | 【公告】大展證券11...
   ✅ (6020) | 【公告】大展證總經理...
   ✅ (6020) | 【公告】大展證 20...
💾 (6020) 完成，共存入 5 則新聞
🚀 (6856) 掃描到 5 則新聞，開始儲存...
   ✅ (6856) | 【公告】代重要子公司...
   ✅ (6856) | 【公告】鑫傳 202...
   ✅ (6856) | 【公告】鑫傳115年...
   ✅ (6856) | 【公告】鑫傳代重要子...
   ✅ (6856) | 【公告】代重要子公司...
💾 (6856) 完成，共存入 5 則新聞
🚀 (8093) 掃描到 5 則新聞，開始儲存...
   ✅ (8093) | 【公告】保銳115年...
   ✅ (8093) | 【公告】保銳更正公告...
   ✅ (8093) | 【公告】保銳 202...
   ✅ (8093) | 【公告】更正保銳召開...
   ✅ (8093) | 【公告】保銳 202...
💾 (8093) 完成，共存入 5 則新聞
🚀 (4305) 掃描到 5 則新聞，開始儲存...
   ✅ (4305) | 【公告】世坤董事會決...
   ✅ (4305) | 【公告】世坤115年...
   ✅ (4305) | 【公告】世坤 202...
   ✅ (4305) | 【公告】世坤115年...
   ✅ (4305) | 【公告】世坤 202...
💾 (4305) 完成，共存入 5 則新聞
🚀 (6171) 掃描到 5 則新聞，開始儲存...
   ✅ (6171) | 【公告】大城地產 2...
   ✅ (6171) | 【公告】大城地產董事...
   ✅ (6171) | 【公告】大城地產擬與...
   ✅ (6171) | 【公告】大城地產「台...
   ✅ (6171) | 【公告】大城地產 2...
💾 (6171) 完成，共存入 5 則新聞
🚀 (6236) 掃描到 5 則新聞，開始儲存...
   ✅ (6236) | 【公告】中湛115年...
   ✅ (6236) | 【公告】中湛 202...
   ✅ (6236) | 【公告】中湛 202...
   ✅ (6236) | 【公告】中湛 202...
   ✅ (6236) | 【公告】中湛董事會決...
💾 (6236) 完成，共存入 5 則新聞
🚀 (4584) 掃描到 5 則新聞，開始儲存...
   ✅ (4584) | 【公告】君帆 202...
   ✅ (4584) | 【公告】君帆 202...
   ✅ (4584) | 【公告】君帆 202...
   ✅ (4584) | 【公告】君帆董事會決...
   ✅ (4584) | 【公告】君帆董事會決...
💾 (4584) 完成，共存入 5 則新聞
🚀 (6474) 掃描到 5 則新聞，開始儲存...
   ✅ (6474) | 【公告】華豫寧董事會...
   ✅ (6474) | 【公告】華豫寧董事會...
   ✅ (6474) | 【公告】華豫寧 20...
   ✅ (6474) | 【公告】華豫寧新任法...
   ✅ (6474) | 【公告】華豫寧 20...
💾 (6474) 完成，共存入 5 則新聞
🚀 (6958) 掃描到 5 則新聞，開始儲存...
   ✅ (6958) | 【公告】代重要子公司...
   ✅ (6958) | 【公告】代重要子公司...
   ✅ (6958) | 【公告】日盛台駿 2...
   ✅ (6958) | 【公告】日盛台駿將受...
   ✅ (6958) | 【公告】日盛台駿董事...
💾 (6958) 完成，共存入 5 則新聞
🚀 (7753) 掃描到 5 則新聞，開始儲存...
   ✅ (7753) | 【公告】星亞 202...
   ✅ (7753) | 【公告】星亞 202...
   ✅ (7753) | 【公告】星亞 202...
   ✅ (7753) | 【公告】星亞 202...
   ✅ (7753) | 【公告】星亞董事會決...
💾 (7753) 完成，共存入 5 則新聞
🚀 (5701) 掃描到 5 則新聞，開始儲存...
   ✅ (5701) | 【公告】劍湖山115...
   ✅ (5701) | 【公告】劍湖山 20...
   ✅ (5701) | 【公告】劍湖山有價證...
   ✅ (5701) | 台股上沖下洗「這檔」...
   ✅ (5701) | 台股崩跌它卻漲瘋了！...
💾 (5701) 完成，共存入 5 則新聞
🚀 (6721) 掃描到 5 則新聞，開始儲存...
   ✅ (6721) | 【公告】信實115年...
   ✅ (6721) | 【公告】信實 202...
   ✅ (6721) | 【公告】信實115年...
   ✅ (6721) | 【公告】信實董事長決...
   ✅ (6721) | 【公告】信實115年...
💾 (6721) 完成，共存入 5 則新聞
🚀 (1341) 掃描到 5 則新聞，開始儲存...
   ✅ (1341) | 【公告】富林-KY ...
   ✅ (1341) | 【公告】富林-KY董...
   ✅ (1341) | 【公告】富林-KY2...
   ✅ (1341) | 【公告】富林-KY2...
   ✅ (1341) | 【公告】富林-KY現...
💾 (1341) 完成，共存入 5 則新聞
🚀 (6228) 掃描到 5 則新聞，開始儲存...
   ✅ (6228) | 【公告】全譜董事長續...
   ✅ (6228) | 【公告】全譜 202...
   ✅ (6228) | 【公告】全譜115年...
   ✅ (6228) | 【公告】全譜股東常會...
   ✅ (6228) | 【公告】全譜 202...
💾 (6228) 完成，共存入 5 則新聞
🚀 (6240) 掃描到 5 則新聞，開始儲存...
   ✅ (6240) | 【公告】松崗115年...
   ✅ (6240) | 【公告】松崗董事會通...
   ✅ (6240) | 【公告】松崗 202...
   ✅ (6240) | 【公告】松崗115年...
   ✅ (6240) | 【公告】松崗 202...
💾 (6240) 完成，共存入 5 則新聞
🚀 (5016) 掃描到 5 則新聞，開始儲存...
   ✅ (5016) | 【公告】松和 202...
   ✅ (5016) | 【公告】股東會通過盈...
   ✅ (5016) | 【公告】松和股東常會...
   ✅ (5016) | 【公告】松和115年...
   ✅ (5016) | 【公告】松和董事會推...
💾 (5016) 完成，共存入 5 則新聞
🚀 (4419) 掃描到 5 則新聞，開始儲存...
   ✅ (4419) | 【公告】皇家美食 2...
   ✅ (4419) | 【公告】更正皇家美食...
   ✅ (4419) | 【公告】皇家美食 2...
   ✅ (4419) | 【公告】皇家美食代重...
   ✅ (4419) | 【公告】皇家美食代重...
💾 (4419) 完成，共存入 5 則新聞
🚀 (2724) 掃描到 5 則新聞，開始儲存...
   ✅ (2724) | 【公告】藝舍-KY ...
   ✅ (2724) | 【公告】藝舍-KY1...
   ✅ (2724) | 【公告】藝舍-KY(...
   ✅ (2724) | 【公告】藝舍-KY ...
   ✅ (2724) | 【公告】藝舍-KY代...
💾 (2724) 完成，共存入 5 則新聞
🚀 (8921) 掃描到 5 則新聞，開始儲存...
   ✅ (8921) | 【公告】沈氏法人董事...
   ✅ (8921) | 【公告】沈氏115年...
   ✅ (8921) | 【公告】沈氏115年...
   ✅ (8921) | 【公告】沈氏115年...
   ✅ (8921) | 【公告】沈氏董事會推...
💾 (8921) 完成，共存入 5 則新聞

🎉 [稀少股] 全部處理完成！
⏱️ 總耗時: 249.76 秒
[週二 2026/06/23 15:27:29.24] Running cnyes rare... 
d:\StockPulse\stocks_news\cnyes\crawler_rare.py:412: DeprecationWarning: 'asyncio.WindowsSelectorEventLoopPolicy' is deprecated and slated for removal in Python 3.16
  asyncio.set_event_loop_policy(asyncio.WindowsSelectorEventLoopPolicy())
d:\StockPulse\stocks_news\cnyes\crawler_rare.py:412: DeprecationWarning: 'asyncio.set_event_loop_policy' is deprecated and slated for removal in Python 3.16
  asyncio.set_event_loop_policy(asyncio.WindowsSelectorEventLoopPolicy())
[稀少股] Crawler started
Total stocks: 195
Completed: 0
Remaining: 195
Config: concurrency=5, days_filter=30

[START] Processing 195 tasks (max concurrency: 5)...

[START] (4413) Found 11 total news, 1 pages
[START] (3465) Found 28 total news, 2 pages
[DONE] (4413) Saved 6 news items
[START] (4767) Found 11 total news, 1 pages
[DONE] (4767) Saved 7 news items
[START] (4529) Found 46 total news, 2 pages
[START] (5455) Found 30 total news, 2 pages
   Page 2/2: +3 news
[DONE] (3465) Saved 18 news items
[START] (4807) Found 65 total news, 3 pages
   Page 2/2: +21 news
[DONE] (4529) Saved 21 news items
   Page 2/2: +5 news
[DONE] (5455) Saved 10 news items
[START] (8921) Found 14 total news, 1 pages
[DONE] (8921) Saved 9 news items
   Page 2/3: +25 news
[START] (6844) Found 9 total news, 1 pages
[DONE] (6844) Saved 6 news items
   Page 3/3: +15 news
[DONE] (4807) Saved 45 news items
[START] (3064) Found 21 total news, 1 pages
[DONE] (3064) Saved 10 news items
[START] (8424) Found 12 total news, 1 pages
[DONE] (8424) Saved 4 news items
[START] (9944) Found 14 total news, 1 pages
[DONE] (9944) Saved 9 news items
[START] (6556) Found 8 total news, 1 pages
[DONE] (6556) Saved 5 news items
[START] (5276) Found 22 total news, 1 pages
[DONE] (5276) Saved 11 news items
[START] (4154) Found 19 total news, 1 pages
[DONE] (4154) Saved 6 news items
[START] (5345) Found 29 total news, 2 pages
[START] (6225) Found 23 total news, 1 pages
[DONE] (6225) Saved 7 news items
[START] (1259) Found 14 total news, 1 pages
[DONE] (1259) Saved 2 news items
   Page 2/2: +4 news
[DONE] (5345) Saved 23 news items
[START] (2035) Found 5 total news, 1 pages
[START] (6144) Found 13 total news, 1 pages
[DONE] (2035) Saved 2 news items
[DONE] (6144) Saved 4 news items
[START] (6228) Found 23 total news, 1 pages
[DONE] (6228) Saved 12 news items
[START] (8066) Found 15 total news, 1 pages
[DONE] (8066) Saved 10 news items
[START] (4584) Found 17 total news, 1 pages
[DONE] (4584) Saved 9 news items
[START] (2751) Found 12 total news, 1 pages
[DONE] (2751) Saved 5 news items
[START] (6103) Found 5 total news, 1 pages
[DONE] (6103) Saved 1 news items
[START] (6212) Found 5 total news, 1 pages
[DONE] (6212) Saved 2 news items
[START] (2911) Found 59 total news, 3 pages
[START] (6807) Found 12 total news, 1 pages
[DONE] (6807) Saved 7 news items
   Page 2/3: +25 news
[START] (8941) Found 14 total news, 1 pages
[DONE] (8941) Saved 11 news items
[START] (3115) Found 16 total news, 1 pages
[DONE] (3115) Saved 10 news items
   Page 3/3: +9 news
[START] (4609) Found 8 total news, 1 pages
[DONE] (4609) Saved 2 news items
[DONE] (2911) Saved 25 news items
[START] (2248) Found 15 total news, 1 pages
[DONE] (2248) Saved 9 news items
[START] (8093) Found 19 total news, 1 pages
[DONE] (8093) Saved 6 news items
[START] (8455) Found 19 total news, 1 pages
[DONE] (8455) Saved 8 news items
[START] (1233) Found 8 total news, 1 pages
[DONE] (1233) Saved 4 news items
[START] (5703) Found 6 total news, 1 pages
[DONE] (5703) Saved 1 news items
[START] (911608) Found 16 total news, 1 pages
[DONE] (911608) Saved 15 news items
[START] (911868) Found 4 total news, 1 pages
[DONE] (911868) Saved 4 news items
[START] (6997) Found 17 total news, 1 pages
[DONE] (6997) Saved 11 news items
[START] (2719) Found 8 total news, 1 pages
[DONE] (2719) Saved 5 news items
[START] (4430) Found 5 total news, 1 pages
[DONE] (4430) Saved 1 news items
[START] (6210) Found 17 total news, 1 pages
[DONE] (6210) Saved 10 news items
[START] (2904) Found 6 total news, 1 pages
[DONE] (2904) Saved 3 news items
[START] (6581) Found 8 total news, 1 pages
[DONE] (6581) Saved 4 news items
[START] (2948) Found 11 total news, 1 pages
[DONE] (2948) Saved 8 news items
[START] (1781) Found 10 total news, 1 pages
[DONE] (1781) Saved 5 news items
[START] (4305) Found 6 total news, 1 pages
[DONE] (4305) Saved 3 news items
[START] (2434) Found 29 total news, 2 pages
[START] (1454) Found 16 total news, 1 pages
[START] (6240) Found 11 total news, 1 pages
[DONE] (1454) Saved 4 news items
[DONE] (6240) Saved 7 news items
[START] (4905) Found 23 total news, 1 pages
[DONE] (4905) Saved 19 news items
   Page 2/2: +4 news
[DONE] (2434) Saved 21 news items
[START] (3531) Found 7 total news, 1 pages
[DONE] (3531) Saved 5 news items
[START] (1470) Found 7 total news, 1 pages
[DONE] (1470) Saved 1 news items
[START] (1465) Found 10 total news, 1 pages
[DONE] (1465) Saved 7 news items
[START] (3232) Found 12 total news, 1 pages
[DONE] (3232) Saved 8 news items
[START] (5520) Found 4 total news, 1 pages
[DONE] (5520) Saved 2 news items
[START] (2073) Found 17 total news, 1 pages
[DONE] (2073) Saved 9 news items
[START] (9110) Found 21 total news, 1 pages
[DONE] (9110) Saved 10 news items
[START] (8443) Found 10 total news, 1 pages
[DONE] (8443) Saved 5 news items
[START] (3672) Found 29 total news, 2 pages
[START] (6899) Found 19 total news, 1 pages
[DONE] (6899) Saved 10 news items
[START] (1626) Found 14 total news, 1 pages
[DONE] (1626) Saved 5 news items
   Page 2/2: +4 news
[DONE] (3672) Saved 14 news items
[START] (6264) Found 24 total news, 1 pages
[DONE] (6264) Saved 7 news items
[START] (911622) Found 8 total news, 1 pages
[DONE] (911622) Saved 6 news items
[START] (6856) Found 13 total news, 1 pages
[DONE] (6856) Saved 5 news items
[START] (4432) Found 17 total news, 1 pages
[DONE] (4432) Saved 8 news items
[START] (6236) Found 7 total news, 1 pages
[DONE] (6236) Saved 3 news items
[START] (1213) Found 20 total news, 1 pages
[DONE] (1213) Saved 8 news items
[START] (4972) Found 13 total news, 1 pages
[DONE] (4972) Saved 10 news items
[START] (1906) Found 12 total news, 1 pages
[DONE] (1906) Saved 9 news items
[START] (6730) Found 13 total news, 1 pages
[DONE] (6730) Saved 10 news items
[START] (2924) Found 25 total news, 1 pages
[DONE] (2924) Saved 20 news items
[START] (2947) Found 15 total news, 1 pages
[DONE] (2947) Saved 11 news items
[START] (6904) Found 6 total news, 1 pages
[DONE] (6904) Saved 1 news items
[START] (5604) Found 11 total news, 1 pages
[DONE] (5604) Saved 8 news items
[START] (2235) Found 3 total news, 1 pages
[DONE] (2235) Saved 1 news items
[START] (1468) Found 13 total news, 1 pages
[DONE] (1468) Saved 7 news items
[START] (5514) Found 15 total news, 1 pages
[DONE] (5514) Saved 8 news items
[START] (4806) Found 15 total news, 1 pages
[DONE] (4806) Saved 12 news items
[START] (7782) Found 2 total news, 1 pages
[START] (8917) Found 7 total news, 1 pages
[DONE] (7782) Saved 2 news items
[DONE] (8917) Saved 4 news items
[START] (3516) Found 32 total news, 2 pages
   Page 2/2: +7 news
[DONE] (3516) Saved 14 news items
[START] (4804) Found 18 total news, 1 pages
[DONE] (4804) Saved 7 news items
[START] (5205) Found 28 total news, 2 pages
[START] (5016) Found 15 total news, 1 pages
[DONE] (5016) Saved 12 news items
[START] (4153) Found 8 total news, 1 pages
[DONE] (4153) Saved 5 news items
[START] (1475) Found 7 total news, 1 pages
[DONE] (1475) Saved 1 news items
   Page 2/2: +3 news
[DONE] (5205) Saved 16 news items
[START] (3285) Found 24 total news, 1 pages
[DONE] (3285) Saved 19 news items
[START] (8488) Found 10 total news, 1 pages
[DONE] (8488) Saved 2 news items
[START] (4406) Found 8 total news, 1 pages
[DONE] (4406) Saved 4 news items
[START] (9926) Found 6 total news, 1 pages
[DONE] (9926) Saved 2 news items
[START] (2939) Found 9 total news, 1 pages
[DONE] (2939) Saved 5 news items
[START] (1813) Found 15 total news, 1 pages
[DONE] (1813) Saved 11 news items
[START] (8409) Found 5 total news, 1 pages
[DONE] (8409) Saved 2 news items
[START] (2722) Found 8 total news, 1 pages
[DONE] (2722) Saved 4 news items
[START] (1538) Found 18 total news, 1 pages
[DONE] (1538) Saved 7 news items
[START] (2901) Found 5 total news, 1 pages
[DONE] (2901) Saved 2 news items
[START] (2380) Found 24 total news, 1 pages
[DONE] (2380) Saved 8 news items
[START] (4304) Found 13 total news, 1 pages
[DONE] (4304) Saved 6 news items
[START] (5348) Found 4 total news, 1 pages
[DONE] (5348) Saved 1 news items
[START] (1324) Found 5 total news, 1 pages
[DONE] (1324) Saved 2 news items
[START] (910322) Found 1 total news, 1 pages
[DONE] (910322) Saved 1 news items
[START] (3523) Found 20 total news, 1 pages
[DONE] (3523) Saved 10 news items
[START] (7716) Found 17 total news, 1 pages
[DONE] (7716) Saved 12 news items
[START] (5601) Found 13 total news, 1 pages
[DONE] (5601) Saved 10 news items
[START] (6242) Found 21 total news, 1 pages
[DONE] (6242) Saved 7 news items
[START] (6872) Found 9 total news, 1 pages
[DONE] (6872) Saved 5 news items
[START] (7732) Found 6 total news, 1 pages
[DONE] (7732) Saved 2 news items
[START] (2949) Found 14 total news, 1 pages
[DONE] (2949) Saved 2 news items
[START] (3095) Found 22 total news, 1 pages
[DONE] (3095) Saved 10 news items
[START] (6615) Found 7 total news, 1 pages
[DONE] (6615) Saved 4 news items
[START] (2754) Found 17 total news, 1 pages
[DONE] (2754) Saved 2 news items
[START] (6542) Found 11 total news, 1 pages
[DONE] (6542) Saved 4 news items
[START] (1341) Found 13 total news, 1 pages
[DONE] (1341) Saved 9 news items
[START] (4419) Found 17 total news, 1 pages
[DONE] (4419) Saved 9 news items
[START] (2321) Found 9 total news, 1 pages
[DONE] (2321) Saved 3 news items
[START] (2937) Found 8 total news, 1 pages
[DONE] (2937) Saved 2 news items
[START] (3252) Found 11 total news, 1 pages
[DONE] (3252) Saved 3 news items
[START] (6767) Found 12 total news, 1 pages
[DONE] (6767) Saved 8 news items
[START] (2910) Found 9 total news, 1 pages
[DONE] (2910) Saved 5 news items
[START] (3191) Found 26 total news, 2 pages
[START] (910861) Found 3 total news, 1 pages
[DONE] (910861) Saved 2 news items
   Page 2/2: +1 news
[DONE] (3191) Saved 14 news items
[START] (4706) Found 10 total news, 1 pages
[DONE] (4706) Saved 6 news items
[START] (3632) Found 8 total news, 1 pages
[DONE] (3632) Saved 4 news items
[START] (3593) Found 20 total news, 1 pages
[DONE] (3593) Saved 6 news items
[START] (3288) Found 24 total news, 1 pages
[DONE] (3288) Saved 18 news items
[START] (4535) Found 11 total news, 1 pages
[START] (4192) Found 15 total news, 1 pages
[DONE] (4192) Saved 6 news items
[DONE] (4535) Saved 9 news items
[START] (2024) Found 5 total news, 1 pages
[DONE] (2024) Saved 2 news items
[START] (1418) Found 10 total news, 1 pages
[DONE] (1418) Saved 4 news items
[START] (1413) Found 5 total news, 1 pages
[DONE] (1413) Saved 1 news items
[START] (5878) Found 14 total news, 1 pages
[DONE] (5878) Saved 7 news items
[START] (4183) Found 17 total news, 1 pages
[START] (3629) Found 19 total news, 1 pages
[DONE] (3629) Saved 2 news items
[DONE] (4183) Saved 9 news items
[START] (3067) Found 6 total news, 1 pages
[DONE] (3067) Saved 3 news items
[START] (1423) Found 9 total news, 1 pages
[DONE] (1423) Saved 6 news items
[START] (5301) Found 33 total news, 2 pages
[START] (1472) Found 25 total news, 1 pages
[DONE] (1472) Saved 21 news items
[START] (2740) Found 31 total news, 2 pages
   Page 2/2: +8 news
[DONE] (5301) Saved 15 news items
[START] (8342) Found 12 total news, 1 pages
[DONE] (8342) Saved 8 news items
[START] (1203) Found 9 total news, 1 pages
[DONE] (1203) Saved 1 news items
   Page 2/2: +6 news
[DONE] (2740) Saved 20 news items
[START] (4148) Found 7 total news, 1 pages
[DONE] (4148) Saved 3 news items
[START] (4924) Found 24 total news, 1 pages
[DONE] (4924) Saved 6 news items
[START] (1443) Found 9 total news, 1 pages
[DONE] (1443) Saved 5 news items
[START] (5906) Found 12 total news, 1 pages
[DONE] (5906) Saved 4 news items
[START] (4950) Found 22 total news, 1 pages
[DONE] (4950) Saved 7 news items
[START] (6506) Found 7 total news, 1 pages
[DONE] (6506) Saved 2 news items
[START] (2926) Found 21 total news, 1 pages
[DONE] (2926) Saved 12 news items
[START] (9929) Found 19 total news, 1 pages
[DONE] (9929) Saved 14 news items
[START] (6616) Found 9 total news, 1 pages
[DONE] (6616) Saved 3 news items
[START] (8929) Found 7 total news, 1 pages
[DONE] (8929) Saved 3 news items
[START] (2432) Found 10 total news, 1 pages
[DONE] (2432) Saved 3 news items
[START] (8477) Found 27 total news, 2 pages
[START] (6527) Found 8 total news, 1 pages
[DONE] (6527) Saved 3 news items
[START] (8067) Found 17 total news, 1 pages
[DONE] (8067) Saved 11 news items
   Page 2/2: +2 news
[DONE] (8477) Saved 19 news items
[START] (1599) Found 14 total news, 1 pages
[DONE] (1599) Saved 5 news items
[START] (6721) Found 15 total news, 1 pages
[DONE] (6721) Saved 12 news items
[START] (6661) Found 6 total news, 1 pages
[DONE] (6661) Saved 2 news items
[START] (6474) Found 25 total news, 1 pages
[DONE] (6474) Saved 18 news items
[START] (1441) Found 18 total news, 1 pages
[DONE] (1441) Saved 10 news items
[START] (2724) Found 36 total news, 2 pages
[START] (1435) Found 30 total news, 2 pages
[START] (4402) Found 20 total news, 1 pages
[DONE] (4402) Saved 10 news items
   Page 2/2: +5 news
[DONE] (1435) Saved 14 news items
[START] (7753) Found 9 total news, 1 pages
[DONE] (7753) Saved 8 news items
   Page 2/2: +11 news
[DONE] (2724) Saved 17 news items
[START] (6887) Found 9 total news, 1 pages
[DONE] (6887) Saved 7 news items
[SKIP] (2887Z1) No __NEXT_DATA__ found
[START] (6645) Found 16 total news, 1 pages
[DONE] (6645) Saved 5 news items
[START] (2726) Found 18 total news, 1 pages
[START] (6171) Found 35 total news, 2 pages
[DONE] (2726) Saved 6 news items
[START] (6496) Found 9 total news, 1 pages
[DONE] (6496) Saved 2 news items
   Page 2/2: +10 news
[DONE] (6171) Saved 19 news items
[START] (6988) Found 1 total news, 1 pages
[START] (8077) Found 11 total news, 1 pages
[DONE] (8077) Saved 6 news items
[START] (6512) Found 5 total news, 1 pages
[DONE] (6512) Saved 2 news items
[START] (9912) Found 12 total news, 1 pages
[DONE] (9912) Saved 6 news items
[START] (8101) Found 16 total news, 1 pages
[DONE] (8101) Saved 1 news items
[START] (4943) Found 14 total news, 1 pages
[DONE] (4943) Saved 4 news items
[START] (4198) Found 19 total news, 1 pages
[DONE] (4198) Saved 7 news items
[START] (4175) Found 16 total news, 1 pages
[DONE] (4175) Saved 11 news items
[START] (6574) Found 13 total news, 1 pages
[DONE] (6574) Saved 3 news items
[START] (6662) Found 15 total news, 1 pages
[DONE] (6662) Saved 10 news items
[START] (3018) Found 14 total news, 1 pages
[DONE] (3018) Saved 2 news items
[START] (7743) Found 6 total news, 1 pages
[DONE] (7743) Saved 2 news items
[START] (5013) Found 17 total news, 1 pages
[DONE] (5013) Saved 7 news items
[START] (6222) Found 13 total news, 1 pages
[DONE] (6222) Saved 10 news items
[SKIP] (3426) No __NEXT_DATA__ found
[START] (6929) Found 9 total news, 1 pages
[DONE] (6929) Saved 7 news items
[START] (2221) Found 36 total news, 2 pages
[START] (5701) Found 44 total news, 2 pages
[START] (6020) Found 22 total news, 1 pages
[DONE] (6020) Saved 15 news items
   Page 2/2: +11 news
[DONE] (2221) Saved 20 news items
[START] (8923) Found 6 total news, 1 pages
[DONE] (8923) Saved 3 news items
   Page 2/2: +19 news
[DONE] (5701) Saved 32 news items
[START] (6958) Found 23 total news, 1 pages
[DONE] (6958) Saved 13 news items
[START] (1453) Found 9 total news, 1 pages
[DONE] (1453) Saved 5 news items
[START] (2941) Found 6 total news, 1 pages
[START] (4139) Found 13 total news, 1 pages
[DONE] (2941) Saved 2 news items
[DONE] (4139) Saved 7 news items
[START] (8423) Found 4 total news, 1 pages
[DONE] (8423) Saved 2 news items
[START] (8354) Found 17 total news, 1 pages
[DONE] (8354) Saved 6 news items

[DONE] [稀少股] All processing complete!
[TIME] Total: 179.59 seconds
[週二 2026/06/23 15:30:31.26] Daily crawlers done. 
[週二 2026/06/23 15:30:31.28] Fetching content... 
[週二 2026/06/23 15:30:31.29] Running nstock fetch_content... 
d:\StockPulse\stocks_news\nstock\fetch_content.py:222: DeprecationWarning: 'asyncio.WindowsSelectorEventLoopPolicy' is deprecated and slated for removal in Python 3.16
  asyncio.set_event_loop_policy(asyncio.WindowsSelectorEventLoopPolicy())
d:\StockPulse\stocks_news\nstock\fetch_content.py:222: DeprecationWarning: 'asyncio.set_event_loop_policy' is deprecated and slated for removal in Python 3.16
  asyncio.set_event_loop_policy(asyncio.WindowsSelectorEventLoopPolicy())

============================================================
NStock 新聞內文補抓
============================================================

[OK] 資料庫連線成功

[INFO] 找到 3394 筆需要補抓的新聞

開始處理 3394 筆新聞 (並發數: 5)...

  [SKIP] (1475) 無實際內文，跳過
  [SKIP] (7743) 無實際內文，跳過
  [SKIP] (1475) 無實際內文，跳過
  [SKIP] (1475) 無實際內文，跳過
  [SKIP] (7743) 無實際內文，跳過
  [SKIP] (6887) 無實際內文，跳過
  [SKIP] (1324) 無實際內文，跳過
  [SKIP] (6887) 無實際內文，跳過
  [SKIP] (6887) 無實際內文，跳過
  [SKIP] (1324) 無實際內文，跳過
  [SKIP] (6512) 無實際內文，跳過
  [SKIP] (7782) 無實際內文，跳過
  [SKIP] (6512) 無實際內文，跳過
  [SKIP] (7782) 無實際內文，跳過
  [SKIP] (6171) 無實際內文，跳過
  [SKIP] (9926) 無實際內文，跳過
  [SKIP] (6171) 無實際內文，跳過
  [SKIP] (6171) 無實際內文，跳過
  [SKIP] (9926) 無實際內文，跳過
  [SKIP] (2024) 無實際內文，跳過
  [SKIP] (4924) 無實際內文，跳過
  [SKIP] (2024) 無實際內文，跳過
  [SKIP] (4924) 無實際內文，跳過
  [SKIP] (2726) 無實際內文，跳過
  [SKIP] (2726) 無實際內文，跳過
  [SKIP] (6616) 無實際內文，跳過
  [SKIP] (2726) 無實際內文，跳過
  [SKIP] (6616) 無實際內文，跳過
  [SKIP] (3232) 無實際內文，跳過
  [SKIP] (6767) 無實際內文，跳過
  [SKIP] (3232) 無實際內文，跳過
  [SKIP] (3232) 無實際內文，跳過
  [SKIP] (6767) 無實際內文，跳過
  [SKIP] (8409) 無實際內文，跳過
  [SKIP] (4430) 無實際內文，跳過
  [SKIP] (8409) 無實際內文，跳過
  [SKIP] (4430) 無實際內文，跳過
  [SKIP] (2740) 無實際內文，跳過
  [SKIP] (1203) 無實際內文，跳過
  [SKIP] (1203) 無實際內文，跳過
  [SKIP] (2740) 無實際內文，跳過
  [SKIP] (1203) 無實際內文，跳過
  [SKIP] (6506) 無實際內文，跳過
  [SKIP] (3629) 無實際內文，跳過
  [SKIP] (6506) 無實際內文，跳過
  [SKIP] (3629) 無實際內文，跳過
  [SKIP] (3629) 無實際內文，跳過
  [SKIP] (3426) 無實際內文，跳過
  [SKIP] (3426) 無實際內文，跳過
  [SKIP] (7753) 無實際內文，跳過
  [SKIP] (8423) 無實際內文，跳過
  [SKIP] (7753) 無實際內文，跳過
  [SKIP] (8423) 無實際內文，跳過
  [SKIP] (3465) 無實際內文，跳過
  [SKIP] (6496) 無實際內文，跳過
  [SKIP] (6496) 無實際內文，跳過
  [SKIP] (3465) 無實際內文，跳過
  [SKIP] (2235) 無實際內文，跳過
  [SKIP] (2235) 無實際內文，跳過
  [SKIP] (2235) 無實際內文，跳過
  [SKIP] (6212) 無實際內文，跳過
  [SKIP] (6212) 無實際內文，跳過
  [SKIP] (6574) 無實際內文，跳過
  [SKIP] (6574) 無實際內文，跳過
  [SKIP] (6929) 無實際內文，跳過
  [SKIP] (6929) 無實際內文，跳過
  [SKIP] (1418) 無實際內文，跳過
  [SKIP] (7732) 無實際內文，跳過
  [SKIP] (1418) 無實際內文，跳過
  [SKIP] (7732) 無實際內文，跳過
  [SKIP] (3115) 無實際內文，跳過
  [SKIP] (3115) 無實際內文，跳過
  [SKIP] (6144) 無實際內文，跳過
  [SKIP] (6144) 無實際內文，跳過
  [SKIP] (2901) 無實際內文，跳過
  [SKIP] (4609) 無實際內文，跳過
  [SKIP] (4609) 無實際內文，跳過
  [SKIP] (2901) 無實際內文，跳過
  [SKIP] (5703) 無實際內文，跳過
  [SKIP] (2901) 無實際內文，跳過
  [SKIP] (5703) 無實際內文，跳過
  [SKIP] (5703) 無實際內文，跳過
  [SKIP] (2941) 無實際內文，跳過
  [SKIP] (8488) 無實際內文，跳過
  [SKIP] (2941) 無實際內文，跳過
  [SKIP] (8488) 無實際內文，跳過
  [SKIP] (8488) 無實際內文，跳過
  [SKIP] (5348) 無實際內文，跳過
  [SKIP] (5348) 無實際內文，跳過
  [SKIP] (5348) 無實際內文，跳過
  [SKIP] (5205) 無實際內文，跳過
  [SKIP] (5205) 無實際內文，跳過
  [SKIP] (6236) 無實際內文，跳過
  [SKIP] (6236) 無實際內文，跳過
  [SKIP] (4413) 無實際內文，跳過
  [SKIP] (4413) 無實際內文，跳過
  [SKIP] (8077) 無實際內文，跳過
  [SKIP] (8077) 無實際內文，跳過
  [SKIP] (6103) 無實際內文，跳過
  [SKIP] (6103) 無實際內文，跳過
  [SKIP] (6103) 無實際內文，跳過
  [SKIP] (2073) 無實際內文，跳過
  [SKIP] (2073) 無實際內文，跳過
  [SKIP] (2073) 無實際內文，跳過
  [SKIP] (7743) 無實際內文，跳過
  [SKIP] (3523) 無實際內文，跳過
  [SKIP] (6899) 無實際內文，跳過
  [SKIP] (6899) 無實際內文，跳過
  [SKIP] (6259) 無實際內文，跳過
  [SKIP] (6899) 無實際內文，跳過
  [SKIP] (6259) 無實際內文，跳過
  [SKIP] (3066) 無實際內文，跳過
  [SKIP] (3066) 無實際內文，跳過
  [SKIP] (1796) 無實際內文，跳過
  [SKIP] (2538) 無實際內文，跳過
  [SKIP] (1796) 無實際內文，跳過
  [SKIP] (2538) 無實際內文，跳過
  [SKIP] (9949) 無實際內文，跳過
  [SKIP] (9949) 無實際內文，跳過
  [SKIP] (2012) 無實際內文，跳過
  [SKIP] (2012) 無實際內文，跳過
  [SKIP] (2007) 無實際內文，跳過
  [SKIP] (2007) 無實際內文，跳過
  [SKIP] (4205) 無實際內文，跳過
  [SKIP] (4205) 無實際內文，跳過
  [SKIP] (4205) 無實際內文，跳過
  [SKIP] (4711) 無實際內文，跳過
  [SKIP] (4711) 無實際內文，跳過
  [SKIP] (4711) 無實際內文，跳過
  [SKIP] (5487) 無實際內文，跳過
  [SKIP] (5487) 無實際內文，跳過
  [SKIP] (3419) 無實際內文，跳過
  [SKIP] (3419) 無實際內文，跳過
  [SKIP] (5487) 無實際內文，跳過
  [SKIP] (3419) 無實際內文，跳過
  [SKIP] (6582) 無實際內文，跳過
  [SKIP] (3373) 無實際內文，跳過
  [SKIP] (6582) 無實際內文，跳過
  [SKIP] (3373) 無實際內文，跳過
  [SKIP] (4581) 無實際內文，跳過
  [SKIP] (4581) 無實際內文，跳過
  [SKIP] (4907) 無實際內文，跳過
  [SKIP] (4907) 無實際內文，跳過
  [SKIP] (4581) 無實際內文，跳過
  [SKIP] (4907) 無實際內文，跳過
  [SKIP] (6194) 無實際內文，跳過
  [SKIP] (2596) 無實際內文，跳過
  [SKIP] (6194) 無實際內文，跳過
  [SKIP] (2596) 無實際內文，跳過
  [SKIP] (8102) 無實際內文，跳過
  [SKIP] (8102) 無實際內文，跳過
  [SKIP] (9962) 無實際內文，跳過
  [SKIP] (8102) 無實際內文，跳過
  [SKIP] (9962) 無實際內文，跳過
  [SKIP] (1109) 無實際內文，跳過
  [SKIP] (1109) 無實際內文，跳過
  [SKIP] (8450) 無實際內文，跳過
  [SKIP] (8450) 無實際內文，跳過
  [SKIP] (5488) 無實際內文，跳過
  [SKIP] (2734) 無實際內文，跳過
  [SKIP] (5488) 無實際內文，跳過
  [SKIP] (5516) 無實際內文，跳過
  [SKIP] (2734) 無實際內文，跳過
  [SKIP] (5516) 無實際內文，跳過
  [SKIP] (8401) 無實際內文，跳過
  [SKIP] (8401) 無實際內文，跳過
  [SKIP] (1474) 無實際內文，跳過
  [SKIP] (1474) 無實際內文，跳過
  [SKIP] (1474) 無實際內文，跳過
  [SKIP] (8930) 無實際內文，跳過
  [SKIP] (8930) 無實際內文，跳過
  [SKIP] (2718) 無實際內文，跳過
  [SKIP] (4554) 無實際內文，跳過
  [SKIP] (2718) 無實際內文，跳過
  [SKIP] (4554) 無實際內文，跳過
  [SKIP] (2706) 無實際內文，跳過
  [SKIP] (2706) 無實際內文，跳過
  [SKIP] (1467) 無實際內文，跳過
  [SKIP] (1467) 無實際內文，跳過
  [SKIP] (2706) 無實際內文，跳過
  [SKIP] (5489) 無實際內文，跳過
  [SKIP] (5489) 無實際內文，跳過
  [SKIP] (8429) 無實際內文，跳過
  [SKIP] (8429) 無實際內文，跳過
  [SKIP] (5704) 無實際內文，跳過
  [SKIP] (5704) 無實際內文，跳過
  [SKIP] (5704) 無實際內文，跳過
  [SKIP] (7770) 無實際內文，跳過
  [SKIP] (7770) 無實際內文，跳過
  [SKIP] (7770) 無實際內文，跳過
  [SKIP] (6169) 無實際內文，跳過
  [SKIP] (6169) 無實際內文，跳過
  [SKIP] (4999) 無實際內文，跳過
  [SKIP] (4999) 無實際內文，跳過
  [SKIP] (9928) 無實際內文，跳過
  [SKIP] (4999) 無實際內文，跳過
  [SKIP] (9928) 無實際內文，跳過
  [SKIP] (6865) 無實際內文，跳過
  [SKIP] (6865) 無實際內文，跳過
  [SKIP] (1236) 無實際內文，跳過
  [SKIP] (1236) 無實際內文，跳過
  [SKIP] (7767) 無實際內文，跳過
  [SKIP] (7767) 無實際內文，跳過
  [SKIP] (5529) 無實際內文，跳過
  [SKIP] (4426) 無實際內文，跳過
  [SKIP] (5529) 無實際內文，跳過
  [SKIP] (4426) 無實際內文，跳過
  [SKIP] (4426) 無實際內文，跳過
  [SKIP] (2937) 無實際內文，跳過
  [SKIP] (2702) 無實際內文，跳過
  [SKIP] (3268) 無實際內文，跳過
  [SKIP] (3268) 無實際內文，跳過
  [SKIP] (6655) 無實際內文，跳過
  [SKIP] (2702) 無實際內文，跳過
  [SKIP] (2701) 無實際內文，跳過
  [SKIP] (2701) 無實際內文，跳過
  [SKIP] (2701) 無實際內文，跳過
  [SKIP] (6246) 無實際內文，跳過
  [SKIP] (6655) 無實際內文，跳過
  [SKIP] (8092) 無實際內文，跳過
  [SKIP] (6246) 無實際內文，跳過
  [SKIP] (8092) 無實際內文，跳過
  [SKIP] (6246) 無實際內文，跳過
  [SKIP] (8092) 無實際內文，跳過
  [SKIP] (1463) 無實際內文，跳過
  [SKIP] (1463) 無實際內文，跳過
  [SKIP] (6101) 無實際內文，跳過
  [SKIP] (1463) 無實際內文，跳過
  [SKIP] (6101) 無實際內文，跳過
  [SKIP] (4502) 無實際內文，跳過
  [SKIP] (6101) 無實際內文，跳過
  [SKIP] (4502) 無實際內文，跳過
  [SKIP] (5450) 無實際內文，跳過
  [SKIP] (5450) 無實際內文，跳過
  [SKIP] (5450) 無實際內文，跳過
  [SKIP] (5211) 無實際內文，跳過
  [SKIP] (5211) 無實際內文，跳過
  [SKIP] (5211) 無實際內文，跳過
  [SKIP] (9950) 無實際內文，跳過
  [SKIP] (9950) 無實際內文，跳過
  [SKIP] (9950) 無實際內文，跳過
  [SKIP] (4558) 無實際內文，跳過
  [SKIP] (4558) 無實際內文，跳過
  [SKIP] (6874) 無實際內文，跳過
  [SKIP] (6874) 無實際內文，跳過
  [SKIP] (3095) 無實際內文，跳過
  [SKIP] (3447) 無實際內文，跳過
  [SKIP] (3447) 無實際內文，跳過
  [SKIP] (5533) 無實際內文，跳過
  [SKIP] (2913) 無實際內文，跳過
  [SKIP] (2913) 無實際內文，跳過
  [SKIP] (1720) 無實際內文，跳過
  [SKIP] (1720) 無實際內文，跳過
  [SKIP] (2524) 無實際內文，跳過
  [SKIP] (1720) 無實際內文，跳過
  [SKIP] (2524) 無實際內文，跳過
  [SKIP] (2524) 無實際內文，跳過
  [SKIP] (6742) 無實際內文，跳過
  [SKIP] (1321) 無實際內文，跳過
  [SKIP] (1321) 無實際內文，跳過
  [SKIP] (6742) 無實際內文，跳過
  [SKIP] (4908) 無實際內文，跳過
  [SKIP] (4908) 無實際內文，跳過
  [SKIP] (4956) 無實際內文，跳過
  [SKIP] (4767) 無實際內文，跳過
  [SKIP] (4956) 無實際內文，跳過
  [SKIP] (4956) 無實際內文，跳過
  [SKIP] (3437) 無實際內文，跳過
  [SKIP] (3437) 無實際內文，跳過
  [SKIP] (3437) 無實際內文，跳過
  [SKIP] (3484) 無實際內文，跳過
  [SKIP] (1565) 無實際內文，跳過
  [SKIP] (1565) 無實際內文，跳過
  [SKIP] (3484) 無實際內文，跳過
  [SKIP] (6641) 無實際內文，跳過
  [SKIP] (3484) 無實際內文，跳過
  [SKIP] (6641) 無實際內文，跳過
  [SKIP] (3058) 無實際內文，跳過
  [SKIP] (4564) 無實際內文，跳過
  [SKIP] (4564) 無實際內文，跳過
  [SKIP] (4564) 無實際內文，跳過
  [SKIP] (1537) 無實際內文，跳過
  [SKIP] (3058) 無實際內文，跳過
  [SKIP] (5533) 無實際內文，跳過
  [SKIP] (7631) 無實際內文，跳過
  [SKIP] (1537) 無實際內文，跳過
  [SKIP] (2066) 無實際內文，跳過
  [SKIP] (5533) 無實際內文，跳過
  [SKIP] (2066) 無實際內文，跳過
  [SKIP] (3527) 無實際內文，跳過
  [SKIP] (3527) 無實際內文，跳過
  [SKIP] (3527) 無實際內文，跳過
  [SKIP] (6216) 無實際內文，跳過
  [SKIP] (6216) 無實際內文，跳過
  [OK] (2751) 更新成功 (650 字)
  [SKIP] (6216) 無實際內文，跳過
  [SKIP] (2440) 無實際內文，跳過
  [SKIP] (2440) 無實際內文，跳過
  [SKIP] (2440) 無實際內文，跳過
  [SKIP] (6933) 無實際內文，跳過
  [SKIP] (6933) 無實際內文，跳過
  [SKIP] (6470) 無實際內文，跳過
  [SKIP] (6470) 無實際內文，跳過
  [SKIP] (6470) 無實際內文，跳過
  [SKIP] (5465) 無實際內文，跳過
  [SKIP] (5465) 無實際內文，跳過
  [SKIP] (1533) 無實際內文，跳過
  [SKIP] (1533) 無實際內文，跳過
  [SKIP] (1533) 無實際內文，跳過
  [SKIP] (3297) 無實際內文，跳過
  [SKIP] (2390) 無實際內文，跳過
  [SKIP] (2390) 無實際內文，跳過
  [SKIP] (3552) 無實際內文，跳過
  [SKIP] (3297) 無實際內文，跳過
  [SKIP] (5533) 無實際內文，跳過
  [SKIP] (3552) 無實際內文，跳過
  [SKIP] (6168) 無實際內文，跳過
  [SKIP] (6168) 無實際內文，跳過
  [SKIP] (6168) 無實際內文，跳過
  [SKIP] (2032) 無實際內文，跳過
  [SKIP] (4987) 無實際內文，跳過
  [SKIP] (4987) 無實際內文，跳過
  [SKIP] (2032) 無實際內文，跳過
  [SKIP] (4987) 無實際內文，跳過
  [SKIP] (5533) 無實際內文，跳過
  [SKIP] (3205) 無實際內文，跳過
  [SKIP] (4767) 無實際內文，跳過
  [SKIP] (3205) 無實際內文，跳過
  [SKIP] (9937) 無實際內文，跳過
  [SKIP] (2250) 無實際內文，跳過
  [SKIP] (3226) 無實際內文，跳過
  [SKIP] (9937) 無實際內文，跳過
  [SKIP] (9937) 無實際內文，跳過
  [SKIP] (2250) 無實際內文，跳過
  [SKIP] (3226) 無實際內文，跳過
  [SKIP] (3226) 無實際內文，跳過
  [SKIP] (8048) 無實際內文，跳過
  [SKIP] (8048) 無實際內文，跳過
  [SKIP] (2477) 無實際內文，跳過
  [SKIP] (2477) 無實際內文，跳過
  [SKIP] (2477) 無實際內文，跳過
  [SKIP] (1471) 無實際內文，跳過
  [SKIP] (1471) 無實際內文，跳過
  [SKIP] (6283) 無實際內文，跳過
  [SKIP] (6283) 無實際內文，跳過
  [SKIP] (6283) 無實際內文，跳過
  [SKIP] (1217) 無實際內文，跳過
  [SKIP] (1217) 無實際內文，跳過
  [SKIP] (1217) 無實際內文，跳過
  [SKIP] (5511) 無實際內文，跳過
  [SKIP] (4767) 無實際內文，跳過
  [SKIP] (5511) 無實際內文，跳過
  [SKIP] (3057) 無實際內文，跳過
  [SKIP] (3057) 無實際內文，跳過
  [SKIP] (4767) 無實際內文，跳過
  [SKIP] (3057) 無實際內文，跳過
  [SKIP] (1762) 無實際內文，跳過
  [SKIP] (2488) 無實際內文，跳過
  [SKIP] (3631) 無實際內文，跳過
  [SKIP] (1762) 無實際內文，跳過
  [SKIP] (3631) 無實際內文，跳過
  [SKIP] (2488) 無實際內文，跳過
  [SKIP] (3631) 無實際內文，跳過
  [SKIP] (6910) 無實際內文，跳過
  [SKIP] (6916) 無實際內文，跳過
  [SKIP] (6910) 無實際內文，跳過
  [SKIP] (6916) 無實際內文，跳過
  [SKIP] (2038) 無實際內文，跳過
  [SKIP] (2038) 無實際內文，跳過
  [SKIP] (3432) 無實際內文，跳過
  [SKIP] (2038) 無實際內文，跳過
  [SKIP] (6423) 無實際內文，跳過
  [SKIP] (3432) 無實際內文，跳過
  [SKIP] (6423) 無實際內文，跳過
  [SKIP] (4767) 無實際內文，跳過
  [SKIP] (2514) 無實際內文，跳過
  [SKIP] (6115) 無實際內文，跳過
  [SKIP] (6115) 無實際內文，跳過
  [SKIP] (2514) 無實際內文，跳過
  [SKIP] (5410) 無實際內文，跳過
  [SKIP] (5410) 無實際內文，跳過
  [SKIP] (1512) 無實際內文，跳過
  [SKIP] (4737) 無實際內文，跳過
  [SKIP] (1512) 無實際內文，跳過
  [SKIP] (4737) 無實際內文，跳過
  [SKIP] (4737) 無實際內文，跳過
  [SKIP] (4580) 無實際內文，跳過
  [SKIP] (4580) 無實際內文，跳過
  [SKIP] (2743) 無實際內文，跳過
  [SKIP] (2743) 無實際內文，跳過
  [SKIP] (1531) 無實際內文，跳過
  [SKIP] (1531) 無實際內文，跳過
  [SKIP] (3434) 無實際內文，跳過
  [SKIP] (3434) 無實際內文，跳過
  [SKIP] (1414) 無實際內文，跳過
  [SKIP] (1414) 無實際內文，跳過
  [SKIP] (6229) 無實際內文，跳過
  [SKIP] (6229) 無實際內文，跳過
  [SKIP] (6229) 無實際內文，跳過
  [SKIP] (6158) 無實際內文，跳過
  [SKIP] (6158) 無實際內文，跳過
  [SKIP] (4207) 無實際內文，跳過
  [SKIP] (2414) 無實際內文，跳過
  [SKIP] (2414) 無實際內文，跳過
  [SKIP] (2414) 無實際內文，跳過
  [SKIP] (4113) 無實際內文，跳過
  [SKIP] (4113) 無實際內文，跳過
  [SKIP] (4113) 無實際內文，跳過
  [SKIP] (4207) 無實際內文，跳過
  [SKIP] (3325) 無實際內文，跳過
  [SKIP] (3043) 無實際內文，跳過
  [SKIP] (3325) 無實際內文，跳過
  [SKIP] (3043) 無實際內文，跳過
  [SKIP] (3043) 無實際內文，跳過
  [SKIP] (5481) 無實際內文，跳過
  [SKIP] (5481) 無實際內文，跳過
  [SKIP] (5481) 無實際內文，跳過
  [SKIP] (4207) 無實際內文，跳過
  [SKIP] (4528) 無實際內文，跳過
  [SKIP] (4528) 無實際內文，跳過
  [SKIP] (4552) 無實際內文，跳過
  [SKIP] (4552) 無實際內文，跳過
  [SKIP] (4207) 無實際內文，跳過
  [SKIP] (4552) 無實際內文，跳過
  [SKIP] (6743) 無實際內文，跳過
  [SKIP] (6743) 無實際內文，跳過
  [SKIP] (4207) 無實際內文，跳過
  [SKIP] (6118) 無實際內文，跳過
  [SKIP] (6743) 無實際內文，跳過
  [SKIP] (6118) 無實際內文，跳過
  [SKIP] (5251) 無實際內文，跳過
  [SKIP] (5251) 無實際內文，跳過
  [SKIP] (3188) 無實際內文，跳過
  [SKIP] (3188) 無實際內文，跳過
  [SKIP] (1438) 無實際內文，跳過
  [SKIP] (1438) 無實際內文，跳過
  [SKIP] (1438) 無實際內文，跳過
  [SKIP] (6703) 無實際內文，跳過
  [SKIP] (9908) 無實際內文，跳過
  [SKIP] (6703) 無實際內文，跳過
  [SKIP] (5460) 無實際內文，跳過
  [SKIP] (9908) 無實際內文，跳過
  [SKIP] (5460) 無實際內文，跳過
  [SKIP] (4420) 無實際內文，跳過
  [SKIP] (5460) 無實際內文，跳過
  [SKIP] (4420) 無實際內文，跳過
  [SKIP] (4161) 無實際內文，跳過
  [SKIP] (6160) 無實際內文，跳過
  [SKIP] (4161) 無實際內文，跳過
  [SKIP] (8410) 無實際內文，跳過
  [SKIP] (6160) 無實際內文，跳過
  [SKIP] (8410) 無實際內文，跳過
  [SKIP] (8410) 無實際內文，跳過
  [SKIP] (3287) 無實際內文，跳過
  [SKIP] (4728) 無實際內文，跳過
  [SKIP] (4728) 無實際內文，跳過
  [SKIP] (3287) 無實際內文，跳過
  [SKIP] (9918) 無實際內文，跳過
  [SKIP] (9918) 無實際內文，跳過
  [SKIP] (6111) 無實際內文，跳過
  [OK] (3523) 更新成功 (947 字)
  [OK] (2460) 更新成功 (729 字)
  [SKIP] (4148) 無實際內文，跳過
  [SKIP] (1417) 無實際內文，跳過
  [OK] (1201) 更新成功 (642 字)
  [OK] (8937) 更新成功 (182 字)
  [SKIP] (2028) 無實際內文，跳過
  [OK] (8444) 更新成功 (264 字)
  [OK] (5468) 更新成功 (211 字)
  [OK] (2243) 更新成功 (187 字)
  [OK] (6259) 更新成功 (217 字)
  [OK] (6141) 更新成功 (168 字)
  [OK] (3094) 更新成功 (208 字)
  [OK] (2434) 更新成功 (208 字)
  [OK] (2491) 更新成功 (235 字)
  [OK] (3716) 更新成功 (786 字)
  [OK] (3285) 更新成功 (195 字)
  [OK] (2061) 更新成功 (332 字)
  [OK] (3652) 更新成功 (268 字)
  [OK] (4556) 更新成功 (235 字)
  [OK] (1294) 更新成功 (225 字)
  [SKIP] (6902) 無實際內文，跳過
  [OK] (7730) 更新成功 (1221 字)
  [SKIP] (8442) 無實際內文，跳過
  [SKIP] (6465) 無實際內文，跳過
  [SKIP] (3171) 無實際內文，跳過
  [SKIP] (2729) 無實際內文，跳過
  [SKIP] (2729) 無實際內文，跳過
  [SKIP] (4934) 無實際內文，跳過
  [SKIP] (2729) 無實際內文，跳過
  [SKIP] (2729) 無實際內文，跳過
  [SKIP] (2729) 無實際內文，跳過
  [SKIP] (3577) 無實際內文，跳過
  [SKIP] (6222) 無實際內文，跳過
  [SKIP] (3290) 無實際內文，跳過
  [SKIP] (3522) 無實際內文，跳過
  [SKIP] (1295) 無實際內文，跳過
  [SKIP] (6573) 無實際內文，跳過
  [SKIP] (3130) 無實際內文，跳過
  [SKIP] (6431) 無實際內文，跳過
  [SKIP] (3703) 無實際內文，跳過
  [SKIP] (5215) 無實際內文，跳過
  [SKIP] (3522) 無實際內文，跳過
  [SKIP] (3522) 無實際內文，跳過
  [SKIP] (3522) 無實際內文，跳過
  [SKIP] (3522) 無實際內文，跳過
  [SKIP] (6225) 無實際內文，跳過
  [SKIP] (6958) 無實際內文，跳過
  [SKIP] (6856) 無實際內文，跳過
  [SKIP] (6431) 無實際內文，跳過
  [SKIP] (6573) 無實際內文，跳過
  [SKIP] (6573) 無實際內文，跳過
  [SKIP] (6573) 無實際內文，跳過
  [SKIP] (6569) 無實際內文，跳過
  [SKIP] (6569) 無實際內文，跳過
  [SKIP] (6573) 無實際內文，跳過
  [SKIP] (8937) 無實際內文，跳過
  [SKIP] (8937) 無實際內文，跳過
  [SKIP] (6130) 無實際內文，跳過
  [SKIP] (8935) 無實際內文，跳過
  [SKIP] (4527) 無實際內文，跳過
  [SKIP] (1338) 無實際內文，跳過
  [SKIP] (2380) 無實際內文，跳過
  [SKIP] (3209) 無實際內文，跳過
  [SKIP] (6804) 無實際內文，跳過
  [SKIP] (2923) 無實際內文，跳過
  [SKIP] (2705) 無實際內文，跳過
  [SKIP] (8176) 無實際內文，跳過
  [SKIP] (3499) 無實際內文，跳過
  [SKIP] (3703) 無實際內文，跳過
  [SKIP] (1110) 無實際內文，跳過
  [SKIP] (1417) 無實際內文，跳過
  [SKIP] (1110) 無實際內文，跳過
  [SKIP] (6185) 無實際內文，跳過
  [SKIP] (2364) 無實際內文，跳過
  [SKIP] (4416) 無實際內文，跳過
  [SKIP] (8442) 無實際內文，跳過
  [SKIP] (2364) 無實際內文，跳過
  [SKIP] (4416) 無實際內文，跳過
  [SKIP] (2364) 無實際內文，跳過
  [SKIP] (2364) 無實際內文，跳過
  [SKIP] (6674) 無實際內文，跳過
  [SKIP] (2243) 無實際內文，跳過
  [SKIP] (6674) 無實際內文，跳過
  [SKIP] (2424) 無實際內文，跳過
  [SKIP] (5471) 無實際內文，跳過
  [SKIP] (6294) 無實際內文，跳過
  [SKIP] (3349) 無實際內文，跳過
  [SKIP] (8426) 無實際內文，跳過
  [SKIP] (2431) 無實際內文，跳過
  [SKIP] (1541) 無實際內文，跳過
  [SKIP] (1295) 無實際內文，跳過
  [SKIP] (1541) 無實際內文，跳過
  [SKIP] (1541) 無實際內文，跳過
  [SKIP] (4741) 無實際內文，跳過
  [OK] (3577) 更新成功 (94 字)
  [SKIP] (8097) 無實際內文，跳過
  [SKIP] (3577) 無實際內文，跳過
  [SKIP] (1460) 無實際內文，跳過
  [SKIP] (3296) 無實際內文，跳過
  [SKIP] (2496) 無實際內文，跳過
  [SKIP] (6292) 無實際內文，跳過
  [OK] (6431) 更新成功 (552 字)
  [SKIP] (5519) 無實際內文，跳過
  [SKIP] (8072) 無實際內文，跳過
  [SKIP] (1464) 無實際內文，跳過
  [SKIP] (1595) 無實際內文，跳過
  [SKIP] (6222) 無實際內文，跳過
  [SKIP] (6527) 無實際內文，跳過
  [SKIP] (1446) 無實際內文，跳過
  [SKIP] (6556) 無實際內文，跳過
  [SKIP] (1240) 無實際內文，跳過
  [SKIP] (8937) 無實際內文，跳過
  [SKIP] (9925) 無實際內文，跳過
  [SKIP] (8937) 無實際內文，跳過
  [SKIP] (3306) 無實際內文，跳過
  [SKIP] (9935) 無實際內文，跳過
  [SKIP] (6924) 無實際內文，跳過
  [SKIP] (6465) 無實際內文，跳過
  [SKIP] (3594) 無實際內文，跳過
  [SKIP] (4804) 無實際內文，跳過
  [SKIP] (6130) 無實際內文，跳過
  [SKIP] (9940) 無實際內文，跳過
  [SKIP] (2022) 無實際內文，跳過
  [SKIP] (6130) 無實際內文，跳過
  [SKIP] (4572) 無實際內文，跳過
  [SKIP] (8272) 無實際內文，跳過
  [SKIP] (2941) 無實際內文，跳過
  [SKIP] (6130) 無實際內文，跳過
  [SKIP] (6130) 無實際內文，跳過
  [SKIP] (3492) 無實際內文，跳過
  [OK] (6590) 更新成功 (693 字)
  [SKIP] (8923) 無實際內文，跳過
  [SKIP] (2906) 無實際內文，跳過
  [SKIP] (4702) 無實際內文，跳過
  [SKIP] (2947) 無實際內文，跳過
  [SKIP] (5878) 無實際內文，跳過
  [SKIP] (3512) 無實際內文，跳過
  [SKIP] (3489) 無實際內文，跳過
  [SKIP] (5519) 無實際內文，跳過
  [SKIP] (1338) 無實際內文，跳過
  [SKIP] (5519) 無實際內文，跳過
  [SKIP] (1541) 無實際內文，跳過
  [SKIP] (7716) 無實際內文，跳過
  [OK] (3147) 更新成功 (132 字)
  [SKIP] (3147) 無實際內文，跳過
  [SKIP] (5356) 無實際內文，跳過
  [SKIP] (3147) 無實際內文，跳過
  [SKIP] (3147) 無實際內文，跳過
  [SKIP] (1760) 無實際內文，跳過
  [SKIP] (3147) 無實際內文，跳過
  [OK] (2061) 更新成功 (820 字)
  [OK] (6465) 更新成功 (194 字)
  [OK] (5223) 更新成功 (550 字)
  [OK] (6432) 更新成功 (256 字)
  [OK] (4807) 更新成功 (251 字)
  [OK] (6742) 更新成功 (180 字)
  [OK] (6654) 更新成功 (275 字)
  [OK] (3441) 更新成功 (308 字)
  [OK] (3296) 更新成功 (203 字)
  [OK] (4908) 更新成功 (211 字)
  [OK] (8487) 更新成功 (626 字)
  [OK] (4549) 更新成功 (712 字)
  [OK] (4745) 更新成功 (599 字)
  [SKIP] (4417) 無實際內文，跳過
  [SKIP] (2061) 無實際內文，跳過
  [OK] (9906) 更新成功 (758 字)
  [SKIP] (6922) 無實際內文，跳過
  [SKIP] (3071) 無實際內文，跳過
  [OK] (5299) 更新成功 (762 字)
  [OK] (3114) 更新成功 (751 字)
  [SKIP] (5202) 無實際內文，跳過
  [OK] (9925) 更新成功 (586 字)
  [SKIP] (3432) 無實際內文，跳過
  [OK] (6856) 更新成功 (555 字)
  [OK] (2025) 更新成功 (887 字)
  [DEL] (1788|熱門股) 太舊: 4 天
  [DEL] (6791|熱門股) 太舊: 4 天
  [DEL] (3046|熱門股) 太舊: 4 天
  [DEL] (2450|熱門股) 太舊: 4 天
  [DEL] (1455|熱門股) 太舊: 4 天
  [DEL] (1444|熱門股) 太舊: 4 天
  [DEL] (4438|熱門股) 太舊: 4 天
  [DEL] (1760|熱門股) 太舊: 4 天
  [DEL] (3252|熱門股) 太舊: 4 天
  [DEL] (3703|熱門股) 太舊: 5 天
  [DEL] (3703|熱門股) 太舊: 5 天
  [DEL] (4116|熱門股) 太舊: 5 天
  [DEL] (4946|熱門股) 太舊: 5 天
  [DEL] (911868|熱門股) 太舊: 5 天
  [DEL] (1788|熱門股) 太舊: 5 天
  [DEL] (2601|熱門股) 太舊: 5 天
  [DEL] (1788|熱門股) 太舊: 5 天
  [DEL] (5356|熱門股) 太舊: 5 天
  [DEL] (1788|熱門股) 太舊: 5 天
  [DEL] (3290|熱門股) 太舊: 5 天
  [DEL] (5356|熱門股) 太舊: 5 天
  [DEL] (2601|熱門股) 太舊: 5 天
  [DEL] (2601|熱門股) 太舊: 5 天
  [DEL] (2601|熱門股) 太舊: 5 天
  [DEL] (8383|熱門股) 太舊: 5 天
  [DEL] (6509|熱門股) 太舊: 5 天
  [DEL] (6856|熱門股) 太舊: 5 天
  [DEL] (6730|熱門股) 太舊: 5 天
  [DEL] (2947|熱門股) 太舊: 5 天
  [DEL] (4175|熱門股) 太舊: 5 天
  [DEL] (8147|熱門股) 太舊: 5 天
  [DEL] (6556|熱門股) 太舊: 5 天
  [DEL] (4729|熱門股) 太舊: 5 天
  [DEL] (2601|熱門股) 太舊: 5 天
  [DEL] (6597|熱門股) 太舊: 5 天
  [DEL] (3625|熱門股) 太舊: 5 天
  [DEL] (5213|熱門股) 太舊: 5 天
  [DEL] (9935|熱門股) 太舊: 5 天
  [DEL] (8481|熱門股) 太舊: 5 天
  [DEL] (6201|熱門股) 太舊: 5 天
  [DEL] (3557|熱門股) 太舊: 5 天
  [DEL] (2945|熱門股) 太舊: 5 天
  [DEL] (2536|熱門股) 太舊: 5 天
  [DEL] (6201|熱門股) 太舊: 5 天
  [DEL] (2616|熱門股) 太舊: 5 天
  [DEL] (1472|熱門股) 太舊: 5 天
  [DEL] (4442|熱門股) 太舊: 5 天
  [DEL] (8404|熱門股) 太舊: 5 天
  [DEL] (6111|熱門股) 太舊: 5 天
  [DEL] (8404|熱門股) 太舊: 5 天
  [DEL] (8093|熱門股) 太舊: 5 天
  [DEL] (6844|熱門股) 太舊: 5 天
  [DEL] (8093|熱門股) 太舊: 5 天
  [DEL] (8444|熱門股) 太舊: 5 天
  [DEL] (8444|熱門股) 太舊: 5 天
  [DEL] (9935|熱門股) 太舊: 5 天
  [DEL] (8444|熱門股) 太舊: 5 天
  [DEL] (1437|熱門股) 太舊: 5 天
  [DEL] (5364|熱門股) 太舊: 5 天
  [DEL] (6556|熱門股) 太舊: 5 天
  [DEL] (8093|熱門股) 太舊: 5 天
  [DEL] (2724|熱門股) 太舊: 5 天
  [DEL] (6556|熱門股) 太舊: 5 天
  [DEL] (4416|熱門股) 太舊: 5 天
  [DEL] (6556|熱門股) 太舊: 5 天
  [DEL] (5457|熱門股) 太舊: 5 天
  [DEL] (1240|熱門股) 太舊: 5 天
  [DEL] (2906|熱門股) 太舊: 5 天
  [DEL] (6579|熱門股) 太舊: 5 天
  [DEL] (3666|熱門股) 太舊: 5 天
  [DEL] (6645|熱門股) 太舊: 5 天
  [DEL] (6165|熱門股) 太舊: 5 天
  [DEL] (6689|熱門股) 太舊: 5 天
  [DEL] (7556|熱門股) 太舊: 5 天
  [DEL] (6901|熱門股) 太舊: 5 天
  [DEL] (7556|熱門股) 太舊: 5 天
  [DEL] (8433|熱門股) 太舊: 5 天
  [DEL] (4729|熱門股) 太舊: 5 天
  [DEL] (4729|熱門股) 太舊: 5 天
  [DEL] (4729|熱門股) 太舊: 5 天
  [DEL] (4729|熱門股) 太舊: 5 天
  [DEL] (6901|熱門股) 太舊: 5 天
  [DEL] (2616|熱門股) 太舊: 5 天
  [DEL] (2616|熱門股) 太舊: 5 天
  [DEL] (7716|熱門股) 太舊: 5 天
  [DEL] (2616|熱門股) 太舊: 5 天
  [DEL] (2616|熱門股) 太舊: 5 天
  [DEL] (4747|熱門股) 太舊: 5 天
  [DEL] (6023|熱門股) 太舊: 5 天
  [DEL] (2905|熱門股) 太舊: 5 天
  [DEL] (6791|熱門股) 太舊: 5 天
  [DEL] (8433|熱門股) 太舊: 5 天
  [DEL] (8383|熱門股) 太舊: 5 天
  [DEL] (6201|熱門股) 太舊: 5 天
  [DEL] (6111|熱門股) 太舊: 5 天
  [DEL] (4568|熱門股) 太舊: 5 天
  [DEL] (2905|熱門股) 太舊: 5 天
  [DEL] (6165|熱門股) 太舊: 5 天
  [DEL] (9912|熱門股) 太舊: 5 天
  [DEL] (1108|熱門股) 太舊: 5 天
  [DEL] (1464|熱門股) 太舊: 5 天
  [DEL] (1464|熱門股) 太舊: 5 天
  [DEL] (1218|熱門股) 太舊: 5 天
  [DEL] (1110|熱門股) 太舊: 5 天
  [DEL] (1464|熱門股) 太舊: 5 天
  [DEL] (1464|熱門股) 太舊: 5 天
  [DEL] (6165|熱門股) 太舊: 5 天
  [DEL] (6165|熱門股) 太舊: 5 天
  [DEL] (5465|熱門股) 太舊: 5 天
  [DEL] (6165|熱門股) 太舊: 5 天
  [DEL] (4131|熱門股) 太舊: 5 天
  [DEL] (1423|熱門股) 太舊: 5 天
  [DEL] (4568|熱門股) 太舊: 5 天
  [DEL] (4568|熱門股) 太舊: 5 天
  [DEL] (3094|熱門股) 太舊: 5 天
  [DEL] (4568|熱門股) 太舊: 5 天
  [DEL] (5907|熱門股) 太舊: 5 天
  [DEL] (4568|熱門股) 太舊: 5 天
  [DEL] (6662|熱門股) 太舊: 5 天
  [DEL] (6224|熱門股) 太舊: 5 天
  [DEL] (6224|熱門股) 太舊: 5 天
  [DEL] (6224|熱門股) 太舊: 5 天
  [DEL] (3687|熱門股) 太舊: 5 天
  [DEL] (6224|熱門股) 太舊: 5 天
  [DEL] (8183|熱門股) 太舊: 5 天
  [DEL] (8183|熱門股) 太舊: 5 天
  [DEL] (8383|熱門股) 太舊: 5 天
  [DEL] (2028|熱門股) 太舊: 5 天
  [DEL] (2028|熱門股) 太舊: 5 天
  [DEL] (2028|熱門股) 太舊: 5 天
  [DEL] (2028|熱門股) 太舊: 5 天
  [DEL] (4417|熱門股) 太舊: 5 天
  [DEL] (3625|熱門股) 太舊: 5 天
  [DEL] (6971|熱門股) 太舊: 5 天
  [DEL] (3625|熱門股) 太舊: 5 天
  [DEL] (6971|熱門股) 太舊: 5 天
  [DEL] (5223|熱門股) 太舊: 5 天
  [DEL] (3625|熱門股) 太舊: 5 天
  [DEL] (3625|熱門股) 太舊: 5 天
  [DEL] (3557|熱門股) 太舊: 5 天
  [DEL] (8383|熱門股) 太舊: 5 天
  [DEL] (3303|熱門股) 太舊: 5 天
  [DEL] (4188|熱門股) 太舊: 5 天
  [DEL] (3303|熱門股) 太舊: 5 天
  [DEL] (4528|熱門股) 太舊: 5 天
  [DEL] (1435|熱門股) 太舊: 5 天
  [DEL] (5212|熱門股) 太舊: 5 天
  [DEL] (5212|熱門股) 太舊: 5 天
  [DEL] (5212|熱門股) 太舊: 5 天
  [DEL] (5212|熱門股) 太舊: 5 天
  [DEL] (1110|熱門股) 太舊: 5 天
  [DEL] (1110|熱門股) 太舊: 5 天
  [DEL] (6624|熱門股) 太舊: 5 天
  [DEL] (3520|熱門股) 太舊: 5 天
  [DEL] (2032|熱門股) 太舊: 5 天
  [DEL] (6791|熱門股) 太舊: 5 天
  [DEL] (9912|熱門股) 太舊: 5 天
  [DEL] (9912|熱門股) 太舊: 5 天
  [DEL] (9912|熱門股) 太舊: 5 天
  [DEL] (2008|熱門股) 太舊: 5 天
  [DEL] (9912|熱門股) 太舊: 5 天
  [DEL] (5203|熱門股) 太舊: 5 天
  [DEL] (6791|熱門股) 太舊: 5 天
  [DEL] (6791|熱門股) 太舊: 5 天
  [DEL] (1595|熱門股) 太舊: 5 天
  [DEL] (5203|熱門股) 太舊: 5 天
  [DEL] (5203|熱門股) 太舊: 5 天
  [DEL] (3285|熱門股) 太舊: 5 天
  [DEL] (7730|熱門股) 太舊: 5 天
  [DEL] (5203|熱門股) 太舊: 5 天
  [DEL] (5203|熱門股) 太舊: 5 天
  [DEL] (8433|熱門股) 太舊: 5 天
  [DEL] (6697|熱門股) 太舊: 5 天
  [DEL] (5276|熱門股) 太舊: 5 天
  [DEL] (9908|熱門股) 太舊: 5 天
  [DEL] (2755|熱門股) 太舊: 5 天
  [DEL] (2020|熱門股) 太舊: 5 天
  [DEL] (1788|熱門股) 太舊: 5 天
  [DEL] (5490|熱門股) 太舊: 5 天
  [DEL] (8923|熱門股) 太舊: 5 天
  [DEL] (4126|熱門股) 太舊: 5 天
  [DEL] (1580|熱門股) 太舊: 5 天
  [DEL] (5457|熱門股) 太舊: 5 天
  [DEL] (6756|熱門股) 太舊: 5 天
  [DEL] (4198|熱門股) 太舊: 5 天
  [DEL] (1760|熱門股) 太舊: 5 天
  [DEL] (2033|熱門股) 太舊: 5 天
  [DEL] (9962|熱門股) 太舊: 5 天
  [DEL] (4439|熱門股) 太舊: 5 天
  [DEL] (5512|熱門股) 太舊: 5 天
  [DEL] (6855|熱門股) 太舊: 5 天
  [DEL] (3623|熱門股) 太舊: 6 天
  [DEL] (6924|熱門股) 太舊: 5 天
  [DEL] (4569|熱門股) 太舊: 6 天
  [DEL] (6494|熱門股) 太舊: 6 天
  [DEL] (8071|熱門股) 太舊: 6 天
  [DEL] (4439|熱門股) 太舊: 6 天
  [DEL] (1472|熱門股) 太舊: 6 天
  [DEL] (4933|熱門股) 太舊: 6 天
  [DEL] (4744|熱門股) 太舊: 6 天
  [DEL] (6023|熱門股) 太舊: 6 天
  [DEL] (2752|熱門股) 太舊: 6 天
  [DEL] (9951|熱門股) 太舊: 6 天
  [DEL] (8089|熱門股) 太舊: 6 天
  [DEL] (8067|熱門股) 太舊: 6 天
  [DEL] (6662|熱門股) 太舊: 6 天
  [DEL] (6221|熱門股) 太舊: 6 天
  [DEL] (6294|熱門股) 太舊: 6 天
  [DEL] (6141|熱門股) 太舊: 6 天
  [DEL] (4569|熱門股) 太舊: 6 天
  [DEL] (4569|熱門股) 太舊: 6 天
  [DEL] (6141|熱門股) 太舊: 6 天
  [DEL] (5903|熱門股) 太舊: 6 天
  [DEL] (4569|熱門股) 太舊: 6 天
  [DEL] (4569|熱門股) 太舊: 6 天
  [DEL] (5903|熱門股) 太舊: 6 天
  [DEL] (5903|熱門股) 太舊: 6 天
  [DEL] (4192|熱門股) 太舊: 6 天
  [DEL] (5212|熱門股) 太舊: 6 天
  [DEL] (6730|熱門股) 太舊: 6 天
  [DEL] (4160|熱門股) 太舊: 6 天
  [DEL] (3623|熱門股) 太舊: 6 天
  [DEL] (3710|熱門股) 太舊: 6 天
  [DEL] (4127|熱門股) 太舊: 6 天
  [DEL] (3516|熱門股) 太舊: 6 天
  [DEL] (2752|熱門股) 太舊: 6 天
  [DEL] (1593|熱門股) 太舊: 6 天
  [DEL] (2064|熱門股) 太舊: 6 天
  [DEL] (3158|熱門股) 太舊: 6 天
  [DEL] (4163|熱門股) 太舊: 6 天
  [DEL] (7705|熱門股) 太舊: 6 天
  [DEL] (3130|熱門股) 太舊: 6 天
  [DEL] (2949|熱門股) 太舊: 6 天
  [DEL] (1439|熱門股) 太舊: 6 天
  [DEL] (4438|熱門股) 太舊: 6 天
  [DEL] (4438|熱門股) 太舊: 6 天
  [DEL] (4930|熱門股) 太舊: 6 天
  [DEL] (6662|熱門股) 太舊: 6 天
  [DEL] (6662|熱門股) 太舊: 6 天
  [DEL] (6662|熱門股) 太舊: 6 天
  [DEL] (8440|熱門股) 太舊: 6 天
  [DEL] (6221|熱門股) 太舊: 6 天
  [DEL] (6221|熱門股) 太舊: 6 天
  [DEL] (6221|熱門股) 太舊: 6 天
  [DEL] (6221|熱門股) 太舊: 6 天
  [DEL] (8072|熱門股) 太舊: 6 天
  [DEL] (4120|熱門股) 太舊: 6 天
  [DEL] (8072|熱門股) 太舊: 6 天
  [DEL] (8059|熱門股) 太舊: 6 天
  [DEL] (4192|熱門股) 太舊: 6 天
  [DEL] (4192|熱門股) 太舊: 6 天
  [DEL] (8067|熱門股) 太舊: 6 天
  [DEL] (4192|熱門股) 太舊: 6 天
  [DEL] (6615|熱門股) 太舊: 6 天
  [DEL] (8067|熱門股) 太舊: 6 天
  [DEL] (9951|熱門股) 太舊: 6 天
  [DEL] (6128|熱門股) 太舊: 6 天
  [DEL] (8067|熱門股) 太舊: 6 天
  [DEL] (9951|熱門股) 太舊: 6 天
  [DEL] (8444|熱門股) 太舊: 6 天
  [DEL] (9951|熱門股) 太舊: 6 天
  [DEL] (9951|熱門股) 太舊: 6 天
  [DEL] (4192|熱門股) 太舊: 6 天
  [DEL] (2923|熱門股) 太舊: 6 天
  [DEL] (4171|熱門股) 太舊: 6 天
  [DEL] (3252|熱門股) 太舊: 6 天
  [DEL] (4439|熱門股) 太舊: 6 天
  [DEL] (6236|熱門股) 太舊: 6 天
  [DEL] (8411|熱門股) 太舊: 6 天
  [DEL] (3434|熱門股) 太舊: 6 天
  [DEL] (3303|熱門股) 太舊: 6 天
  [DEL] (8411|熱門股) 太舊: 6 天
  [DEL] (9926|熱門股) 太舊: 6 天
  [DEL] (3516|熱門股) 太舊: 6 天
  [DEL] (3516|熱門股) 太舊: 6 天
  [DEL] (3516|熱門股) 太舊: 6 天
  [DEL] (3516|熱門股) 太舊: 6 天
  [DEL] (1439|熱門股) 太舊: 6 天
  [DEL] (1439|熱門股) 太舊: 6 天
  [DEL] (3710|熱門股) 太舊: 6 天
  [DEL] (1439|熱門股) 太舊: 6 天
  [DEL] (6922|熱門股) 太舊: 6 天
  [DEL] (4438|熱門股) 太舊: 6 天
  [DEL] (6730|熱門股) 太舊: 6 天
  [DEL] (4190|熱門股) 太舊: 6 天
  [DEL] (4438|熱門股) 太舊: 6 天
  [DEL] (2752|熱門股) 太舊: 6 天
  [DEL] (3710|熱門股) 太舊: 6 天
  [DEL] (3150|熱門股) 太舊: 6 天
  [DEL] (2752|熱門股) 太舊: 6 天
  [DEL] (2752|熱門股) 太舊: 6 天
  [DEL] (7705|熱門股) 太舊: 6 天
  [DEL] (7705|熱門股) 太舊: 6 天
  [DEL] (7705|熱門股) 太舊: 6 天
  [DEL] (2390|熱門股) 太舊: 6 天
  [DEL] (3577|熱門股) 太舊: 6 天
  [DEL] (3710|熱門股) 太舊: 6 天
  [DEL] (5205|熱門股) 太舊: 6 天
  [DEL] (5907|熱門股) 太舊: 6 天
  [DEL] (4160|熱門股) 太舊: 6 天
  [DEL] (4160|熱門股) 太舊: 6 天
  [DEL] (3710|熱門股) 太舊: 6 天
  [DEL] (4160|熱門股) 太舊: 6 天
  [DEL] (8089|熱門股) 太舊: 6 天
  [DEL] (8089|熱門股) 太舊: 6 天
  [DEL] (1236|熱門股) 太舊: 6 天
  [DEL] (8089|熱門股) 太舊: 6 天
  [DEL] (8089|熱門股) 太舊: 6 天
  [DEL] (4160|熱門股) 太舊: 6 天
  [DEL] (7738|熱門股) 太舊: 6 天
  [DEL] (2947|熱門股) 太舊: 6 天
  [DEL] (1726|熱門股) 太舊: 6 天
  [DEL] (1726|熱門股) 太舊: 6 天
  [DEL] (6114|熱門股) 太舊: 6 天
  [DEL] (8032|熱門股) 太舊: 6 天
  [DEL] (5512|熱門股) 太舊: 6 天
  [DEL] (2239|熱門股) 太舊: 6 天
  [DEL] (1796|熱門股) 太舊: 6 天
  [DEL] (5471|熱門股) 太舊: 6 天
  [DEL] (2906|熱門股) 太舊: 6 天
  [DEL] (2373|熱門股) 太舊: 6 天
  [DEL] (4439|熱門股) 太舊: 6 天
  [DEL] (9927|熱門股) 太舊: 6 天
  [DEL] (4439|熱門股) 太舊: 6 天
  [DEL] (6671|熱門股) 太舊: 6 天
  [DEL] (2424|熱門股) 太舊: 6 天
  [DEL] (6668|熱門股) 太舊: 6 天
  [DEL] (7765|熱門股) 太舊: 6 天
  [DEL] (1604|熱門股) 太舊: 6 天
  [DEL] (2424|熱門股) 太舊: 6 天
  [DEL] (3508|熱門股) 太舊: 6 天
  [DEL] (1604|熱門股) 太舊: 6 天
  [DEL] (2945|熱門股) 太舊: 6 天
  [DEL] (3071|熱門股) 太舊: 6 天
  [DEL] (1309|熱門股) 太舊: 6 天
  [DEL] (3071|熱門股) 太舊: 6 天
  [DEL] (3071|熱門股) 太舊: 6 天
  [DEL] (3508|熱門股) 太舊: 6 天
  [DEL] (5531|熱門股) 太舊: 6 天
  [DEL] (5210|熱門股) 太舊: 6 天
  [DEL] (5531|熱門股) 太舊: 6 天
  [DEL] (8067|熱門股) 太舊: 6 天
  [DEL] (5516|熱門股) 太舊: 6 天
  [DEL] (3066|熱門股) 太舊: 6 天
  [DEL] (8182|熱門股) 太舊: 6 天
  [DEL] (6108|熱門股) 太舊: 6 天
  [DEL] (3064|熱門股) 太舊: 6 天
  [DEL] (6241|熱門股) 太舊: 6 天
  [DEL] (6108|熱門股) 太舊: 6 天
  [DEL] (2064|熱門股) 太舊: 6 天
  [DEL] (2064|熱門股) 太舊: 6 天
  [DEL] (8182|熱門股) 太舊: 6 天
  [DEL] (8182|熱門股) 太舊: 6 天
  [DEL] (8182|熱門股) 太舊: 6 天
  [DEL] (2064|熱門股) 太舊: 6 天
  [DEL] (1537|熱門股) 太舊: 6 天
  [DEL] (8182|熱門股) 太舊: 6 天
  [DEL] (2064|熱門股) 太舊: 6 天
  [DEL] (1707|熱門股) 太舊: 6 天
  [DEL] (4183|熱門股) 太舊: 6 天
  [DEL] (6124|熱門股) 太舊: 6 天
  [DEL] (6668|熱門股) 太舊: 6 天
  [DEL] (3623|熱門股) 太舊: 6 天
  [DEL] (3441|熱門股) 太舊: 6 天
  [DEL] (4702|熱門股) 太舊: 6 天
  [DEL] (2516|熱門股) 太舊: 6 天
  [DEL] (4702|熱門股) 太舊: 6 天
  [DEL] (3623|熱門股) 太舊: 6 天
  [DEL] (1707|熱門股) 太舊: 6 天
  [DEL] (5701|熱門股) 太舊: 6 天
  [DEL] (3623|熱門股) 太舊: 6 天
  [DEL] (8443|熱門股) 太舊: 6 天
  [DEL] (1558|熱門股) 太舊: 6 天
  [DEL] (2536|熱門股) 太舊: 6 天
  [DEL] (6671|熱門股) 太舊: 6 天
  [DEL] (3158|熱門股) 太舊: 6 天
  [DEL] (6671|熱門股) 太舊: 6 天
  [DEL] (6294|熱門股) 太舊: 6 天
  [DEL] (6294|熱門股) 太舊: 6 天
  [DEL] (6294|熱門股) 太舊: 6 天
  [DEL] (6023|熱門股) 太舊: 6 天
  [DEL] (2373|熱門股) 太舊: 6 天
  [DEL] (6668|熱門股) 太舊: 6 天
  [DEL] (8446|熱門股) 太舊: 6 天
  [DEL] (2906|熱門股) 太舊: 6 天
  [DEL] (6668|熱門股) 太舊: 6 天
  [DEL] (2906|熱門股) 太舊: 6 天
  [DEL] (1806|熱門股) 太舊: 6 天
  [DEL] (2459|熱門股) 太舊: 6 天
  [DEL] (6668|熱門股) 太舊: 6 天
  [DEL] (5512|熱門股) 太舊: 6 天
  [DEL] (8446|熱門股) 太舊: 6 天
  [DEL] (1593|熱門股) 太舊: 6 天
  [DEL] (3158|熱門股) 太舊: 6 天
  [DEL] (1593|熱門股) 太舊: 6 天
  [DEL] (1593|熱門股) 太舊: 6 天
  [DEL] (1593|熱門股) 太舊: 6 天
  [DEL] (5344|熱門股) 太舊: 6 天
  [DEL] (3313|熱門股) 太舊: 6 天
  [DEL] (2373|熱門股) 太舊: 6 天
  [DEL] (3489|熱門股) 太舊: 6 天
  [DEL] (5353|熱門股) 太舊: 6 天
  [DEL] (3313|熱門股) 太舊: 6 天
  [DEL] (1294|熱門股) 太舊: 6 天
  [DEL] (3093|熱門股) 太舊: 6 天
  [DEL] (5209|熱門股) 太舊: 6 天
  [DEL] (3158|熱門股) 太舊: 6 天
  [DEL] (5344|熱門股) 太舊: 6 天
  [DEL] (6671|熱門股) 太舊: 6 天
  [DEL] (3489|熱門股) 太舊: 6 天
  [DEL] (3158|熱門股) 太舊: 6 天
  [DEL] (3313|熱門股) 太舊: 6 天
  [DEL] (1460|熱門股) 太舊: 6 天
  [DEL] (5209|熱門股) 太舊: 6 天
  [DEL] (6671|熱門股) 太舊: 6 天
  [DEL] (2373|熱門股) 太舊: 6 天
  [DEL] (9927|熱門股) 太舊: 6 天
  [DEL] (2751|熱門股) 太舊: 6 天
  [DEL] (6924|熱門股) 太舊: 6 天
  [DEL] (9927|熱門股) 太舊: 6 天
  [DEL] (9927|熱門股) 太舊: 6 天
  [DEL] (9927|熱門股) 太舊: 6 天
  [DEL] (2511|熱門股) 太舊: 6 天
  [DEL] (2373|熱門股) 太舊: 6 天
  [DEL] (2008|熱門股) 太舊: 6 天
  [DEL] (2852|熱門股) 太舊: 6 天
  [DEL] (3021|熱門股) 太舊: 6 天
  [DEL] (8093|熱門股) 太舊: 6 天
  [DEL] (5344|熱門股) 太舊: 6 天
  [DEL] (2511|熱門股) 太舊: 6 天
  [DEL] (8935|熱門股) 太舊: 6 天
  [DEL] (8935|熱門股) 太舊: 6 天
  [DEL] (2511|熱門股) 太舊: 6 天
  [DEL] (2511|熱門股) 太舊: 6 天
  [DEL] (2314|熱門股) 太舊: 6 天
  [DEL] (5344|熱門股) 太舊: 6 天
  [DEL] (2712|熱門股) 太舊: 6 天
  [DEL] (2033|熱門股) 太舊: 6 天
  [DEL] (5344|熱門股) 太舊: 6 天
  [DEL] (5538|熱門股) 太舊: 6 天
  [DEL] (5493|熱門股) 太舊: 6 天
  [DEL] (2762|熱門股) 太舊: 6 天
  [DEL] (7738|熱門股) 太舊: 6 天
  [DEL] (5471|熱門股) 太舊: 6 天
  [DEL] (5471|熱門股) 太舊: 6 天
  [DEL] (6924|熱門股) 太舊: 6 天
  [DEL] (6136|熱門股) 太舊: 6 天
  [DEL] (5907|熱門股) 太舊: 6 天
  [DEL] (6241|熱門股) 太舊: 6 天
  [DEL] (6679|熱門股) 太舊: 6 天
  [DEL] (6955|熱門股) 太舊: 6 天
  [DEL] (3550|熱門股) 太舊: 7 天
  [DEL] (6843|熱門股) 太舊: 6 天
  [DEL] (6679|熱門股) 太舊: 7 天
  [DEL] (3290|熱門股) 太舊: 7 天
  [DEL] (1435|熱門股) 太舊: 7 天
  [DEL] (8446|熱門股) 太舊: 7 天
  [DEL] (2707|熱門股) 太舊: 7 天
  [DEL] (6538|熱門股) 太舊: 7 天
  [DEL] (6807|熱門股) 太舊: 7 天
  [DEL] (8446|熱門股) 太舊: 7 天
  [DEL] (6807|熱門股) 太舊: 7 天
  [DEL] (6807|熱門股) 太舊: 7 天
  [DEL] (3570|熱門股) 太舊: 7 天
  [DEL] (6538|熱門股) 太舊: 7 天
  [DEL] (6210|熱門股) 太舊: 7 天
  [DEL] (8941|熱門股) 太舊: 7 天
  [DEL] (6129|熱門股) 太舊: 7 天
  [DEL] (5201|熱門股) 太舊: 7 天
  [DEL] (5464|熱門股) 太舊: 7 天
  [DEL] (5312|熱門股) 太舊: 7 天
  [DEL] (4139|熱門股) 太舊: 7 天
  [DEL] (1734|熱門股) 太舊: 7 天
  [DEL] (910861|熱門股) 太舊: 7 天
  [DEL] (4744|熱門股) 太舊: 7 天
  [DEL] (2397|熱門股) 太舊: 7 天
  [DEL] (8941|熱門股) 太舊: 7 天
  [DEL] (2397|熱門股) 太舊: 7 天
  [DEL] (6807|熱門股) 太舊: 7 天
  [DEL] (8941|熱門股) 太舊: 7 天
  [DEL] (8941|熱門股) 太舊: 7 天
  [DEL] (8941|熱門股) 太舊: 7 天
  [DEL] (1435|熱門股) 太舊: 7 天
  [DEL] (1734|熱門股) 太舊: 7 天
  [DEL] (1734|熱門股) 太舊: 7 天
  [DEL] (6922|熱門股) 太舊: 7 天
  [DEL] (1734|熱門股) 太舊: 7 天
  [DEL] (5015|熱門股) 太舊: 7 天
  [DEL] (4126|熱門股) 太舊: 7 天
  [DEL] (1734|熱門股) 太舊: 7 天
  [DEL] (6243|熱門股) 太舊: 7 天
  [DEL] (4137|熱門股) 太舊: 7 天
  [DEL] (3703|熱門股) 太舊: 7 天
  [DEL] (6243|熱門股) 太舊: 7 天
  [DEL] (1470|熱門股) 太舊: 7 天
  [DEL] (1558|熱門股) 太舊: 7 天
  [DEL] (2433|熱門股) 太舊: 7 天
  [DEL] (6807|熱門股) 太舊: 7 天
  [DEL] (1455|熱門股) 太舊: 7 天
  [DEL] (6224|熱門股) 太舊: 7 天
  [DEL] (9905|熱門股) 太舊: 7 天
  [DEL] (2926|熱門股) 太舊: 7 天
  [DEL] (5907|熱門股) 太舊: 7 天
  [DEL] (2239|熱門股) 太舊: 7 天
  [DEL] (1604|熱門股) 太舊: 7 天
  [DEL] (1451|熱門股) 太舊: 7 天
  [DEL] (6160|熱門股) 太舊: 7 天
  [DEL] (6534|熱門股) 太舊: 7 天
  [DEL] (5201|熱門股) 太舊: 7 天
  [DEL] (5201|熱門股) 太舊: 7 天
  [DEL] (4173|熱門股) 太舊: 7 天
  [DEL] (5201|熱門股) 太舊: 7 天
  [DEL] (5201|熱門股) 太舊: 7 天
  [DEL] (4173|熱門股) 太舊: 7 天
  [DEL] (1604|熱門股) 太舊: 7 天
  [DEL] (4416|熱門股) 太舊: 7 天
  [DEL] (5907|熱門股) 太舊: 7 天
  [DEL] (1604|熱門股) 太舊: 7 天
  [DEL] (5490|熱門股) 太舊: 7 天
  [DEL] (3652|熱門股) 太舊: 7 天
  [DEL] (3672|熱門股) 太舊: 7 天
  [DEL] (6129|熱門股) 太舊: 7 天
  [DEL] (6129|熱門股) 太舊: 7 天
  [DEL] (6185|熱門股) 太舊: 7 天
  [DEL] (3093|熱門股) 太舊: 7 天
  [DEL] (3093|熱門股) 太舊: 7 天
  [DEL] (6129|熱門股) 太舊: 7 天
  [DEL] (6129|熱門股) 太舊: 7 天
  [DEL] (1451|熱門股) 太舊: 7 天
  [DEL] (1451|熱門股) 太舊: 7 天
  [DEL] (1451|熱門股) 太舊: 7 天
  [DEL] (1451|熱門股) 太舊: 7 天
  [DEL] (9905|熱門股) 太舊: 7 天
  [DEL] (6128|熱門股) 太舊: 7 天
  [DEL] (9905|熱門股) 太舊: 7 天
  [DEL] (4139|熱門股) 太舊: 7 天
  [DEL] (5464|熱門股) 太舊: 7 天
  [DEL] (3593|熱門股) 太舊: 7 天
  [DEL] (5464|熱門股) 太舊: 7 天
  [DEL] (9905|熱門股) 太舊: 7 天
  [DEL] (3593|熱門股) 太舊: 7 天
  [DEL] (1516|熱門股) 太舊: 7 天
  [DEL] (1516|熱門股) 太舊: 7 天
  [DEL] (5464|熱門股) 太舊: 7 天
  [DEL] (1516|熱門股) 太舊: 7 天
  [DEL] (5464|熱門股) 太舊: 7 天
  [DEL] (6741|熱門股) 太舊: 7 天
  [DEL] (9905|熱門股) 太舊: 7 天
  [DEL] (2538|熱門股) 太舊: 7 天
  [DEL] (1583|熱門股) 太舊: 7 天
  [DEL] (1218|熱門股) 太舊: 7 天
  [DEL] (1583|熱門股) 太舊: 7 天
  [DEL] (1583|熱門股) 太舊: 7 天
  [DEL] (6574|熱門股) 太舊: 7 天
  [DEL] (5223|熱門股) 太舊: 7 天
  [DEL] (4406|熱門股) 太舊: 7 天
  [DEL] (4137|熱門股) 太舊: 7 天
  [DEL] (1109|熱門股) 太舊: 7 天
  [DEL] (3518|熱門股) 太舊: 7 天
  [DEL] (6210|熱門股) 太舊: 7 天
  [DEL] (8443|熱門股) 太舊: 7 天
  [DEL] (1614|熱門股) 太舊: 7 天
  [DEL] (2910|熱門股) 太舊: 7 天
  [DEL] (6210|熱門股) 太舊: 7 天
  [DEL] (1234|熱門股) 太舊: 7 天
  [DEL] (5457|熱門股) 太舊: 7 天
  [DEL] (5287|熱門股) 太舊: 7 天
  [DEL] (6210|熱門股) 太舊: 7 天
  [DEL] (6210|熱門股) 太舊: 7 天
  [DEL] (3518|熱門股) 太舊: 7 天
  [DEL] (5531|熱門股) 太舊: 7 天
  [DEL] (1614|熱門股) 太舊: 7 天
  [DEL] (1614|熱門股) 太舊: 7 天
  [DEL] (1614|熱門股) 太舊: 7 天
  [DEL] (1614|熱門股) 太舊: 7 天
  [DEL] (4572|熱門股) 太舊: 7 天
  [DEL] (4744|熱門股) 太舊: 7 天
  [DEL] (1466|熱門股) 太舊: 7 天
  [DEL] (5276|熱門股) 太舊: 7 天
  [DEL] (8929|熱門股) 太舊: 7 天
  [DEL] (5364|熱門股) 太舊: 7 天
  [DEL] (3171|熱門股) 太舊: 7 天
  [DEL] (3360|熱門股) 太舊: 7 天
  [DEL] (3171|熱門股) 太舊: 7 天
  [DEL] (4166|熱門股) 太舊: 7 天
  [DEL] (3171|熱門股) 太舊: 7 天
  [DEL] (3171|熱門股) 太舊: 7 天
  [DEL] (4560|熱門股) 太舊: 7 天
  [DEL] (5457|熱門股) 太舊: 7 天
  [DEL] (4166|熱門股) 太舊: 7 天
  [DEL] (6144|熱門股) 太舊: 7 天
  [DEL] (5457|熱門股) 太舊: 7 天
  [DEL] (8032|熱門股) 太舊: 7 天
  [DEL] (5538|熱門股) 太舊: 7 天
  [DEL] (3067|熱門股) 太舊: 7 天
  [DEL] (3067|熱門股) 太舊: 7 天
  [DEL] (4560|熱門股) 太舊: 7 天
  [DEL] (5538|熱門股) 太舊: 7 天
  [DEL] (6136|熱門股) 太舊: 7 天
  [DEL] (6136|熱門股) 太舊: 7 天
  [DEL] (3438|熱門股) 太舊: 7 天
  [DEL] (4417|熱門股) 太舊: 7 天
  [DEL] (5701|熱門股) 太舊: 7 天
  [DEL] (3438|熱門股) 太舊: 7 天
  [DEL] (6615|熱門股) 太舊: 7 天
  [DEL] (4137|熱門股) 太舊: 7 天
  [DEL] (3611|熱門股) 太舊: 7 天
  [DEL] (1234|熱門股) 太舊: 7 天
  [DEL] (2221|熱門股) 太舊: 7 天
  [DEL] (2314|熱門股) 太舊: 7 天
  [DEL] (2221|熱門股) 太舊: 7 天
  [DEL] (2221|熱門股) 太舊: 7 天
  [DEL] (1558|熱門股) 太舊: 7 天
  [DEL] (4148|熱門股) 太舊: 7 天
  [DEL] (2221|熱門股) 太舊: 7 天
  [DEL] (3611|熱門股) 太舊: 7 天
  [DEL] (3652|熱門股) 太舊: 7 天
  [DEL] (2433|熱門股) 太舊: 7 天
  [DEL] (3611|熱門股) 太舊: 7 天
  [DEL] (2433|熱門股) 太舊: 7 天
  [DEL] (2910|熱門股) 太舊: 7 天
  [DEL] (2317|熱門股) 太舊: 7 天
  [DEL] (2317|熱門股) 太舊: 7 天
  [DEL] (2317|熱門股) 太舊: 7 天
  [DEL] (3711|熱門股) 太舊: 7 天
  [DEL] (3711|熱門股) 太舊: 7 天
  [DEL] (7795|熱門股) 太舊: 7 天
  [DEL] (7795|熱門股) 太舊: 7 天
  [DEL] (7795|熱門股) 太舊: 7 天
  [DEL] (6485|熱門股) 太舊: 7 天
  [DEL] (6485|熱門股) 太舊: 7 天
  [DEL] (1524|熱門股) 太舊: 7 天
  [DEL] (1524|熱門股) 太舊: 7 天
  [DEL] (5222|熱門股) 太舊: 7 天
  [DEL] (1524|熱門股) 太舊: 7 天
  [DEL] (5222|熱門股) 太舊: 7 天
  [DEL] (3702|熱門股) 太舊: 7 天
  [DEL] (3702|熱門股) 太舊: 7 天
  [DEL] (1721|熱門股) 太舊: 7 天
  [DEL] (1721|熱門股) 太舊: 7 天
  [DEL] (1522|熱門股) 太舊: 7 天
  [DEL] (1522|熱門股) 太舊: 7 天
  [DEL] (3138|熱門股) 太舊: 7 天
  [DEL] (4526|熱門股) 太舊: 7 天
  [DEL] (3138|熱門股) 太舊: 7 天
  [DEL] (4526|熱門股) 太舊: 7 天
  [DEL] (4526|熱門股) 太舊: 7 天
  [DEL] (8038|熱門股) 太舊: 7 天
  [DEL] (8038|熱門股) 太舊: 7 天
  [DEL] (2399|熱門股) 太舊: 7 天
  [DEL] (2399|熱門股) 太舊: 7 天
  [DEL] (6122|熱門股) 太舊: 7 天
  [DEL] (6122|熱門股) 太舊: 7 天
  [DEL] (6122|熱門股) 太舊: 7 天
  [DEL] (6244|熱門股) 太舊: 7 天
  [DEL] (3673|熱門股) 太舊: 7 天
  [DEL] (6244|熱門股) 太舊: 7 天
  [DEL] (6175|熱門股) 太舊: 7 天
  [DEL] (6175|熱門股) 太舊: 7 天
  [DEL] (6605|熱門股) 太舊: 7 天
  [DEL] (3673|熱門股) 太舊: 7 天
  [DEL] (6605|熱門股) 太舊: 7 天
  [DEL] (6605|熱門股) 太舊: 7 天
  [DEL] (3704|熱門股) 太舊: 7 天
  [DEL] (3062|熱門股) 太舊: 7 天
  [DEL] (3062|熱門股) 太舊: 7 天
  [DEL] (6603|熱門股) 太舊: 7 天
  [DEL] (3051|熱門股) 太舊: 7 天
  [DEL] (6603|熱門股) 太舊: 7 天
  [DEL] (3051|熱門股) 太舊: 7 天
  [DEL] (3051|熱門股) 太舊: 7 天
  [DEL] (1527|熱門股) 太舊: 7 天
  [DEL] (1527|熱門股) 太舊: 7 天
  [DEL] (4543|熱門股) 太舊: 7 天
  [DEL] (4909|熱門股) 太舊: 7 天
  [DEL] (4543|熱門股) 太舊: 7 天
  [DEL] (4909|熱門股) 太舊: 7 天
  [DEL] (3086|熱門股) 太舊: 7 天
  [DEL] (3086|熱門股) 太舊: 7 天
  [DEL] (2630|熱門股) 太舊: 7 天
  [DEL] (2630|熱門股) 太舊: 7 天
  [DEL] (2630|熱門股) 太舊: 7 天
  [DEL] (4770|熱門股) 太舊: 7 天
  [DEL] (4770|熱門股) 太舊: 7 天
  [DEL] (1540|熱門股) 太舊: 7 天
  [DEL] (1540|熱門股) 太舊: 7 天
  [DEL] (3501|熱門股) 太舊: 7 天
  [DEL] (3501|熱門股) 太舊: 7 天
  [DEL] (3317|熱門股) 太舊: 7 天
  [DEL] (6609|熱門股) 太舊: 7 天
  [DEL] (3317|熱門股) 太舊: 7 天
  [DEL] (6609|熱門股) 太舊: 7 天
  [DEL] (3078|熱門股) 太舊: 7 天
  [DEL] (3078|熱門股) 太舊: 7 天
  [DEL] (3078|熱門股) 太舊: 7 天
  [DEL] (6609|熱門股) 太舊: 7 天
  [DEL] (4562|熱門股) 太舊: 7 天
  [DEL] (6177|熱門股) 太舊: 7 天
  [DEL] (4562|熱門股) 太舊: 7 天
  [DEL] (6177|熱門股) 太舊: 7 天
  [DEL] (6177|熱門股) 太舊: 7 天
  [DEL] (8068|熱門股) 太舊: 7 天
  [DEL] (8068|熱門股) 太舊: 7 天
  [DEL] (8068|熱門股) 太舊: 7 天
  [DEL] (3047|熱門股) 太舊: 7 天
  [DEL] (3047|熱門股) 太舊: 7 天
  [DEL] (6120|熱門股) 太舊: 7 天
  [DEL] (6120|熱門股) 太舊: 7 天
  [DEL] (6120|熱門股) 太舊: 7 天
  [DEL] (3526|熱門股) 太舊: 7 天
  [DEL] (6133|熱門股) 太舊: 7 天
  [DEL] (6133|熱門股) 太舊: 7 天
  [DEL] (6133|熱門股) 太舊: 7 天
  [DEL] (3526|熱門股) 太舊: 7 天
  [DEL] (4561|熱門股) 太舊: 7 天
  [DEL] (4561|熱門股) 太舊: 7 天
  [DEL] (4157|熱門股) 太舊: 7 天
  [DEL] (4561|熱門股) 太舊: 7 天
  [DEL] (3073|熱門股) 太舊: 7 天
  [DEL] (4157|熱門股) 太舊: 7 天
  [DEL] (4162|熱門股) 太舊: 7 天
  [DEL] (3073|熱門股) 太舊: 7 天
  [DEL] (4167|熱門股) 太舊: 7 天
  [DEL] (4167|熱門股) 太舊: 7 天
  [DEL] (4162|熱門股) 太舊: 7 天
  [DEL] (6474|熱門股) 太舊: 7 天
  [DEL] (1539|熱門股) 太舊: 7 天
  [DEL] (1316|熱門股) 太舊: 7 天
  [DEL] (1316|熱門股) 太舊: 7 天
  [DEL] (1539|熱門股) 太舊: 7 天
  [DEL] (6234|熱門股) 太舊: 7 天
  [DEL] (6234|熱門股) 太舊: 7 天
  [DEL] (6234|熱門股) 太舊: 7 天
  [DEL] (1713|熱門股) 太舊: 7 天
  [DEL] (6844|熱門股) 太舊: 7 天
  [DEL] (1713|熱門股) 太舊: 7 天
  [DEL] (2425|熱門股) 太舊: 7 天
  [DEL] (8080|熱門股) 太舊: 7 天
  [DEL] (2425|熱門股) 太舊: 7 天
  [DEL] (2425|熱門股) 太舊: 7 天
  [DEL] (8080|熱門股) 太舊: 7 天
  [DEL] (2359|熱門股) 太舊: 7 天
  [DEL] (2753|熱門股) 太舊: 7 天
  [DEL] (3322|熱門股) 太舊: 7 天
  [DEL] (3322|熱門股) 太舊: 7 天
  [DEL] (1569|熱門股) 太舊: 7 天
  [DEL] (6895|熱門股) 太舊: 7 天
  [DEL] (1569|熱門股) 太舊: 7 天
  [DEL] (1569|熱門股) 太舊: 7 天
  [DEL] (6895|熱門股) 太舊: 7 天
  [DEL] (3128|熱門股) 太舊: 7 天
  [DEL] (3128|熱門股) 太舊: 7 天
  [DEL] (2497|熱門股) 太舊: 7 天
  [DEL] (2497|熱門股) 太舊: 7 天
  [DEL] (2497|熱門股) 太舊: 7 天
  [DEL] (1603|熱門股) 太舊: 7 天
  [DEL] (1603|熱門股) 太舊: 7 天
  [DEL] (1603|熱門股) 太舊: 7 天
  [DEL] (3567|熱門股) 太舊: 7 天
  [DEL] (3567|熱門股) 太舊: 7 天
  [DEL] (6698|熱門股) 太舊: 7 天
  [DEL] (3567|熱門股) 太舊: 7 天
  [DEL] (6698|熱門股) 太舊: 7 天
  [DEL] (2034|熱門股) 太舊: 7 天
  [DEL] (6698|熱門股) 太舊: 7 天
  [DEL] (2034|熱門股) 太舊: 7 天
  [DEL] (6417|熱門股) 太舊: 7 天
  [DEL] (6186|熱門股) 太舊: 7 天
  [DEL] (6417|熱門股) 太舊: 7 天
  [DEL] (5228|熱門股) 太舊: 7 天
  [DEL] (6186|熱門股) 太舊: 7 天
  [DEL] (5228|熱門股) 太舊: 7 天
  [DEL] (1231|熱門股) 太舊: 7 天
  [DEL] (1442|熱門股) 太舊: 7 天
  [DEL] (1231|熱門股) 太舊: 7 天
  [DEL] (1231|熱門股) 太舊: 7 天
  [DEL] (1442|熱門股) 太舊: 7 天
  [DEL] (1227|熱門股) 太舊: 7 天
  [DEL] (1506|熱門股) 太舊: 7 天
  [DEL] (1506|熱門股) 太舊: 7 天
  [DEL] (1227|熱門股) 太舊: 7 天
  [DEL] (5302|熱門股) 太舊: 7 天
  [DEL] (5302|熱門股) 太舊: 7 天
  [DEL] (5302|熱門股) 太舊: 7 天
  [DEL] (4104|熱門股) 太舊: 7 天
  [DEL] (4104|熱門股) 太舊: 7 天
  [DEL] (1526|熱門股) 太舊: 7 天
  [DEL] (1526|熱門股) 太舊: 7 天
  [DEL] (2539|熱門股) 太舊: 7 天
  [DEL] (1526|熱門股) 太舊: 7 天
  [DEL] (2539|熱門股) 太舊: 7 天
  [DEL] (2539|熱門股) 太舊: 7 天
  [DEL] (8107|熱門股) 太舊: 7 天
  [DEL] (8107|熱門股) 太舊: 7 天
  [DEL] (9942|熱門股) 太舊: 7 天
  [DEL] (8107|熱門股) 太舊: 7 天
  [DEL] (9942|熱門股) 太舊: 7 天
  [DEL] (4588|熱門股) 太舊: 7 天
  [DEL] (4588|熱門股) 太舊: 7 天
  [DEL] (6875|熱門股) 太舊: 7 天
  [DEL] (4588|熱門股) 太舊: 7 天
  [DEL] (6875|熱門股) 太舊: 7 天
  [DEL] (6875|熱門股) 太舊: 7 天
  [DEL] (8927|熱門股) 太舊: 7 天
  [DEL] (3339|熱門股) 太舊: 7 天
  [DEL] (3339|熱門股) 太舊: 7 天
  [DEL] (8927|熱門股) 太舊: 7 天
  [DEL] (3339|熱門股) 太舊: 7 天
  [DEL] (2387|熱門股) 太舊: 7 天
  [DEL] (2387|熱門股) 太舊: 7 天
  [DEL] (3379|熱門股) 太舊: 7 天
  [DEL] (3379|熱門股) 太舊: 7 天
  [DEL] (6151|熱門股) 太舊: 7 天
  [DEL] (3379|熱門股) 太舊: 7 天
  [DEL] (6151|熱門股) 太舊: 7 天
  [DEL] (5245|熱門股) 太舊: 7 天
  [DEL] (5245|熱門股) 太舊: 7 天
  [DEL] (3652|熱門股) 太舊: 7 天
  [DEL] (5245|熱門股) 太舊: 7 天
  [DEL] (7736|熱門股) 太舊: 7 天
  [DEL] (7736|熱門股) 太舊: 7 天
  [DEL] (3685|熱門股) 太舊: 7 天
  [DEL] (3652|熱門股) 太舊: 7 天
  [DEL] (3685|熱門股) 太舊: 7 天
  [DEL] (6230|熱門股) 太舊: 7 天
  [DEL] (6230|熱門股) 太舊: 7 天
  [DEL] (3609|熱門股) 太舊: 7 天
  [DEL] (3609|熱門股) 太舊: 7 天
  [DEL] (1795|熱門股) 太舊: 7 天
  [DEL] (3321|熱門股) 太舊: 7 天
  [DEL] (6823|熱門股) 太舊: 7 天
  [DEL] (3321|熱門股) 太舊: 7 天
  [DEL] (1795|熱門股) 太舊: 7 天
  [DEL] (6823|熱門股) 太舊: 7 天
  [DEL] (4976|熱門股) 太舊: 7 天
  [DEL] (4976|熱門股) 太舊: 7 天
  [DEL] (4976|熱門股) 太舊: 7 天
  [DEL] (2527|熱門股) 太舊: 7 天
  [DEL] (8284|熱門股) 太舊: 7 天
  [DEL] (2527|熱門股) 太舊: 7 天
  [DEL] (8284|熱門股) 太舊: 7 天
  [DEL] (2527|熱門股) 太舊: 7 天
  [DEL] (1470|熱門股) 太舊: 7 天
  [DEL] (2034|熱門股) 太舊: 7 天
  [DEL] (1470|熱門股) 太舊: 7 天
  [DEL] (2008|熱門股) 太舊: 7 天
  [DEL] (2008|熱門股) 太舊: 7 天
  [DEL] (5490|熱門股) 太舊: 7 天
  [DEL] (3434|熱門股) 太舊: 7 天
  [DEL] (5490|熱門股) 太舊: 7 天
  [DEL] (5490|熱門股) 太舊: 7 天
  [DEL] (6167|熱門股) 太舊: 7 天
  [DEL] (6167|熱門股) 太舊: 7 天
  [DEL] (6167|熱門股) 太舊: 7 天
  [DEL] (2516|熱門股) 太舊: 7 天
  [DEL] (2516|熱門股) 太舊: 7 天
  [DEL] (1604|熱門股) 太舊: 7 天
  [DEL] (1604|熱門股) 太舊: 7 天
  [DEL] (1604|熱門股) 太舊: 7 天
  [DEL] (8433|熱門股) 太舊: 7 天
  [DEL] (8433|熱門股) 太舊: 7 天
  [DEL] (8433|熱門股) 太舊: 7 天
  [DEL] (1614|熱門股) 太舊: 7 天
  [DEL] (1614|熱門股) 太舊: 7 天
  [DEL] (4528|熱門股) 太舊: 7 天
  [DEL] (1614|熱門股) 太舊: 7 天
  [DEL] (6221|熱門股) 太舊: 7 天
  [DEL] (1110|熱門股) 太舊: 7 天
  [DEL] (6221|熱門股) 太舊: 7 天
  [DEL] (1110|熱門股) 太舊: 7 天
  [DEL] (6128|熱門股) 太舊: 7 天
  [DEL] (1110|熱門股) 太舊: 7 天
  [DEL] (6128|熱門股) 太舊: 7 天
  [DEL] (4171|熱門股) 太舊: 7 天
  [DEL] (6128|熱門股) 太舊: 7 天
  [DEL] (4171|熱門股) 太舊: 7 天
  [DEL] (3508|熱門股) 太舊: 7 天
  [DEL] (3508|熱門股) 太舊: 7 天
  [DEL] (5531|熱門股) 太舊: 7 天
  [DEL] (5531|熱門股) 太舊: 7 天
  [DEL] (9908|熱門股) 太舊: 7 天
  [DEL] (6136|熱門股) 太舊: 7 天
  [DEL] (6136|熱門股) 太舊: 7 天
  [DEL] (1451|熱門股) 太舊: 7 天
  [DEL] (1451|熱門股) 太舊: 7 天
  [DEL] (9943|熱門股) 太舊: 7 天
  [DEL] (2536|熱門股) 太舊: 7 天
  [DEL] (9943|熱門股) 太舊: 7 天
  [DEL] (9943|熱門股) 太舊: 7 天
  [DEL] (2536|熱門股) 太舊: 7 天
  [DEL] (2064|熱門股) 太舊: 7 天
  [DEL] (3499|熱門股) 太舊: 7 天
  [DEL] (2064|熱門股) 太舊: 7 天
  [DEL] (6160|熱門股) 太舊: 7 天
  [DEL] (3499|熱門股) 太舊: 7 天
  [DEL] (4160|熱門股) 太舊: 7 天
  [DEL] (4160|熱門股) 太舊: 7 天
  [DEL] (4160|熱門股) 太舊: 7 天
  [DEL] (1446|熱門股) 太舊: 7 天
  [DEL] (1446|熱門股) 太舊: 7 天
  [DEL] (2028|熱門股) 太舊: 7 天
  [DEL] (4131|熱門股) 太舊: 7 天
  [DEL] (2028|熱門股) 太舊: 7 天
  [DEL] (4131|熱門股) 太舊: 7 天
  [DEL] (2028|熱門股) 太舊: 7 天
  [DEL] (8411|熱門股) 太舊: 7 天
  [DEL] (8411|熱門股) 太舊: 7 天
  [DEL] (8411|熱門股) 太舊: 7 天
  [DEL] (6674|熱門股) 太舊: 7 天
  [DEL] (6674|熱門股) 太舊: 7 天
  [DEL] (6674|熱門股) 太舊: 7 天
  [DEL] (4173|熱門股) 太舊: 7 天
  [DEL] (4173|熱門股) 太舊: 7 天
  [DEL] (4173|熱門股) 太舊: 7 天
  [DEL] (2926|熱門股) 太舊: 7 天
  [DEL] (3570|熱門股) 太舊: 7 天
  [DEL] (3570|熱門股) 太舊: 7 天
  [DEL] (1435|熱門股) 太舊: 7 天
  [DEL] (6197|熱門股) 太舊: 7 天
  [DEL] (6265|熱門股) 太舊: 7 天
  [DEL] (6924|熱門股) 太舊: 7 天
  [DEL] (2354|熱門股) 太舊: 7 天
  [DEL] (1599|熱門股) 太舊: 7 天
  [DEL] (5345|熱門股) 太舊: 7 天
  [DEL] (6730|熱門股) 太舊: 7 天
  [DEL] (1599|熱門股) 太舊: 8 天
  [DEL] (4953|熱門股) 太舊: 8 天
  [DEL] (3708|熱門股) 太舊: 8 天
  [DEL] (3037|熱門股) 太舊: 8 天
  [DEL] (3045|熱門股) 太舊: 8 天
  [DEL] (3008|熱門股) 太舊: 8 天
  [DEL] (1301|熱門股) 太舊: 8 天
  [DEL] (2353|熱門股) 太舊: 8 天
  [DEL] (1303|熱門股) 太舊: 8 天
  [DEL] (2345|熱門股) 太舊: 8 天
  [DEL] (2458|熱門股) 太舊: 8 天
  [DEL] (2317|熱門股) 太舊: 8 天
  [DEL] (3008|熱門股) 太舊: 8 天
  [DEL] (2885|熱門股) 太舊: 8 天
  [DEL] (3711|熱門股) 太舊: 8 天
  [DEL] (4958|熱門股) 太舊: 8 天
  [DEL] (1340|熱門股) 太舊: 8 天
  [DEL] (2317|熱門股) 太舊: 8 天
  [DEL] (2412|熱門股) 太舊: 8 天
  [DEL] (2303|熱門股) 太舊: 8 天
  [DEL] (3372|熱門股) 太舊: 8 天
  [DEL] (6126|熱門股) 太舊: 8 天
  [DEL] (3265|熱門股) 太舊: 8 天
  [DEL] (2314|熱門股) 太舊: 8 天
  [DEL] (2230|熱門股) 太舊: 8 天
  [DEL] (3213|熱門股) 太舊: 8 天
  [DEL] (7777|熱門股) 太舊: 8 天
  [DEL] (6693|熱門股) 太舊: 8 天
  [DEL] (6203|熱門股) 太舊: 8 天
  [DEL] (8482|熱門股) 太舊: 8 天
  [DEL] (7769|熱門股) 太舊: 8 天
  [DEL] (6213|熱門股) 太舊: 8 天
  [DEL] (6472|熱門股) 太舊: 8 天
  [DEL] (6203|熱門股) 太舊: 8 天
  [DEL] (6126|熱門股) 太舊: 8 天
  [DEL] (6126|熱門股) 太舊: 8 天
  [DEL] (6126|熱門股) 太舊: 8 天
  [DEL] (6203|熱門股) 太舊: 8 天
  [DEL] (6203|熱門股) 太舊: 8 天
  [DEL] (6203|熱門股) 太舊: 8 天
  [DEL] (5353|熱門股) 太舊: 8 天
  [DEL] (4416|熱門股) 太舊: 8 天
  [DEL] (4721|熱門股) 太舊: 8 天
  [DEL] (4721|熱門股) 太舊: 8 天
  [DEL] (5301|熱門股) 太舊: 8 天
  [DEL] (6844|熱門股) 太舊: 8 天
  [DEL] (1314|熱門股) 太舊: 8 天
  [DEL] (5301|熱門股) 太舊: 8 天
  [DEL] (5880|熱門股) 太舊: 8 天
  [DEL] (1340|熱門股) 太舊: 8 天
  [DEL] (5880|熱門股) 太舊: 8 天
  [DEL] (5880|熱門股) 太舊: 8 天
  [DEL] (5880|熱門股) 太舊: 8 天
  [DEL] (5880|熱門股) 太舊: 8 天
  [DEL] (9917|熱門股) 太舊: 8 天
  [DEL] (8431|熱門股) 太舊: 8 天
  [DEL] (3522|熱門股) 太舊: 8 天
  [DEL] (2887|熱門股) 太舊: 8 天
  [DEL] (2889|熱門股) 太舊: 8 天
  [DEL] (8088|熱門股) 太舊: 8 天
  [DEL] (3522|熱門股) 太舊: 8 天
  [DEL] (7769|熱門股) 太舊: 8 天
  [DEL] (5301|熱門股) 太舊: 8 天
  [DEL] (7769|熱門股) 太舊: 8 天
  [DEL] (7769|熱門股) 太舊: 8 天
  [DEL] (5301|熱門股) 太舊: 8 天
  [DEL] (5301|熱門股) 太舊: 8 天
  [DEL] (3711|熱門股) 太舊: 8 天
  [DEL] (4931|熱門股) 太舊: 8 天
  [DEL] (5536|熱門股) 太舊: 8 天
  [DEL] (4523|熱門股) 太舊: 8 天
  [DEL] (4541|熱門股) 太舊: 8 天
  [DEL] (1777|熱門股) 太舊: 8 天
  [DEL] (7711|熱門股) 太舊: 8 天
  [DEL] (3227|熱門股) 太舊: 8 天
  [DEL] (6474|熱門股) 太舊: 8 天
  [DEL] (2736|熱門股) 太舊: 8 天
  [DEL] (7777|熱門股) 太舊: 8 天
  [DEL] (6474|熱門股) 太舊: 8 天
  [DEL] (5398|熱門股) 太舊: 8 天
  [DEL] (2903|熱門股) 太舊: 8 天
  [DEL] (2013|熱門股) 太舊: 8 天
  [DEL] (2462|熱門股) 太舊: 8 天
  [DEL] (3664|熱門股) 太舊: 8 天
  [DEL] (1452|熱門股) 太舊: 8 天
  [DEL] (3518|熱門股) 太舊: 8 天
  [DEL] (2537|熱門股) 太舊: 8 天
  [DEL] (3045|熱門股) 太舊: 8 天
  [DEL] (6965|熱門股) 太舊: 8 天
  [DEL] (1468|熱門股) 太舊: 8 天
  [DEL] (9933|熱門股) 太舊: 8 天
  [DEL] (2891|熱門股) 太舊: 8 天
  [DEL] (2881|熱門股) 太舊: 8 天
  [DEL] (8499|熱門股) 太舊: 8 天
  [DEL] (6456|熱門股) 太舊: 8 天
  [DEL] (5522|熱門股) 太舊: 8 天
  [DEL] (3605|熱門股) 太舊: 8 天
  [DEL] (2323|熱門股) 太舊: 8 天
  [DEL] (2347|熱門股) 太舊: 8 天
  [DEL] (2736|熱門股) 太舊: 8 天
  [DEL] (4804|熱門股) 太舊: 8 天
  [DEL] (2882|熱門股) 太舊: 8 天
  [DEL] (2504|熱門股) 太舊: 8 天
  [DEL] (2736|熱門股) 太舊: 8 天
  [DEL] (2736|熱門股) 太舊: 8 天
  [DEL] (4728|熱門股) 太舊: 8 天
  [DEL] (2362|熱門股) 太舊: 8 天
  [DEL] (2736|熱門股) 太舊: 8 天
  [DEL] (6763|熱門股) 太舊: 8 天
  [DEL] (6271|熱門股) 太舊: 8 天
  [DEL] (2881|熱門股) 太舊: 8 天
  [DEL] (2332|熱門股) 太舊: 8 天
  [DEL] (5398|熱門股) 太舊: 8 天
  [DEL] (1468|熱門股) 太舊: 8 天
  [DEL] (1468|熱門股) 太舊: 8 天
  [DEL] (1468|熱門股) 太舊: 8 天
  [DEL] (2884|熱門股) 太舊: 8 天
  [DEL] (5398|熱門股) 太舊: 8 天
  [DEL] (1468|熱門股) 太舊: 8 天
  [DEL] (2882|熱門股) 太舊: 8 天
  [DEL] (2430|熱門股) 太舊: 8 天
  [DEL] (2882|熱門股) 太舊: 8 天
  [DEL] (6757|熱門股) 太舊: 8 天
  [DEL] (2882|熱門股) 太舊: 8 天
  [DEL] (2883|熱門股) 太舊: 8 天
  [DEL] (2883|熱門股) 太舊: 8 天
  [DEL] (6456|熱門股) 太舊: 8 天
  [DEL] (3064|熱門股) 太舊: 8 天
  [DEL] (8255|熱門股) 太舊: 8 天
  [DEL] (1102|熱門股) 太舊: 8 天
  [DEL] (6965|熱門股) 太舊: 8 天
  [DEL] (6425|熱門股) 太舊: 8 天
  [DEL] (4523|熱門股) 太舊: 8 天
  [DEL] (1102|熱門股) 太舊: 8 天
  [DEL] (6965|熱門股) 太舊: 8 天
  [DEL] (3701|熱門股) 太舊: 8 天
  [DEL] (6965|熱門股) 太舊: 8 天
  [DEL] (6474|熱門股) 太舊: 8 天
  [DEL] (6474|熱門股) 太舊: 8 天
  [DEL] (6965|熱門股) 太舊: 8 天
  [DEL] (6680|熱門股) 太舊: 8 天
  [DEL] (3593|熱門股) 太舊: 8 天
  [DEL] (2401|熱門股) 太舊: 8 天
  [DEL] (2885|熱門股) 太舊: 8 天
  [DEL] (2401|熱門股) 太舊: 8 天
  [DEL] (5398|熱門股) 太舊: 8 天
  [DEL] (5398|熱門股) 太舊: 8 天
  [DEL] (4304|熱門股) 太舊: 8 天
  [DEL] (3003|熱門股) 太舊: 8 天
  [DEL] (3708|熱門股) 太舊: 8 天
  [DEL] (3708|熱門股) 太舊: 8 天
  [DEL] (2881|熱門股) 太舊: 8 天
  [DEL] (2424|熱門股) 太舊: 8 天
  [DEL] (3708|熱門股) 太舊: 8 天
  [DEL] (2611|熱門股) 太舊: 8 天
  [DEL] (6170|熱門股) 太舊: 8 天
  [DEL] (6843|熱門股) 太舊: 8 天
  [DEL] (5474|熱門股) 太舊: 8 天
  [DEL] (4535|熱門股) 太舊: 8 天
  [DEL] (6233|熱門股) 太舊: 8 天
  [DEL] (2611|熱門股) 太舊: 8 天
  [DEL] (6150|熱門股) 太舊: 8 天
  [DEL] (3128|熱門股) 太舊: 8 天
  [DEL] (6843|熱門股) 太舊: 8 天
  [DEL] (1599|熱門股) 太舊: 8 天
  [DEL] (6207|熱門股) 太舊: 8 天
  [DEL] (2302|熱門股) 太舊: 8 天
  [DEL] (8271|熱門股) 太舊: 8 天
  [DEL] (6285|熱門股) 太舊: 8 天
  [DEL] (1101|熱門股) 太舊: 8 天
  [DEL] (1101|熱門股) 太舊: 8 天
  [DEL] (5015|熱門股) 太舊: 8 天
  [DEL] (2891|熱門股) 太舊: 8 天
  [DEL] (3014|熱門股) 太舊: 8 天
  [DEL] (2462|熱門股) 太舊: 8 天
  [DEL] (8028|熱門股) 太舊: 8 天
  [DEL] (8064|熱門股) 太舊: 8 天
  [DEL] (4943|熱門股) 太舊: 8 天
  [DEL] (6843|熱門股) 太舊: 8 天
  [DEL] (4943|熱門股) 太舊: 8 天
  [DEL] (1616|熱門股) 太舊: 8 天
  [DEL] (8473|熱門股) 太舊: 8 天
  [DEL] (1409|熱門股) 太舊: 8 天
  [DEL] (6843|熱門股) 太舊: 8 天
  [DEL] (3013|熱門股) 太舊: 8 天
  [DEL] (6843|熱門股) 太舊: 8 天
  [DEL] (2013|熱門股) 太舊: 8 天
  [DEL] (3042|熱門股) 太舊: 8 天
  [DEL] (2881|熱門股) 太舊: 8 天
  [DEL] (6715|熱門股) 太舊: 8 天
  [DEL] (2883|熱門股) 太舊: 8 天
  [DEL] (3010|熱門股) 太舊: 8 天
  [DEL] (6185|熱門股) 太舊: 8 天
  [DEL] (3010|熱門股) 太舊: 8 天
  [DEL] (4442|熱門股) 太舊: 8 天
  [DEL] (2885|熱門股) 太舊: 8 天
  [DEL] (8942|熱門股) 太舊: 8 天
  [DEL] (5015|熱門股) 太舊: 8 天
  [DEL] (1599|熱門股) 太舊: 8 天
  [DEL] (1599|熱門股) 太舊: 8 天
  [DEL] (6213|熱門股) 太舊: 8 天
  [DEL] (2354|熱門股) 太舊: 8 天
  [DEL] (2354|熱門股) 太舊: 8 天
  [DEL] (1616|熱門股) 太舊: 8 天
  [DEL] (1616|熱門股) 太舊: 8 天
  [DEL] (1616|熱門股) 太舊: 8 天
  [DEL] (9933|熱門股) 太舊: 8 天
  [DEL] (3702|熱門股) 太舊: 8 天
  [DEL] (6285|熱門股) 太舊: 8 天
  [DEL] (7805|熱門股) 太舊: 8 天
  [DEL] (6988|熱門股) 太舊: 8 天
  [DEL] (3702|熱門股) 太舊: 8 天
  [DEL] (6257|熱門股) 太舊: 8 天
  [DEL] (8271|熱門股) 太舊: 8 天
  [DEL] (6150|熱門股) 太舊: 8 天
  [DEL] (6150|熱門股) 太舊: 8 天
  [DEL] (6150|熱門股) 太舊: 8 天
  [DEL] (6150|熱門股) 太舊: 8 天
  [DEL] (5864|熱門股) 太舊: 8 天
  [DEL] (8473|熱門股) 太舊: 8 天
  [DEL] (2890|熱門股) 太舊: 8 天
  [DEL] (2890|熱門股) 太舊: 8 天
  [DEL] (2890|熱門股) 太舊: 8 天
  [DEL] (2408|熱門股) 太舊: 8 天
  [DEL] (3265|熱門股) 太舊: 8 天
  [DEL] (4745|熱門股) 太舊: 8 天
  [DEL] (2851|熱門股) 太舊: 8 天
  [DEL] (1452|熱門股) 太舊: 8 天
  [DEL] (1435|熱門股) 太舊: 8 天
  [DEL] (7799|熱門股) 太舊: 8 天
  [DEL] (8482|熱門股) 太舊: 8 天
  [DEL] (2850|熱門股) 太舊: 8 天
  [DEL] (3017|熱門股) 太舊: 8 天
  [DEL] (6830|熱門股) 太舊: 8 天
  [DEL] (8049|熱門股) 太舊: 8 天
  [DEL] (8921|熱門股) 太舊: 8 天
  [DEL] (2880|熱門股) 太舊: 8 天
  [DEL] (2885|熱門股) 太舊: 8 天
  [DEL] (6477|熱門股) 太舊: 8 天
  [DEL] (2103|熱門股) 太舊: 8 天
  [DEL] (3716|熱門股) 太舊: 8 天
  [DEL] (1414|熱門股) 太舊: 8 天
  [DEL] (8942|熱門股) 太舊: 8 天
  [DEL] (2049|熱門股) 太舊: 8 天
  [DEL] (6584|熱門股) 太舊: 8 天
  [DEL] (2412|熱門股) 太舊: 8 天
  [DEL] (1319|熱門股) 太舊: 8 天
  [DEL] (6199|熱門股) 太舊: 8 天
  [DEL] (6578|熱門股) 太舊: 8 天
  [DEL] (6770|熱門股) 太舊: 8 天
  [DEL] (3014|熱門股) 太舊: 8 天
  [DEL] (6770|熱門股) 太舊: 8 天
  [DEL] (1101|熱門股) 太舊: 8 天
  [DEL] (4402|熱門股) 太舊: 8 天
  [DEL] (5452|熱門股) 太舊: 8 天
  [DEL] (4175|熱門股) 太舊: 8 天
  [DEL] (2230|熱門股) 太舊: 8 天
  [DEL] (3095|熱門股) 太舊: 8 天
  [DEL] (3095|熱門股) 太舊: 8 天
  [DEL] (2302|熱門股) 太舊: 8 天
  [DEL] (5345|熱門股) 太舊: 8 天
  [DEL] (3704|熱門股) 太舊: 8 天
  [DEL] (6693|熱門股) 太舊: 8 天
  [DEL] (6693|熱門股) 太舊: 8 天
  [DEL] (6584|熱門股) 太舊: 8 天
  [DEL] (3704|熱門股) 太舊: 8 天
  [DEL] (3704|熱門股) 太舊: 8 天
  [DEL] (1615|熱門股) 太舊: 8 天
  [DEL] (4442|熱門股) 太舊: 8 天
  [DEL] (8921|熱門股) 太舊: 8 天
  [DEL] (8431|熱門股) 太舊: 8 天
  [DEL] (6195|熱門股) 太舊: 8 天
  [DEL] (6569|熱門股) 太舊: 8 天
  [DEL] (4953|熱門股) 太舊: 8 天
  [DEL] (4305|熱門股) 太舊: 8 天
  [DEL] (3264|熱門股) 太舊: 8 天
  [DEL] (4722|熱門股) 太舊: 8 天
  [DEL] (5478|熱門股) 太舊: 8 天
  [DEL] (3014|熱門股) 太舊: 8 天
  [DEL] (4722|熱門股) 太舊: 8 天
  [DEL] (4529|熱門股) 太舊: 8 天
  [DEL] (1736|熱門股) 太舊: 8 天
  [DEL] (3533|熱門股) 太舊: 8 天
  [DEL] (4529|熱門股) 太舊: 8 天
  [DEL] (2908|熱門股) 太舊: 8 天
  [DEL] (2816|熱門股) 太舊: 8 天
  [DEL] (1527|熱門股) 太舊: 8 天
  [DEL] (5478|熱門股) 太舊: 8 天
  [DEL] (5478|熱門股) 太舊: 8 天
  [DEL] (1598|熱門股) 太舊: 8 天
  [DEL] (1303|熱門股) 太舊: 8 天
  [DEL] (2891|熱門股) 太舊: 8 天
  [DEL] (2332|熱門股) 太舊: 8 天
  [DEL] (2377|熱門股) 太舊: 8 天
  [DEL] (6757|熱門股) 太舊: 8 天
  [DEL] (2002|熱門股) 太舊: 8 天
  [DEL] (2013|熱門股) 太舊: 8 天
  [DEL] (2013|熱門股) 太舊: 8 天
  [DEL] (8928|熱門股) 太舊: 9 天
  [DEL] (3523|熱門股) 太舊: 8 天
  [DEL] (4402|熱門股) 太舊: 8 天
  [DEL] (3045|熱門股) 太舊: 9 天
  [DEL] (1460|熱門股) 太舊: 9 天
  [DEL] (8069|熱門股) 太舊: 9 天
  [DEL] (2949|熱門股) 太舊: 9 天
  [DEL] (2880|熱門股) 太舊: 9 天
  [DEL] (2207|熱門股) 太舊: 9 天
  [DEL] (2353|熱門股) 太舊: 9 天
  [DEL] (2344|熱門股) 太舊: 9 天
  [DEL] (2207|熱門股) 太舊: 9 天
  [DEL] (7711|熱門股) 太舊: 9 天
  [DEL] (2377|熱門股) 太舊: 9 天
  [DEL] (6182|熱門股) 太舊: 9 天
  [DEL] (2344|熱門股) 太舊: 9 天
  [DEL] (1301|熱門股) 太舊: 9 天
  [DEL] (2324|熱門股) 太舊: 9 天
  [DEL] (1402|熱門股) 太舊: 9 天
  [DEL] (2324|熱門股) 太舊: 9 天
  [DEL] (2401|熱門股) 太舊: 9 天
  [DEL] (2207|熱門股) 太舊: 9 天
  [DEL] (2880|熱門股) 太舊: 9 天
  [DEL] (2395|熱門股) 太舊: 9 天
  [DEL] (2327|熱門股) 太舊: 9 天
  [DEL] (8069|熱門股) 太舊: 9 天
  [DEL] (3702|熱門股) 太舊: 9 天
  [DEL] (7402|熱門股) 太舊: 9 天
  [DEL] (5315|熱門股) 太舊: 9 天
  [DEL] (1419|熱門股) 太舊: 9 天
  [DEL] (8463|熱門股) 太舊: 9 天
  [DEL] (8049|熱門股) 太舊: 9 天
  [DEL] (5315|熱門股) 太舊: 9 天
  [DEL] (2377|熱門股) 太舊: 10 天
  [DEL] (8049|熱門股) 太舊: 10 天
  [DEL] (6859|熱門股) 太舊: 10 天
  [DEL] (2376|熱門股) 太舊: 10 天
  [DEL] (8482|熱門股) 太舊: 10 天
  [DEL] (8087|熱門股) 太舊: 10 天
  [DEL] (6185|熱門股) 太舊: 11 天
  [DEL] (2924|熱門股) 太舊: 11 天
  [DEL] (2908|熱門股) 太舊: 10 天
  [DEL] (2924|熱門股) 太舊: 11 天
  [DEL] (2924|熱門股) 太舊: 11 天
  [DEL] (2924|熱門股) 太舊: 11 天
  [DEL] (2924|熱門股) 太舊: 11 天
  [DEL] (4116|熱門股) 太舊: 11 天
  [DEL] (4116|熱門股) 太舊: 11 天
  [DEL] (4116|熱門股) 太舊: 11 天
  [DEL] (4116|熱門股) 太舊: 11 天
  [DEL] (6185|熱門股) 太舊: 11 天
  [DEL] (4905|熱門股) 太舊: 11 天
  [DEL] (4127|熱門股) 太舊: 11 天
  [DEL] (8087|熱門股) 太舊: 11 天
  [DEL] (8087|熱門股) 太舊: 11 天
  [DEL] (8087|熱門股) 太舊: 11 天
  [DEL] (6201|熱門股) 太舊: 11 天
  [DEL] (8087|熱門股) 太舊: 11 天
  [DEL] (2248|熱門股) 太舊: 11 天
  [DEL] (2248|熱門股) 太舊: 11 天
  [DEL] (2248|熱門股) 太舊: 11 天
  [DEL] (2248|熱門股) 太舊: 11 天
  [DEL] (2248|熱門股) 太舊: 11 天
  [DEL] (6201|熱門股) 太舊: 11 天
  [DEL] (1472|熱門股) 太舊: 11 天
  [DEL] (4188|熱門股) 太舊: 11 天
  [DEL] (6482|熱門股) 太舊: 11 天
  [DEL] (5220|熱門股) 太舊: 11 天
  [DEL] (6482|熱門股) 太舊: 11 天
  [DEL] (5543|熱門股) 太舊: 11 天
  [DEL] (1472|熱門股) 太舊: 11 天
  [DEL] (3191|熱門股) 太舊: 11 天
  [DEL] (1472|熱門股) 太舊: 11 天
  [DEL] (9944|熱門股) 太舊: 11 天
  [DEL] (1323|熱門股) 太舊: 11 天
  [DEL] (1323|熱門股) 太舊: 11 天
  [DEL] (4127|熱門股) 太舊: 11 天
  [DEL] (2722|熱門股) 太舊: 11 天
  [DEL] (6482|熱門股) 太舊: 11 天
  [DEL] (8482|熱門股) 太舊: 11 天
  [DEL] (8905|熱門股) 太舊: 11 天
  [DEL] (4527|熱門股) 太舊: 11 天
  [DEL] (6569|熱門股) 太舊: 11 天
  [DEL] (6482|熱門股) 太舊: 11 天
  [DEL] (4905|熱門股) 太舊: 11 天
  [DEL] (4911|熱門股) 太舊: 11 天
  [DEL] (6482|熱門股) 太舊: 11 天
  [DEL] (2029|熱門股) 太舊: 11 天
  [DEL] (9944|熱門股) 太舊: 11 天
  [DEL] (9944|熱門股) 太舊: 11 天
  [DEL] (8481|熱門股) 太舊: 11 天
  [DEL] (4188|熱門股) 太舊: 11 天
  [DEL] (3632|熱門股) 太舊: 11 天
  [DEL] (4188|熱門股) 太舊: 11 天
  [DEL] (4188|熱門股) 太舊: 11 天
  [DEL] (9944|熱門股) 太舊: 11 天
  [DEL] (3632|熱門股) 太舊: 11 天
  [DEL] (9944|熱門股) 太舊: 11 天
  [DEL] (6194|熱門股) 太舊: 11 天
  [DEL] (1467|熱門股) 太舊: 11 天
  [DEL] (8481|熱門股) 太舊: 11 天
  [DEL] (6123|熱門股) 太舊: 11 天
  [DEL] (4905|熱門股) 太舊: 11 天
  [DEL] (6123|熱門股) 太舊: 11 天
  [DEL] (4905|熱門股) 太舊: 11 天
  [DEL] (4905|熱門股) 太舊: 11 天
  [DEL] (1337|熱門股) 太舊: 11 天
  [DEL] (6569|熱門股) 太舊: 11 天
  [DEL] (2029|熱門股) 太舊: 11 天
  [DEL] (2029|熱門股) 太舊: 11 天
  [DEL] (2029|熱門股) 太舊: 11 天
  [DEL] (1452|熱門股) 太舊: 11 天
  [DEL] (2029|熱門股) 太舊: 11 天
  [DEL] (3716|熱門股) 太舊: 11 天
  [DEL] (6212|熱門股) 太舊: 11 天
  [DEL] (4305|熱門股) 太舊: 11 天
  [DEL] (5604|熱門股) 太舊: 11 天
  [DEL] (1453|熱門股) 太舊: 11 天
  [DEL] (5604|熱門股) 太舊: 11 天
  [DEL] (6762|熱門股) 太舊: 11 天
  [DEL] (4911|熱門股) 太舊: 11 天
  [DEL] (4911|熱門股) 太舊: 11 天
  [DEL] (4911|熱門股) 太舊: 11 天
  [DEL] (8482|熱門股) 太舊: 11 天
  [DEL] (2948|熱門股) 太舊: 11 天
  [DEL] (4950|熱門股) 太舊: 11 天
  [DEL] (4305|熱門股) 太舊: 11 天
  [DEL] (4950|熱門股) 太舊: 11 天
  [DEL] (4950|熱門股) 太舊: 11 天
  [DEL] (1781|熱門股) 太舊: 11 天
  [DEL] (1781|熱門股) 太舊: 11 天
  [DEL] (4972|熱門股) 太舊: 11 天
  [DEL] (5220|熱門股) 太舊: 11 天
  [DEL] (8455|熱門股) 太舊: 11 天
  [DEL] (4529|熱門股) 太舊: 11 天
  [DEL] (4735|熱門股) 太舊: 11 天
  [DEL] (7708|熱門股) 太舊: 11 天
  [DEL] (8455|熱門股) 太舊: 11 天
  [DEL] (8272|熱門股) 太舊: 11 天
  [DEL] (1417|熱門股) 太舊: 12 天
  [DEL] (1466|熱門股) 太舊: 12 天
  [DEL] (6692|熱門股) 太舊: 12 天
  [DEL] (4741|熱門股) 太舊: 12 天
  [DEL] (6222|熱門股) 太舊: 12 天
  [DEL] (6222|熱門股) 太舊: 12 天
  [DEL] (8917|熱門股) 太舊: 12 天
  [DEL] (6222|熱門股) 太舊: 12 天
  [DEL] (6721|熱門股) 太舊: 12 天
  [DEL] (8906|熱門股) 太舊: 12 天
  [DEL] (8435|熱門股) 太舊: 12 天
  [DEL] (5364|熱門股) 太舊: 12 天
  [DEL] (3512|熱門股) 太舊: 12 天
  [DEL] (8024|熱門股) 太舊: 12 天
  [DEL] (5364|熱門股) 太舊: 12 天
  [DEL] (8024|熱門股) 太舊: 12 天
  [DEL] (8024|熱門股) 太舊: 12 天
  [DEL] (1805|熱門股) 太舊: 12 天
  [DEL] (8024|熱門股) 太舊: 12 天
  [DEL] (6195|熱門股) 太舊: 12 天
  [DEL] (8024|熱門股) 太舊: 12 天
  [DEL] (8906|熱門股) 太舊: 12 天
  [DEL] (8906|熱門股) 太舊: 12 天
  [DEL] (8906|熱門股) 太舊: 12 天
  [DEL] (6762|熱門股) 太舊: 12 天
  [DEL] (8906|熱門股) 太舊: 12 天
  [DEL] (4745|熱門股) 太舊: 12 天
  [DEL] (2939|熱門股) 太舊: 12 天
  [DEL] (2939|熱門股) 太舊: 12 天
  [DEL] (4148|熱門股) 太舊: 12 天
  [DEL] (8435|熱門股) 太舊: 12 天
  [DEL] (8435|熱門股) 太舊: 12 天
  [DEL] (8435|熱門股) 太舊: 12 天
  [DEL] (1324|熱門股) 太舊: 12 天
  [DEL] (6195|熱門股) 太舊: 12 天
  [DEL] (6721|熱門股) 太舊: 12 天
  [DEL] (6276|熱門股) 太舊: 12 天
  [DEL] (4706|熱門股) 太舊: 12 天
  [DEL] (5455|熱門股) 太舊: 12 天
  [DEL] (2506|熱門股) 太舊: 12 天
  [DEL] (8435|熱門股) 太舊: 12 天
  [DEL] (1294|熱門股) 太舊: 12 天
  [DEL] (1731|熱門股) 太舊: 12 天
  [DEL] (6242|熱門股) 太舊: 12 天
  [DEL] (4126|熱門股) 太舊: 12 天
  [DEL] (6242|熱門股) 太舊: 12 天
  [DEL] (6721|熱門股) 太舊: 12 天
  [DEL] (6242|熱門股) 太舊: 12 天
  [DEL] (8921|熱門股) 太舊: 12 天
  [DEL] (8921|熱門股) 太舊: 12 天
  [DEL] (6195|熱門股) 太舊: 12 天
  [DEL] (5355|熱門股) 太舊: 12 天
  [DEL] (5355|熱門股) 太舊: 12 天
  [DEL] (8921|熱門股) 太舊: 12 天
  [DEL] (8437|熱門股) 太舊: 12 天
  [DEL] (4126|熱門股) 太舊: 12 天
  [DEL] (5276|熱門股) 太舊: 12 天
  [DEL] (6195|熱門股) 太舊: 12 天
  [DEL] (4126|熱門股) 太舊: 12 天
  [DEL] (6982|熱門股) 太舊: 12 天
  [DEL] (5538|熱門股) 太舊: 12 天
  [DEL] (6598|熱門股) 太舊: 12 天
  [DEL] (6616|熱門股) 太舊: 12 天
  [DEL] (5538|熱門股) 太舊: 12 天
  [DEL] (3512|熱門股) 太舊: 12 天
  [DEL] (3512|熱門股) 太舊: 12 天
  [DEL] (1323|熱門股) 太舊: 12 天
  [DEL] (3512|熱門股) 太舊: 12 天
  [DEL] (4304|熱門股) 太舊: 12 天
  [DEL] (1731|熱門股) 太舊: 12 天
  [DEL] (5324|熱門股) 太舊: 12 天
  [DEL] (5013|熱門股) 太舊: 12 天
  [DEL] (5455|熱門股) 太舊: 12 天
  [DEL] (3465|熱門股) 太舊: 12 天
  [DEL] (5455|熱門股) 太舊: 12 天
  [DEL] (5455|熱門股) 太舊: 12 天
  [DEL] (5455|熱門股) 太舊: 12 天
  [DEL] (5016|熱門股) 太舊: 12 天
  [DEL] (8917|熱門股) 太舊: 12 天
  [DEL] (6276|熱門股) 太舊: 12 天
  [DEL] (6276|熱門股) 太舊: 12 天
  [DEL] (6276|熱門股) 太舊: 12 天
  [DEL] (6276|熱門股) 太舊: 12 天
  [DEL] (8917|熱門股) 太舊: 12 天
  [DEL] (6542|熱門股) 太舊: 12 天
  [DEL] (4706|熱門股) 太舊: 12 天
  [DEL] (6767|熱門股) 太舊: 12 天
  [DEL] (4706|熱門股) 太舊: 12 天
  [DEL] (4706|熱門股) 太舊: 12 天
  [DEL] (4706|熱門股) 太舊: 12 天
  [DEL] (1338|熱門股) 太舊: 12 天
  [DEL] (3494|熱門股) 太舊: 12 天
  [DEL] (4304|熱門股) 太舊: 12 天
  [DEL] (4426|熱門股) 太舊: 12 天
  [DEL] (2937|熱門股) 太舊: 12 天
  [DEL] (4530|熱門股) 太舊: 12 天
  [DEL] (4804|熱門股) 太舊: 12 天
  [DEL] (7584|熱門股) 太舊: 12 天
  [DEL] (1423|熱門股) 太舊: 12 天
  [DEL] (8162|熱門股) 太舊: 13 天
  [DEL] (8097|熱門股) 太舊: 12 天
  [DEL] (2937|熱門股) 太舊: 13 天
  [DEL] (7730|熱門股) 太舊: 13 天
  [DEL] (8342|熱門股) 太舊: 13 天
  [DEL] (4127|熱門股) 太舊: 13 天
  [DEL] (4745|熱門股) 太舊: 13 天
  [DEL] (1730|熱門股) 太舊: 13 天
  [DEL] (4304|熱門股) 太舊: 13 天
  [DEL] (912000|熱門股) 太舊: 13 天
  [DEL] (4804|熱門股) 太舊: 13 天
  [DEL] (6958|熱門股) 太舊: 13 天
  [DEL] (3494|熱門股) 太舊: 13 天
  [DEL] (4530|熱門股) 太舊: 13 天
  [DEL] (7584|熱門股) 太舊: 13 天
  [DEL] (4426|熱門股) 太舊: 13 天
  [DEL] (8097|熱門股) 太舊: 13 天
  [DEL] (3494|熱門股) 太舊: 13 天
  [DEL] (2380|熱門股) 太舊: 13 天
  [DEL] (2945|熱門股) 太舊: 13 天
  [DEL] (2945|熱門股) 太舊: 13 天
  [DEL] (2911|熱門股) 太舊: 13 天
  [DEL] (2724|熱門股) 太舊: 13 天
  [DEL] (4190|熱門股) 太舊: 13 天
  [DEL] (2911|熱門股) 太舊: 13 天
  [DEL] (7708|熱門股) 太舊: 13 天
  [DEL] (4190|熱門股) 太舊: 13 天
  [DEL] (5205|熱門股) 太舊: 13 天
  [DEL] (3664|熱門股) 太舊: 13 天
  [DEL] (5215|熱門股) 太舊: 13 天
  [DEL] (8466|熱門股) 太舊: 13 天
  [DEL] (5215|熱門股) 太舊: 13 天
  [DEL] (3664|熱門股) 太舊: 13 天
  [DEL] (3520|熱門股) 太舊: 13 天
  [DEL] (2430|熱門股) 太舊: 13 天
  [DEL] (3672|熱門股) 太舊: 13 天
  [DEL] (2724|熱門股) 太舊: 13 天
  [DEL] (6248|熱門股) 太舊: 13 天
  [DEL] (2949|熱門股) 太舊: 13 天
  [DEL] (5205|熱門股) 太舊: 13 天
  [DEL] (8429|熱門股) 太舊: 13 天
  [DEL] (3672|熱門股) 太舊: 13 天
  [DEL] (8429|熱門股) 太舊: 13 天
  [DEL] (2926|熱門股) 太舊: 13 天
  [DEL] (4127|熱門股) 太舊: 13 天
  [DEL] (7713|熱門股) 太舊: 13 天
  [DEL] (4502|熱門股) 太舊: 13 天
  [DEL] (2926|熱門股) 太舊: 13 天
  [DEL] (912000|熱門股) 太舊: 13 天
  [DEL] (6971|熱門股) 太舊: 13 天
  [DEL] (4807|熱門股) 太舊: 13 天
  [DEL] (7713|熱門股) 太舊: 13 天
  [DEL] (7791|熱門股) 太舊: 13 天
  [DEL] (4502|熱門股) 太舊: 13 天
  [DEL] (6997|熱門股) 太舊: 13 天
  [DEL] (4943|熱門股) 太舊: 13 天
  [DEL] (3646|熱門股) 太舊: 13 天
  [DEL] (3632|熱門股) 太舊: 13 天
  [DEL] (2706|熱門股) 太舊: 13 天
  [DEL] (4807|熱門股) 太舊: 13 天
  [DEL] (6902|熱門股) 太舊: 13 天
  [DEL] (2706|熱門股) 太舊: 13 天
  [DEL] (6971|熱門股) 太舊: 13 天
  [DEL] (3632|熱門股) 太舊: 13 天
  [DEL] (3191|熱門股) 太舊: 13 天
  [DEL] (6997|熱門股) 太舊: 13 天
  [DEL] (4943|熱門股) 太舊: 13 天
  [DEL] (7716|熱門股) 太舊: 13 天
  [DEL] (3288|熱門股) 太舊: 13 天
  [DEL] (3646|熱門股) 太舊: 13 天
  [DEL] (8450|熱門股) 太舊: 13 天
  [DEL] (1337|熱門股) 太舊: 13 天
  [DEL] (7791|熱門股) 太舊: 13 天
  [DEL] (7716|熱門股) 太舊: 13 天
  [DEL] (4154|熱門股) 太舊: 13 天
  [DEL] (3288|熱門股) 太舊: 13 天
  [DEL] (1337|熱門股) 太舊: 13 天
  [DEL] (4198|熱門股) 太舊: 13 天
  [DEL] (6872|熱門股) 太舊: 13 天
  [DEL] (3164|熱門股) 太舊: 13 天
  [DEL] (2596|熱門股) 太舊: 13 天
  [DEL] (2430|熱門股) 太舊: 13 天
  [DEL] (3191|熱門股) 太舊: 13 天
  [DEL] (3164|熱門股) 太舊: 13 天
  [DEL] (4198|熱門股) 太舊: 13 天
  [DEL] (1337|熱門股) 太舊: 13 天
  [DEL] (4154|熱門股) 太舊: 13 天
  [DEL] (6872|熱門股) 太舊: 13 天
  [DEL] (4806|熱門股) 太舊: 13 天
  [DEL] (1538|熱門股) 太舊: 13 天
  [DEL] (2596|熱門股) 太舊: 13 天
  [DEL] (1538|熱門股) 太舊: 13 天
  [DEL] (1538|熱門股) 太舊: 13 天
  [DEL] (2430|熱門股) 太舊: 13 天
  [DEL] (3288|熱門股) 太舊: 13 天
  [DEL] (1626|熱門股) 太舊: 13 天
  [DEL] (6721|熱門股) 太舊: 13 天
  [DEL] (6292|熱門股) 太舊: 13 天
  [DEL] (1626|熱門股) 太舊: 13 天
  [DEL] (1730|熱門股) 太舊: 13 天
  [DEL] (1538|熱門股) 太舊: 13 天
  [DEL] (1538|熱門股) 太舊: 13 天
  [DEL] (1731|熱門股) 太舊: 13 天
  [DEL] (1626|熱門股) 太舊: 13 天
  [DEL] (6721|熱門股) 太舊: 13 天
  [DEL] (4806|熱門股) 太舊: 13 天
  [DEL] (6464|熱門股) 太舊: 13 天
  [DEL] (4745|熱門股) 太舊: 13 天
  [DEL] (4554|熱門股) 太舊: 13 天
  [DEL] (4554|熱門股) 太舊: 13 天
  [DEL] (2109|熱門股) 太舊: 13 天
  [DEL] (8432|熱門股) 太舊: 13 天
  [DEL] (3593|熱門股) 太舊: 13 天
  [DEL] (2109|熱門股) 太舊: 13 天
  [DEL] (3593|熱門股) 太舊: 13 天
  [DEL] (5906|熱門股) 太舊: 13 天
  [DEL] (1726|熱門股) 太舊: 13 天
  [DEL] (3523|熱門股) 太舊: 13 天
  [DEL] (4930|熱門股) 太舊: 13 天
  [DEL] (6645|熱門股) 太舊: 13 天
  [DEL] (5906|熱門股) 太舊: 13 天
  [DEL] (1203|熱門股) 太舊: 13 天
  [DEL] (8272|熱門股) 太舊: 13 天
  [DEL] (6645|熱門股) 太舊: 13 天
  [DEL] (1324|熱門股) 太舊: 13 天
  [DEL] (6248|熱門股) 太舊: 13 天
  [DEL] (1473|熱門股) 太舊: 13 天
  [DEL] (3716|熱門股) 太舊: 13 天
  [DEL] (1726|熱門股) 太舊: 13 天
  [DEL] (2949|熱門股) 太舊: 13 天
  [DEL] (1473|熱門股) 太舊: 13 天
  [DEL] (6645|熱門股) 太舊: 13 天
  [DEL] (6108|熱門股) 太舊: 13 天
  [DEL] (3523|熱門股) 太舊: 13 天
  [DEL] (6248|熱門股) 太舊: 13 天
  [DEL] (2923|熱門股) 太舊: 13 天
  [DEL] (6259|熱門股) 太舊: 13 天
  [DEL] (1324|熱門股) 太舊: 13 天
  [DEL] (6804|熱門股) 太舊: 13 天
  [DEL] (9950|熱門股) 太舊: 13 天
  [DEL] (4930|熱門股) 太舊: 13 天
  [DEL] (7732|熱門股) 太舊: 13 天
  [DEL] (4581|熱門股) 太舊: 13 天
  [DEL] (2734|熱門股) 太舊: 13 天
  [DEL] (3531|熱門股) 太舊: 13 天
  [DEL] (3252|熱門股) 太舊: 13 天
  [DEL] (2949|熱門股) 太舊: 13 天
  [DEL] (6259|熱門股) 太舊: 13 天
  [DEL] (1454|熱門股) 太舊: 13 天
  [DEL] (6108|熱門股) 太舊: 13 天
  [DEL] (3716|熱門股) 太舊: 13 天
  [DEL] (2923|熱門股) 太舊: 13 天
  [DEL] (6804|熱門股) 太舊: 13 天
  [DEL] (6464|熱門股) 太舊: 13 天
  [DEL] (1203|熱門股) 太舊: 13 天
  [DEL] (4581|熱門股) 太舊: 13 天
  [DEL] (5543|熱門股) 太舊: 13 天
  [DEL] (2734|熱門股) 太舊: 13 天
  [DEL] (6616|熱門股) 太舊: 13 天
  [DEL] (3531|熱門股) 太舊: 13 天
  [DEL] (3085|熱門股) 太舊: 13 天
  [DEL] (6123|熱門股) 太舊: 13 天
  [DEL] (2941|熱門股) 太舊: 13 天
  [DEL] (5355|熱門股) 太舊: 13 天
  [DEL] (8488|熱門股) 太舊: 13 天
  [DEL] (7753|熱門股) 太舊: 13 天
  [DEL] (3252|熱門股) 太舊: 13 天
  [DEL] (1467|熱門股) 太舊: 13 天
  [DEL] (1817|熱門股) 太舊: 13 天
  [DEL] (2438|熱門股) 太舊: 13 天
  [DEL] (7732|熱門股) 太舊: 13 天
  [DEL] (7753|熱門股) 太舊: 13 天
  [DEL] (9950|熱門股) 太舊: 13 天
  [DEL] (5355|熱門股) 太舊: 13 天
  [DEL] (8488|熱門股) 太舊: 13 天
  [DEL] (5543|熱門股) 太舊: 13 天
  [DEL] (6598|熱門股) 太舊: 13 天
  [DEL] (6767|熱門股) 太舊: 13 天
  [DEL] (3095|熱門股) 太舊: 13 天
  [DEL] (5902|熱門股) 太舊: 13 天
  [DEL] (4175|熱門股) 太舊: 13 天
  [DEL] (2726|熱門股) 太舊: 13 天
  [DEL] (6616|熱門股) 太舊: 13 天
  [DEL] (2941|熱門股) 太舊: 13 天
  [DEL] (7705|熱門股) 太舊: 13 天
  [DEL] (3521|熱門股) 太舊: 13 天
  [DEL] (6123|熱門股) 太舊: 13 天
  [DEL] (6598|熱門股) 太舊: 13 天
  [DEL] (2726|熱門股) 太舊: 13 天
  [DEL] (1467|熱門股) 太舊: 13 天
  [DEL] (3064|熱門股) 太舊: 13 天
  [DEL] (3115|熱門股) 太舊: 13 天
  [DEL] (3419|熱門股) 太舊: 13 天
  [DEL] (2754|熱門股) 太舊: 13 天
  [DEL] (3095|熱門股) 太舊: 13 天
  [DEL] (6504|熱門股) 太舊: 13 天
  [DEL] (3467|熱門股) 太舊: 13 天
  [DEL] (1817|熱門股) 太舊: 13 天
  [DEL] (5906|熱門股) 太舊: 13 天
  [DEL] (1731|熱門股) 太舊: 13 天
  [DEL] (6767|熱門股) 太舊: 13 天
  [DEL] (2438|熱門股) 太舊: 13 天
  [DEL] (6464|熱門股) 太舊: 13 天
  [DEL] (1731|熱門股) 太舊: 13 天
  [DEL] (3115|熱門股) 太舊: 13 天
  [DEL] (2754|熱門股) 太舊: 13 天
  [DEL] (3467|熱門股) 太舊: 13 天
  [DEL] (6680|熱門股) 太舊: 13 天
  [DEL] (5902|熱門股) 太舊: 13 天
  [DEL] (6504|熱門股) 太舊: 13 天
  [DEL] (3064|熱門股) 太舊: 13 天
  [DEL] (3419|熱門股) 太舊: 13 天
  [DEL] (4741|熱門股) 太舊: 13 天
  [DEL] (4175|熱門股) 太舊: 13 天
  [DEL] (9949|熱門股) 太舊: 13 天
  [DEL] (1294|熱門股) 太舊: 13 天
  [DEL] (9949|熱門股) 太舊: 13 天
  [DEL] (6655|熱門股) 太舊: 13 天
  [DEL] (4432|熱門股) 太舊: 13 天
  [DEL] (6264|熱門股) 太舊: 13 天
  [DEL] (2718|熱門股) 太舊: 13 天
  [DEL] (2929|熱門股) 太舊: 13 天
  [DEL] (1294|熱門股) 太舊: 13 天
  [DEL] (3541|熱門股) 太舊: 13 天
  [DEL] (6655|熱門股) 太舊: 13 天
  [DEL] (6899|熱門股) 太舊: 13 天
  [DEL] (5016|熱門股) 太舊: 13 天
  [DEL] (3067|熱門股) 太舊: 13 天
  [DEL] (3085|熱門股) 太舊: 13 天
  [DEL] (6264|熱門股) 太舊: 13 天
  [DEL] (2718|熱門股) 太舊: 13 天
  [DEL] (4432|熱門股) 太舊: 13 天
  [DEL] (6881|熱門股) 太舊: 13 天
  [DEL] (6902|熱門股) 太舊: 13 天
  [DEL] (6615|熱門股) 太舊: 13 天
  [DEL] (1742|熱門股) 太舊: 13 天
  [DEL] (7730|熱門股) 太舊: 13 天
  [DEL] (3085|熱門股) 太舊: 13 天
  [DEL] (3541|熱門股) 太舊: 13 天
  [DEL] (3067|熱門股) 太舊: 13 天
  [DEL] (6899|熱門股) 太舊: 13 天
  [DEL] (6881|熱門股) 太舊: 13 天
  [DEL] (5450|熱門股) 太舊: 13 天
  [DEL] (6902|熱門股) 太舊: 13 天
  [DEL] (1109|熱門股) 太舊: 13 天
  [DEL] (1240|熱門股) 太舊: 13 天
  [DEL] (1418|熱門股) 太舊: 13 天
  [DEL] (6615|熱門股) 太舊: 13 天
  [DEL] (8472|熱門股) 太舊: 13 天
  [DEL] (5016|熱門股) 太舊: 13 天
  [DEL] (3232|熱門股) 太舊: 13 天
  [DEL] (7730|熱門股) 太舊: 13 天
  [DEL] (4419|熱門股) 太舊: 13 天
  [DEL] (6856|熱門股) 太舊: 13 天
  [DEL] (8481|熱門股) 太舊: 13 天
  [DEL] (1742|熱門股) 太舊: 13 天
  [DEL] (1240|熱門股) 太舊: 13 天
  [DEL] (8472|熱門股) 太舊: 13 天
  [DEL] (4950|熱門股) 太舊: 13 天
  [DEL] (5450|熱門股) 太舊: 13 天
  [DEL] (1109|熱門股) 太舊: 13 天
  [DEL] (1418|熱門股) 太舊: 13 天
  [DEL] (6856|熱門股) 太舊: 13 天
  [DEL] (8481|熱門股) 太舊: 13 天
  [DEL] (3232|熱門股) 太舊: 13 天
  [DEL] (6969|熱門股) 太舊: 13 天
  [DEL] (8477|熱門股) 太舊: 13 天
  [DEL] (4120|熱門股) 太舊: 13 天
  [DEL] (6666|熱門股) 太舊: 13 天
  [DEL] (4155|熱門股) 太舊: 13 天
  [DEL] (8176|熱門股) 太舊: 13 天
  [DEL] (6240|熱門股) 太舊: 13 天
  [DEL] (6574|熱門股) 太舊: 13 天
  [DEL] (4950|熱門股) 太舊: 13 天
  [DEL] (6929|熱門股) 太舊: 13 天
  [DEL] (6246|熱門股) 太舊: 13 天
  [DEL] (5364|熱門股) 太舊: 13 天
  [DEL] (6958|熱門股) 太舊: 13 天
  [DEL] (1466|熱門股) 太舊: 13 天
  [DEL] (4419|熱門股) 太舊: 13 天
  [DEL] (8450|熱門股) 太舊: 13 天
  [DEL] (8176|熱門股) 太舊: 13 天
  [DEL] (1813|熱門股) 太舊: 13 天
  [DEL] (4109|熱門股) 太舊: 13 天
  [DEL] (2012|熱門股) 太舊: 13 天
  [DEL] (8477|熱門股) 太舊: 13 天
  [DEL] (4120|熱門股) 太舊: 13 天
  [DEL] (6574|熱門股) 太舊: 13 天
  [DEL] (1336|熱門股) 太舊: 13 天
  [DEL] (6240|熱門股) 太舊: 13 天
  [DEL] (1466|熱門股) 太舊: 13 天
  [DEL] (4155|熱門股) 太舊: 13 天
  [DEL] (3521|熱門股) 太舊: 13 天
  [DEL] (2937|熱門股) 太舊: 13 天
  [DEL] (4155|熱門股) 太舊: 13 天
  [DEL] (5276|熱門股) 太舊: 13 天
  [DEL] (3018|熱門股) 太舊: 13 天
  [DEL] (2012|熱門股) 太舊: 13 天
  [DEL] (6246|熱門股) 太舊: 13 天
  [DEL] (2024|熱門股) 太舊: 13 天
  [DEL] (1813|熱門股) 太舊: 13 天
  [DEL] (1336|熱門股) 太舊: 13 天
  [DEL] (1516|熱門股) 太舊: 13 天
  [DEL] (6958|熱門股) 太舊: 13 天
  [DEL] (8450|熱門股) 太舊: 13 天
  [DEL] (3018|熱門股) 太舊: 13 天
  [DEL] (1516|熱門股) 太舊: 13 天
  [DEL] (2937|熱門股) 太舊: 13 天
  [DEL] (9960|熱門股) 太舊: 13 天
  [DEL] (6929|熱門股) 太舊: 13 天
  [DEL] (6771|熱門股) 太舊: 13 天
  [DEL] (5206|熱門股) 太舊: 13 天
  [DEL] (6241|熱門股) 太舊: 13 天
  [DEL] (4109|熱門股) 太舊: 13 天
  [DEL] (8443|熱門股) 太舊: 13 天
  [DEL] (1730|熱門股) 太舊: 13 天
  [DEL] (8162|熱門股) 太舊: 13 天
  [DEL] (2221|熱門股) 太舊: 13 天
  [DEL] (6666|熱門股) 太舊: 13 天
  [DEL] (2024|熱門股) 太舊: 13 天
  [DEL] (1463|熱門股) 太舊: 13 天
  [DEL] (9960|熱門股) 太舊: 13 天
  [DEL] (8162|熱門股) 太舊: 13 天
  [DEL] (1730|熱門股) 太舊: 13 天
  [DEL] (1463|熱門股) 太舊: 13 天
  [DEL] (8092|熱門股) 太舊: 13 天
  [DEL] (6771|熱門股) 太舊: 13 天
  [DEL] (6241|熱門股) 太舊: 13 天
  [DEL] (6212|熱門股) 太舊: 13 天
  [DEL] (5206|熱門股) 太舊: 13 天
  [DEL] (5324|熱門股) 太舊: 13 天
  [DEL] (5546|熱門股) 太舊: 13 天
  [DEL] (7782|熱門股) 太舊: 13 天
  [DEL] (5525|熱門股) 太舊: 13 天
  [DEL] (8443|熱門股) 太舊: 13 天
  [DEL] (6846|熱門股) 太舊: 13 天
  [DEL] (2929|熱門股) 太舊: 13 天
  [DEL] (4609|熱門股) 太舊: 13 天
  [DEL] (3520|熱門股) 太舊: 13 天
  [DEL] (3520|熱門股) 太舊: 13 天
  [DEL] (6212|熱門股) 太舊: 13 天
  [DEL] (2910|熱門股) 太舊: 13 天
  [DEL] (3520|熱門股) 太舊: 13 天
  [DEL] (1460|熱門股) 太舊: 13 天
  [DEL] (5324|熱門股) 太舊: 13 天
  [DEL] (7782|熱門股) 太舊: 13 天
  [DEL] (2929|熱門股) 太舊: 13 天
  [DEL] (8092|熱門股) 太舊: 13 天
  [DEL] (5546|熱門股) 太舊: 13 天
  [DEL] (8201|熱門股) 太舊: 13 天
  [DEL] (8923|熱門股) 太舊: 13 天
  [DEL] (2910|熱門股) 太舊: 13 天
  [DEL] (5525|熱門股) 太舊: 13 天
  [DEL] (1460|熱門股) 太舊: 13 天
  [DEL] (6846|熱門股) 太舊: 13 天
  [DEL] (4609|熱門股) 太舊: 13 天
  [DEL] (5878|熱門股) 太舊: 13 天
  [DEL] (8923|熱門股) 太舊: 13 天
  [DEL] (5878|熱門股) 太舊: 13 天
  [DEL] (8201|熱門股) 太舊: 13 天
  [DEL] (5523|熱門股) 太舊: 13 天
  [DEL] (8931|熱門股) 太舊: 13 天
  [DEL] (9929|熱門股) 太舊: 13 天
  [DEL] (9929|熱門股) 太舊: 13 天
  [DEL] (8931|熱門股) 太舊: 13 天
  [DEL] (5703|熱門股) 太舊: 13 天
  [DEL] (5703|熱門股) 太舊: 13 天
  [DEL] (8354|熱門股) 太舊: 13 天
  [DEL] (1726|熱門股) 太舊: 13 天
  [DEL] (2424|熱門股) 太舊: 13 天
  [DEL] (6921|熱門股) 太舊: 13 天
  [DEL] (3285|熱門股) 太舊: 13 天
  [DEL] (3285|熱門股) 太舊: 13 天
  [DEL] (2849|熱門股) 太舊: 13 天
  [DEL] (2849|熱門股) 太舊: 13 天
  [DEL] (3666|熱門股) 太舊: 13 天
  [DEL] (2712|熱門股) 太舊: 13 天
  [DEL] (2712|熱門股) 太舊: 13 天
  [DEL] (5016|熱門股) 太舊: 13 天
  [DEL] (3666|熱門股) 太舊: 13 天
  [DEL] (4413|熱門股) 太舊: 13 天
  [DEL] (4413|熱門股) 太舊: 13 天
  [DEL] (9926|熱門股) 太舊: 13 天
  [DEL] (9928|熱門股) 太舊: 13 天
  [DEL] (9926|熱門股) 太舊: 13 天
  [DEL] (9928|熱門股) 太舊: 13 天
  [DEL] (4442|熱門股) 太舊: 13 天
  [DEL] (4535|熱門股) 太舊: 13 天
  [DEL] (4535|熱門股) 太舊: 13 天
  [DEL] (1525|熱門股) 太舊: 13 天
  [DEL] (5013|熱門股) 太舊: 13 天
  [DEL] (8487|熱門股) 太舊: 13 天
  [DEL] (9931|熱門股) 太舊: 13 天
  [DEL] (9931|熱門股) 太舊: 13 天
  [DEL] (5013|熱門股) 太舊: 13 天
  [DEL] (1525|熱門股) 太舊: 13 天
  [DEL] (5348|熱門股) 太舊: 13 天
  [DEL] (6198|熱門股) 太舊: 13 天
  [DEL] (5704|熱門股) 太舊: 13 天
  [DEL] (5548|熱門股) 太舊: 13 天
  [DEL] (1465|熱門股) 太舊: 13 天
  [DEL] (1323|熱門股) 太舊: 13 天
  [DEL] (2948|熱門股) 太舊: 13 天
  [DEL] (1439|熱門股) 太舊: 13 天
  [DEL] (1235|熱門股) 太舊: 13 天
  [DEL] (6754|熱門股) 太舊: 13 天
  [DEL] (8487|熱門股) 太舊: 13 天
  [DEL] (5220|熱門股) 太舊: 13 天
  [DEL] (3629|熱門股) 太舊: 13 天
  [DEL] (1323|熱門股) 太舊: 13 天
  [DEL] (1338|熱門股) 太舊: 14 天
  [DEL] (1235|熱門股) 太舊: 14 天
  [DEL] (5276|熱門股) 太舊: 14 天
  [DEL] (2948|熱門股) 太舊: 14 天
  [DEL] (5220|熱門股) 太舊: 14 天
  [DEL] (6754|熱門股) 太舊: 14 天
  [DEL] (1813|熱門股) 太舊: 14 天
  [DEL] (1813|熱門股) 太舊: 14 天
  [DEL] (5548|熱門股) 太舊: 14 天
  [DEL] (6198|熱門股) 太舊: 14 天
  [DEL] (2926|熱門股) 太舊: 14 天
  [DEL] (6629|熱門股) 太舊: 14 天
  [DEL] (2948|熱門股) 太舊: 14 天
  [DEL] (2751|熱門股) 太舊: 14 天
  [DEL] (3629|熱門股) 太舊: 14 天
  [DEL] (5603|熱門股) 太舊: 14 天
  [DEL] (6921|熱門股) 太舊: 14 天
  [DEL] (1817|熱門股) 太舊: 14 天
  [DEL] (8477|熱門股) 太舊: 14 天
  [DEL] (1525|熱門股) 太舊: 14 天
  [DEL] (1817|熱門股) 太舊: 14 天
  [DEL] (8487|熱門股) 太舊: 14 天
  [DEL] (5348|熱門股) 太舊: 14 天
  [DEL] (3191|熱門股) 太舊: 14 天
  [DEL] (5704|熱門股) 太舊: 14 天
  [DEL] (1474|熱門股) 太舊: 14 天
  [DEL] (5016|熱門股) 太舊: 14 天
  [DEL] (1465|熱門股) 太舊: 14 天
  [DEL] (1474|熱門股) 太舊: 14 天
  [DEL] (6169|熱門股) 太舊: 14 天
  [DEL] (6169|熱門股) 太舊: 14 天
  [DEL] (6292|熱門股) 太舊: 14 天
  [DEL] (4138|熱門股) 太舊: 14 天
  [DEL] (8077|熱門股) 太舊: 14 天
  [DEL] (6874|熱門股) 太舊: 14 天
  [DEL] (8455|熱門股) 太舊: 14 天
  [DEL] (7767|熱門股) 太舊: 14 天
  [DEL] (4138|熱門股) 太舊: 14 天
  [DEL] (4924|熱門股) 太舊: 14 天
  [DEL] (4430|熱門股) 太舊: 14 天
  [DEL] (6874|熱門股) 太舊: 14 天
  [DEL] (6292|熱門股) 太舊: 14 天
  [DEL] (4924|熱門股) 太舊: 14 天
  [DEL] (8077|熱門股) 太舊: 14 天
  [DEL] (8455|熱門股) 太舊: 14 天
  [DEL] (6169|熱門股) 太舊: 14 天
  [DEL] (4430|熱門股) 太舊: 14 天
  [DEL] (7767|熱門股) 太舊: 14 天
  [DEL] (1236|熱門股) 太舊: 14 天
  [DEL] (2008|熱門股) 太舊: 14 天
  [DEL] (2908|熱門股) 太舊: 14 天
  [DEL] (7767|熱門股) 太舊: 14 天
  [DEL] (2908|熱門股) 太舊: 14 天
  [DEL] (1236|熱門股) 太舊: 14 天
  [DEL] (1776|熱門股) 太舊: 14 天
  [DEL] (2008|熱門股) 太舊: 14 天
  [DEL] (2506|熱門股) 太舊: 14 天
  [DEL] (6114|熱門股) 太舊: 14 天
  [DEL] (1776|熱門股) 太舊: 14 天
  [DEL] (1456|熱門股) 太舊: 14 天
  [DEL] (2722|熱門股) 太舊: 14 天
  [DEL] (2506|熱門股) 太舊: 14 天
  [DEL] (1456|熱門股) 太舊: 14 天
  [DEL] (6114|熱門股) 太舊: 14 天
  [DEL] (8272|熱門股) 太舊: 14 天
  [DEL] (2732|熱門股) 太舊: 14 天
  [DEL] (2939|熱門股) 太舊: 14 天
  [DEL] (2722|熱門股) 太舊: 14 天
  [DEL] (7631|熱門股) 太舊: 14 天
  [DEL] (8272|熱門股) 太舊: 14 天
  [DEL] (2067|熱門股) 太舊: 14 天
  [DEL] (2702|熱門股) 太舊: 14 天
  [DEL] (2538|熱門股) 太舊: 14 天
  [DEL] (8905|熱門股) 太舊: 14 天
  [DEL] (2538|熱門股) 太舊: 14 天
  [DEL] (7631|熱門股) 太舊: 14 天
  [DEL] (2939|熱門股) 太舊: 14 天
  [DEL] (4442|熱門股) 太舊: 14 天
  [DEL] (6968|熱門股) 太舊: 14 天
  [DEL] (6154|熱門股) 太舊: 14 天
  [DEL] (6697|熱門股) 太舊: 14 天
  [DEL] (2702|熱門股) 太舊: 14 天
  [DEL] (6697|熱門股) 太舊: 14 天
  [DEL] (4741|熱門股) 太舊: 14 天
  [DEL] (4183|熱門股) 太舊: 14 天
  [DEL] (6968|熱門股) 太舊: 14 天
  [DEL] (6154|熱門股) 太舊: 14 天
  [DEL] (4741|熱門股) 太舊: 14 天
  [DEL] (4183|熱門股) 太舊: 14 天
  [DEL] (2904|熱門股) 太舊: 14 天
  [DEL] (6512|熱門股) 太舊: 14 天
  [DEL] (2751|熱門股) 太舊: 14 天
  [DEL] (2751|熱門股) 太舊: 14 天
  [DEL] (1443|熱門股) 太舊: 14 天
  [DEL] (4108|熱門股) 太舊: 14 天
  [DEL] (5546|熱門股) 太舊: 14 天
  [DEL] (6512|熱門股) 太舊: 14 天
  [DEL] (1340|熱門股) 太舊: 14 天
  [DEL] (8437|熱門股) 太舊: 14 天
  [DEL] (1423|熱門股) 太舊: 14 天
  [DEL] (8437|熱門股) 太舊: 14 天
  [DEL] (2073|熱門股) 太舊: 14 天
  [DEL] (1423|熱門股) 太舊: 14 天
  [DEL] (1340|熱門股) 太舊: 14 天
  [DEL] (4108|熱門股) 太舊: 14 天
  [DEL] (2073|熱門股) 太舊: 14 天
  [DEL] (4108|熱門股) 太舊: 14 天
  [DEL] (4108|熱門股) 太舊: 14 天
  [DEL] (4108|熱門股) 太舊: 14 天
  [DEL] (5529|熱門股) 太舊: 14 天
  [DEL] (6228|熱門股) 太舊: 14 天
  [DEL] (4402|熱門股) 太舊: 14 天
  [DEL] (6228|熱門股) 太舊: 14 天
  [DEL] (6228|熱門股) 太舊: 14 天
  [DEL] (5529|熱門股) 太舊: 14 天
  [DEL] (6020|熱門股) 太舊: 14 天
  [DEL] (6494|熱門股) 太舊: 14 天
  [DEL] (3373|熱門股) 太舊: 14 天
  [DEL] (2948|熱門股) 太舊: 14 天
  [DEL] (5601|熱門股) 太舊: 14 天
  [DEL] (4402|熱門股) 太舊: 14 天
  [DEL] (6494|熱門股) 太舊: 14 天
  [DEL] (2035|熱門股) 太舊: 14 天
  [DEL] (3373|熱門股) 太舊: 14 天
  [DEL] (2732|熱門股) 太舊: 14 天
  [DEL] (6020|熱門股) 太舊: 14 天
  [DEL] (5601|熱門股) 太舊: 14 天
  [DEL] (7747|熱門股) 太舊: 14 天
  [DEL] (6236|熱門股) 太舊: 14 天
  [DEL] (4155|熱門股) 太舊: 14 天
  [DEL] (6730|熱門股) 太舊: 14 天
  [DEL] (1441|熱門股) 太舊: 14 天
  [DEL] (2947|熱門股) 太舊: 14 天
  [DEL] (7747|熱門股) 太舊: 14 天
  [DEL] (1441|熱門股) 太舊: 14 天
  [DEL] (1558|熱門股) 太舊: 14 天
  [DEL] (6236|熱門股) 太舊: 14 天
  [DEL] (1817|熱門股) 太舊: 14 天
  [DEL] (2947|熱門股) 太舊: 14 天
  [DEL] (1781|熱門股) 太舊: 14 天
  [DEL] (5210|熱門股) 太舊: 14 天
  [DEL] (4155|熱門股) 太舊: 14 天
  [DEL] (2459|熱門股) 太舊: 14 天
  [DEL] (1558|熱門股) 太舊: 14 天
  [DEL] (6692|熱門股) 太舊: 14 天
  [DEL] (4148|熱門股) 太舊: 14 天
  [DEL] (1781|熱門股) 太舊: 14 天
  [DEL] (5210|熱門股) 太舊: 14 天
  [DEL] (2459|熱門股) 太舊: 14 天
  [DEL] (5488|熱門股) 太舊: 14 天
  [DEL] (4148|熱門股) 太舊: 14 天
  [DEL] (6855|熱門股) 太舊: 14 天
  [DEL] (6506|熱門股) 太舊: 14 天
  [DEL] (1413|熱門股) 太舊: 14 天
  [DEL] (3285|熱門股) 太舊: 14 天
  [DEL] (6506|熱門股) 太舊: 14 天
  [DEL] (5488|熱門股) 太舊: 14 天
  [DEL] (1233|熱門股) 太舊: 14 天
  [DEL] (1233|熱門股) 太舊: 14 天
  [DEL] (1445|熱門股) 太舊: 14 天
  [DEL] (6855|熱門股) 太舊: 14 天
  [DEL] (6109|熱門股) 太舊: 14 天
  [DEL] (6242|熱門股) 太舊: 14 天
  [DEL] (8421|熱門股) 太舊: 14 天
  [DEL] (1413|熱門股) 太舊: 14 天
  [DEL] (1341|熱門股) 太舊: 14 天
  [DEL] (8421|熱門股) 太舊: 14 天
  [DEL] (6109|熱門股) 太舊: 14 天
  [DEL] (1445|熱門股) 太舊: 14 天
  [DEL] (1445|熱門股) 太舊: 14 天
  [DEL] (1341|熱門股) 太舊: 14 天
  [DEL] (6242|熱門股) 太舊: 14 天
  [DEL] (2901|熱門股) 太舊: 14 天
  [DEL] (5604|熱門股) 太舊: 14 天
  [DEL] (2904|熱門股) 太舊: 14 天
  [DEL] (5604|熱門股) 太舊: 14 天
  [DEL] (6887|熱門股) 太舊: 14 天
  [DEL] (1626|熱門股) 太舊: 14 天
  [DEL] (8905|熱門股) 太舊: 14 天
  [DEL] (6144|熱門股) 太舊: 14 天
  [DEL] (1338|熱門股) 太舊: 14 天
  [DEL] (5701|熱門股) 太舊: 14 天
  [DEL] (2901|熱門股) 太舊: 14 天
  [DEL] (1445|熱門股) 太舊: 14 天
  [DEL] (8905|熱門股) 太舊: 14 天
  [DEL] (2904|熱門股) 太舊: 14 天
  [DEL] (6144|熱門股) 太舊: 14 天
  [DEL] (8426|熱門股) 太舊: 14 天
  [DEL] (3266|熱門股) 太舊: 14 天
  [DEL] (6887|熱門股) 太舊: 14 天
  [DEL] (5701|熱門股) 太舊: 14 天
  [DEL] (5701|熱門股) 太舊: 14 天
  [DEL] (8093|熱門股) 太舊: 14 天
  [DEL] (5603|熱門股) 太舊: 14 天
  [DEL] (8426|熱門股) 太舊: 14 天
  [DEL] (3266|熱門股) 太舊: 14 天
  [DEL] (5603|熱門股) 太舊: 14 天
  [DEL] (5603|熱門股) 太舊: 14 天
  [DEL] (1259|熱門股) 太舊: 14 天
  [DEL] (5603|熱門股) 太舊: 14 天
  [DEL] (6582|熱門股) 太舊: 14 天
  [DEL] (7708|熱門股) 太舊: 14 天
  [DEL] (6988|熱門股) 太舊: 14 天
  [DEL] (8101|熱門股) 太舊: 14 天
  [DEL] (1443|熱門股) 太舊: 14 天
  [DEL] (6582|熱門股) 太舊: 14 天
  [DEL] (1213|熱門股) 太舊: 14 天
  [DEL] (1259|熱門股) 太舊: 14 天
  [DEL] (6988|熱門股) 太舊: 14 天
  [DEL] (2506|熱門股) 太舊: 14 天
  [DEL] (6771|熱門股) 太舊: 14 天
  [DEL] (8101|熱門股) 太舊: 14 天
  [DEL] (2642|熱門股) 太舊: 14 天
  [DEL] (4711|熱門股) 太舊: 14 天
  [DEL] (8917|熱門股) 太舊: 14 天
  [DEL] (7708|熱門股) 太舊: 14 天
  [DEL] (2642|熱門股) 太舊: 14 天
  [DEL] (4121|熱門股) 太舊: 14 天
  [DEL] (4711|熱門股) 太舊: 14 天
  [DEL] (8917|熱門股) 太舊: 14 天
  [DEL] (4121|熱門股) 太舊: 14 天
  [DEL] (2434|熱門股) 太舊: 14 天
  [DEL] (8097|熱門股) 太舊: 14 天
  [DEL] (8487|熱門股) 太舊: 14 天
  [DEL] (2434|熱門股) 太舊: 14 天
  [DEL] (2701|熱門股) 太舊: 14 天
  [DEL] (2701|熱門股) 太舊: 14 天
  [DEL] (4205|熱門股) 太舊: 14 天
  [DEL] (4205|熱門股) 太舊: 14 天
  [DEL] (1470|熱門股) 太舊: 14 天
  [DEL] (1470|熱門股) 太舊: 14 天
  [DEL] (2732|熱門股) 太舊: 14 天
  [DEL] (6771|熱門股) 太舊: 14 天
  [DEL] (8367|熱門股) 太舊: 14 天
  [DEL] (3054|熱門股) 太舊: 14 天
  [DEL] (1535|熱門股) 太舊: 14 天
  [DEL] (6661|熱門股) 太舊: 14 天
  [DEL] (6661|熱門股) 太舊: 14 天
  [DEL] (1475|熱門股) 太舊: 14 天
  [DEL] (2321|熱門股) 太舊: 14 天
  [DEL] (2740|熱門股) 太舊: 14 天
  [DEL] (3118|熱門股) 太舊: 14 天
  [DEL] (4440|熱門股) 太舊: 14 天
  [DEL] (2007|熱門股) 太舊: 14 天
  [DEL] (6225|熱門股) 太舊: 14 天
  [DEL] (6904|熱門股) 太舊: 14 天
  [DEL] (7743|熱門股) 太舊: 14 天
  [DEL] (2007|熱門股) 太舊: 14 天
  [DEL] (3093|熱門股) 太舊: 15 天
  [DEL] (1423|熱門股) 太舊: 15 天
  [DEL] (5520|熱門股) 太舊: 15 天
  [DEL] (9929|熱門股) 太舊: 15 天
  [DEL] (6225|熱門股) 太舊: 15 天
  [DEL] (2740|熱門股) 太舊: 15 天
  [DEL] (2321|熱門股) 太舊: 15 天
  [DEL] (3118|熱門股) 太舊: 15 天
  [DEL] (3666|熱門股) 太舊: 15 天
  [DEL] (4935|熱門股) 太舊: 15 天
  [DEL] (3666|熱門股) 太舊: 15 天
  [DEL] (8409|熱門股) 太舊: 15 天
  [DEL] (9931|熱門股) 太舊: 15 天
  [DEL] (910322|熱門股) 太舊: 15 天
  [DEL] (910322|熱門股) 太舊: 15 天
  [DEL] (910322|熱門股) 太舊: 15 天
  [DEL] (3164|熱門股) 太舊: 15 天
  [DEL] (2438|熱門股) 太舊: 15 天
  [DEL] (7743|熱門股) 太舊: 15 天
  [DEL] (6666|熱門股) 太舊: 15 天
  [DEL] (8477|熱門股) 太舊: 15 天
  [DEL] (3085|熱門股) 太舊: 15 天
  [DEL] (3085|熱門股) 太舊: 15 天
  [DEL] (6904|熱門股) 太舊: 15 天
  [DEL] (1475|熱門股) 太舊: 15 天
  [DEL] (7723|熱門股) 太舊: 15 天
  [DEL] (4440|熱門股) 太舊: 15 天
  [DEL] (1340|熱門股) 太舊: 15 天
  [DEL] (4550|熱門股) 太舊: 15 天
  [DEL] (4995|熱門股) 太舊: 15 天
  [DEL] (2945|熱門股) 太舊: 15 天
  [DEL] (4550|熱門股) 太舊: 15 天
  [DEL] (3465|熱門股) 太舊: 15 天
  [DEL] (4995|熱門股) 太舊: 15 天
  [DEL] (5489|熱門股) 太舊: 15 天
  [DEL] (2438|熱門股) 太舊: 15 天
  [DEL] (2438|熱門股) 太舊: 15 天
  [DEL] (4558|熱門股) 太舊: 15 天
  [DEL] (6865|熱門股) 太舊: 15 天
  [DEL] (5489|熱門股) 太舊: 15 天
  [DEL] (3465|熱門股) 太舊: 15 天
  [DEL] (6208|熱門股) 太舊: 15 天
  [DEL] (6865|熱門股) 太舊: 15 天
  [DEL] (4305|熱門股) 太舊: 15 天
  [DEL] (4558|熱門股) 太舊: 15 天
  [DEL] (3093|熱門股) 太舊: 15 天
  [DEL] (7709|熱門股) 太舊: 15 天
  [DEL] (1796|熱門股) 太舊: 15 天
  [DEL] (1796|熱門股) 太舊: 15 天
  [DEL] (4747|熱門股) 太舊: 15 天
  [DEL] (6208|熱門股) 太舊: 15 天
  [DEL] (4305|熱門股) 太舊: 15 天
  [DEL] (1626|熱門股) 太舊: 15 天
  [DEL] (7709|熱門股) 太舊: 15 天
  [DEL] (6542|熱門股) 太舊: 15 天
  [DEL] (1445|熱門股) 太舊: 15 天
  [DEL] (2035|熱門股) 太舊: 15 天
  [DEL] (4754|熱門股) 太舊: 15 天
  [DEL] (6101|熱門股) 太舊: 15 天
  [DEL] (2035|熱門股) 太舊: 15 天
  [DEL] (8367|熱門股) 太舊: 15 天
  [DEL] (8367|熱門股) 太舊: 15 天
  [DEL] (6542|熱門股) 太舊: 15 天
  [DEL] (2904|熱門股) 太舊: 15 天
  [DEL] (3150|熱門股) 太舊: 15 天
  [DEL] (2904|熱門股) 太舊: 15 天
  [DEL] (4747|熱門股) 太舊: 15 天
  [DEL] (8102|熱門股) 太舊: 15 天
  [DEL] (6101|熱門股) 太舊: 15 天
  [DEL] (3150|熱門股) 太舊: 15 天
  [DEL] (4754|熱門股) 太舊: 15 天
  [DEL] (6884|熱門股) 太舊: 15 天
  [DEL] (3541|熱門股) 太舊: 15 天
  [DEL] (6872|熱門股) 太舊: 15 天
  [DEL] (8097|熱門股) 太舊: 15 天
  [DEL] (8102|熱門股) 太舊: 15 天
  [DEL] (3164|熱門股) 太舊: 15 天
  [DEL] (8437|熱門股) 太舊: 15 天
  [DEL] (3164|熱門股) 太舊: 15 天
  [DEL] (5520|熱門股) 太舊: 15 天
  [DEL] (4527|熱門股) 太舊: 15 天
  [DEL] (4102|熱門股) 太舊: 15 天
  [DEL] (5520|熱門股) 太舊: 15 天
  [DEL] (4527|熱門股) 太舊: 15 天
  [DEL] (4102|熱門股) 太舊: 15 天
  [DEL] (7723|熱門股) 太舊: 15 天
  [DEL] (9931|熱門股) 太舊: 15 天
  [DEL] (6597|熱門股) 太舊: 15 天
  [DEL] (3646|熱門股) 太舊: 15 天
  [DEL] (6982|熱門股) 太舊: 15 天
  [DEL] (6597|熱門股) 太舊: 15 天
  [DEL] (6762|熱門股) 太舊: 15 天
  [DEL] (3646|熱門股) 太舊: 15 天
  [DEL] (6762|熱門股) 太舊: 15 天
  [DEL] (6872|熱門股) 太舊: 15 天
  [DEL] (5516|熱門股) 太舊: 15 天
  [DEL] (5516|熱門股) 太舊: 15 天
  [DEL] (6872|熱門股) 太舊: 15 天
  [DEL] (2719|熱門股) 太舊: 15 天
  [DEL] (7770|熱門股) 太舊: 15 天
  [DEL] (8928|熱門股) 太舊: 15 天
  [DEL] (2916|熱門股) 太舊: 15 天
  [DEL] (2719|熱門股) 太舊: 15 天
  [DEL] (7770|熱門股) 太舊: 15 天
  [DEL] (2916|熱門股) 太舊: 15 天
  [DEL] (6969|熱門股) 太舊: 15 天
  [DEL] (8928|熱門股) 太舊: 15 天
  [DEL] (6969|熱門股) 太舊: 15 天
  [DEL] (3268|熱門股) 太舊: 15 天
  [DEL] (8426|熱門股) 太舊: 15 天
  [DEL] (4538|熱門股) 太舊: 15 天
  [DEL] (4538|熱門股) 太舊: 15 天
  [DEL] (3541|熱門股) 太舊: 15 天
  [DEL] (8342|熱門股) 太舊: 15 天
  [DEL] (4139|熱門股) 太舊: 15 天
  [DEL] (6921|熱門股) 太舊: 15 天
  [DEL] (5514|熱門股) 太舊: 15 天
  [DEL] (6952|熱門股) 太舊: 15 天
  [DEL] (3268|熱門股) 太舊: 15 天
  [DEL] (2235|熱門股) 太舊: 15 天
  [DEL] (2235|熱門股) 太舊: 15 天
  [DEL] (6527|熱門股) 太舊: 15 天
  [DEL] (6921|熱門股) 太舊: 15 天
  [DEL] (6593|熱門股) 太舊: 15 天
  [DEL] (4139|熱門股) 太舊: 15 天
  [DEL] (8342|熱門股) 太舊: 15 天
  [DEL] (2732|熱門股) 太舊: 15 天
  [DEL] (6952|熱門股) 太舊: 15 天
  [DEL] (8342|熱門股) 太舊: 15 天
  [DEL] (3541|熱門股) 太舊: 15 天
  [DEL] (1737|熱門股) 太舊: 15 天
  [DEL] (1453|熱門股) 太舊: 15 天
  [DEL] (4999|熱門股) 太舊: 15 天
  [DEL] (5514|熱門股) 太舊: 15 天
  [DEL] (6527|熱門股) 太舊: 15 天
  [DEL] (2732|熱門股) 太舊: 15 天
  [DEL] (6593|熱門股) 太舊: 15 天
  [DEL] (1737|熱門股) 太舊: 15 天
  [DEL] (3054|熱門股) 太舊: 15 天
  [DEL] (4999|熱門股) 太舊: 15 天
  [DEL] (6228|熱門股) 太舊: 15 天
  [DEL] (1453|熱門股) 太舊: 15 天
  [DEL] (1454|熱門股) 太舊: 15 天
  [DEL] (6228|熱門股) 太舊: 15 天
  [DEL] (8066|熱門股) 太舊: 15 天
  [DEL] (8066|熱門股) 太舊: 15 天
  [DEL] (3206|熱門股) 太舊: 15 天
  [DEL] (3206|熱門股) 太舊: 15 天
  [DEL] (2114|熱門股) 太舊: 15 天
  [DEL] (3288|熱門股) 太舊: 15 天
  [DEL] (1457|熱門股) 太舊: 15 天
  [DEL] (3288|熱門股) 太舊: 15 天
  [DEL] (5487|熱門股) 太舊: 15 天
  [DEL] (1457|熱門股) 太舊: 15 天
  [DEL] (8424|熱門股) 太舊: 15 天
  [DEL] (4935|熱門股) 太舊: 15 天
  [DEL] (2114|熱門股) 太舊: 15 天
  [DEL] (5487|熱門股) 太舊: 15 天
  [DEL] (8424|熱門股) 太舊: 15 天
  [DEL] (4935|熱門股) 太舊: 15 天
  [DEL] (6183|熱門股) 太舊: 15 天
  [DEL] (6183|熱門股) 太舊: 15 天
  [DEL] (3489|熱門股) 太舊: 15 天
  [DEL] (3489|熱門股) 太舊: 15 天
  [DEL] (1233|熱門股) 太舊: 15 天
  [DEL] (8931|熱門股) 太舊: 15 天
  [DEL] (1233|熱門股) 太舊: 15 天
  [DEL] (5548|熱門股) 太舊: 15 天
  [DEL] (1418|熱門股) 太舊: 15 天
  [DEL] (2432|熱門股) 太舊: 15 天
  [DEL] (8423|熱門股) 太舊: 15 天
  [DEL] (8423|熱門股) 太舊: 15 天
  [DEL] (3054|熱門股) 太舊: 15 天
  [DEL] (3018|熱門股) 太舊: 16 天
  [DEL] (5529|熱門股) 太舊: 17 天
  [DEL] (3018|熱門股) 太舊: 16 天
  [DEL] (4109|熱門股) 太舊: 16 天
  [DEL] (2911|熱門股) 太舊: 17 天
  [DEL] (1413|熱門股) 太舊: 17 天
  [DEL] (1452|熱門股) 太舊: 17 天
  [DEL] (2033|熱門股) 太舊: 17 天
  [DEL] (6821|熱門股) 太舊: 17 天
  [DEL] (2033|熱門股) 太舊: 17 天
  [DEL] (8466|熱門股) 太舊: 17 天
  [DEL] (6708|熱門股) 太舊: 17 天
  [DEL] (6982|熱門股) 太舊: 17 天
  [DEL] (5548|熱門股) 太舊: 18 天
  [DEL] (6708|熱門股) 太舊: 18 天
  [DEL] (4747|熱門股) 太舊: 17 天
  [DEL] (6708|熱門股) 太舊: 18 天
  [DEL] (2911|熱門股) 太舊: 18 天
  [DEL] (2911|熱門股) 太舊: 18 天
  [DEL] (912000|熱門股) 太舊: 18 天
  [DEL] (6855|熱門股) 太舊: 18 天
  [DEL] (5601|熱門股) 太舊: 18 天
  [DEL] (6855|熱門股) 太舊: 18 天
  [DEL] (4747|熱門股) 太舊: 18 天
  [DEL] (1456|熱門股) 太舊: 18 天
  [DEL] (8466|熱門股) 太舊: 18 天
  [DEL] (6982|熱門股) 太舊: 18 天
  [DEL] (1456|熱門股) 太舊: 18 天
  [DEL] (6629|熱門股) 太舊: 18 天
  [DEL] (1417|熱門股) 太舊: 18 天
  [DEL] (6629|熱門股) 太舊: 18 天
  [DEL] (5548|熱門股) 太舊: 18 天
  [DEL] (1417|熱門股) 太舊: 18 天
  [DEL] (6637|熱門股) 太舊: 18 天
  [DEL] (3224|熱門股) 太舊: 18 天
  [DEL] (6637|熱門股) 太舊: 18 天
  [DEL] (3224|熱門股) 太舊: 18 天
  [DEL] (5211|熱門股) 太舊: 18 天
  [DEL] (5211|熱門股) 太舊: 18 天
  [DEL] (1443|熱門股) 太舊: 18 天
  [DEL] (1443|熱門股) 太舊: 18 天
  [DEL] (8930|熱門股) 太舊: 18 天
  [DEL] (3150|熱門股) 太舊: 18 天
  [DEL] (6577|熱門股) 太舊: 18 天
  [DEL] (8930|熱門股) 太舊: 18 天
  [DEL] (2067|熱門股) 太舊: 18 天
  [DEL] (6577|熱門股) 太舊: 18 天
  [DEL] (2496|熱門股) 太舊: 18 天
  [DEL] (8401|熱門股) 太舊: 18 天
  [DEL] (2496|熱門股) 太舊: 18 天
  [DEL] (8477|熱門股) 太舊: 18 天
  [DEL] (8401|熱門股) 太舊: 18 天
  [DEL] (6590|熱門股) 太舊: 18 天
  [DEL] (2067|熱門股) 太舊: 18 天
  [DEL] (3054|熱門股) 太舊: 18 天
  [DEL] (6955|熱門股) 太舊: 18 天
  [DEL] (6955|熱門股) 太舊: 18 天
  [DEL] (6590|熱門股) 太舊: 18 天
  [DEL] (9960|熱門股) 太舊: 18 天
  [DEL] (4154|熱門股) 太舊: 18 天
  [DEL] (6982|熱門股) 太舊: 18 天
  [DEL] (1535|熱門股) 太舊: 18 天
  [DEL] (3054|熱門股) 太舊: 18 天
  [DEL] (9931|熱門股) 太舊: 18 天
  [DEL] (7584|熱門股) 太舊: 18 天
  [DEL] (4702|熱門股) 太舊: 18 天
  [DEL] (8423|熱門股) 太舊: 18 天
  [DEL] (3426|熱門股) 太舊: 18 天
  [DEL] (3426|熱門股) 太舊: 18 天
  [DEL] (2380|熱門股) 太舊: 18 天
  [DEL] (4702|熱門股) 太舊: 18 天
  [DEL] (2380|熱門股) 太舊: 18 天
  [DEL] (8421|熱門股) 太舊: 18 天
  [DEL] (6716|熱門股) 太舊: 18 天
  [DEL] (2380|熱門股) 太舊: 18 天
  [DEL] (1906|熱門股) 太舊: 18 天
  [DEL] (1906|熱門股) 太舊: 18 天
  [DEL] (6716|熱門股) 太舊: 18 天
  [DEL] (6629|熱門股) 太舊: 18 天
  [DEL] (1441|熱門股) 太舊: 18 天
  [DEL] (4735|熱門股) 太舊: 18 天
  [DEL] (1535|熱門股) 太舊: 18 天
  [DEL] (4735|熱門股) 太舊: 18 天
  [DEL] (1535|熱門股) 太舊: 18 天
  [DEL] (6506|熱門股) 太舊: 18 天
  [DEL] (6516|熱門股) 太舊: 18 天
  [DEL] (6516|熱門股) 太舊: 18 天
  [DEL] (4584|熱門股) 太舊: 18 天
  [DEL] (4584|熱門股) 太舊: 18 天
  [DEL] (6194|熱門股) 太舊: 18 天
  [DEL] (8354|熱門股) 太舊: 18 天
  [DEL] (6194|熱門股) 太舊: 18 天
  [DEL] (4529|熱門股) 太舊: 18 天
  [DEL] (5223|熱門股) 太舊: 18 天
  [DEL] (5223|熱門股) 太舊: 18 天
  [DEL] (8354|熱門股) 太舊: 18 天
  [DEL] (6578|熱門股) 太舊: 18 天
  [DEL] (6821|熱門股) 太舊: 18 天
  [DEL] (4529|熱門股) 太舊: 18 天
  [DEL] (6578|熱門股) 太舊: 18 天
  [DEL] (7709|熱門股) 太舊: 18 天
  [DEL] (6821|熱門股) 太舊: 18 天
  [DEL] (2432|熱門股) 太舊: 18 天
  [DEL] (8342|熱門股) 太舊: 18 天
  [DEL] (5206|熱門股) 太舊: 18 天
  [DEL] (4153|熱門股) 太舊: 19 天
  [DEL] (1906|熱門股) 太舊: 19 天
  [DEL] (7709|熱門股) 太舊: 19 天
  [DEL] (6884|熱門股) 太舊: 19 天
  [DEL] (6997|熱門股) 太舊: 19 天
  [DEL] (6997|熱門股) 太舊: 19 天
  [DEL] (6997|熱門股) 太舊: 19 天
  [DEL] (6884|熱門股) 太舊: 19 天
  [DEL] (9960|熱門股) 太舊: 19 天
  [DEL] (4754|熱門股) 太舊: 19 天
  [DEL] (5604|熱門股) 太舊: 19 天
  [DEL] (5345|熱門股) 太舊: 19 天
  [DEL] (5206|熱門股) 太舊: 19 天
  [DEL] (4190|熱門股) 太舊: 19 天
  [DEL] (8443|熱門股) 太舊: 19 天
  [DEL] (910322|熱門股) 太舊: 19 天
  [DEL] (910861|熱門股) 太舊: 19 天
  [DEL] (1441|熱門股) 太舊: 19 天
  [DEL] (5206|熱門股) 太舊: 19 天
  [DEL] (6198|熱門股) 太舊: 19 天
  [DEL] (2459|熱門股) 太舊: 19 天
  [DEL] (4190|熱門股) 太舊: 19 天
  [DEL] (4558|熱門股) 太舊: 19 天
  [DEL] (1441|熱門股) 太舊: 19 天
  [DEL] (2722|熱門股) 太舊: 19 天
  [DEL] (6103|熱門股) 太舊: 19 天
  [DEL] (5015|熱門股) 太舊: 19 天
  [DEL] (6103|熱門股) 太舊: 19 天
  [DEL] (5015|熱門股) 太舊: 19 天
  [DEL] (2432|熱門股) 太舊: 19 天
  [DEL] (2432|熱門股) 太舊: 19 天
  [DEL] (6020|熱門股) 太舊: 19 天
  [DEL] (8354|熱門股) 太舊: 19 天
  [DEL] (2724|熱門股) 太舊: 19 天
  [DEL] (6581|熱門股) 太舊: 19 天
  [DEL] (6581|熱門股) 太舊: 19 天
  [DEL] (6020|熱門股) 太舊: 19 天
  [DEL] (6581|熱門股) 太舊: 19 天
  [DEL] (6581|熱門股) 太舊: 19 天
  [DEL] (9962|熱門股) 太舊: 19 天
  [DEL] (6590|熱門股) 太舊: 19 天
  [DEL] (4907|熱門股) 太舊: 19 天
  [DEL] (9962|熱門股) 太舊: 19 天
  [DEL] (4907|熱門股) 太舊: 19 天
  [DEL] (6936|熱門股) 太舊: 19 天
  [DEL] (6936|熱門股) 太舊: 19 天
  [DEL] (8940|熱門股) 太舊: 19 天
  [DEL] (7747|熱門股) 太舊: 19 天
  [DEL] (7747|熱門股) 太舊: 19 天
  [DEL] (7747|熱門股) 太舊: 19 天
  [DEL] (8940|熱門股) 太舊: 19 天
  [DEL] (1213|熱門股) 太舊: 19 天
  [DEL] (1213|熱門股) 太舊: 19 天
  [DEL] (6906|熱門股) 太舊: 19 天
  [DEL] (6906|熱門股) 太舊: 19 天
  [DEL] (8066|熱門股) 太舊: 19 天
  [DEL] (8066|熱門股) 太舊: 19 天
  [DEL] (8066|熱門股) 太舊: 19 天
  [DEL] (1454|熱門股) 太舊: 19 天
  [DEL] (4911|熱門股) 太舊: 19 天
  [DEL] (1454|熱門股) 太舊: 19 天
  [DEL] (6508|熱門股) 太舊: 19 天
  [DEL] (6508|熱門股) 太舊: 19 天
  [DEL] (5345|熱門股) 太舊: 19 天
  [DEL] (8409|熱門股) 太舊: 19 天
  [DEL] (5345|熱門股) 太舊: 19 天
  [DEL] (8409|熱門股) 太舊: 19 天
  [DEL] (6171|熱門股) 太舊: 19 天
  [DEL] (6171|熱門股) 太舊: 19 天
  [DEL] (6581|熱門股) 太舊: 19 天
  [DEL] (6968|熱門股) 太舊: 20 天
  [DEL] (6496|熱門股) 太舊: 19 天
  [DEL] (6680|熱門股) 太舊: 20 天
  [DEL] (1742|熱門股) 太舊: 20 天
  [DEL] (6968|熱門股) 太舊: 20 天
  [DEL] (6881|熱門股) 太舊: 20 天
  [DEL] (6123|熱門股) 太舊: 20 天
  [DEL] (1341|熱門股) 太舊: 20 天
  [DEL] (6692|熱門股) 太舊: 20 天
  [DEL] (6680|熱門股) 太舊: 20 天
  [DEL] (6496|熱門股) 太舊: 20 天
  [DEL] (1341|熱門股) 太舊: 20 天
  [DEL] (3066|熱門股) 太舊: 20 天
  [DEL] (6968|熱門股) 太舊: 20 天
  [DEL] (3066|熱門股) 太舊: 20 天
  [DEL] (6637|熱門股) 太舊: 20 天
  [DEL] (1805|熱門股) 太舊: 20 天
  [DEL] (4806|熱門股) 太舊: 20 天
  [DEL] (4806|熱門股) 太舊: 20 天
  [DEL] (1805|熱門股) 太舊: 20 天
  [DEL] (8432|熱門股) 太舊: 20 天
  [DEL] (6881|熱門股) 太舊: 20 天
  [DEL] (8432|熱門股) 太舊: 20 天
  [DEL] (6615|熱門股) 太舊: 20 天
  [DEL] (5601|熱門股) 太舊: 20 天
  [DEL] (7709|熱門股) 太舊: 20 天
  [DEL] (5601|熱門股) 太舊: 20 天
  [DEL] (4406|熱門股) 太舊: 20 天
  [DEL] (1742|熱門股) 太舊: 20 天
  [DEL] (5525|熱門股) 太舊: 20 天
  [DEL] (4419|熱門股) 太舊: 20 天
  [DEL] (5525|熱門股) 太舊: 20 天
  [DEL] (2430|熱門股) 太舊: 20 天
  [DEL] (4406|熱門股) 太舊: 20 天
  [DEL] (2109|熱門股) 太舊: 21 天
  [DEL] (3168|熱門股) 太舊: 21 天
  [DEL] (4153|熱門股) 太舊: 21 天
  [DEL] (6844|熱門股) 太舊: 21 天
  [DEL] (4735|熱門股) 太舊: 21 天
  [DEL] (4972|熱門股) 太舊: 21 天
  [DEL] (1259|熱門股) 太舊: 21 天
  [DEL] (4304|熱門股) 太舊: 21 天
  [DEL] (3168|熱門股) 太舊: 21 天
  [DEL] (911868|熱門股) 太舊: 21 天
  [DEL] (6508|熱門股) 太舊: 21 天
  [DEL] (9110|熱門股) 太舊: 21 天
  [DEL] (6108|熱門股) 太舊: 21 天
  [DEL] (1465|熱門股) 太舊: 21 天
  [DEL] (1465|熱門股) 太舊: 21 天
  [DEL] (1465|熱門股) 太舊: 21 天
  [DEL] (6844|熱門股) 太舊: 21 天
  [DEL] (5210|熱門股) 太舊: 21 天
  [DEL] (2754|熱門股) 太舊: 21 天
  [DEL] (3168|熱門股) 太舊: 21 天
  [DEL] (3168|熱門股) 太舊: 21 天
  [DEL] (2740|熱門股) 太舊: 21 天
  [DEL] (4153|熱門股) 太舊: 21 天
  [DEL] (4109|熱門股) 太舊: 21 天
  [DEL] (4754|熱門股) 太舊: 21 天
  [DEL] (4109|熱門股) 太舊: 21 天
  [DEL] (4972|熱門股) 太舊: 21 天
  [DEL] (1535|熱門股) 太舊: 21 天
  [DEL] (6154|熱門股) 太舊: 21 天
  [DEL] (4419|熱門股) 太舊: 21 天
  [DEL] (1452|熱門股) 太舊: 21 天
  [DEL] (3191|熱門股) 太舊: 21 天
  [DEL] (6494|熱門股) 太舊: 22 天
  [DEL] (7631|熱門股) 太舊: 22 天
  [DEL] (5902|熱門股) 太舊: 22 天
  [DEL] (6264|熱門股) 太舊: 22 天
  [DEL] (912000|熱門股) 太舊: 22 天
  [DEL] (8432|熱門股) 太舊: 22 天
  [DEL] (5902|熱門股) 太舊: 22 天
  [DEL] (5902|熱門股) 太舊: 22 天
  [DEL] (9110|熱門股) 太舊: 22 天
  [DEL] (1473|熱門股) 太舊: 22 天
  [DEL] (1473|熱門股) 太舊: 22 天
  [DEL] (2642|熱門股) 太舊: 22 天
  [DEL] (2642|熱門股) 太舊: 22 天
  [DEL] (3168|熱門股) 太舊: 22 天
  [DEL] (4527|熱門股) 太舊: 22 天
  [DEL] (3521|熱門股) 太舊: 22 天
  [DEL] (3521|熱門股) 太舊: 22 天
  [DEL] (911868|熱門股) 太舊: 22 天
  [DEL] (5878|熱門股) 太舊: 22 天
  [DEL] (7713|熱門股) 太舊: 22 天
  [DEL] (9929|熱門股) 太舊: 22 天
  [DEL] (2434|熱門股) 太舊: 22 天
  [DEL] (7713|熱門股) 太舊: 22 天
  [DEL] (9929|熱門股) 太舊: 22 天
  [DEL] (7631|熱門股) 太舊: 22 天
  [DEL] (4413|熱門股) 太舊: 22 天
  [DEL] (6697|熱門股) 太舊: 22 天
  [DEL] (1233|熱門股) 太舊: 22 天
  [DEL] (4550|熱門股) 太舊: 22 天
  [DEL] (5878|熱門股) 太舊: 22 天
  [DEL] (4804|熱門股) 太舊: 22 天
  [DEL] (6906|熱門股) 太舊: 22 天
  [DEL] (6292|熱門股) 太舊: 22 天
  [DEL] (2506|熱門股) 太舊: 23 天
  [DEL] (2849|熱門股) 太舊: 22 天
  [DEL] (6154|熱門股) 太舊: 25 天
  [DEL] (4432|熱門股) 太舊: 25 天
  [DEL] (1341|熱門股) 太舊: 25 天
  [DEL] (4432|熱門股) 太舊: 25 天
  [DEL] (4432|熱門股) 太舊: 25 天
  [DEL] (6821|熱門股) 太舊: 25 天
  [DEL] (7716|熱門股) 太舊: 25 天
  [DEL] (7713|熱門股) 太舊: 25 天
  [DEL] (4806|熱門股) 太舊: 25 天
  [DEL] (8354|熱門股) 太舊: 25 天
  [DEL] (3224|熱門股) 太舊: 25 天
  [DEL] (911608|熱門股) 太舊: 25 天
  [DEL] (3224|熱門股) 太舊: 25 天
  [DEL] (910861|熱門股) 太舊: 25 天
  [DEL] (3224|熱門股) 太舊: 25 天
  [DEL] (6666|熱門股) 太舊: 25 天
  [DEL] (6154|熱門股) 太舊: 25 天
  [DEL] (4735|熱門股) 太舊: 25 天
  [DEL] (6504|熱門股) 太舊: 25 天
  [DEL] (3266|熱門股) 太舊: 25 天
  [DEL] (3266|熱門股) 太舊: 25 天
  [DEL] (6637|熱門股) 太舊: 25 天
  [DEL] (6637|熱門股) 太舊: 25 天
  [DEL] (6754|熱門股) 太舊: 25 天
  [DEL] (6504|熱門股) 太舊: 25 天
  [DEL] (6114|熱門股) 太舊: 25 天
  [DEL] (6114|熱門股) 太舊: 25 天
  [DEL] (2718|熱門股) 太舊: 25 天
  [DEL] (2496|熱門股) 太舊: 25 天
  [DEL] (5546|熱門股) 太舊: 25 天
  [DEL] (4175|熱門股) 太舊: 25 天
  [DEL] (2459|熱門股) 太舊: 25 天
  [DEL] (8162|熱門股) 太舊: 25 天
  [DEL] (8472|熱門股) 太舊: 25 天
  [DEL] (6504|熱門股) 太舊: 25 天
  [DEL] (8930|熱門股) 太舊: 25 天
  [DEL] (3521|熱門股) 太舊: 25 天
  [DEL] (6666|熱門股) 太舊: 25 天
  [DEL] (3064|熱門股) 太舊: 25 天
  [DEL] (4502|熱門股) 太舊: 25 天
  [DEL] (8401|熱門股) 太舊: 25 天
  [DEL] (6494|熱門股) 太舊: 25 天
  [DEL] (6629|熱門股) 太舊: 25 天
  [DEL] (6952|熱門股) 太舊: 25 天
  [DEL] (6754|熱門股) 太舊: 25 天
  [DEL] (1456|熱門股) 太舊: 25 天
  [DEL] (1457|熱門股) 太舊: 25 天
  [DEL] (1457|熱門股) 太舊: 25 天
  [DEL] (6697|熱門股) 太舊: 25 天
  [DEL] (6846|熱門股) 太舊: 25 天
  [DEL] (4584|熱門股) 太舊: 25 天
  [DEL] (4584|熱門股) 太舊: 25 天
  [DEL] (1742|熱門股) 太舊: 25 天
  [DEL] (1737|熱門股) 太舊: 25 天
  [DEL] (6821|熱門股) 太舊: 25 天
  [DEL] (6680|熱門股) 太舊: 25 天
  [DEL] (4584|熱門股) 太舊: 25 天
  [DEL] (1730|熱門股) 太舊: 25 天
  [DEL] (8923|熱門股) 太舊: 25 天
  [DEL] (1776|熱門股) 太舊: 25 天
  [DEL] (2007|熱門股) 太舊: 25 天
  [DEL] (2496|熱門股) 太舊: 25 天
  [DEL] (6929|熱門股) 太舊: 25 天
  [DEL] (4153|熱門股) 太舊: 25 天
  [DEL] (2719|熱門股) 太舊: 25 天
  [DEL] (8162|熱門股) 太舊: 25 天
  [DEL] (6577|熱門股) 太舊: 26 天
  [DEL] (7584|熱門股) 太舊: 26 天
  [DEL] (4535|熱門股) 太舊: 26 天
  [DEL] (4535|熱門股) 太舊: 26 天
  [DEL] (4550|熱門股) 太舊: 26 天
  [DEL] (6988|熱門股) 太舊: 26 天
  [DEL] (7584|熱門股) 太舊: 26 天
  [DEL] (4554|熱門股) 太舊: 26 天
  [DEL] (4550|熱門股) 太舊: 26 天
  [DEL] (2012|熱門股) 太舊: 26 天
  [DEL] (4419|熱門股) 太舊: 26 天
  [DEL] (6884|熱門股) 太舊: 26 天
  [DEL] (4972|熱門股) 太舊: 26 天
  [DEL] (4754|熱門股) 太舊: 26 天
  [DEL] (4972|熱門股) 太舊: 26 天
  [DEL] (5013|熱門股) 太舊: 26 天
  [DEL] (5013|熱門股) 太舊: 26 天
  [DEL] (4102|熱門股) 太舊: 26 天
  [DEL] (5324|熱門股) 太舊: 26 天
  [DEL] (4102|熱門股) 太舊: 26 天
  [DEL] (6988|熱門股) 太舊: 26 天
  [DEL] (5324|熱門股) 太舊: 26 天
  [DEL] (1813|熱門股) 太舊: 27 天
  [DEL] (6958|熱門股) 太舊: 26 天
  [DEL] (2908|熱門股) 太舊: 26 天
  [DEL] (8472|熱門股) 太舊: 26 天
  [DEL] (7708|熱門股) 太舊: 27 天
  [DEL] (910861|熱門股) 太舊: 27 天
  [DEL] (6593|熱門股) 太舊: 27 天
  [DEL] (8424|熱門股) 太舊: 27 天
  [DEL] (1473|熱門股) 太舊: 27 天
  [DEL] (910861|熱門股) 太舊: 27 天
  [DEL] (9960|熱門股) 太舊: 27 天
  [DEL] (4402|熱門股) 太舊: 27 天
  [DEL] (4153|熱門股) 太舊: 27 天
  [DEL] (6874|熱門股) 太舊: 27 天
  [DEL] (6464|熱門股) 太舊: 27 天
  [DEL] (6512|熱門股) 太舊: 27 天
  [DEL] (8432|熱門股) 太舊: 27 天
  [DEL] (4183|熱門股) 太舊: 27 天
  [DEL] (7732|熱門股) 太舊: 27 天
  [DEL] (6865|熱門股) 太舊: 27 天
  [DEL] (6921|熱門股) 太舊: 27 天
  [DEL] (4930|熱門股) 太舊: 27 天
  [DEL] (4154|熱門股) 太舊: 27 天
  [DEL] (4183|熱門股) 太舊: 27 天
  [DEL] (6578|熱門股) 太舊: 27 天
  [DEL] (2719|熱門股) 太舊: 27 天
  [DEL] (2719|熱門股) 太舊: 27 天
  [DEL] (6527|熱門股) 太舊: 27 天
  [DEL] (2109|熱門股) 太舊: 27 天
  [DEL] (2024|熱門股) 太舊: 27 天
  [DEL] (4995|熱門股) 太舊: 27 天
  [DEL] (1776|熱門股) 太舊: 27 天
  [DEL] (6771|熱門股) 太舊: 27 天
  [DEL] (5520|熱門股) 太舊: 27 天
  [DEL] (1776|熱門股) 太舊: 27 天
  [DEL] (5220|熱門股) 太舊: 27 天
  [DEL] (6577|熱門股) 太舊: 27 天
  [DEL] (6577|熱門股) 太舊: 27 天
  [DEL] (6661|熱門股) 太舊: 27 天
  [DEL] (6902|熱門股) 太舊: 27 天
  [DEL] (2434|熱門股) 太舊: 27 天
  [DEL] (4530|熱門股) 太舊: 28 天
  [DEL] (6464|熱門股) 太舊: 27 天
  [DEL] (6708|熱門股) 太舊: 27 天
  [DEL] (3531|熱門股) 太舊: 28 天
  [DEL] (2916|熱門股) 太舊: 28 天
  [DEL] (3118|熱門股) 太舊: 28 天
  [DEL] (6240|熱門股) 太舊: 28 天
  [DEL] (6240|熱門股) 太舊: 28 天
  [DEL] (910322|熱門股) 太舊: 28 天
  [DEL] (3664|熱門股) 太舊: 28 天
  [DEL] (3118|熱門股) 太舊: 28 天
  [DEL] (4530|熱門股) 太舊: 28 天
  [DEL] (4609|熱門股) 太舊: 28 天
  [DEL] (5523|熱門股) 太舊: 28 天
  [DEL] (5523|熱門股) 太舊: 28 天
  [DEL] (5489|熱門股) 太舊: 28 天
  [DEL] (5523|熱門股) 太舊: 28 天
  [DEL] (5523|熱門股) 太舊: 28 天
  [DEL] (2722|熱門股) 太舊: 28 天
  [DEL] (8931|熱門股) 太舊: 28 天
  [DEL] (6020|熱門股) 太舊: 28 天
  [DEL] (6208|熱門股) 太舊: 28 天
  [DEL] (1906|熱門股) 太舊: 28 天
  [DEL] (6496|熱門股) 太舊: 28 天
  [DEL] (8931|熱門股) 太舊: 28 天
  [DEL] (6208|熱門股) 太舊: 28 天
  [DEL] (4102|熱門股) 太舊: 28 天
  [DEL] (8424|熱門股) 太舊: 28 天
  [DEL] (4139|熱門股) 太舊: 28 天
  [DEL] (2321|熱門股) 太舊: 28 天
  [DEL] (2321|熱門股) 太舊: 28 天
  [DEL] (1525|熱門股) 太舊: 28 天
  [DEL] (1525|熱門股) 太舊: 28 天
  [DEL] (6208|熱門股) 太舊: 28 天
  [DEL] (6969|熱門股) 太舊: 28 天
  [DEL] (4935|熱門股) 太舊: 28 天
  [DEL] (2916|熱門股) 太舊: 28 天
  [DEL] (4138|熱門股) 太舊: 29 天
  [DEL] (8367|熱門股) 太舊: 28 天
  [DEL] (6225|熱門股) 太舊: 28 天
  [DEL] (6936|熱門股) 太舊: 28 天
  [DEL] (4138|熱門股) 太舊: 29 天
  [DEL] (4138|熱門股) 太舊: 29 天
  [DEL] (7791|熱門股) 太舊: 29 天
  [DEL] (6971|熱門股) 太舊: 29 天
  [DEL] (2114|熱門股) 太舊: 29 天
  [DEL] (3118|熱門股) 太舊: 29 天
  [DEL] (2114|熱門股) 太舊: 29 天
  [DEL] (2008|熱門股) 太舊: 29 天
  [DEL] (7791|熱門股) 太舊: 29 天
  [DEL] (2114|熱門股) 太舊: 29 天
  [DEL] (7791|熱門股) 太舊: 29 天
  [DEL] (5525|熱門股) 太舊: 29 天
  [DEL] (3373|熱門股) 太舊: 29 天
  [DEL] (3531|熱門股) 太舊: 29 天
  [DEL] (3531|熱門股) 太舊: 29 天
  [DEL] (6593|熱門股) 太舊: 29 天
  [DEL] (6248|熱門股) 太舊: 29 天
  [DEL] (6593|熱門股) 太舊: 29 天
  [DEL] (6248|熱門股) 太舊: 29 天
  [DEL] (6804|熱門股) 太舊: 30 天

============================================================
[OK] 內文補抓完成!
============================================================
處理新聞: 3394 筆
耗時: 2596.5 秒
============================================================

[週二 2026/06/23 16:13:49.39] Running yahoo fetch_content... 
d:\StockPulse\stocks_news\yahoo\fetch_content.py:266: DeprecationWarning: 'asyncio.WindowsSelectorEventLoopPolicy' is deprecated and slated for removal in Python 3.16
  asyncio.set_event_loop_policy(asyncio.WindowsSelectorEventLoopPolicy())
d:\StockPulse\stocks_news\yahoo\fetch_content.py:266: DeprecationWarning: 'asyncio.set_event_loop_policy' is deprecated and slated for removal in Python 3.16
  asyncio.set_event_loop_policy(asyncio.WindowsSelectorEventLoopPolicy())
[START] Fetching news content...
Found 4848 news items without content
\n[START] Processing 4848 tasks (max concurrency: 5)...\n
[OK] (8921) Updated content (4717 chars)
[OK] (8921) Updated content (6090 chars)
[OK] (8921) Updated content (6693 chars)
[OK] (8921) Updated content (6529 chars)
[OK] (8921) Updated content (8771 chars)
[DELETE] (2724|rare) Too old: 46 days (limit: 30)
[DELETE] (2724|rare) Too old: 46 days (limit: 30)
[OK] (2724) Updated content (2760 chars)
[DELETE] (2724|rare) Too old: 36 days (limit: 30)
[OK] (2724) Updated content (5953 chars)
[DELETE] (4419|rare) Too old: 69 days (limit: 30)
[DELETE] (4419|rare) Too old: 69 days (limit: 30)
[DELETE] (4419|rare) Too old: 43 days (limit: 30)
[OK] (4419) Updated content (3669 chars)
[OK] (4419) Updated content (3082 chars)
[OK] (5016) Updated content (6546 chars)
[OK] (5016) Updated content (6218 chars)
[OK] (5016) Updated content (8658 chars)
[OK] (5016) Updated content (6958 chars)
[OK] (5016) Updated content (2632 chars)
[DELETE] (6240|rare) Too old: 74 days (limit: 30)
[DELETE] (6240|rare) Too old: 54 days (limit: 30)
[DELETE] (6240|rare) Too old: 43 days (limit: 30)
[DELETE] (6240|rare) Too old: 46 days (limit: 30)
[DELETE] (6240|rare) Too old: 39 days (limit: 30)
[DELETE] (6228|rare) Too old: 47 days (limit: 30)
[OK] (6228) Updated content (5819 chars)
[OK] (6228) Updated content (7493 chars)
[OK] (6228) Updated content (2623 chars)
[OK] (6228) Updated content (6308 chars)
[OK] (1341) Updated content (7474 chars)
[OK] (1341) Updated content (6039 chars)
[OK] (1341) Updated content (6123 chars)
[OK] (1341) Updated content (2782 chars)
[OK] (1341) Updated content (6570 chars)
[OK] (6721) Updated content (6431 chars)
[OK] (6721) Updated content (6676 chars)
[OK] (6721) Updated content (2889 chars)
[OK] (6721) Updated content (6293 chars)
[OK] (6721) Updated content (6648 chars)
[OK] (5701) Updated content (3711 chars)
[OK] (5701) Updated content (4381 chars)
[OK] (5701) Updated content (5480 chars)
[OK] (5701) Updated content (5732 chars)
[OK] (5701) Updated content (2843 chars)
[DELETE] (7753|rare) Too old: 118 days (limit: 30)
[DELETE] (7753|rare) Too old: 44 days (limit: 30)
[DELETE] (7753|rare) Too old: 76 days (limit: 30)
[DELETE] (7753|rare) Too old: 106 days (limit: 30)
[OK] (7753) Updated content (3030 chars)
[DELETE] (6958|rare) Too old: 41 days (limit: 30)
[OK] (6958) Updated content (2823 chars)
[OK] (6958) Updated content (3647 chars)
[OK] (6958) Updated content (4313 chars)
[OK] (6958) Updated content (3530 chars)
[DELETE] (6474|rare) Too old: 46 days (limit: 30)
[OK] (6474) Updated content (5246 chars)
[OK] (6474) Updated content (7766 chars)
[OK] (6474) Updated content (2789 chars)
[OK] (6474) Updated content (3772 chars)
[DELETE] (4584|rare) Too old: 76 days (limit: 30)
[DELETE] (4584|rare) Too old: 46 days (limit: 30)
[DELETE] (4584|rare) Too old: 104 days (limit: 30)
[DELETE] (4584|rare) Too old: 104 days (limit: 30)
[OK] (4584) Updated content (2748 chars)
[DELETE] (6236|rare) Too old: 75 days (limit: 30)
[DELETE] (6236|rare) Too old: 103 days (limit: 30)
[OK] (6236) Updated content (2959 chars)
[DELETE] (6236|rare) Too old: 46 days (limit: 30)
[OK] (6236) Updated content (6099 chars)
[DELETE] (6171|rare) Too old: 48 days (limit: 30)
[DELETE] (6171|rare) Too old: 46 days (limit: 30)
[DELETE] (6171|rare) Too old: 46 days (limit: 30)
[SKIP] (6171) Failed to fetch: https://tw.stock.yahoo.com/news/%E5%85%AC%E5%91%8A-%E5%A4%A7%E5%9F%8E%E5%9C%B0%E7%94%A2-%E5%8F%B0%E4%B8%AD%E5%B8%82%E5%8D%97%E5%B1%AF%E5%8D%80%E9%8E%AE%E7%A6%8F%E6%AE%B5373-377%E5%9C%B0%E8%99%9F-%E5%B7%A5%E7%A8%8B%E7%99%BC%E5%8C%85-062527031.html
[OK] (6171) Updated content (2889 chars)
[DELETE] (4305|rare) Too old: 43 days (limit: 30)
[DELETE] (4305|rare) Too old: 46 days (limit: 30)
[OK] (4305) Updated content (2783 chars)
[OK] (4305) Updated content (5768 chars)
[OK] (4305) Updated content (5970 chars)
[DELETE] (8093|rare) Too old: 46 days (limit: 30)
[DELETE] (8093|rare) Too old: 46 days (limit: 30)
[OK] (8093) Updated content (2773 chars)
[OK] (8093) Updated content (3590 chars)
[OK] (8093) Updated content (5831 chars)
[DELETE] (6856|rare) Too old: 33 days (limit: 30)
[DELETE] (6856|rare) Too old: 34 days (limit: 30)
[OK] (6856) Updated content (5954 chars)
[OK] (6856) Updated content (3917 chars)
[OK] (6856) Updated content (2748 chars)
[DELETE] (6020|rare) Too old: 46 days (limit: 30)
[DELETE] (6020|rare) Too old: 46 days (limit: 30)
[DELETE] (6020|rare) Too old: 46 days (limit: 30)
[OK] (6020) Updated content (4397 chars)
[OK] (6020) Updated content (2841 chars)
[OK] (5276) Updated content (3356 chars)
[OK] (5276) Updated content (3489 chars)
[OK] (5276) Updated content (3552 chars)
[OK] (5276) Updated content (5813 chars)
[OK] (6844) Updated content (3036 chars)
[OK] (6844) Updated content (5794 chars)
[SKIP] (5276) Failed to fetch: https://tw.stock.yahoo.com/news/%E5%85%AC%E5%91%8A-%E9%81%94%E8%BC%9D-ky-%E7%99%BE-%E5%8D%81%E4%BA%94%E5%B9%B4%E8%82%A1%E6%9D%B1%E6%9C%83%E9%87%8D%E8%A6%81%E6%B1%BA%E8%AD%B0-061513950.html
[OK] (6844) Updated content (6350 chars)
[OK] (6844) Updated content (5866 chars)
[DELETE] (3067|rare) Too old: 43 days (limit: 30)
[OK] (6844) Updated content (4302 chars)
[OK] (3067) Updated content (2809 chars)
[DELETE] (3067|rare) Too old: 40 days (limit: 30)
[OK] (3067) Updated content (3793 chars)
[OK] (3067) Updated content (5815 chars)
[DELETE] (5205|rare) Too old: 56 days (limit: 30)
[OK] (5205) Updated content (2930 chars)
[DELETE] (5205|rare) Too old: 47 days (limit: 30)
[DELETE] (5205|rare) Too old: 74 days (limit: 30)
[OK] (5205) Updated content (6019 chars)
[DELETE] (4406|rare) Too old: 55 days (limit: 30)
[DELETE] (4406|rare) Too old: 41 days (limit: 30)
[DELETE] (4406|rare) Too old: 42 days (limit: 30)
[DELETE] (4406|rare) Too old: 48 days (limit: 30)
[OK] (4406) Updated content (3051 chars)
[OK] (5455) Updated content (6324 chars)
[OK] (5455) Updated content (3043 chars)
[DELETE] (5455|rare) Too old: 46 days (limit: 30)
[OK] (5455) Updated content (7322 chars)
[OK] (5455) Updated content (7744 chars)
[OK] (9944) Updated content (2967 chars)
[DELETE] (9944|rare) Too old: 54 days (limit: 30)
[DELETE] (9944|rare) Too old: 46 days (limit: 30)
[SKIP] (9944) Failed to fetch: https://tw.stock.yahoo.com/news/%E5%85%AC%E5%91%8A-%E6%96%B0%E9%BA%97115%E5%B9%B4%E8%82%A1%E6%9D%B1%E5%B8%B8%E6%9C%83%E9%87%8D%E8%A6%81%E6%B1%BA%E8%AD%B0%E4%BA%8B%E9%A0%85-073648374.html
[OK] (9944) Updated content (6555 chars)
[OK] (8443) Updated content (5774 chars)
[DELETE] (8443|rare) Too old: 46 days (limit: 30)
[OK] (8443) Updated content (5233 chars)
[OK] (8443) Updated content (3289 chars)
[OK] (8443) Updated content (5994 chars)
[DELETE] (2380|rare) Too old: 36 days (limit: 30)
[DELETE] (2380|rare) Too old: 41 days (limit: 30)
[OK] (2380) Updated content (3945 chars)
[OK] (2380) Updated content (3011 chars)
[OK] (2380) Updated content (6000 chars)
[OK] (4806) Updated content (6287 chars)
[OK] (4806) Updated content (4402 chars)
[OK] (4806) Updated content (4257 chars)
[OK] (4806) Updated content (3149 chars)
[OK] (4806) Updated content (5926 chars)
[DELETE] (2722|rare) Too old: 75 days (limit: 30)
[DELETE] (2722|rare) Too old: 46 days (limit: 30)
[OK] (2722) Updated content (4829 chars)
[OK] (2722) Updated content (3080 chars)
[DELETE] (2722|rare) Too old: 42 days (limit: 30)
[DELETE] (4943|rare) Too old: 40 days (limit: 30)
[DELETE] (4943|rare) Too old: 40 days (limit: 30)
[DELETE] (4943|rare) Too old: 40 days (limit: 30)
[DELETE] (4943|rare) Too old: 40 days (limit: 30)
[OK] (4943) Updated content (3234 chars)
[DELETE] (2910|rare) Too old: 46 days (limit: 30)
[OK] (2910) Updated content (6502 chars)
[OK] (2910) Updated content (3050 chars)
[SKIP] (2910) Failed to fetch: https://tw.stock.yahoo.com/news/%E5%85%AC%E5%91%8A-%E7%B5%B1%E9%A0%98%E4%BB%A3%E9%87%8D%E8%A6%81%E5%AD%90%E5%85%AC%E5%8F%B8%E5%BE%B7%E5%AE%8F%E5%BB%BA%E8%A8%AD%E8%82%A1%E4%BB%BD%E6%9C%89%E9%99%90%E5%85%AC%E5%8F%B8%E5%85%AC%E5%91%8A%E6%B8%9B%E8%B3%87%E8%AE%8A%E6%9B%B4%E7%99%BB%E8%A8%98%E5%AE%8C%E6%88%90-082519003.html
[OK] (2910) Updated content (5283 chars)
[OK] (6807) Updated content (5826 chars)
[DELETE] (6807|rare) Too old: 42 days (limit: 30)
[OK] (6807) Updated content (2981 chars)
[OK] (6807) Updated content (7385 chars)
[OK] (6807) Updated content (7067 chars)
[DELETE] (8354|rare) Too old: 47 days (limit: 30)
[OK] (8354) Updated content (4279 chars)
[DELETE] (8354|rare) Too old: 40 days (limit: 30)
[DELETE] (8354|rare) Too old: 32 days (limit: 30)
[OK] (8354) Updated content (3190 chars)
[DELETE] (6212|rare) Too old: 50 days (limit: 30)
[DELETE] (6212|rare) Too old: 42 days (limit: 30)
[OK] (6212) Updated content (5883 chars)
[DELETE] (6212|rare) Too old: 46 days (limit: 30)
[OK] (6212) Updated content (2948 chars)
[DELETE] (1203|rare) Too old: 57 days (limit: 30)
[DELETE] (1203|rare) Too old: 57 days (limit: 30)
[DELETE] (1203|rare) Too old: 41 days (limit: 30)
[SKIP] (1203) Failed to fetch: https://tw.stock.yahoo.com/news/%E5%85%AC%E5%91%8A-%E5%91%B3%E7%8E%8B-2026%E5%B9%B44%E6%9C%88%E5%90%88%E4%BD%B5%E7%87%9F%E6%94%B64-38%E5%84%84%E5%85%83-%E5%B9%B4%E5%A2%9E-071238351.html
[OK] (1203) Updated content (2989 chars)
[OK] (2248) Updated content (3067 chars)
[DELETE] (6506|rare) Too old: 105 days (limit: 30)
[OK] (2248) Updated content (7977 chars)
[OK] (2248) Updated content (6397 chars)
[DELETE] (6506|rare) Too old: 105 days (limit: 30)
[OK] (2248) Updated content (5045 chars)
[DELETE] (6506|rare) Too old: 46 days (limit: 30)
[SKIP] (6506) Failed to fetch: https://tw.stock.yahoo.com/news/%E5%85%AC%E5%91%8A-%E9%9B%99%E9%82%A6-2026%E5%B9%B43%E6%9C%88%E5%90%88%E4%BD%B5%E7%87%9F%E6%94%B62-32%E5%84%84%E5%85%83-%E5%B9%B4%E5%A2%9E14-063252734.html
[OK] (2248) Updated content (5915 chars)
[OK] (6506) Updated content (2972 chars)
[DELETE] (8101|rare) Too old: 40 days (limit: 30)
[DELETE] (8101|rare) Too old: 35 days (limit: 30)
[DELETE] (8101|rare) Too old: 34 days (limit: 30)
[DELETE] (8101|rare) Too old: 32 days (limit: 30)
[OK] (8101) Updated content (3075 chars)
[DELETE] (8917|rare) Too old: 61 days (limit: 30)
[OK] (8917) Updated content (3067 chars)
[DELETE] (8917|rare) Too old: 56 days (limit: 30)
[DELETE] (8917|rare) Too old: 46 days (limit: 30)
[OK] (8917) Updated content (7348 chars)
[DELETE] (2941|rare) Too old: 46 days (limit: 30)
[DELETE] (2941|rare) Too old: 41 days (limit: 30)
[DELETE] (2941|rare) Too old: 41 days (limit: 30)
[OK] (2941) Updated content (5742 chars)
[OK] (2941) Updated content (3250 chars)
[OK] (4807) Updated content (7018 chars)
[OK] (4807) Updated content (9380 chars)
[OK] (4807) Updated content (5563 chars)
[OK] (4807) Updated content (3095 chars)
[DELETE] (6225|rare) Too old: 40 days (limit: 30)
[DELETE] (6225|rare) Too old: 40 days (limit: 30)
[OK] (4807) Updated content (5390 chars)
[DELETE] (6225|rare) Too old: 40 days (limit: 30)
[OK] (6225) Updated content (3116 chars)
[OK] (6225) Updated content (4168 chars)
[DELETE] (6615|rare) Too old: 105 days (limit: 30)
[DELETE] (6615|rare) Too old: 104 days (limit: 30)
[DELETE] (6615|rare) Too old: 74 days (limit: 30)
[DELETE] (6615|rare) Too old: 46 days (limit: 30)
[DELETE] (6222|rare) Too old: 42 days (limit: 30)
[OK] (6222) Updated content (5901 chars)
[OK] (6615) Updated content (3127 chars)
[OK] (6222) Updated content (3214 chars)
[OK] (6222) Updated content (3892 chars)
[OK] (6222) Updated content (4996 chars)
[DELETE] (4198|rare) Too old: 41 days (limit: 30)
[DELETE] (4198|rare) Too old: 43 days (limit: 30)
[DELETE] (4198|rare) Too old: 41 days (limit: 30)
[DELETE] (4198|rare) Too old: 36 days (limit: 30)
[OK] (4198) Updated content (3102 chars)
[OK] (5604) Updated content (7933 chars)
[OK] (5604) Updated content (6091 chars)
[OK] (5604) Updated content (7065 chars)
[OK] (5604) Updated content (2847 chars)
[DELETE] (6767|rare) Too old: 117 days (limit: 30)
[OK] (5604) Updated content (7403 chars)
[DELETE] (6767|rare) Too old: 74 days (limit: 30)
[DELETE] (6767|rare) Too old: 105 days (limit: 30)
[OK] (6767) Updated content (3246 chars)
[DELETE] (6767|rare) Too old: 46 days (limit: 30)
[DELETE] (7782|rare) Too old: 74 days (limit: 30)
[DELETE] (7782|rare) Too old: 46 days (limit: 30)
[DELETE] (7782|rare) Too old: 54 days (limit: 30)
[OK] (7782) Updated content (3035 chars)
[DELETE] (7782|rare) Too old: 46 days (limit: 30)
[OK] (8066) Updated content (6176 chars)
[OK] (8066) Updated content (4913 chars)
[OK] (8066) Updated content (7076 chars)
[OK] (8066) Updated content (6041 chars)
[OK] (8066) Updated content (3025 chars)
[OK] (6581) Updated content (3048 chars)
[OK] (6581) Updated content (5645 chars)
[OK] (6581) Updated content (2950 chars)
[OK] (6581) Updated content (4112 chars)
[DELETE] (2904|rare) Too old: 64 days (limit: 30)
[OK] (6581) Updated content (3423 chars)
[DELETE] (2904|rare) Too old: 46 days (limit: 30)
[SKIP] (2904) Failed to fetch: https://tw.stock.yahoo.com/news/%E5%85%AC%E5%91%8A-%E5%8C%AF%E5%83%91115%E5%B9%B4%E7%AC%AC1%E5%AD%A3%E5%90%88%E4%BD%B5%E8%B2%A1%E5%8B%99%E5%A0%B1%E5%91%8A%E8%91%A3%E4%BA%8B%E6%9C%83%E5%8F%AC%E9%96%8B%E6%97%A5%E6%9C%9F%E7%82%BA115%E5%B9%B405%E6%9C%8814%E6%97%A5-084426134.html
[DELETE] (2904|rare) Too old: 40 days (limit: 30)
[OK] (2904) Updated content (3066 chars)
[DELETE] (7732|rare) Too old: 104 days (limit: 30)
[DELETE] (7732|rare) Too old: 43 days (limit: 30)
[DELETE] (7732|rare) Too old: 42 days (limit: 30)
[DELETE] (7732|rare) Too old: 74 days (limit: 30)
[DELETE] (2751|rare) Too old: 47 days (limit: 30)
[OK] (7732) Updated content (2998 chars)
[DELETE] (2751|rare) Too old: 46 days (limit: 30)
[DELETE] (2751|rare) Too old: 55 days (limit: 30)
[OK] (2751) Updated content (3130 chars)
[DELETE] (8929|rare) Too old: 50 days (limit: 30)
[OK] (2751) Updated content (4214 chars)
[DELETE] (8929|rare) Too old: 42 days (limit: 30)
[DELETE] (8929|rare) Too old: 46 days (limit: 30)
[DELETE] (8929|rare) Too old: 42 days (limit: 30)
[OK] (4529) Updated content (3086 chars)
[OK] (4529) Updated content (5051 chars)
[OK] (8929) Updated content (3175 chars)
[OK] (4529) Updated content (5711 chars)
[OK] (4529) Updated content (9018 chars)
[OK] (2887Z1) Updated content (3167 chars)
[OK] (2887Z1) Updated content (3099 chars)
[OK] (4529) Updated content (4778 chars)
[OK] (2887Z1) Updated content (3880 chars)
[OK] (2887Z1) Updated content (4196 chars)
[OK] (1441) Updated content (6967 chars)
[OK] (2887Z1) Updated content (4563 chars)
[OK] (1441) Updated content (6199 chars)
[OK] (1441) Updated content (5644 chars)
[OK] (1441) Updated content (5686 chars)
[OK] (6662) Updated content (3017 chars)
[OK] (1441) Updated content (3491 chars)
[OK] (6662) Updated content (9305 chars)
[OK] (6662) Updated content (6544 chars)
[OK] (6662) Updated content (6341 chars)
[DELETE] (6496|rare) Too old: 47 days (limit: 30)
[OK] (6662) Updated content (7255 chars)
[DELETE] (6496|rare) Too old: 47 days (limit: 30)
[OK] (6496) Updated content (6188 chars)
[DELETE] (6496|rare) Too old: 47 days (limit: 30)
[DELETE] (6574|rare) Too old: 43 days (limit: 30)
[DELETE] (6574|rare) Too old: 50 days (limit: 30)
[OK] (6496) Updated content (3123 chars)
[DELETE] (6574|rare) Too old: 42 days (limit: 30)
[OK] (6574) Updated content (5534 chars)
[DELETE] (6574|rare) Too old: 42 days (limit: 30)
[DELETE] (8424|rare) Too old: 34 days (limit: 30)
[DELETE] (8424|rare) Too old: 34 days (limit: 30)
[DELETE] (8424|rare) Too old: 34 days (limit: 30)
[DELETE] (6527|rare) Too old: 109 days (limit: 30)
[OK] (8424) Updated content (5865 chars)
[OK] (8424) Updated content (3132 chars)
[DELETE] (6527|rare) Too old: 76 days (limit: 30)
[DELETE] (6527|rare) Too old: 46 days (limit: 30)
[DELETE] (1435|rare) Too old: 47 days (limit: 30)
[DELETE] (6527|rare) Too old: 40 days (limit: 30)
[OK] (6527) Updated content (3061 chars)
[OK] (1435) Updated content (4334 chars)
[OK] (1435) Updated content (3919 chars)
[OK] (1435) Updated content (6220 chars)
[OK] (1435) Updated content (6318 chars)
[DELETE] (1470|rare) Too old: 43 days (limit: 30)
[DELETE] (1470|rare) Too old: 46 days (limit: 30)
[DELETE] (1470|rare) Too old: 43 days (limit: 30)
[DELETE] (1470|rare) Too old: 33 days (limit: 30)
[OK] (1470) Updated content (2999 chars)
[DELETE] (4432|rare) Too old: 33 days (limit: 30)
[OK] (4432) Updated content (6290 chars)
[OK] (4432) Updated content (8023 chars)
[OK] (4432) Updated content (5645 chars)
[OK] (4432) Updated content (3163 chars)
[DELETE] (1413|rare) Too old: 56 days (limit: 30)
[DELETE] (1413|rare) Too old: 47 days (limit: 30)
[OK] (1413) Updated content (3293 chars)
[DELETE] (1413|rare) Too old: 32 days (limit: 30)
[DELETE] (1413|rare) Too old: 46 days (limit: 30)
[OK] (4972) Updated content (7038 chars)
[OK] (4972) Updated content (6178 chars)
[OK] (4972) Updated content (3012 chars)
[OK] (4972) Updated content (6136 chars)
[OK] (4972) Updated content (9099 chars)
[DELETE] (5013|rare) Too old: 36 days (limit: 30)
[OK] (5013) Updated content (3961 chars)
[OK] (5013) Updated content (3417 chars)
[OK] (5013) Updated content (2879 chars)
[OK] (5013) Updated content (6121 chars)
[DELETE] (4430|rare) Too old: 54 days (limit: 30)
[DELETE] (4430|rare) Too old: 46 days (limit: 30)
[DELETE] (4430|rare) Too old: 32 days (limit: 30)
[DELETE] (4430|rare) Too old: 46 days (limit: 30)
[OK] (4430) Updated content (2923 chars)
[DELETE] (2432|rare) Too old: 110 days (limit: 30)
[DELETE] (2432|rare) Too old: 49 days (limit: 30)
[DELETE] (2432|rare) Too old: 76 days (limit: 30)
[DELETE] (2432|rare) Too old: 110 days (limit: 30)
[OK] (2432) Updated content (3032 chars)
[DELETE] (5906|rare) Too old: 74 days (limit: 30)
[DELETE] (5906|rare) Too old: 33 days (limit: 30)
[DELETE] (5906|rare) Too old: 46 days (limit: 30)
[DELETE] (5906|rare) Too old: 33 days (limit: 30)
[OK] (5906) Updated content (2902 chars)
[DELETE] (1626|rare) Too old: 47 days (limit: 30)
[OK] (1626) Updated content (3199 chars)
[OK] (1626) Updated content (6281 chars)
[OK] (1626) Updated content (3055 chars)
[DELETE] (1626|rare) Too old: 43 days (limit: 30)
[OK] (5301) Updated content (4459 chars)
[OK] (5301) Updated content (5169 chars)
[OK] (5301) Updated content (3864 chars)
[OK] (5301) Updated content (6011 chars)
[DELETE] (6661|rare) Too old: 50 days (limit: 30)
[OK] (5301) Updated content (5503 chars)
[DELETE] (6661|rare) Too old: 46 days (limit: 30)
[OK] (6661) Updated content (3091 chars)
[DELETE] (6661|rare) Too old: 42 days (limit: 30)
[DELETE] (6661|rare) Too old: 41 days (limit: 30)
[DELETE] (3629|rare) Too old: 41 days (limit: 30)
[DELETE] (3629|rare) Too old: 41 days (limit: 30)
[DELETE] (3629|rare) Too old: 41 days (limit: 30)
[DELETE] (3629|rare) Too old: 40 days (limit: 30)
[OK] (3629) Updated content (3115 chars)
[DELETE] (3285|rare) Too old: 103 days (limit: 30)
[DELETE] (3285|rare) Too old: 46 days (limit: 30)
[DELETE] (3285|rare) Too old: 75 days (limit: 30)
[OK] (3285) Updated content (3020 chars)
[OK] (3285) Updated content (4598 chars)
[DELETE] (8488|rare) Too old: 105 days (limit: 30)
[DELETE] (8488|rare) Too old: 75 days (limit: 30)
[DELETE] (8488|rare) Too old: 102 days (limit: 30)
[OK] (8488) Updated content (2903 chars)
[DELETE] (8488|rare) Too old: 47 days (limit: 30)
[DELETE] (1233|rare) Too old: 104 days (limit: 30)
[DELETE] (1233|rare) Too old: 46 days (limit: 30)
[OK] (1233) Updated content (3176 chars)
[DELETE] (1233|rare) Too old: 41 days (limit: 30)
[DELETE] (1233|rare) Too old: 74 days (limit: 30)
[DELETE] (6242|rare) Too old: 36 days (limit: 30)
[DELETE] (6242|rare) Too old: 36 days (limit: 30)
[DELETE] (6242|rare) Too old: 36 days (limit: 30)
[OK] (6242) Updated content (7491 chars)
[OK] (6242) Updated content (3224 chars)
[DELETE] (1418|rare) Too old: 55 days (limit: 30)
[DELETE] (1418|rare) Too old: 47 days (limit: 30)
[DELETE] (1418|rare) Too old: 47 days (limit: 30)
[DELETE] (1418|rare) Too old: 46 days (limit: 30)
[OK] (1418) Updated content (3503 chars)
[DELETE] (8409|rare) Too old: 54 days (limit: 30)
[DELETE] (8409|rare) Too old: 77 days (limit: 30)
[DELETE] (8409|rare) Too old: 46 days (limit: 30)
[DELETE] (8409|rare) Too old: 49 days (limit: 30)
[OK] (8409) Updated content (3256 chars)
[OK] (8941) Updated content (8227 chars)
[OK] (8941) Updated content (6175 chars)
[OK] (8941) Updated content (6108 chars)
[OK] (8941) Updated content (6407 chars)
[DELETE] (8423|rare) Too old: 49 days (limit: 30)
[DELETE] (4175|rare) Too old: 74 days (limit: 30)
[OK] (8941) Updated content (6368 chars)
[DELETE] (4175|rare) Too old: 55 days (limit: 30)
[DELETE] (8423|rare) Too old: 46 days (limit: 30)
[DELETE] (4175|rare) Too old: 43 days (limit: 30)
[DELETE] (4175|rare) Too old: 41 days (limit: 30)
[DELETE] (8423|rare) Too old: 41 days (limit: 30)
[OK] (8423) Updated content (6046 chars)
[OK] (4175) Updated content (3099 chars)
[OK] (8423) Updated content (3084 chars)
[OK] (3191) Updated content (3513 chars)
[DELETE] (3191|rare) Too old: 40 days (limit: 30)
[OK] (3191) Updated content (5544 chars)
[OK] (3191) Updated content (3181 chars)
[OK] (3191) Updated content (3780 chars)
[DELETE] (2321|rare) Too old: 46 days (limit: 30)
[DELETE] (2321|rare) Too old: 49 days (limit: 30)
[OK] (2321) Updated content (4916 chars)
[OK] (2321) Updated content (6000 chars)
[OK] (2321) Updated content (3368 chars)
[DELETE] (3593|rare) Too old: 48 days (limit: 30)
[DELETE] (3593|rare) Too old: 43 days (limit: 30)
[DELETE] (3593|rare) Too old: 40 days (limit: 30)
[OK] (3593) Updated content (3235 chars)
[OK] (3593) Updated content (4952 chars)
[OK] (2926) Updated content (7026 chars)
[OK] (2926) Updated content (3132 chars)
[OK] (2926) Updated content (6261 chars)
[OK] (2926) Updated content (5406 chars)
[OK] (2926) Updated content (6834 chars)
[DELETE] (6899|rare) Too old: 55 days (limit: 30)
[DELETE] (6899|rare) Too old: 54 days (limit: 30)
[DELETE] (6899|rare) Too old: 47 days (limit: 30)
[DELETE] (6899|rare) Too old: 46 days (limit: 30)
[DELETE] (6899|rare) Too old: 47 days (limit: 30)
[OK] (2221) Updated content (2913 chars)
[DELETE] (2221|rare) Too old: 46 days (limit: 30)
[OK] (2221) Updated content (6178 chars)
[OK] (2221) Updated content (6741 chars)
[OK] (2221) Updated content (6956 chars)
[DELETE] (7743|rare) Too old: 75 days (limit: 30)
[DELETE] (7743|rare) Too old: 102 days (limit: 30)
[DELETE] (7743|rare) Too old: 46 days (limit: 30)
[DELETE] (7743|rare) Too old: 41 days (limit: 30)
[DELETE] (2754|rare) Too old: 42 days (limit: 30)
[OK] (7743) Updated content (2925 chars)
[DELETE] (2754|rare) Too old: 42 days (limit: 30)
[OK] (2754) Updated content (5434 chars)
[DELETE] (2754|rare) Too old: 34 days (limit: 30)
[DELETE] (2073|rare) Too old: 75 days (limit: 30)
[DELETE] (2073|rare) Too old: 104 days (limit: 30)
[OK] (2754) Updated content (2778 chars)
[DELETE] (2073|rare) Too old: 56 days (limit: 30)
[OK] (2073) Updated content (3012 chars)
[DELETE] (2073|rare) Too old: 48 days (limit: 30)
[DELETE] (4609|rare) Too old: 46 days (limit: 30)
[DELETE] (4609|rare) Too old: 55 days (limit: 30)
[DELETE] (4609|rare) Too old: 46 days (limit: 30)
[OK] (4609) Updated content (3597 chars)
[DELETE] (2035|rare) Too old: 57 days (limit: 30)
[DELETE] (4609|rare) Too old: 46 days (limit: 30)
[DELETE] (2035|rare) Too old: 47 days (limit: 30)
[DELETE] (2035|rare) Too old: 46 days (limit: 30)
[DELETE] (6264|rare) Too old: 40 days (limit: 30)
[OK] (2035) Updated content (2720 chars)
[DELETE] (6264|rare) Too old: 40 days (limit: 30)
[OK] (2035) Updated content (5935 chars)
[DELETE] (6264|rare) Too old: 39 days (limit: 30)
[OK] (6264) Updated content (2521 chars)
[DELETE] (3232|rare) Too old: 74 days (limit: 30)
[DELETE] (3232|rare) Too old: 54 days (limit: 30)
[OK] (6264) Updated content (2975 chars)
[DELETE] (3232|rare) Too old: 46 days (limit: 30)
[DELETE] (3232|rare) Too old: 43 days (limit: 30)
[DELETE] (5345|rare) Too old: 50 days (limit: 30)
[OK] (3232) Updated content (3020 chars)
[OK] (5345) Updated content (2708 chars)
[OK] (5345) Updated content (6423 chars)
[OK] (5345) Updated content (5895 chars)
[DELETE] (5514|rare) Too old: 49 days (limit: 30)
[OK] (5345) Updated content (5819 chars)
[DELETE] (5514|rare) Too old: 46 days (limit: 30)
[DELETE] (5514|rare) Too old: 49 days (limit: 30)
[DELETE] (5514|rare) Too old: 33 days (limit: 30)
[OK] (5514) Updated content (2628 chars)
[DELETE] (6103|rare) Too old: 47 days (limit: 30)
[DELETE] (6103|rare) Too old: 54 days (limit: 30)
[SKIP] (6103) Failed to fetch: https://tw.stock.yahoo.com/news/%E5%85%AC%E5%91%8A-%E5%90%88%E9%82%A6%E7%8D%A8%E7%AB%8B%E8%91%A3%E4%BA%8B%E4%BB%BB%E6%9C%9F%E9%81%94%E4%B8%89%E5%B1%86%E7%B9%BC%E7%BA%8C%E6%8F%90%E5%90%8D%E4%B9%8B%E8%AA%AA%E6%98%8E-071540049.html
[DELETE] (6103|rare) Too old: 42 days (limit: 30)
[OK] (6103) Updated content (2668 chars)
[DELETE] (2434|rare) Too old: 47 days (limit: 30)
[OK] (2434) Updated content (5996 chars)
[DELETE] (2434|rare) Too old: 46 days (limit: 30)
[OK] (2434) Updated content (2640 chars)
[OK] (2434) Updated content (5736 chars)
[OK] (9929) Updated content (6392 chars)
[OK] (9929) Updated content (6991 chars)
[OK] (9929) Updated content (3095 chars)
[OK] (9929) Updated content (6546 chars)
[OK] (9929) Updated content (4044 chars)
[DELETE] (1813|rare) Too old: 47 days (limit: 30)
[OK] (1813) Updated content (4679 chars)
[DELETE] (1813|rare) Too old: 43 days (limit: 30)
[OK] (1813) Updated content (7117 chars)
[OK] (1813) Updated content (6072 chars)
[DELETE] (4148|rare) Too old: 41 days (limit: 30)
[OK] (4148) Updated content (5562 chars)
[OK] (4148) Updated content (2785 chars)
[DELETE] (4148|rare) Too old: 41 days (limit: 30)
[OK] (4148) Updated content (5509 chars)
[DELETE] (3115|rare) Too old: 58 days (limit: 30)
[DELETE] (3115|rare) Too old: 36 days (limit: 30)
[DELETE] (3115|rare) Too old: 44 days (limit: 30)
[DELETE] (3115|rare) Too old: 43 days (limit: 30)
[OK] (3115) Updated content (2574 chars)
[DELETE] (1538|rare) Too old: 89 days (limit: 30)
[DELETE] (1538|rare) Too old: 75 days (limit: 30)
[DELETE] (1538|rare) Too old: 47 days (limit: 30)
[OK] (1538) Updated content (2664 chars)
[OK] (1538) Updated content (6301 chars)
[DELETE] (5520|rare) Too old: 47 days (limit: 30)
[DELETE] (5520|rare) Too old: 74 days (limit: 30)
[OK] (5520) Updated content (5681 chars)
[OK] (5520) Updated content (2640 chars)
[DELETE] (5520|rare) Too old: 47 days (limit: 30)
[OK] (3288) Updated content (7509 chars)
[OK] (3288) Updated content (4969 chars)
[OK] (3288) Updated content (4046 chars)
[OK] (3288) Updated content (3062 chars)
[OK] (3288) Updated content (3454 chars)
[DELETE] (2949|rare) Too old: 41 days (limit: 30)
[OK] (2949) Updated content (2598 chars)
[DELETE] (2949|rare) Too old: 41 days (limit: 30)
[DELETE] (2949|rare) Too old: 41 days (limit: 30)
[OK] (2949) Updated content (5863 chars)
[DELETE] (6512|rare) Too old: 75 days (limit: 30)
[DELETE] (6512|rare) Too old: 46 days (limit: 30)
[DELETE] (6512|rare) Too old: 56 days (limit: 30)
[OK] (6512) Updated content (6103 chars)
[OK] (6512) Updated content (2687 chars)
[DELETE] (6904|rare) Too old: 76 days (limit: 30)
[DELETE] (6904|rare) Too old: 109 days (limit: 30)
[DELETE] (6904|rare) Too old: 46 days (limit: 30)
[DELETE] (6904|rare) Too old: 106 days (limit: 30)
[OK] (6904) Updated content (2902 chars)
[DELETE] (6645|rare) Too old: 32 days (limit: 30)
[OK] (6645) Updated content (2507 chars)
[DELETE] (6645|rare) Too old: 32 days (limit: 30)
[OK] (6645) Updated content (3390 chars)
[DELETE] (9912|rare) Too old: 48 days (limit: 30)
[OK] (6645) Updated content (3532 chars)
[OK] (9912) Updated content (3434 chars)
[DELETE] (9912|rare) Too old: 43 days (limit: 30)
[OK] (9912) Updated content (5974 chars)
[OK] (9912) Updated content (6859 chars)
[DELETE] (5601|rare) Too old: 46 days (limit: 30)
[DELETE] (5601|rare) Too old: 48 days (limit: 30)
[OK] (5601) Updated content (6285 chars)
[OK] (5601) Updated content (5235 chars)
[OK] (4950) Updated content (2980 chars)
[DELETE] (4950|rare) Too old: 43 days (limit: 30)
[OK] (5601) Updated content (2617 chars)
[OK] (4950) Updated content (5378 chars)
[OK] (4950) Updated content (5686 chars)
[OK] (4950) Updated content (5640 chars)
[DELETE] (1475|rare) Too old: 46 days (limit: 30)
[DELETE] (1475|rare) Too old: 54 days (limit: 30)
[DELETE] (1475|rare) Too old: 43 days (limit: 30)
[DELETE] (1475|rare) Too old: 43 days (limit: 30)
[OK] (1475) Updated content (2687 chars)
[DELETE] (2719|rare) Too old: 46 days (limit: 30)
[DELETE] (2719|rare) Too old: 48 days (limit: 30)
[OK] (2719) Updated content (5754 chars)
[OK] (2719) Updated content (4508 chars)
[OK] (2719) Updated content (2815 chars)
[DELETE] (3465|rare) Too old: 49 days (limit: 30)
[DELETE] (3465|rare) Too old: 49 days (limit: 30)
[DELETE] (3465|rare) Too old: 46 days (limit: 30)
[OK] (3465) Updated content (5738 chars)
[OK] (3465) Updated content (2722 chars)
[DELETE] (4154|rare) Too old: 75 days (limit: 30)
[DELETE] (4154|rare) Too old: 46 days (limit: 30)
[DELETE] (4154|rare) Too old: 41 days (limit: 30)
[OK] (4154) Updated content (2711 chars)
[OK] (4154) Updated content (5949 chars)
[OK] (3018) Updated content (3411 chars)
[OK] (3018) Updated content (3406 chars)
[OK] (3018) Updated content (3729 chars)
[OK] (3018) Updated content (3947 chars)
[OK] (3018) Updated content (2655 chars)
[DELETE] (2740|rare) Too old: 47 days (limit: 30)
[DELETE] (2740|rare) Too old: 42 days (limit: 30)
[DELETE] (2740|rare) Too old: 42 days (limit: 30)
[OK] (2740) Updated content (2657 chars)
[DELETE] (1453|rare) Too old: 46 days (limit: 30)
[DELETE] (1453|rare) Too old: 35 days (limit: 30)
[DELETE] (1453|rare) Too old: 48 days (limit: 30)
[OK] (2740) Updated content (5869 chars)
[OK] (1453) Updated content (5843 chars)
[OK] (1453) Updated content (2483 chars)
[DELETE] (910861|rare) Too old: 167 days (limit: 30)
[DELETE] (910861|rare) Too old: 138 days (limit: 30)
[DELETE] (910861|rare) Too old: 113 days (limit: 30)
[DELETE] (910861|rare) Too old: 75 days (limit: 30)
[DELETE] (910861|rare) Too old: 84 days (limit: 30)
[OK] (6730) Updated content (9522 chars)
[OK] (6730) Updated content (6364 chars)
[OK] (6730) Updated content (7513 chars)
[OK] (6730) Updated content (9638 chars)
[DELETE] (2235|rare) Too old: 99 days (limit: 30)
[OK] (6730) Updated content (2918 chars)
[DELETE] (2235|rare) Too old: 102 days (limit: 30)
[OK] (2235) Updated content (2744 chars)
[DELETE] (2235|rare) Too old: 46 days (limit: 30)
[DELETE] (2235|rare) Too old: 74 days (limit: 30)
[DELETE] (5703|rare) Too old: 74 days (limit: 30)
[DELETE] (5703|rare) Too old: 84 days (limit: 30)
[DELETE] (5703|rare) Too old: 54 days (limit: 30)
[DELETE] (5703|rare) Too old: 40 days (limit: 30)
[DELETE] (1423|rare) Too old: 47 days (limit: 30)
[DELETE] (1423|rare) Too old: 46 days (limit: 30)
[OK] (5703) Updated content (2983 chars)
[OK] (1423) Updated content (6616 chars)
[OK] (1423) Updated content (2686 chars)
[OK] (1423) Updated content (5778 chars)
[OK] (6872) Updated content (5882 chars)
[DELETE] (6872|rare) Too old: 46 days (limit: 30)
[OK] (6872) Updated content (7099 chars)
[OK] (6872) Updated content (5781 chars)
[OK] (6872) Updated content (2730 chars)
[OK] (1599) Updated content (7498 chars)
[OK] (1599) Updated content (8267 chars)
[OK] (1599) Updated content (7322 chars)
[OK] (1599) Updated content (6963 chars)
[OK] (1599) Updated content (5735 chars)
[OK] (1472) Updated content (9064 chars)
[OK] (1472) Updated content (7312 chars)
[OK] (1472) Updated content (5132 chars)
[OK] (1472) Updated content (6279 chars)
[OK] (1472) Updated content (3034 chars)
[OK] (8067) Updated content (5883 chars)
[DELETE] (8067|rare) Too old: 43 days (limit: 30)
[OK] (8067) Updated content (7979 chars)
[OK] (8067) Updated content (9177 chars)
[OK] (8067) Updated content (3387 chars)
[DELETE] (3672|rare) Too old: 75 days (limit: 30)
[DELETE] (3672|rare) Too old: 48 days (limit: 30)
[DELETE] (3672|rare) Too old: 46 days (limit: 30)
[OK] (3672) Updated content (3147 chars)
[OK] (3672) Updated content (5751 chars)
[DELETE] (8077|rare) Too old: 46 days (limit: 30)
[SKIP] (8077) Failed to fetch: https://tw.stock.yahoo.com/news/%E5%85%AC%E5%91%8A-%E6%B4%9B%E7%A2%81%E7%A7%9F%E8%B3%83%E5%8F%96%E5%BE%97%E8%87%AA%E5%8A%A9%E6%AB%83%E5%93%A1%E6%A9%9F%E4%BD%BF%E7%94%A8%E6%AC%8A%E8%B3%87%E7%94%A2-085159373.html
[DELETE] (8077|rare) Too old: 49 days (limit: 30)
[DELETE] (8077|rare) Too old: 32 days (limit: 30)
[OK] (8077) Updated content (3341 chars)
[DELETE] (5348|rare) Too old: 105 days (limit: 30)
[DELETE] (5348|rare) Too old: 74 days (limit: 30)
[DELETE] (5348|rare) Too old: 46 days (limit: 30)
[DELETE] (5348|rare) Too old: 46 days (limit: 30)
[OK] (5348) Updated content (3039 chars)
[DELETE] (4139|rare) Too old: 46 days (limit: 30)
[OK] (4139) Updated content (2653 chars)
[OK] (4139) Updated content (2972 chars)
[OK] (4139) Updated content (6437 chars)
[OK] (7716) Updated content (9024 chars)
[OK] (4139) Updated content (5700 chars)
[OK] (7716) Updated content (8073 chars)
[OK] (7716) Updated content (6158 chars)
[DELETE] (6929|rare) Too old: 74 days (limit: 30)
[OK] (7716) Updated content (7679 chars)
[OK] (7716) Updated content (2806 chars)
[DELETE] (6929|rare) Too old: 55 days (limit: 30)
[DELETE] (6929|rare) Too old: 63 days (limit: 30)
[OK] (1465) Updated content (5844 chars)
[OK] (1465) Updated content (9338 chars)
[OK] (6929) Updated content (5751 chars)
[OK] (6929) Updated content (2908 chars)
[OK] (1465) Updated content (7874 chars)
[OK] (1465) Updated content (8289 chars)
[DELETE] (6887|rare) Too old: 41 days (limit: 30)
[OK] (1465) Updated content (2533 chars)
[DELETE] (6887|rare) Too old: 41 days (limit: 30)
[DELETE] (6887|rare) Too old: 41 days (limit: 30)
[OK] (6887) Updated content (2564 chars)
[DELETE] (4413|rare) Too old: 46 days (limit: 30)
[DELETE] (6887|rare) Too old: 41 days (limit: 30)
[DELETE] (4413|rare) Too old: 40 days (limit: 30)
[DELETE] (4413|rare) Too old: 40 days (limit: 30)
[DELETE] (6988|rare) Too old: 34 days (limit: 30)
[OK] (4413) Updated content (2649 chars)
[OK] (4413) Updated content (4651 chars)
[OK] (6988) Updated content (2950 chars)
[OK] (6988) Updated content (2956 chars)
[OK] (6988) Updated content (2751 chars)
[OK] (6988) Updated content (4008 chars)
[DELETE] (6210|rare) Too old: 46 days (limit: 30)
[OK] (6210) Updated content (2614 chars)
[OK] (6210) Updated content (5708 chars)
[OK] (6210) Updated content (7753 chars)
[OK] (6210) Updated content (8860 chars)
[DELETE] (9926|rare) Too old: 55 days (limit: 30)
[DELETE] (9926|rare) Too old: 75 days (limit: 30)
[OK] (9926) Updated content (5837 chars)
[OK] (9926) Updated content (2683 chars)
[DELETE] (9926|rare) Too old: 46 days (limit: 30)
[OK] (4905) Updated content (6866 chars)
[OK] (4905) Updated content (2877 chars)
[OK] (4905) Updated content (8069 chars)
[OK] (4905) Updated content (8664 chars)
[OK] (4905) Updated content (5947 chars)
[OK] (4535) Updated content (6773 chars)
[OK] (4535) Updated content (9723 chars)
[OK] (4535) Updated content (2977 chars)
[OK] (4535) Updated content (9025 chars)
[OK] (4535) Updated content (7583 chars)
[DELETE] (1468|rare) Too old: 46 days (limit: 30)
[OK] (1468) Updated content (2647 chars)
[OK] (1468) Updated content (8145 chars)
[OK] (1468) Updated content (9571 chars)
[OK] (1468) Updated content (5854 chars)
[DELETE] (6144|rare) Too old: 56 days (limit: 30)
[DELETE] (6144|rare) Too old: 48 days (limit: 30)
[DELETE] (6144|rare) Too old: 46 days (limit: 30)
[OK] (6144) Updated content (2570 chars)
[OK] (6144) Updated content (5612 chars)
[DELETE] (2939|rare) Too old: 48 days (limit: 30)
[DELETE] (2939|rare) Too old: 71 days (limit: 30)
[OK] (2939) Updated content (2559 chars)
[DELETE] (2939|rare) Too old: 43 days (limit: 30)
[OK] (2939) Updated content (5905 chars)
[DELETE] (2924|rare) Too old: 48 days (limit: 30)
[DELETE] (2924|rare) Too old: 46 days (limit: 30)
[OK] (2924) Updated content (2508 chars)
[OK] (2924) Updated content (5975 chars)
[OK] (2924) Updated content (7628 chars)
[DELETE] (4192|rare) Too old: 46 days (limit: 30)
[DELETE] (4192|rare) Too old: 49 days (limit: 30)
[OK] (4192) Updated content (2750 chars)
[OK] (4192) Updated content (8118 chars)
[OK] (4192) Updated content (5909 chars)
[DELETE] (4804|rare) Too old: 43 days (limit: 30)
[DELETE] (4804|rare) Too old: 39 days (limit: 30)
[DELETE] (4804|rare) Too old: 43 days (limit: 30)
[OK] (4804) Updated content (4716 chars)
[OK] (6997) Updated content (6107 chars)
[OK] (4804) Updated content (2427 chars)
[OK] (6997) Updated content (8630 chars)
[OK] (6997) Updated content (5235 chars)
[DELETE] (4183|rare) Too old: 111 days (limit: 30)
[OK] (6997) Updated content (7225 chars)
[OK] (6997) Updated content (2656 chars)
[DELETE] (4183|rare) Too old: 109 days (limit: 30)
[DELETE] (4183|rare) Too old: 75 days (limit: 30)
[OK] (4183) Updated content (2629 chars)
[DELETE] (4183|rare) Too old: 47 days (limit: 30)
[DELETE] (3095|rare) Too old: 35 days (limit: 30)
[OK] (3095) Updated content (4038 chars)
[OK] (3095) Updated content (6825 chars)
[OK] (3095) Updated content (2648 chars)
[DELETE] (2911|rare) Too old: 33 days (limit: 30)
[OK] (2911) Updated content (6075 chars)
[OK] (3095) Updated content (5731 chars)
[OK] (2911) Updated content (7615 chars)
[OK] (2911) Updated content (8905 chars)
[OK] (2911) Updated content (2749 chars)
[DELETE] (3632|rare) Too old: 43 days (limit: 30)
[DELETE] (3632|rare) Too old: 54 days (limit: 30)
[OK] (3632) Updated content (5753 chars)
[OK] (3632) Updated content (2796 chars)
[OK] (3632) Updated content (5949 chars)
[DELETE] (3064|rare) Too old: 74 days (limit: 30)
[DELETE] (3064|rare) Too old: 83 days (limit: 30)
[OK] (3064) Updated content (2834 chars)
[DELETE] (3064|rare) Too old: 49 days (limit: 30)
[DELETE] (3064|rare) Too old: 46 days (limit: 30)
[DELETE] (4924|rare) Too old: 43 days (limit: 30)
[DELETE] (4924|rare) Too old: 50 days (limit: 30)
[DELETE] (4924|rare) Too old: 36 days (limit: 30)
[SKIP] (4924) Failed to fetch: https://tw.stock.yahoo.com/news/%E5%85%AC%E5%91%8A-%E6%AC%A3%E5%8E%9A-ky%E8%91%A3%E4%BA%8B%E6%9C%83%E9%80%9A%E9%81%8E115%E5%B9%B4%E7%AC%AC-%E5%AD%A3%E5%90%88%E4%BD%B5%E8%B2%A1%E5%8B%99%E5%A0%B1%E5%91%8A-073531120.html
[DELETE] (3252|rare) Too old: 49 days (limit: 30)
[OK] (4924) Updated content (2650 chars)
[DELETE] (3252|rare) Too old: 46 days (limit: 30)
[OK] (3252) Updated content (2746 chars)
[OK] (3252) Updated content (5721 chars)
[SKIP] (8455) Failed to fetch: https://tw.stock.yahoo.com/news/%E5%85%AC%E5%91%8A-%E5%A4%A7%E6%8B%93-ky-2026%E5%B9%B44%E6%9C%88%E5%90%88%E4%BD%B5%E7%87%9F%E6%94%B61-13%E5%84%84%E5%85%83-080422767.html
[DELETE] (8455|rare) Too old: 42 days (limit: 30)
[OK] (3252) Updated content (5751 chars)
[DELETE] (8455|rare) Too old: 33 days (limit: 30)
[DELETE] (2948|rare) Too old: 47 days (limit: 30)
[OK] (8455) Updated content (2546 chars)
[DELETE] (2948|rare) Too old: 46 days (limit: 30)
[OK] (8455) Updated content (5815 chars)
[OK] (2948) Updated content (8476 chars)
[OK] (2948) Updated content (8583 chars)
[OK] (2948) Updated content (2919 chars)
[DELETE] (3531|rare) Too old: 48 days (limit: 30)
[SKIP] (3531) Failed to fetch: https://tw.stock.yahoo.com/news/%E5%85%AC%E5%91%8A-%E5%85%88%E7%9B%8A-2026%E5%B9%B44%E6%9C%88%E5%90%88%E4%BD%B5%E7%87%9F%E6%94%B61-01%E5%84%84%E5%85%83-%E5%B9%B4%E5%A2%9E-081242333.html
[OK] (3531) Updated content (5797 chars)
[OK] (3531) Updated content (3513 chars)
[SKIP] (3531) Failed to fetch: https://tw.stock.yahoo.com/news/%E5%85%AC%E5%91%8A-%E5%85%88%E7%9B%8A%E8%91%A3%E4%BA%8B%E6%9C%83%E6%B1%BA%E8%AD%B0%E7%8F%BE%E9%87%91%E8%82%A1%E5%88%A9%E7%99%BC%E6%94%BE%E5%9F%BA%E6%BA%96%E6%97%A5-065424577.html
[DELETE] (4767|rare) Too old: 102 days (limit: 30)
[DELETE] (4767|rare) Too old: 106 days (limit: 30)
[DELETE] (4767|rare) Too old: 75 days (limit: 30)
[OK] (4767) Updated content (3064 chars)
[DELETE] (4767|rare) Too old: 46 days (limit: 30)
[DELETE] (8923|rare) Too old: 49 days (limit: 30)
[DELETE] (8923|rare) Too old: 57 days (limit: 30)
[DELETE] (8923|rare) Too old: 43 days (limit: 30)
[OK] (8923) Updated content (7343 chars)
[OK] (8923) Updated content (5689 chars)
[DELETE] (4153|rare) Too old: 57 days (limit: 30)
[DELETE] (4153|rare) Too old: 49 days (limit: 30)
[SKIP] (4153) Failed to fetch: https://tw.stock.yahoo.com/news/%E5%85%AC%E5%91%8A-%E9%88%BA%E7%B7%AF%E8%91%A3%E4%BA%8B%E9%95%B7%E6%B1%BA%E5%AE%9A%E7%8F%BE%E9%87%91%E8%82%A1%E5%88%A9%E9%85%8D%E6%81%AF%E5%8F%8A%E8%B3%87%E6%9C%AC%E5%85%AC%E7%A9%8D%E7%99%BC%E6%94%BE%E7%8F%BE%E9%87%91%E5%9F%BA%E6%BA%96%E6%97%A5-091431083.html
[DELETE] (1443|rare) Too old: 57 days (limit: 30)
[DELETE] (1443|rare) Too old: 48 days (limit: 30)
[OK] (4153) Updated content (8147 chars)
[OK] (4153) Updated content (3929 chars)
[DELETE] (1443|rare) Too old: 46 days (limit: 30)
[OK] (1443) Updated content (3365 chars)
[OK] (1443) Updated content (6040 chars)
[DELETE] (3523|rare) Too old: 47 days (limit: 30)
[OK] (3523) Updated content (3431 chars)
[DELETE] (3523|rare) Too old: 46 days (limit: 30)
[OK] (3523) Updated content (3002 chars)
[DELETE] (1781|rare) Too old: 54 days (limit: 30)
[DELETE] (1781|rare) Too old: 46 days (limit: 30)
[OK] (3523) Updated content (6274 chars)
[DELETE] (1781|rare) Too old: 43 days (limit: 30)
[OK] (1781) Updated content (2884 chars)
[OK] (8477) Updated content (4814 chars)
[DELETE] (8477|rare) Too old: 33 days (limit: 30)
[OK] (1781) Updated content (5724 chars)
[OK] (8477) Updated content (4410 chars)
[OK] (8477) Updated content (5155 chars)
[OK] (8477) Updated content (5172 chars)
[OK] (3516) Updated content (2951 chars)
[OK] (3516) Updated content (8117 chars)
[OK] (3516) Updated content (5598 chars)
[OK] (3516) Updated content (5758 chars)
[OK] (3516) Updated content (8316 chars)
[DELETE] (4402|rare) Too old: 47 days (limit: 30)
[OK] (4402) Updated content (5759 chars)
[DELETE] (4402|rare) Too old: 46 days (limit: 30)
[OK] (4402) Updated content (3474 chars)
[OK] (4402) Updated content (6719 chars)
[OK] (2947) Updated content (8770 chars)
[OK] (2947) Updated content (5793 chars)
[OK] (2947) Updated content (3150 chars)
[OK] (2947) Updated content (7816 chars)
[OK] (2947) Updated content (6931 chars)
[DELETE] (1454|rare) Too old: 82 days (limit: 30)
[OK] (1454) Updated content (2980 chars)
[OK] (1454) Updated content (4409 chars)
[DELETE] (1454|rare) Too old: 48 days (limit: 30)
[OK] (1454) Updated content (5834 chars)
[DELETE] (1259|rare) Too old: 32 days (limit: 30)
[DELETE] (1259|rare) Too old: 32 days (limit: 30)
[DELETE] (4304|rare) Too old: 47 days (limit: 30)
[DELETE] (4304|rare) Too old: 43 days (limit: 30)
[DELETE] (4304|rare) Too old: 33 days (limit: 30)
[DELETE] (1259|rare) Too old: 32 days (limit: 30)
[OK] (4304) Updated content (2957 chars)
[DELETE] (1259|rare) Too old: 32 days (limit: 30)
[OK] (4304) Updated content (4645 chars)
[OK] (1906) Updated content (3059 chars)
[OK] (1906) Updated content (3662 chars)
[OK] (1259) Updated content (3072 chars)
[OK] (1906) Updated content (3461 chars)
[OK] (1906) Updated content (3849 chars)
[OK] (6556) Updated content (7167 chars)
[OK] (6556) Updated content (7140 chars)
[SKIP] (1906) Failed to fetch: https://tw.stock.yahoo.com/news/%E8%8F%AF%E7%B4%99%E9%80%A3%E6%8B%89%E5%85%A9%E6%A0%B9%E6%BC%B2%E5%81%9C%EF%BC%81%E8%BF%912%E8%90%AC%E5%BC%B5%E6%8E%92%E9%9A%8A%E7%AD%89%E8%B2%B7-%E7%88%864%E8%90%AC%E5%BC%B5%E5%A4%A7%E9%87%8F%E5%89%B5%E8%BF%91%E4%B8%89%E6%9C%88%E6%96%B0%E9%AB%98-021835508.html
[OK] (6556) Updated content (2956 chars)
[DELETE] (4706|rare) Too old: 46 days (limit: 30)
[OK] (6556) Updated content (5769 chars)
[OK] (6556) Updated content (4827 chars)
[OK] (4706) Updated content (3006 chars)
[SKIP] (4706) Failed to fetch: https://tw.stock.yahoo.com/news/%E5%85%AC%E5%91%8A-%E5%A4%A7%E6%81%AD%E6%94%B9%E9%81%B8%E8%91%A3%E4%BA%8B%E9%95%B7-034308987.html
[OK] (4706) Updated content (8978 chars)
[DELETE] (1213|rare) Too old: 47 days (limit: 30)
[OK] (4706) Updated content (5711 chars)
[DELETE] (1213|rare) Too old: 74 days (limit: 30)
[DELETE] (1213|rare) Too old: 41 days (limit: 30)
[OK] (1213) Updated content (2915 chars)
[DELETE] (6616|rare) Too old: 42 days (limit: 30)
[OK] (1213) Updated content (5741 chars)
[DELETE] (6616|rare) Too old: 42 days (limit: 30)
[DELETE] (6616|rare) Too old: 41 days (limit: 30)
[DELETE] (8342|rare) Too old: 46 days (limit: 30)
[OK] (6616) Updated content (5881 chars)
[OK] (6616) Updated content (3061 chars)
[DELETE] (8342|rare) Too old: 46 days (limit: 30)
[OK] (8342) Updated content (7280 chars)
[OK] (8342) Updated content (5662 chars)
[DELETE] (2901|rare) Too old: 74 days (limit: 30)
[OK] (8342) Updated content (3090 chars)
[DELETE] (2901|rare) Too old: 50 days (limit: 30)
[DELETE] (2901|rare) Too old: 47 days (limit: 30)
[DELETE] (2901|rare) Too old: 43 days (limit: 30)
[OK] (2901) Updated content (3078 chars)
[DELETE] (2726|rare) Too old: 48 days (limit: 30)
[DELETE] (2726|rare) Too old: 57 days (limit: 30)
[DELETE] (2726|rare) Too old: 43 days (limit: 30)
[DELETE] (2726|rare) Too old: 43 days (limit: 30)
[OK] (2726) Updated content (2972 chars)
[DELETE] (2024|rare) Too old: 54 days (limit: 30)
[DELETE] (2024|rare) Too old: 74 days (limit: 30)
[DELETE] (2024|rare) Too old: 46 days (limit: 30)
[DELETE] (2024|rare) Too old: 43 days (limit: 30)
[OK] (2024) Updated content (3381 chars)
[DELETE] (6542|rare) Too old: 103 days (limit: 30)
[DELETE] (6542|rare) Too old: 47 days (limit: 30)
[DELETE] (6542|rare) Too old: 75 days (limit: 30)
[DELETE] (6542|rare) Too old: 46 days (limit: 30)
[OK] (6542) Updated content (2869 chars)
[DELETE] (5878|rare) Too old: 35 days (limit: 30)
[OK] (5878) Updated content (5634 chars)
[OK] (5878) Updated content (5238 chars)
[OK] (5878) Updated content (7754 chars)
[OK] (5878) Updated content (2978 chars)
[DELETE] (2937|rare) Too old: 49 days (limit: 30)
[DELETE] (2937|rare) Too old: 60 days (limit: 30)
[DELETE] (2937|rare) Too old: 43 days (limit: 30)
[OK] (2937) Updated content (3070 chars)
[OK] (2937) Updated content (5798 chars)
[DELETE] (1324|rare) Too old: 55 days (limit: 30)
[DELETE] (1324|rare) Too old: 47 days (limit: 30)
[DELETE] (1324|rare) Too old: 46 days (limit: 30)
[OK] (1324) Updated content (3300 chars)
[OK] (4745) Updated content (3313 chars)
[OK] (1324) Updated content (5840 chars)
[OK] (4745) Updated content (2881 chars)
[OK] (4745) Updated content (4755 chars)
[OK] (4745) Updated content (2769 chars)
[OK] (4745) Updated content (4364 chars)
[DELETE] (6294|lower) Too old: 43 days (limit: 30)
[OK] (6294) Updated content (6099 chars)
[OK] (6294) Updated content (3032 chars)
[OK] (6294) Updated content (7392 chars)
[DELETE] (6680|lower) Too old: 76 days (limit: 30)
[SKIP] (6294) Failed to fetch: https://tw.stock.yahoo.com/news/%E5%85%AC%E5%91%8A-%E6%99%BA%E5%9F%BA115%E5%B9%B4%E8%82%A1%E6%9D%B1%E5%B8%B8%E6%9C%83%E5%85%A8%E9%9D%A2%E6%94%B9%E9%81%B8%E8%91%A3%E4%BA%8B-064538799.html
[DELETE] (6680|lower) Too old: 57 days (limit: 30)
[DELETE] (6680|lower) Too old: 49 days (limit: 30)
[DELETE] (6680|lower) Too old: 49 days (limit: 30)
[OK] (6680) Updated content (2969 chars)
[OK] (6692) Updated content (5736 chars)
[DELETE] (6692|lower) Too old: 32 days (limit: 30)
[OK] (6692) Updated content (3254 chars)
[OK] (6692) Updated content (5567 chars)
[DELETE] (5489|lower) Too old: 54 days (limit: 30)
[OK] (6692) Updated content (3001 chars)
[DELETE] (5489|lower) Too old: 46 days (limit: 30)
[OK] (5489) Updated content (3337 chars)
[OK] (5489) Updated content (2956 chars)
[DELETE] (5489|lower) Too old: 43 days (limit: 30)
[DELETE] (6154|lower) Too old: 106 days (limit: 30)
[DELETE] (6154|lower) Too old: 74 days (limit: 30)
[DELETE] (6154|lower) Too old: 46 days (limit: 30)
[OK] (6154) Updated content (6692 chars)
[OK] (1323) Updated content (5976 chars)
[OK] (6154) Updated content (2954 chars)
[OK] (1323) Updated content (3199 chars)
[OK] (1323) Updated content (3000 chars)
[OK] (1323) Updated content (3589 chars)
[OK] (1323) Updated content (8187 chars)
[DELETE] (5211|lower) Too old: 50 days (limit: 30)
[DELETE] (5211|lower) Too old: 60 days (limit: 30)
[DELETE] (5211|lower) Too old: 75 days (limit: 30)
[DELETE] (5211|lower) Too old: 46 days (limit: 30)
[DELETE] (7708|lower) Too old: 43 days (limit: 30)
[OK] (7708) Updated content (6093 chars)
[OK] (5211) Updated content (3071 chars)
[OK] (7708) Updated content (6293 chars)
[OK] (4207) Updated content (3020 chars)
[OK] (7708) Updated content (7233 chars)
[OK] (7708) Updated content (4370 chars)
[OK] (4207) Updated content (7409 chars)
[OK] (4207) Updated content (6086 chars)
[DELETE] (4138|lower) Too old: 46 days (limit: 30)
[OK] (4207) Updated content (5669 chars)
[OK] (4207) Updated content (8170 chars)
[DELETE] (4138|lower) Too old: 46 days (limit: 30)
[OK] (4138) Updated content (7168 chars)
[OK] (4138) Updated content (6030 chars)
[OK] (4138) Updated content (3146 chars)
[DELETE] (5548|lower) Too old: 46 days (limit: 30)
[DELETE] (5548|lower) Too old: 35 days (limit: 30)
[DELETE] (5548|lower) Too old: 67 days (limit: 30)
[OK] (5548) Updated content (3137 chars)
[DELETE] (3520|lower) Too old: 50 days (limit: 30)
[OK] (5548) Updated content (5720 chars)
[OK] (3520) Updated content (6449 chars)
[DELETE] (3520|lower) Too old: 47 days (limit: 30)
[OK] (3520) Updated content (3192 chars)
[DELETE] (8930|lower) Too old: 110 days (limit: 30)
[DELETE] (8930|lower) Too old: 77 days (limit: 30)
[DELETE] (8930|lower) Too old: 54 days (limit: 30)
[OK] (3520) Updated content (6816 chars)
[OK] (8444) Updated content (6242 chars)
[DELETE] (8930|lower) Too old: 48 days (limit: 30)
[OK] (8444) Updated content (4273 chars)
[OK] (8444) Updated content (3450 chars)
[OK] (8930) Updated content (3228 chars)
[OK] (8444) Updated content (3222 chars)
[OK] (3054) Updated content (7958 chars)
[OK] (3054) Updated content (7085 chars)
[OK] (8444) Updated content (6887 chars)
[OK] (3054) Updated content (8482 chars)
[OK] (3054) Updated content (3158 chars)
[DELETE] (3168|lower) Too old: 34 days (limit: 30)
[OK] (3054) Updated content (6613 chars)
[DELETE] (3168|lower) Too old: 34 days (limit: 30)
[OK] (3168) Updated content (6573 chars)
[OK] (3168) Updated content (3157 chars)
[OK] (3168) Updated content (5934 chars)
[DELETE] (9950|lower) Too old: 75 days (limit: 30)
[DELETE] (9950|lower) Too old: 47 days (limit: 30)
[DELETE] (9950|lower) Too old: 46 days (limit: 30)
[OK] (9950) Updated content (3121 chars)
[DELETE] (9950|lower) Too old: 43 days (limit: 30)
[DELETE] (6101|lower) Too old: 46 days (limit: 30)
[DELETE] (6101|lower) Too old: 50 days (limit: 30)
[DELETE] (6101|lower) Too old: 77 days (limit: 30)
[OK] (6101) Updated content (2928 chars)
[DELETE] (6101|lower) Too old: 41 days (limit: 30)
[DELETE] (3716|lower) Too old: 49 days (limit: 30)
[DELETE] (3716|lower) Too old: 46 days (limit: 30)
[OK] (3716) Updated content (6086 chars)
[OK] (3716) Updated content (5885 chars)
[DELETE] (6464|lower) Too old: 34 days (limit: 30)
[OK] (3716) Updated content (3282 chars)
[DELETE] (6464|lower) Too old: 34 days (limit: 30)
[OK] (6464) Updated content (3314 chars)
[OK] (9905) Updated content (5345 chars)
[OK] (6464) Updated content (3301 chars)
[SKIP] (6464) Failed to fetch: https://tw.stock.yahoo.com/news/%E5%85%AC%E5%91%8A-%E5%8F%B0%E6%95%B8%E7%A7%91115%E5%B9%B4%E8%82%A1%E6%9D%B1%E5%B8%B8%E6%9C%83%E9%87%8D%E8%A6%81%E6%B1%BA%E8%AD%B0%E4%BA%8B%E9%A0%85-085243525.html
[OK] (9905) Updated content (6349 chars)
[OK] (9905) Updated content (3081 chars)
[OK] (9905) Updated content (9873 chars)
[OK] (9905) Updated content (8120 chars)
[DELETE] (5704|lower) Too old: 77 days (limit: 30)
[DELETE] (5704|lower) Too old: 47 days (limit: 30)
[DELETE] (5704|lower) Too old: 55 days (limit: 30)
[DELETE] (5704|lower) Too old: 48 days (limit: 30)
[DELETE] (8931|lower) Too old: 98 days (limit: 30)
[DELETE] (8931|lower) Too old: 46 days (limit: 30)
[DELETE] (8931|lower) Too old: 74 days (limit: 30)
[OK] (5704) Updated content (3048 chars)
[DELETE] (8931|lower) Too old: 41 days (limit: 30)
[DELETE] (1417|lower) Too old: 32 days (limit: 30)
[DELETE] (1417|lower) Too old: 32 days (limit: 30)
[OK] (8931) Updated content (3109 chars)
[OK] (1417) Updated content (3306 chars)
[SKIP] (1417) Failed to fetch: https://tw.stock.yahoo.com/news/%E5%85%AC%E5%91%8A-%E5%98%89%E8%A3%95%E8%91%A3%E4%BA%8B%E6%9C%83%E6%8E%A8%E9%81%B8%E8%91%A3%E4%BA%8B%E9%95%B7%E5%8F%8A%E5%89%AF%E8%91%A3%E4%BA%8B%E9%95%B7-101628580.html
[OK] (1417) Updated content (4923 chars)
[DELETE] (2706|lower) Too old: 75 days (limit: 30)
[DELETE] (2706|lower) Too old: 50 days (limit: 30)
[DELETE] (2706|lower) Too old: 47 days (limit: 30)
[DELETE] (2706|lower) Too old: 42 days (limit: 30)
[OK] (2706) Updated content (2929 chars)
[OK] (6597) Updated content (2953 chars)
[OK] (6597) Updated content (5500 chars)
[OK] (6597) Updated content (5435 chars)
[OK] (6597) Updated content (5742 chars)
[OK] (6597) Updated content (5626 chars)
[DELETE] (1558|lower) Too old: 75 days (limit: 30)
[OK] (1558) Updated content (5725 chars)
[DELETE] (1558|lower) Too old: 47 days (limit: 30)
[OK] (1558) Updated content (2944 chars)
[DELETE] (2718|lower) Too old: 42 days (limit: 30)
[OK] (1558) Updated content (5353 chars)
[DELETE] (2718|lower) Too old: 46 days (limit: 30)
[DELETE] (2718|lower) Too old: 42 days (limit: 30)
[DELETE] (2718|lower) Too old: 42 days (limit: 30)
[DELETE] (2506|lower) Too old: 34 days (limit: 30)
[OK] (2718) Updated content (2900 chars)
[OK] (2506) Updated content (4986 chars)
[OK] (2506) Updated content (3991 chars)
[OK] (2506) Updated content (5756 chars)
[OK] (2506) Updated content (2917 chars)
[OK] (9931) Updated content (6081 chars)
[OK] (9931) Updated content (8065 chars)
[OK] (9931) Updated content (6289 chars)
[OK] (9931) Updated content (2937 chars)
[OK] (9931) Updated content (5575 chars)
[DELETE] (4711|lower) Too old: 106 days (limit: 30)
[DELETE] (4711|lower) Too old: 55 days (limit: 30)
[DELETE] (4711|lower) Too old: 75 days (limit: 30)
[DELETE] (4711|lower) Too old: 46 days (limit: 30)
[DELETE] (4711|lower) Too old: 43 days (limit: 30)
[DELETE] (6109|lower) Too old: 41 days (limit: 30)
[DELETE] (6109|lower) Too old: 42 days (limit: 30)
[DELETE] (6109|lower) Too old: 42 days (limit: 30)
[DELETE] (6109|lower) Too old: 41 days (limit: 30)
[OK] (6109) Updated content (3051 chars)
[OK] (3541) Updated content (3412 chars)
[OK] (3541) Updated content (9197 chars)
[OK] (3541) Updated content (557 chars)
[OK] (3541) Updated content (6088 chars)
[OK] (3541) Updated content (7732 chars)
[DELETE] (6183|lower) Too old: 55 days (limit: 30)
[DELETE] (6183|lower) Too old: 47 days (limit: 30)
[DELETE] (6183|lower) Too old: 43 days (limit: 30)
[DELETE] (6183|lower) Too old: 46 days (limit: 30)
[OK] (6183) Updated content (2932 chars)
[DELETE] (6716|lower) Too old: 47 days (limit: 30)
[DELETE] (6716|lower) Too old: 36 days (limit: 30)
[DELETE] (6716|lower) Too old: 47 days (limit: 30)
[DELETE] (6716|lower) Too old: 32 days (limit: 30)
[OK] (6716) Updated content (3333 chars)
[DELETE] (9928|lower) Too old: 104 days (limit: 30)
[DELETE] (9928|lower) Too old: 75 days (limit: 30)
[DELETE] (9928|lower) Too old: 41 days (limit: 30)
[DELETE] (9928|lower) Too old: 46 days (limit: 30)
[OK] (9928) Updated content (3205 chars)
[DELETE] (2012|lower) Too old: 47 days (limit: 30)
[DELETE] (2012|lower) Too old: 47 days (limit: 30)
[OK] (2012) Updated content (2938 chars)
[OK] (2012) Updated content (5770 chars)
[DELETE] (2012|lower) Too old: 43 days (limit: 30)
[DELETE] (7723|lower) Too old: 42 days (limit: 30)
[OK] (7723) Updated content (6036 chars)
[OK] (7723) Updated content (2982 chars)
[DELETE] (7723|lower) Too old: 43 days (limit: 30)
[DELETE] (7723|lower) Too old: 42 days (limit: 30)
[OK] (3206) Updated content (2970 chars)
[DELETE] (3206|lower) Too old: 49 days (limit: 30)
[DELETE] (3206|lower) Too old: 32 days (limit: 30)
[DELETE] (3206|lower) Too old: 46 days (limit: 30)
[DELETE] (3206|lower) Too old: 32 days (limit: 30)
[DELETE] (6578|lower) Too old: 49 days (limit: 30)
[DELETE] (6578|lower) Too old: 32 days (limit: 30)
[OK] (6578) Updated content (3020 chars)
[OK] (6578) Updated content (4113 chars)
[DELETE] (6578|lower) Too old: 48 days (limit: 30)
[DELETE] (3467|lower) Too old: 74 days (limit: 30)
[OK] (7631) Updated content (5974 chars)
[OK] (7631) Updated content (8053 chars)
[OK] (7631) Updated content (6791 chars)
[DELETE] (3467|lower) Too old: 64 days (limit: 30)
[DELETE] (3467|lower) Too old: 46 days (limit: 30)
[OK] (7631) Updated content (3000 chars)
[OK] (7631) Updated content (5618 chars)
[OK] (3467) Updated content (3392 chars)
[DELETE] (3467|lower) Too old: 42 days (limit: 30)
[OK] (7747) Updated content (5613 chars)
[OK] (7747) Updated content (7758 chars)
[OK] (7747) Updated content (7425 chars)
[OK] (7747) Updated content (2807 chars)
[OK] (6201) Updated content (6361 chars)
[SKIP] (7747) Failed to fetch: https://tw.stock.yahoo.com/news/%E5%85%AC%E5%91%8A-%E6%98%95%E5%A5%87%E9%9B%B2%E7%AB%AF%E8%82%A1%E6%9D%B1%E6%9C%83%E9%87%8D%E8%A6%81%E6%B1%BA%E8%AD%B0%E4%BA%8B%E9%A0%85-073226390.html
[SKIP] (6201) Failed to fetch: https://tw.stock.yahoo.com/news/%E5%85%AC%E5%91%8A-%E4%BA%9E%E5%BC%98%E9%9B%BB%E8%82%A1%E6%9D%B1%E5%B8%B8%E6%9C%83%E6%B1%BA%E8%AD%B0%E8%A8%B1%E5%8F%AF%E8%91%A3%E4%BA%8B%E7%AB%B6%E6%A5%AD%E8%A1%8C%E7%82%BA-104343894.html
[OK] (6201) Updated content (8626 chars)
[OK] (6201) Updated content (8165 chars)
[OK] (6201) Updated content (6874 chars)
[DELETE] (9960|lower) Too old: 47 days (limit: 30)
[DELETE] (9960|lower) Too old: 47 days (limit: 30)
[OK] (9960) Updated content (5063 chars)
[OK] (9960) Updated content (3347 chars)
[DELETE] (9960|lower) Too old: 46 days (limit: 30)
[OK] (1731) Updated content (2789 chars)
[OK] (1731) Updated content (7011 chars)
[OK] (1731) Updated content (6536 chars)
[OK] (1731) Updated content (10677 chars)
[OK] (1731) Updated content (8358 chars)
[DELETE] (6708|lower) Too old: 48 days (limit: 30)
[DELETE] (6708|lower) Too old: 56 days (limit: 30)
[OK] (6708) Updated content (8541 chars)
[DELETE] (6708|lower) Too old: 46 days (limit: 30)
[OK] (6708) Updated content (3329 chars)
[DELETE] (6114|lower) Too old: 47 days (limit: 30)
[DELETE] (6114|lower) Too old: 74 days (limit: 30)
[OK] (6114) Updated content (7182 chars)
[OK] (6114) Updated content (6218 chars)
[OK] (6114) Updated content (2644 chars)
[OK] (3666) Updated content (5270 chars)
[OK] (3666) Updated content (6226 chars)
[OK] (3666) Updated content (6120 chars)
[OK] (3666) Updated content (6416 chars)
[OK] (3666) Updated content (2540 chars)
[DELETE] (6982|lower) Too old: 47 days (limit: 30)
[OK] (6982) Updated content (2706 chars)
[OK] (6982) Updated content (5137 chars)
[OK] (6982) Updated content (4463 chars)
[DELETE] (6598|lower) Too old: 52 days (limit: 30)
[OK] (6982) Updated content (4449 chars)
[DELETE] (6598|lower) Too old: 46 days (limit: 30)
[OK] (6598) Updated content (6344 chars)
[OK] (6598) Updated content (3152 chars)
[DELETE] (6598|lower) Too old: 46 days (limit: 30)
[DELETE] (5546|lower) Too old: 43 days (limit: 30)
[DELETE] (5546|lower) Too old: 41 days (limit: 30)
[OK] (5546) Updated content (2776 chars)
[DELETE] (5546|lower) Too old: 41 days (limit: 30)
[DELETE] (5546|lower) Too old: 41 days (limit: 30)
[OK] (6637) Updated content (9553 chars)
[OK] (6637) Updated content (6316 chars)
[OK] (6637) Updated content (7790 chars)
[OK] (6637) Updated content (6423 chars)
[OK] (6637) Updated content (2986 chars)
[OK] (3521) Updated content (4434 chars)
[DELETE] (3521|lower) Too old: 39 days (limit: 30)
[DELETE] (3521|lower) Too old: 46 days (limit: 30)
[OK] (3521) Updated content (4854 chars)
[OK] (3521) Updated content (2498 chars)
[DELETE] (5488|lower) Too old: 46 days (limit: 30)
[DELETE] (5488|lower) Too old: 75 days (limit: 30)
[DELETE] (5488|lower) Too old: 48 days (limit: 30)
[DELETE] (3266|lower) Too old: 103 days (limit: 30)
[DELETE] (3266|lower) Too old: 75 days (limit: 30)
[DELETE] (3266|lower) Too old: 47 days (limit: 30)
[DELETE] (5488|lower) Too old: 35 days (limit: 30)
[DELETE] (3266|lower) Too old: 47 days (limit: 30)
[OK] (5488) Updated content (2632 chars)
[OK] (3266) Updated content (3048 chars)
[DELETE] (1240|lower) Too old: 43 days (limit: 30)
[DELETE] (6593|lower) Too old: 46 days (limit: 30)
[OK] (1240) Updated content (2744 chars)
[DELETE] (1240|lower) Too old: 43 days (limit: 30)
[OK] (1240) Updated content (6293 chars)
[OK] (6593) Updated content (6019 chars)
[OK] (6593) Updated content (7438 chars)
[OK] (1240) Updated content (5951 chars)
[DELETE] (6593|lower) Too old: 43 days (limit: 30)
[OK] (6593) Updated content (2558 chars)
[DELETE] (5364|lower) Too old: 74 days (limit: 30)
[SKIP] (5364) Failed to fetch: https://tw.stock.yahoo.com/news/%E5%85%AC%E5%91%8A-%E5%8A%9B%E9%BA%97%E5%BA%97%E4%BB%A3%E9%87%8D%E8%A6%81%E5%AD%90%E5%85%AC%E5%8F%B8%E6%84%B7%E6%A3%AE%E8%83%BD%E6%BA%90-%E8%82%A1-%E5%85%AC%E5%8F%B8%E5%85%AC%E5%91%8A%E6%93%AC%E8%99%95%E5%88%86%E6%84%B7%E8%98%AD%E9%9B%BB%E5%8A%9B-%E8%82%A1-074932643.html
[DELETE] (5364|lower) Too old: 49 days (limit: 30)
[OK] (5364) Updated content (3374 chars)
[DELETE] (5364|lower) Too old: 46 days (limit: 30)
[OK] (6924) Updated content (4473 chars)
[OK] (6924) Updated content (6928 chars)
[OK] (6924) Updated content (6254 chars)
[OK] (6924) Updated content (2695 chars)
[OK] (6924) Updated content (4875 chars)
[DELETE] (1457|lower) Too old: 46 days (limit: 30)
[OK] (1457) Updated content (8092 chars)
[DELETE] (1457|lower) Too old: 43 days (limit: 30)
[OK] (1457) Updated content (6222 chars)
[OK] (1457) Updated content (3398 chars)
[DELETE] (4754|lower) Too old: 76 days (limit: 30)
[DELETE] (4754|lower) Too old: 46 days (limit: 30)
[OK] (4754) Updated content (6686 chars)
[OK] (4754) Updated content (7195 chars)
[OK] (4754) Updated content (3366 chars)
[OK] (3171) Updated content (6500 chars)
[OK] (3171) Updated content (2881 chars)
[OK] (3171) Updated content (7769 chars)
[OK] (3171) Updated content (9227 chars)
[DELETE] (1337|lower) Too old: 46 days (limit: 30)
[OK] (3171) Updated content (6419 chars)
[OK] (1337) Updated content (3058 chars)
[DELETE] (1337|lower) Too old: 46 days (limit: 30)
[OK] (1337) Updated content (6395 chars)
[DELETE] (6292|lower) Too old: 46 days (limit: 30)
[OK] (1337) Updated content (3886 chars)
[DELETE] (6292|lower) Too old: 32 days (limit: 30)
[OK] (6292) Updated content (4233 chars)
[OK] (6292) Updated content (2548 chars)
[OK] (4190) Updated content (9809 chars)
[OK] (6292) Updated content (4222 chars)
[OK] (4190) Updated content (7786 chars)
[OK] (4190) Updated content (3003 chars)
[OK] (4190) Updated content (5073 chars)
[OK] (4190) Updated content (5272 chars)
[DELETE] (1463|lower) Too old: 46 days (limit: 30)
[DELETE] (1463|lower) Too old: 45 days (limit: 30)
[DELETE] (1463|lower) Too old: 41 days (limit: 30)
[OK] (1463) Updated content (2991 chars)
[DELETE] (1463|lower) Too old: 35 days (limit: 30)
[DELETE] (8472|lower) Too old: 105 days (limit: 30)
[DELETE] (8472|lower) Too old: 105 days (limit: 30)
[SKIP] (8472) Failed to fetch: https://tw.stock.yahoo.com/news/%E5%85%AC%E5%91%8A-%E5%A4%A0%E9%BA%BB%E5%90%89-2026%E5%B9%B43%E6%9C%88%E5%90%88%E4%BD%B5%E7%87%9F%E6%94%B64728-6%E8%90%AC%E5%85%83-%E5%B9%B4%E5%A2%9E11-071440078.html
[DELETE] (8472|lower) Too old: 43 days (limit: 30)
[OK] (8472) Updated content (2470 chars)
[DELETE] (6771|lower) Too old: 89 days (limit: 30)
[DELETE] (6771|lower) Too old: 74 days (limit: 30)
[OK] (6771) Updated content (4532 chars)
[DELETE] (6771|lower) Too old: 43 days (limit: 30)
[OK] (6771) Updated content (2990 chars)
[DELETE] (4935|lower) Too old: 106 days (limit: 30)
[DELETE] (4935|lower) Too old: 75 days (limit: 30)
[DELETE] (4935|lower) Too old: 47 days (limit: 30)
[DELETE] (4935|lower) Too old: 50 days (limit: 30)
[OK] (4935) Updated content (3012 chars)
[DELETE] (2908|lower) Too old: 41 days (limit: 30)
[DELETE] (2908|lower) Too old: 41 days (limit: 30)
[OK] (2908) Updated content (7269 chars)
[DELETE] (2908|lower) Too old: 41 days (limit: 30)
[OK] (2908) Updated content (2561 chars)
[OK] (2438) Updated content (6926 chars)
[OK] (2438) Updated content (8434 chars)
[OK] (2438) Updated content (9516 chars)
[OK] (2438) Updated content (2994 chars)
[OK] (2438) Updated content (6561 chars)
[DELETE] (6569|lower) Too old: 119 days (limit: 30)
[DELETE] (6569|lower) Too old: 46 days (limit: 30)
[OK] (6569) Updated content (2581 chars)
[DELETE] (6569|lower) Too old: 36 days (limit: 30)
[OK] (8272) Updated content (9342 chars)
[OK] (6569) Updated content (6729 chars)
[OK] (8272) Updated content (6357 chars)
[OK] (8272) Updated content (7573 chars)
[OK] (8272) Updated content (6265 chars)
[OK] (2906) Updated content (3027 chars)
[OK] (8272) Updated content (2885 chars)
[OK] (2906) Updated content (7636 chars)
[OK] (2906) Updated content (6209 chars)
[OK] (2906) Updated content (3577 chars)
[DELETE] (8162|lower) Too old: 102 days (limit: 30)
[OK] (2906) Updated content (4336 chars)
[DELETE] (8162|lower) Too old: 46 days (limit: 30)
[OK] (8162) Updated content (5154 chars)
[DELETE] (8162|lower) Too old: 75 days (limit: 30)
[OK] (8162) Updated content (3117 chars)
[DELETE] (6123|lower) Too old: 46 days (limit: 30)
[OK] (6123) Updated content (3116 chars)
[DELETE] (6123|lower) Too old: 43 days (limit: 30)
[DELETE] (4558|lower) Too old: 54 days (limit: 30)
[OK] (6123) Updated content (6855 chars)
[DELETE] (4558|lower) Too old: 46 days (limit: 30)
[OK] (6123) Updated content (6222 chars)
[DELETE] (4558|lower) Too old: 46 days (limit: 30)
[OK] (4558) Updated content (2715 chars)
[OK] (4558) Updated content (4813 chars)
[DELETE] (3118|lower) Too old: 46 days (limit: 30)
[DELETE] (3118|lower) Too old: 75 days (limit: 30)
[DELETE] (3118|lower) Too old: 106 days (limit: 30)
[OK] (3118) Updated content (3855 chars)
[OK] (3118) Updated content (7158 chars)
[DELETE] (4530|lower) Too old: 42 days (limit: 30)
[OK] (4530) Updated content (2785 chars)
[DELETE] (4530|lower) Too old: 42 days (limit: 30)
[DELETE] (4530|lower) Too old: 42 days (limit: 30)
[OK] (4530) Updated content (3484 chars)
[DELETE] (6241|lower) Too old: 42 days (limit: 30)
[DELETE] (6241|lower) Too old: 42 days (limit: 30)
[DELETE] (6241|lower) Too old: 42 days (limit: 30)
[OK] (6241) Updated content (6686 chars)
[OK] (6241) Updated content (3553 chars)
[DELETE] (7767|lower) Too old: 49 days (limit: 30)
[DELETE] (7767|lower) Too old: 47 days (limit: 30)
[DELETE] (4440|lower) Too old: 54 days (limit: 30)
[DELETE] (7767|lower) Too old: 41 days (limit: 30)
[DELETE] (7767|lower) Too old: 46 days (limit: 30)
[SKIP] (7767) Failed to fetch: https://tw.stock.yahoo.com/news/%E5%85%AC%E5%91%8A-%E4%BB%81%E5%A4%A7%E8%B3%87%E8%A8%8A-2026%E5%B9%B45%E6%9C%88%E5%90%88%E4%BD%B5%E7%87%9F%E6%94%B62-35%E5%84%84%E5%85%83-%E5%B9%B4%E5%A2%9E13-032721446.html
[DELETE] (4440|lower) Too old: 46 days (limit: 30)
[DELETE] (4440|lower) Too old: 42 days (limit: 30)
[DELETE] (4440|lower) Too old: 36 days (limit: 30)
[OK] (4440) Updated content (3359 chars)
[DELETE] (8429|lower) Too old: 74 days (limit: 30)
[DELETE] (8429|lower) Too old: 56 days (limit: 30)
[DELETE] (8429|lower) Too old: 46 days (limit: 30)
[DELETE] (8429|lower) Too old: 43 days (limit: 30)
[OK] (8429) Updated content (2952 chars)
[DELETE] (6482|lower) Too old: 105 days (limit: 30)
[DELETE] (6482|lower) Too old: 43 days (limit: 30)
[OK] (6482) Updated content (2811 chars)
[DELETE] (2702|lower) Too old: 55 days (limit: 30)
[DELETE] (6482|lower) Too old: 74 days (limit: 30)
[DELETE] (2702|lower) Too old: 46 days (limit: 30)
[DELETE] (2702|lower) Too old: 46 days (limit: 30)
[OK] (6482) Updated content (8922 chars)
[OK] (2702) Updated content (2981 chars)
[DELETE] (2702|lower) Too old: 34 days (limit: 30)
[OK] (2736) Updated content (2555 chars)
[DELETE] (2736|lower) Too old: 42 days (limit: 30)
[OK] (2736) Updated content (6474 chars)
[DELETE] (8432|lower) Too old: 39 days (limit: 30)
[OK] (2736) Updated content (7110 chars)
[OK] (8432) Updated content (9376 chars)
[OK] (2736) Updated content (6279 chars)
[OK] (8432) Updated content (7650 chars)
[DELETE] (6846|lower) Too old: 47 days (limit: 30)
[OK] (8432) Updated content (2989 chars)
[OK] (8432) Updated content (4639 chars)
[DELETE] (6846|lower) Too old: 47 days (limit: 30)
[OK] (6846) Updated content (6182 chars)
[DELETE] (6846|lower) Too old: 36 days (limit: 30)
[DELETE] (6198|lower) Too old: 33 days (limit: 30)
[OK] (6846) Updated content (2713 chars)
[DELETE] (6198|lower) Too old: 33 days (limit: 30)
[DELETE] (6198|lower) Too old: 33 days (limit: 30)
[DELETE] (4911|lower) Too old: 46 days (limit: 30)
[OK] (6198) Updated content (6262 chars)
[DELETE] (4911|lower) Too old: 49 days (limit: 30)
[OK] (6198) Updated content (3183 chars)
[OK] (4911) Updated content (3353 chars)
[OK] (4911) Updated content (7764 chars)
[DELETE] (2916|lower) Too old: 41 days (limit: 30)
[DELETE] (2916|lower) Too old: 42 days (limit: 30)
[OK] (4911) Updated content (6273 chars)
[OK] (2916) Updated content (6182 chars)
[OK] (2916) Updated content (6664 chars)
[OK] (2916) Updated content (2671 chars)
[DELETE] (4999|lower) Too old: 47 days (limit: 30)
[DELETE] (4999|lower) Too old: 47 days (limit: 30)
[DELETE] (4999|lower) Too old: 47 days (limit: 30)
[DELETE] (4999|lower) Too old: 46 days (limit: 30)
[OK] (4999) Updated content (3522 chars)
[DELETE] (9962|lower) Too old: 54 days (limit: 30)
[DELETE] (9962|lower) Too old: 46 days (limit: 30)
[DELETE] (9962|lower) Too old: 46 days (limit: 30)
[DELETE] (9962|lower) Too old: 46 days (limit: 30)
[OK] (9962) Updated content (6194 chars)
[DELETE] (6194|lower) Too old: 49 days (limit: 30)
[DELETE] (6194|lower) Too old: 47 days (limit: 30)
[DELETE] (6194|lower) Too old: 55 days (limit: 30)
[OK] (6194) Updated content (3216 chars)
[OK] (6276) Updated content (3276 chars)
[OK] (6194) Updated content (6227 chars)
[OK] (6276) Updated content (8707 chars)
[OK] (6276) Updated content (7822 chars)
[OK] (6276) Updated content (8295 chars)
[DELETE] (4108|lower) Too old: 46 days (limit: 30)
[OK] (6276) Updated content (6441 chars)
[DELETE] (4108|lower) Too old: 46 days (limit: 30)
[OK] (4108) Updated content (2714 chars)
[OK] (4108) Updated content (10438 chars)
[DELETE] (3373|lower) Too old: 46 days (limit: 30)
[OK] (4108) Updated content (6542 chars)
[DELETE] (3373|lower) Too old: 46 days (limit: 30)
[DELETE] (3373|lower) Too old: 46 days (limit: 30)
[OK] (3373) Updated content (2764 chars)
[OK] (3373) Updated content (4482 chars)
[DELETE] (2061|lower) Too old: 46 days (limit: 30)
[OK] (2061) Updated content (5886 chars)
[OK] (2061) Updated content (3321 chars)
[OK] (2061) Updated content (2584 chars)
[OK] (2061) Updated content (7500 chars)
[DELETE] (8487|lower) Too old: 46 days (limit: 30)
[DELETE] (8487|lower) Too old: 34 days (limit: 30)
[OK] (8487) Updated content (7790 chars)
[DELETE] (8487|lower) Too old: 33 days (limit: 30)
[OK] (8487) Updated content (2702 chars)
[DELETE] (5464|lower) Too old: 41 days (limit: 30)
[DELETE] (5464|lower) Too old: 33 days (limit: 30)
[OK] (5464) Updated content (3229 chars)
[OK] (5464) Updated content (8993 chars)
[OK] (5464) Updated content (8414 chars)
[OK] (8087) Updated content (6513 chars)
[OK] (8087) Updated content (5240 chars)
[OK] (8087) Updated content (4652 chars)
[OK] (8087) Updated content (4173 chars)
[OK] (8087) Updated content (6357 chars)
[DELETE] (1467|lower) Too old: 50 days (limit: 30)
[SKIP] (1467) Failed to fetch: https://tw.stock.yahoo.com/news/%E5%85%AC%E5%91%8A-%E5%8D%97%E7%B7%AF-2026%E5%B9%B44%E6%9C%88%E5%90%88%E4%BD%B5%E7%87%9F%E6%94%B64-14%E5%84%84%E5%85%83-%E5%B9%B4%E5%A2%9E27-073220881.html
[DELETE] (1467|lower) Too old: 42 days (limit: 30)
[OK] (1467) Updated content (6231 chars)
[OK] (5215) Updated content (5616 chars)
[OK] (1467) Updated content (3233 chars)
[OK] (5215) Updated content (5727 chars)
[OK] (5215) Updated content (4205 chars)
[OK] (3512) Updated content (3082 chars)
[OK] (5215) Updated content (5891 chars)
[OK] (5215) Updated content (4104 chars)
[OK] (3512) Updated content (8866 chars)
[OK] (3512) Updated content (5226 chars)
[OK] (3512) Updated content (8412 chars)
[OK] (3512) Updated content (6930 chars)
[DELETE] (5516|lower) Too old: 50 days (limit: 30)
[DELETE] (5516|lower) Too old: 43 days (limit: 30)
[DELETE] (5516|lower) Too old: 42 days (limit: 30)
[OK] (5516) Updated content (6133 chars)
[OK] (5516) Updated content (2704 chars)
[DELETE] (4538|lower) Too old: 75 days (limit: 30)
[DELETE] (4538|lower) Too old: 82 days (limit: 30)
[SKIP] (4538) Failed to fetch: https://tw.stock.yahoo.com/news/%E5%85%AC%E5%91%8A-%E5%A4%A7%E8%A9%A0%E5%9F%8E-2026%E5%B9%B44%E6%9C%88%E5%90%88%E4%BD%B5%E7%87%9F%E6%94%B63220%E8%90%AC%E5%85%83-%E5%B9%B4%E5%A2%9E-6-055317902.html
[DELETE] (4538|lower) Too old: 41 days (limit: 30)
[OK] (4538) Updated content (3363 chars)
[OK] (1473) Updated content (9637 chars)
[OK] (1473) Updated content (6473 chars)
[OK] (1473) Updated content (6697 chars)
[OK] (1473) Updated content (2717 chars)
[OK] (1473) Updated content (8252 chars)
[DELETE] (6108|lower) Too old: 48 days (limit: 30)
[DELETE] (6108|lower) Too old: 46 days (limit: 30)
[DELETE] (1109|lower) Too old: 63 days (limit: 30)
[OK] (6108) Updated content (3027 chars)
[OK] (6108) Updated content (6178 chars)
[DELETE] (1109|lower) Too old: 63 days (limit: 30)
[OK] (6108) Updated content (6356 chars)
[DELETE] (1109|lower) Too old: 46 days (limit: 30)
[OK] (1109) Updated content (5965 chars)
[OK] (1109) Updated content (3043 chars)
[DELETE] (2430|lower) Too old: 46 days (limit: 30)
[DELETE] (2430|lower) Too old: 75 days (limit: 30)
[DELETE] (2430|lower) Too old: 34 days (limit: 30)
[OK] (2430) Updated content (2885 chars)
[DELETE] (3066|lower) Too old: 103 days (limit: 30)
[DELETE] (2430|lower) Too old: 40 days (limit: 30)
[DELETE] (3066|lower) Too old: 84 days (limit: 30)
[DELETE] (3066|lower) Too old: 49 days (limit: 30)
[DELETE] (3066|lower) Too old: 82 days (limit: 30)
[DELETE] (1535|lower) Too old: 56 days (limit: 30)
[OK] (3066) Updated content (2667 chars)
[DELETE] (1535|lower) Too old: 62 days (limit: 30)
[DELETE] (1535|lower) Too old: 48 days (limit: 30)
[OK] (1535) Updated content (7243 chars)
[OK] (2424) Updated content (8947 chars)
[OK] (1535) Updated content (2959 chars)
[OK] (2424) Updated content (5584 chars)
[OK] (2424) Updated content (7171 chars)
[OK] (2424) Updated content (2914 chars)
[OK] (2424) Updated content (7310 chars)
[DELETE] (6508|lower) Too old: 76 days (limit: 30)
[DELETE] (6508|lower) Too old: 50 days (limit: 30)
[OK] (6508) Updated content (2848 chars)
[DELETE] (6508|lower) Too old: 40 days (limit: 30)
[DELETE] (6508|lower) Too old: 47 days (limit: 30)
[DELETE] (1817|lower) Too old: 105 days (limit: 30)
[SKIP] (1817) Failed to fetch: https://tw.stock.yahoo.com/news/%E5%85%AC%E5%91%8A-%E5%87%B1%E6%92%92%E8%A1%9B%E8%91%A3%E4%BA%8B%E6%9C%83%E6%B1%BA%E8%AD%B0%E5%8F%AC%E9%96%8B115%E5%B9%B4%E8%82%A1%E6%9D%B1%E5%B8%B8%E6%9C%83%E7%9B%B8%E9%97%9C%E4%BA%8B%E5%AE%9C-091614895.html
[DELETE] (1817|lower) Too old: 74 days (limit: 30)
[DELETE] (1817|lower) Too old: 46 days (limit: 30)
[OK] (1817) Updated content (2980 chars)
[DELETE] (2712|lower) Too old: 75 days (limit: 30)
[DELETE] (2712|lower) Too old: 46 days (limit: 30)
[DELETE] (2712|lower) Too old: 34 days (limit: 30)
[OK] (2712) Updated content (2607 chars)
[OK] (2712) Updated content (3862 chars)
[DELETE] (3664|lower) Too old: 42 days (limit: 30)
[DELETE] (3664|lower) Too old: 39 days (limit: 30)
[DELETE] (3664|lower) Too old: 42 days (limit: 30)
[DELETE] (3419|lower) Too old: 74 days (limit: 30)
[OK] (3664) Updated content (2738 chars)
[OK] (3664) Updated content (4894 chars)
[DELETE] (3419|lower) Too old: 54 days (limit: 30)
[DELETE] (3419|lower) Too old: 46 days (limit: 30)
[DELETE] (3419|lower) Too old: 46 days (limit: 30)
[DELETE] (4126|lower) Too old: 48 days (limit: 30)
[OK] (3419) Updated content (2761 chars)
[OK] (4126) Updated content (2595 chars)
[DELETE] (4126|lower) Too old: 47 days (limit: 30)
[OK] (4126) Updated content (6020 chars)
[OK] (4126) Updated content (7731 chars)
[SKIP] (8905) Failed to fetch: https://tw.stock.yahoo.com/news/%E5%85%AC%E5%91%8A-%E8%A3%95%E5%9C%8B-2026%E5%B9%B43%E6%9C%88%E5%90%88%E4%BD%B5%E7%87%9F%E6%94%B61-92%E5%84%84%E5%85%83-%E5%B9%B4%E5%A2%9E28-065323245.html
[DELETE] (8905|lower) Too old: 50 days (limit: 30)
[DELETE] (8905|lower) Too old: 46 days (limit: 30)
[DELETE] (8905|lower) Too old: 42 days (limit: 30)
[OK] (8905) Updated content (2529 chars)
[DELETE] (3150|lower) Too old: 49 days (limit: 30)
[DELETE] (3150|lower) Too old: 48 days (limit: 30)
[OK] (3150) Updated content (5817 chars)
[OK] (3150) Updated content (4683 chars)
[OK] (3150) Updated content (2904 chars)
[DELETE] (6902|lower) Too old: 40 days (limit: 30)
[OK] (6902) Updated content (6539 chars)
[OK] (6902) Updated content (2683 chars)
[OK] (6902) Updated content (6574 chars)
[OK] (6902) Updated content (7991 chars)
[DELETE] (6582|lower) Too old: 55 days (limit: 30)
[DELETE] (6582|lower) Too old: 32 days (limit: 30)
[DELETE] (6582|lower) Too old: 47 days (limit: 30)
[DELETE] (6582|lower) Too old: 47 days (limit: 30)
[OK] (6582) Updated content (2671 chars)
[OK] (2729) Updated content (6191 chars)
[OK] (2729) Updated content (3420 chars)
[OK] (2729) Updated content (4539 chars)
[OK] (2729) Updated content (5426 chars)
[OK] (2729) Updated content (7410 chars)
[DELETE] (4121|lower) Too old: 32 days (limit: 30)
[OK] (4121) Updated content (2744 chars)
[DELETE] (4121|lower) Too old: 32 days (limit: 30)
[DELETE] (4121|lower) Too old: 32 days (limit: 30)
[DELETE] (4121|lower) Too old: 32 days (limit: 30)
[DELETE] (1235|lower) Too old: 39 days (limit: 30)
[DELETE] (1235|lower) Too old: 39 days (limit: 30)
[DELETE] (1235|lower) Too old: 35 days (limit: 30)
[DELETE] (1235|lower) Too old: 35 days (limit: 30)
[OK] (1235) Updated content (2574 chars)
[DELETE] (3224|lower) Too old: 75 days (limit: 30)
[DELETE] (3224|lower) Too old: 46 days (limit: 30)
[DELETE] (3224|lower) Too old: 64 days (limit: 30)
[OK] (3224) Updated content (3961 chars)
[OK] (3224) Updated content (2874 chars)
[DELETE] (8482|lower) Too old: 41 days (limit: 30)
[OK] (8482) Updated content (5943 chars)
[OK] (8482) Updated content (2759 chars)
[OK] (8482) Updated content (3545 chars)
[OK] (8482) Updated content (7463 chars)
[DELETE] (6248|lower) Too old: 74 days (limit: 30)
[DELETE] (6248|lower) Too old: 105 days (limit: 30)
[DELETE] (6248|lower) Too old: 43 days (limit: 30)
[DELETE] (6248|lower) Too old: 46 days (limit: 30)
[OK] (6248) Updated content (2795 chars)
[DELETE] (6246|lower) Too old: 68 days (limit: 30)
[DELETE] (6246|lower) Too old: 48 days (limit: 30)
[DELETE] (6246|lower) Too old: 46 days (limit: 30)
[DELETE] (6246|lower) Too old: 42 days (limit: 30)
[DELETE] (6246|lower) Too old: 42 days (limit: 30)
[DELETE] (6968|lower) Too old: 75 days (limit: 30)
[DELETE] (6968|lower) Too old: 67 days (limit: 30)
[DELETE] (6968|lower) Too old: 46 days (limit: 30)
[OK] (6968) Updated content (3019 chars)
[DELETE] (6968|lower) Too old: 41 days (limit: 30)
[DELETE] (1805|lower) Too old: 48 days (limit: 30)
[OK] (1805) Updated content (2927 chars)
[DELETE] (1805|lower) Too old: 48 days (limit: 30)
[DELETE] (1805|lower) Too old: 48 days (limit: 30)
[SKIP] (1805) Failed to fetch: https://tw.stock.yahoo.com/news/%E5%85%AC%E5%91%8A-%E5%AF%B6%E5%BE%A0-2026%E5%B9%B44%E6%9C%88%E5%90%88%E4%BD%B5%E7%87%9F%E6%94%B611-4%E8%90%AC%E5%85%83-%E5%B9%B4%E5%A2%9E-011217975.html
[DELETE] (3164|lower) Too old: 77 days (limit: 30)
[DELETE] (3164|lower) Too old: 56 days (limit: 30)
[DELETE] (3164|lower) Too old: 74 days (limit: 30)
[DELETE] (3164|lower) Too old: 46 days (limit: 30)
[OK] (3164) Updated content (3420 chars)
[OK] (5523) Updated content (7725 chars)
[DELETE] (5523|lower) Too old: 46 days (limit: 30)
[OK] (5523) Updated content (8397 chars)
[OK] (5523) Updated content (5737 chars)
[OK] (5523) Updated content (3011 chars)
[DELETE] (5450|lower) Too old: 47 days (limit: 30)
[DELETE] (5450|lower) Too old: 55 days (limit: 30)
[DELETE] (5450|lower) Too old: 46 days (limit: 30)
[DELETE] (5450|lower) Too old: 43 days (limit: 30)
[OK] (5450) Updated content (2954 chars)
[DELETE] (1466|lower) Too old: 43 days (limit: 30)
[DELETE] (1466|lower) Too old: 43 days (limit: 30)
[DELETE] (1466|lower) Too old: 43 days (limit: 30)
[OK] (1466) Updated content (2570 chars)
[DELETE] (2496|lower) Too old: 47 days (limit: 30)
[OK] (1466) Updated content (5907 chars)
[DELETE] (2496|lower) Too old: 47 days (limit: 30)
[OK] (2496) Updated content (5754 chars)
[DELETE] (1730|lower) Too old: 112 days (limit: 30)
[OK] (2496) Updated content (3694 chars)
[OK] (2496) Updated content (2781 chars)
[DELETE] (1730|lower) Too old: 105 days (limit: 30)
[DELETE] (1730|lower) Too old: 74 days (limit: 30)
[OK] (1730) Updated content (2609 chars)
[DELETE] (1730|lower) Too old: 46 days (limit: 30)
[DELETE] (6754|lower) Too old: 104 days (limit: 30)
[DELETE] (6754|lower) Too old: 75 days (limit: 30)
[OK] (6754) Updated content (5854 chars)
[DELETE] (6754|lower) Too old: 46 days (limit: 30)
[OK] (6754) Updated content (3125 chars)
[OK] (5603) Updated content (2942 chars)
[DELETE] (5603|lower) Too old: 46 days (limit: 30)
[OK] (5603) Updated content (7493 chars)
[DELETE] (5603|lower) Too old: 46 days (limit: 30)
[OK] (5603) Updated content (5927 chars)
[OK] (3652) Updated content (9662 chars)
[OK] (3652) Updated content (8202 chars)
[OK] (3652) Updated content (6092 chars)
[OK] (3652) Updated content (6924 chars)
[OK] (3652) Updated content (7814 chars)
[DELETE] (6504|lower) Too old: 40 days (limit: 30)
[DELETE] (6504|lower) Too old: 43 days (limit: 30)
[OK] (6504) Updated content (5846 chars)
[OK] (6504) Updated content (6868 chars)
[DELETE] (8401|lower) Too old: 48 days (limit: 30)
[OK] (6504) Updated content (2905 chars)
[DELETE] (8401|lower) Too old: 40 days (limit: 30)
[DELETE] (8401|lower) Too old: 46 days (limit: 30)
[OK] (8401) Updated content (5809 chars)
[OK] (4438) Updated content (6729 chars)
[OK] (4438) Updated content (9697 chars)
[OK] (4438) Updated content (5730 chars)
[OK] (8401) Updated content (404 chars)
[OK] (4438) Updated content (7090 chars)
[OK] (4438) Updated content (6076 chars)
[DELETE] (5487|lower) Too old: 63 days (limit: 30)
[DELETE] (5487|lower) Too old: 54 days (limit: 30)
[DELETE] (5487|lower) Too old: 46 days (limit: 30)
[OK] (5487) Updated content (2942 chars)
[DELETE] (5487|lower) Too old: 46 days (limit: 30)
[DELETE] (1474|lower) Too old: 75 days (limit: 30)
[DELETE] (1474|lower) Too old: 88 days (limit: 30)
[DELETE] (1474|lower) Too old: 43 days (limit: 30)
[OK] (1474) Updated content (2879 chars)
[DELETE] (5210|lower) Too old: 40 days (limit: 30)
[DELETE] (1474|lower) Too old: 42 days (limit: 30)
[DELETE] (5210|lower) Too old: 35 days (limit: 30)
[OK] (5210) Updated content (2578 chars)
[OK] (5210) Updated content (5351 chars)
[OK] (5210) Updated content (6217 chars)
[DELETE] (2752|lower) Too old: 41 days (limit: 30)
[OK] (2752) Updated content (2808 chars)
[OK] (2752) Updated content (8926 chars)
[OK] (2752) Updated content (7686 chars)
[OK] (2752) Updated content (6156 chars)
[DELETE] (4568|lower) Too old: 35 days (limit: 30)
[OK] (4568) Updated content (2695 chars)
[OK] (4568) Updated content (7283 chars)
[OK] (4568) Updated content (8379 chars)
[DELETE] (6590|lower) Too old: 109 days (limit: 30)
[OK] (4568) Updated content (5833 chars)
[OK] (6590) Updated content (5908 chars)
[DELETE] (6590|lower) Too old: 49 days (limit: 30)
[DELETE] (6590|lower) Too old: 77 days (limit: 30)
[DELETE] (8426|lower) Too old: 46 days (limit: 30)
[OK] (6590) Updated content (2716 chars)
[OK] (8426) Updated content (2938 chars)
[OK] (8426) Updated content (5977 chars)
[DELETE] (8426|lower) Too old: 75 days (limit: 30)
[DELETE] (8450|lower) Too old: 74 days (limit: 30)
[DELETE] (8450|lower) Too old: 83 days (limit: 30)
[DELETE] (8450|lower) Too old: 60 days (limit: 30)
[OK] (8426) Updated content (5334 chars)
[DELETE] (8450|lower) Too old: 43 days (limit: 30)
[DELETE] (8450|lower) Too old: 43 days (limit: 30)
[DELETE] (6921|lower) Too old: 62 days (limit: 30)
[DELETE] (6921|lower) Too old: 76 days (limit: 30)
[DELETE] (6921|lower) Too old: 46 days (limit: 30)
[DELETE] (6921|lower) Too old: 50 days (limit: 30)
[OK] (2616) Updated content (5986 chars)
[OK] (2616) Updated content (2825 chars)
[DELETE] (2616|lower) Too old: 46 days (limit: 30)
[OK] (6921) Updated content (3122 chars)
[OK] (2616) Updated content (8283 chars)
[OK] (2616) Updated content (9142 chars)
[OK] (4188) Updated content (7810 chars)
[OK] (4188) Updated content (2707 chars)
[OK] (4188) Updated content (9993 chars)
[OK] (4188) Updated content (6291 chars)
[OK] (4188) Updated content (5696 chars)
[DELETE] (6671|lower) Too old: 42 days (limit: 30)
[DELETE] (6671|lower) Too old: 46 days (limit: 30)
[DELETE] (6671|lower) Too old: 74 days (limit: 30)
[DELETE] (6671|lower) Too old: 42 days (limit: 30)
[DELETE] (8421|lower) Too old: 40 days (limit: 30)
[OK] (6671) Updated content (2697 chars)
[DELETE] (8421|lower) Too old: 32 days (limit: 30)
[DELETE] (8421|lower) Too old: 40 days (limit: 30)
[OK] (8421) Updated content (5478 chars)
[OK] (8421) Updated content (2911 chars)
[OK] (1593) Updated content (5758 chars)
[OK] (1593) Updated content (6097 chars)
[OK] (1593) Updated content (7540 chars)
[OK] (1593) Updated content (7568 chars)
[OK] (1593) Updated content (9216 chars)
[DELETE] (4741|lower) Too old: 46 days (limit: 30)
[OK] (4741) Updated content (2814 chars)
[OK] (4741) Updated content (6999 chars)
[OK] (4741) Updated content (5187 chars)
[OK] (8024) Updated content (8731 chars)
[OK] (4741) Updated content (6331 chars)
[DELETE] (8024|lower) Too old: 41 days (limit: 30)
[OK] (8024) Updated content (2976 chars)
[OK] (8024) Updated content (6116 chars)
[DELETE] (6969|lower) Too old: 55 days (limit: 30)
[DELETE] (6969|lower) Too old: 46 days (limit: 30)
[DELETE] (6969|lower) Too old: 75 days (limit: 30)
[OK] (8024) Updated content (7120 chars)
[OK] (6969) Updated content (2794 chars)
[DELETE] (5206|lower) Too old: 61 days (limit: 30)
[OK] (6969) Updated content (4099 chars)
[DELETE] (5206|lower) Too old: 62 days (limit: 30)
[DELETE] (5206|lower) Too old: 47 days (limit: 30)
[OK] (5206) Updated content (9584 chars)
[OK] (5206) Updated content (2846 chars)
[DELETE] (2067|lower) Too old: 47 days (limit: 30)
[DELETE] (2067|lower) Too old: 43 days (limit: 30)
[DELETE] (2067|lower) Too old: 33 days (limit: 30)
[OK] (2067) Updated content (2539 chars)
[DELETE] (2067|lower) Too old: 33 days (limit: 30)
[DELETE] (2114|lower) Too old: 46 days (limit: 30)
[OK] (2114) Updated content (7571 chars)
[DELETE] (2114|lower) Too old: 32 days (limit: 30)
[OK] (2114) Updated content (5028 chars)
[DELETE] (4433|lower) Too old: 75 days (limit: 30)
[OK] (2114) Updated content (2776 chars)
[OK] (4433) Updated content (5009 chars)
[OK] (4433) Updated content (2898 chars)
[DELETE] (4433|lower) Too old: 46 days (limit: 30)
[OK] (4433) Updated content (4548 chars)
[DELETE] (7791|lower) Too old: 41 days (limit: 30)
[OK] (7791) Updated content (5798 chars)
[OK] (7791) Updated content (3433 chars)
[OK] (7791) Updated content (7075 chars)
[OK] (7791) Updated content (3138 chars)
[DELETE] (5212|lower) Too old: 74 days (limit: 30)
[DELETE] (5212|lower) Too old: 46 days (limit: 30)
[OK] (5212) Updated content (2659 chars)
[DELETE] (6884|lower) Too old: 55 days (limit: 30)
[OK] (5212) Updated content (7114 chars)
[OK] (5212) Updated content (7220 chars)
[OK] (6884) Updated content (5879 chars)
[OK] (6884) Updated content (3047 chars)
[DELETE] (6884|lower) Too old: 48 days (limit: 30)
[DELETE] (6884|lower) Too old: 47 days (limit: 30)
[DELETE] (6952|lower) Too old: 106 days (limit: 30)
[DELETE] (6952|lower) Too old: 75 days (limit: 30)
[DELETE] (6952|lower) Too old: 47 days (limit: 30)
[OK] (6952) Updated content (2683 chars)
[DELETE] (6952|lower) Too old: 46 days (limit: 30)
[DELETE] (2929|lower) Too old: 39 days (limit: 30)
[DELETE] (2929|lower) Too old: 39 days (limit: 30)
[OK] (2929) Updated content (2983 chars)
[DELETE] (2929|lower) Too old: 36 days (limit: 30)
[OK] (2929) Updated content (5033 chars)
[DELETE] (2007|lower) Too old: 61 days (limit: 30)
[DELETE] (2007|lower) Too old: 50 days (limit: 30)
[DELETE] (2007|lower) Too old: 50 days (limit: 30)
[DELETE] (2007|lower) Too old: 46 days (limit: 30)
[DELETE] (1460|lower) Too old: 49 days (limit: 30)
[OK] (2007) Updated content (2659 chars)
[DELETE] (1460|lower) Too old: 43 days (limit: 30)
[OK] (1460) Updated content (5760 chars)
[OK] (1460) Updated content (3176 chars)
[DELETE] (9949|lower) Too old: 40 days (limit: 30)
[OK] (1460) Updated content (3760 chars)
[DELETE] (9949|lower) Too old: 40 days (limit: 30)
[DELETE] (9949|lower) Too old: 39 days (limit: 30)
[OK] (9949) Updated content (3020 chars)
[DELETE] (9949|lower) Too old: 40 days (limit: 30)
[DELETE] (7770|lower) Too old: 76 days (limit: 30)
[DELETE] (7770|lower) Too old: 49 days (limit: 30)
[DELETE] (2734|lower) Too old: 103 days (limit: 30)
[DELETE] (7770|lower) Too old: 46 days (limit: 30)
[SKIP] (7770) Failed to fetch: https://tw.stock.yahoo.com/news/%E5%85%AC%E5%91%8A-%E5%90%9B%E6%9B%9C115%E5%B9%B4%E5%BA%A6%E7%AC%AC-%E5%AD%A3%E8%B2%A1%E5%8B%99%E5%A0%B1%E5%91%8A%E6%8F%90%E5%A0%B1%E8%91%A3%E4%BA%8B%E6%9C%83%E4%B9%8B%E9%A0%90%E8%A8%88%E5%8F%AC%E9%96%8B%E6%97%A5%E6%9C%9F%E7%82%BA115%E5%B9%B405%E6%9C%8808%E6%97%A5-015331387.html
[DELETE] (2734|lower) Too old: 74 days (limit: 30)
[DELETE] (2734|lower) Too old: 42 days (limit: 30)
[OK] (7770) Updated content (2814 chars)
[DELETE] (2734|lower) Too old: 43 days (limit: 30)
[OK] (2734) Updated content (2689 chars)
[OK] (6195) Updated content (8558 chars)
[OK] (6195) Updated content (2953 chars)
[OK] (6195) Updated content (7405 chars)
[OK] (6195) Updated content (6034 chars)
[SKIP] (6195) Failed to fetch: https://tw.stock.yahoo.com/news/%E5%85%AC%E5%91%8A-%E8%A9%A9%E8%82%AF%E8%A8%82%E5%AE%9A%E9%99%A4%E6%81%AF%E5%9F%BA%E6%BA%96%E6%97%A5-101030175.html
[DELETE] (1737|lower) Too old: 35 days (limit: 30)
[DELETE] (1737|lower) Too old: 35 days (limit: 30)
[DELETE] (1737|lower) Too old: 35 days (limit: 30)
[OK] (1737) Updated content (4534 chars)
[DELETE] (6906|lower) Too old: 47 days (limit: 30)
[OK] (1737) Updated content (2843 chars)
[DELETE] (6906|lower) Too old: 41 days (limit: 30)
[DELETE] (6906|lower) Too old: 49 days (limit: 30)
[OK] (6906) Updated content (7391 chars)
[DELETE] (4550|lower) Too old: 47 days (limit: 30)
[DELETE] (4550|lower) Too old: 75 days (limit: 30)
[DELETE] (4550|lower) Too old: 50 days (limit: 30)
[OK] (6906) Updated content (3029 chars)
[OK] (4550) Updated content (6835 chars)
[OK] (5902) Updated content (5490 chars)
[DELETE] (5902|lower) Too old: 35 days (limit: 30)
[OK] (5902) Updated content (6870 chars)
[OK] (4550) Updated content (2927 chars)
[OK] (5902) Updated content (6487 chars)
[DELETE] (4554|lower) Too old: 71 days (limit: 30)
[OK] (5902) Updated content (2645 chars)
[DELETE] (4554|lower) Too old: 74 days (limit: 30)
[DELETE] (4554|lower) Too old: 50 days (limit: 30)
[DELETE] (4554|lower) Too old: 43 days (limit: 30)
[OK] (4554) Updated content (2588 chars)
[OK] (4102) Updated content (8183 chars)
[OK] (4102) Updated content (7153 chars)
[OK] (4102) Updated content (5533 chars)
[OK] (4102) Updated content (5789 chars)
[DELETE] (3494|lower) Too old: 42 days (limit: 30)
[DELETE] (3494|lower) Too old: 40 days (limit: 30)
[OK] (4102) Updated content (2623 chars)
[DELETE] (3494|lower) Too old: 40 days (limit: 30)
[DELETE] (3494|lower) Too old: 36 days (limit: 30)
[OK] (3494) Updated content (2620 chars)
[OK] (4735) Updated content (6577 chars)
[OK] (4735) Updated content (6527 chars)
[OK] (4735) Updated content (2549 chars)
[OK] (4735) Updated content (5638 chars)
[OK] (4735) Updated content (3237 chars)
[DELETE] (1336|lower) Too old: 39 days (limit: 30)
[DELETE] (1336|lower) Too old: 39 days (limit: 30)
[DELETE] (1336|lower) Too old: 39 days (limit: 30)
[DELETE] (1336|lower) Too old: 39 days (limit: 30)
[DELETE] (1336|lower) Too old: 39 days (limit: 30)
[DELETE] (8466|lower) Too old: 48 days (limit: 30)
[DELETE] (8466|lower) Too old: 82 days (limit: 30)
[DELETE] (8466|lower) Too old: 48 days (limit: 30)
[OK] (8466) Updated content (6042 chars)
[OK] (8466) Updated content (2634 chars)
[DELETE] (4569|lower) Too old: 41 days (limit: 30)
[OK] (4569) Updated content (2561 chars)
[OK] (4569) Updated content (6509 chars)
[OK] (4569) Updated content (9245 chars)
[OK] (4569) Updated content (7622 chars)
[DELETE] (8092|lower) Too old: 50 days (limit: 30)
[DELETE] (8092|lower) Too old: 46 days (limit: 30)
[DELETE] (8092|lower) Too old: 61 days (limit: 30)
[OK] (8092) Updated content (2676 chars)
[DELETE] (8092|lower) Too old: 41 days (limit: 30)
[DELETE] (1456|lower) Too old: 46 days (limit: 30)
[DELETE] (1456|lower) Too old: 46 days (limit: 30)
[OK] (1456) Updated content (5766 chars)
[DELETE] (3158|lower) Too old: 46 days (limit: 30)
[OK] (1456) Updated content (2784 chars)
[OK] (1456) Updated content (7251 chars)
[OK] (3158) Updated content (2486 chars)
[OK] (3158) Updated content (8941 chars)
[OK] (3158) Updated content (6452 chars)
[DELETE] (4109|lower) Too old: 36 days (limit: 30)
[DELETE] (4109|lower) Too old: 32 days (limit: 30)
[OK] (3158) Updated content (7601 chars)
[DELETE] (4109|lower) Too old: 32 days (limit: 30)
[DELETE] (4109|lower) Too old: 32 days (limit: 30)
[DELETE] (6865|lower) Too old: 46 days (limit: 30)
[DELETE] (6865|lower) Too old: 43 days (limit: 30)
[OK] (4109) Updated content (2481 chars)
[DELETE] (6865|lower) Too old: 42 days (limit: 30)
[OK] (6865) Updated content (2858 chars)
[DELETE] (2642|lower) Too old: 47 days (limit: 30)
[DELETE] (6865|lower) Too old: 42 days (limit: 30)
[DELETE] (2642|lower) Too old: 43 days (limit: 30)
[DELETE] (2642|lower) Too old: 36 days (limit: 30)
[OK] (2642) Updated content (5898 chars)
[OK] (2642) Updated content (2769 chars)
[DELETE] (1776|lower) Too old: 49 days (limit: 30)
[DELETE] (1776|lower) Too old: 57 days (limit: 30)
[DELETE] (1776|lower) Too old: 43 days (limit: 30)
[OK] (1776) Updated content (5627 chars)
[OK] (4416) Updated content (4096 chars)
[OK] (1776) Updated content (3054 chars)
[OK] (4416) Updated content (3742 chars)
[OK] (4416) Updated content (4283 chars)
[OK] (4416) Updated content (3375 chars)
[OK] (4416) Updated content (3990 chars)
[DELETE] (1294|lower) Too old: 47 days (limit: 30)
[OK] (1294) Updated content (2616 chars)
[DELETE] (1294|lower) Too old: 43 days (limit: 30)
[DELETE] (1294|lower) Too old: 34 days (limit: 30)
[OK] (1726) Updated content (7199 chars)
[OK] (1294) Updated content (7002 chars)
[OK] (1726) Updated content (3176 chars)
[OK] (1726) Updated content (2516 chars)
[OK] (4747) Updated content (6080 chars)
[OK] (4747) Updated content (2840 chars)
[OK] (1726) Updated content (4313 chars)
[OK] (1726) Updated content (4683 chars)
[OK] (4747) Updated content (5828 chars)
[OK] (4747) Updated content (5778 chars)
[OK] (3489) Updated content (5702 chars)
[OK] (4747) Updated content (3830 chars)
[DELETE] (3489|lower) Too old: 47 days (limit: 30)
[OK] (3489) Updated content (2492 chars)
[OK] (3489) Updated content (4578 chars)
[OK] (3489) Updated content (6395 chars)
[DELETE] (6259|lower) Too old: 64 days (limit: 30)
[DELETE] (6259|lower) Too old: 46 days (limit: 30)
[DELETE] (6259|lower) Too old: 49 days (limit: 30)
[DELETE] (6259|lower) Too old: 41 days (limit: 30)
[DELETE] (6666|lower) Too old: 46 days (limit: 30)
[DELETE] (6666|lower) Too old: 46 days (limit: 30)
[OK] (6259) Updated content (2673 chars)
[DELETE] (6666|lower) Too old: 35 days (limit: 30)
[OK] (6666) Updated content (6323 chars)
[OK] (6666) Updated content (2445 chars)
[DELETE] (8367|lower) Too old: 32 days (limit: 30)
[DELETE] (8367|lower) Too old: 32 days (limit: 30)
[DELETE] (8367|lower) Too old: 32 days (limit: 30)
[OK] (8367) Updated content (5771 chars)
[OK] (8367) Updated content (2564 chars)
[DELETE] (5220|lower) Too old: 46 days (limit: 30)
[DELETE] (5220|lower) Too old: 42 days (limit: 30)
[DELETE] (5220|lower) Too old: 50 days (limit: 30)
[OK] (5220) Updated content (2548 chars)
[OK] (5220) Updated content (6592 chars)
[DELETE] (1459|lower) Too old: 42 days (limit: 30)
[DELETE] (1459|lower) Too old: 41 days (limit: 30)
[OK] (1459) Updated content (3086 chars)
[OK] (1459) Updated content (5803 chars)
[DELETE] (7709|lower) Too old: 32 days (limit: 30)
[OK] (1459) Updated content (4780 chars)
[DELETE] (7709|lower) Too old: 32 days (limit: 30)
[DELETE] (7709|lower) Too old: 32 days (limit: 30)
[OK] (7709) Updated content (6243 chars)
[DELETE] (2849|lower) Too old: 42 days (limit: 30)
[DELETE] (2849|lower) Too old: 40 days (limit: 30)
[OK] (7709) Updated content (2505 chars)
[DELETE] (2849|lower) Too old: 40 days (limit: 30)
[DELETE] (2849|lower) Too old: 40 days (limit: 30)
[DELETE] (1338|lower) Too old: 32 days (limit: 30)
[OK] (2849) Updated content (2635 chars)
[SKIP] (1338) Failed to fetch: https://tw.stock.yahoo.com/news/%E5%85%AC%E5%91%8A-%E5%BB%A3%E8%8F%AF-ky%E4%BB%A3%E9%87%8D%E8%A6%81%E5%AD%90%E5%85%AC%E5%8F%B8%E5%82%B2%E6%88%90%E9%9B%86%E5%9C%98%E6%9C%89%E9%99%90%E5%85%AC%E5%8F%B8%E5%85%AC%E5%91%8A%E8%91%A3%E4%BA%8B%E6%9C%83%E6%B1%BA%E8%AD%B0%E8%82%A1%E5%88%A9%E5%88%86%E6%B4%BE-061048512.html
[OK] (1338) Updated content (2560 chars)
[OK] (1338) Updated content (7309 chars)
[DELETE] (8201|lower) Too old: 46 days (limit: 30)
[DELETE] (8201|lower) Too old: 105 days (limit: 30)
[OK] (1338) Updated content (3743 chars)
[DELETE] (8201|lower) Too old: 74 days (limit: 30)
[DELETE] (8201|lower) Too old: 32 days (limit: 30)
[DELETE] (8906|lower) Too old: 46 days (limit: 30)
[OK] (8201) Updated content (2630 chars)
[OK] (8906) Updated content (2622 chars)
[OK] (8906) Updated content (7450 chars)
[OK] (8906) Updated content (9128 chars)
[OK] (8906) Updated content (6047 chars)
[DELETE] (2008|lower) Too old: 46 days (limit: 30)
[OK] (2008) Updated content (2708 chars)
[OK] (2008) Updated content (4078 chars)
[OK] (2008) Updated content (7356 chars)
[OK] (2008) Updated content (5839 chars)
[OK] (5355) Updated content (2553 chars)
[DELETE] (5355|lower) Too old: 46 days (limit: 30)
[DELETE] (5355|lower) Too old: 43 days (limit: 30)
[OK] (5355) Updated content (5644 chars)
[OK] (5355) Updated content (4995 chars)
[DELETE] (6881|lower) Too old: 46 days (limit: 30)
[DELETE] (6881|lower) Too old: 46 days (limit: 30)
[DELETE] (6881|lower) Too old: 47 days (limit: 30)
[OK] (6881) Updated content (7646 chars)
[DELETE] (6874|lower) Too old: 46 days (limit: 30)
[OK] (6881) Updated content (3198 chars)
[OK] (6874) Updated content (5743 chars)
[DELETE] (6874|lower) Too old: 46 days (limit: 30)
[OK] (6874) Updated content (5769 chars)
[OK] (6874) Updated content (2550 chars)
[DELETE] (3093|lower) Too old: 51 days (limit: 30)
[DELETE] (3093|lower) Too old: 46 days (limit: 30)
[DELETE] (3093|lower) Too old: 43 days (limit: 30)
[OK] (3093) Updated content (2832 chars)
[OK] (3093) Updated content (5663 chars)
[DELETE] (4426|lower) Too old: 49 days (limit: 30)
[DELETE] (4426|lower) Too old: 41 days (limit: 30)
[DELETE] (4426|lower) Too old: 43 days (limit: 30)
[DELETE] (4426|lower) Too old: 74 days (limit: 30)
[OK] (4426) Updated content (2573 chars)
[DELETE] (8176|lower) Too old: 74 days (limit: 30)
[DELETE] (8176|lower) Too old: 42 days (limit: 30)
[DELETE] (8176|lower) Too old: 50 days (limit: 30)
[DELETE] (8176|lower) Too old: 34 days (limit: 30)
[DELETE] (8176|lower) Too old: 34 days (limit: 30)
[DELETE] (3646|lower) Too old: 46 days (limit: 30)
[DELETE] (3646|lower) Too old: 74 days (limit: 30)
[DELETE] (3646|lower) Too old: 46 days (limit: 30)
[DELETE] (3646|lower) Too old: 39 days (limit: 30)
[OK] (3646) Updated content (2751 chars)
[DELETE] (4907|lower) Too old: 46 days (limit: 30)
[DELETE] (4907|lower) Too old: 46 days (limit: 30)
[DELETE] (4907|lower) Too old: 46 days (limit: 30)
[DELETE] (4907|lower) Too old: 43 days (limit: 30)
[OK] (4907) Updated content (2641 chars)
[DELETE] (8097|lower) Too old: 48 days (limit: 30)
[DELETE] (8097|lower) Too old: 43 days (limit: 30)
[DELETE] (8097|lower) Too old: 39 days (limit: 30)
[OK] (8097) Updated content (2592 chars)
[OK] (8097) Updated content (2870 chars)
[DELETE] (5525|lower) Too old: 42 days (limit: 30)
[OK] (5525) Updated content (5595 chars)
[OK] (5525) Updated content (7432 chars)
[OK] (5525) Updated content (7047 chars)
[OK] (5525) Updated content (2575 chars)
[OK] (8435) Updated content (9020 chars)
[OK] (8435) Updated content (3098 chars)
[DELETE] (8435|lower) Too old: 46 days (limit: 30)
[OK] (8435) Updated content (5768 chars)
[DELETE] (4502|lower) Too old: 42 days (limit: 30)
[DELETE] (4502|lower) Too old: 42 days (limit: 30)
[OK] (8435) Updated content (7287 chars)
[DELETE] (4502|lower) Too old: 42 days (limit: 30)
[OK] (4502) Updated content (3755 chars)
[DELETE] (6577|lower) Too old: 47 days (limit: 30)
[OK] (4502) Updated content (2756 chars)
[DELETE] (6577|lower) Too old: 47 days (limit: 30)
[DELETE] (6577|lower) Too old: 46 days (limit: 30)
[DELETE] (6577|lower) Too old: 42 days (limit: 30)
[DELETE] (2923|lower) Too old: 68 days (limit: 30)
[OK] (6577) Updated content (2796 chars)
[DELETE] (2923|lower) Too old: 43 days (limit: 30)
[DELETE] (2923|lower) Too old: 70 days (limit: 30)
[DELETE] (1236|lower) Too old: 46 days (limit: 30)
[OK] (2923) Updated content (2615 chars)
[DELETE] (2923|lower) Too old: 39 days (limit: 30)
[DELETE] (1236|lower) Too old: 54 days (limit: 30)
[DELETE] (1236|lower) Too old: 43 days (limit: 30)
[OK] (1236) Updated content (2540 chars)
[OK] (1236) Updated content (5756 chars)
[DELETE] (8102|lower) Too old: 76 days (limit: 30)
[DELETE] (8102|lower) Too old: 50 days (limit: 30)
[DELETE] (8102|lower) Too old: 42 days (limit: 30)
[OK] (8102) Updated content (2882 chars)
[DELETE] (2701|lower) Too old: 105 days (limit: 30)
[DELETE] (8102|lower) Too old: 42 days (limit: 30)
[DELETE] (2701|lower) Too old: 74 days (limit: 30)
[DELETE] (2701|lower) Too old: 47 days (limit: 30)
[DELETE] (2701|lower) Too old: 46 days (limit: 30)
[OK] (2701) Updated content (2500 chars)
[DELETE] (5015|lower) Too old: 43 days (limit: 30)
[DELETE] (5015|lower) Too old: 46 days (limit: 30)
[OK] (5015) Updated content (2689 chars)
[OK] (5015) Updated content (5836 chars)
[OK] (5015) Updated content (5948 chars)
[OK] (5324) Updated content (3683 chars)
[OK] (5324) Updated content (5361 chars)
[OK] (5324) Updated content (2616 chars)
[OK] (5324) Updated content (9889 chars)
[OK] (5324) Updated content (7390 chars)
[DELETE] (6821|lower) Too old: 61 days (limit: 30)
[OK] (6821) Updated content (2587 chars)
[DELETE] (6821|lower) Too old: 42 days (limit: 30)
[DELETE] (6821|lower) Too old: 49 days (limit: 30)
[DELETE] (1439|lower) Too old: 49 days (limit: 30)
[OK] (6821) Updated content (6082 chars)
[DELETE] (1439|lower) Too old: 46 days (limit: 30)
[OK] (1439) Updated content (2535 chars)
[OK] (1439) Updated content (5773 chars)
[OK] (1439) Updated content (7683 chars)
[DELETE] (3710|lower) Too old: 43 days (limit: 30)
[OK] (3710) Updated content (2646 chars)
[OK] (3710) Updated content (4052 chars)
[OK] (3710) Updated content (5403 chars)
[DELETE] (5543|lower) Too old: 40 days (limit: 30)
[SKIP] (3710) Failed to fetch: https://tw.stock.yahoo.com/news/%E5%85%AC%E5%91%8A-%E9%80%A3%E5%B1%95%E6%8A%95%E6%8E%A7%E4%BB%A3%E9%87%8D%E8%A6%81%E5%AD%90%E5%85%AC%E5%8F%B8%E9%80%A3%E5%B1%95%E7%A7%91%E6%8A%80%E8%82%A1%E4%BB%BD%E6%9C%89%E9%99%90%E5%85%AC%E5%8F%B8%E5%85%AC%E5%91%8A%E8%91%A3%E4%BA%8B%E6%9C%83%E6%B1%BA%E8%AD%B0%E7%8F%BE%E9%87%91%E5%A2%9E%E8%B3%87%E7%99%BC%E8%A1%8C%E6%96%B0%E8%82%A1-093608158.html
[DELETE] (5543|lower) Too old: 40 days (limit: 30)
[DELETE] (5543|lower) Too old: 35 days (limit: 30)
[DELETE] (5344|lower) Too old: 48 days (limit: 30)
[OK] (5543) Updated content (2967 chars)
[OK] (5543) Updated content (4872 chars)
[OK] (5344) Updated content (2690 chars)
[OK] (5344) Updated content (7295 chars)
[OK] (5344) Updated content (6059 chars)
[OK] (5344) Updated content (8704 chars)
[DELETE] (5533|lower) Too old: 104 days (limit: 30)
[DELETE] (5533|lower) Too old: 105 days (limit: 30)
[DELETE] (5533|lower) Too old: 46 days (limit: 30)
[DELETE] (5533|lower) Too old: 75 days (limit: 30)
[OK] (5533) Updated content (2509 chars)
[DELETE] (1452|lower) Too old: 48 days (limit: 30)
[DELETE] (1452|lower) Too old: 48 days (limit: 30)
[OK] (1452) Updated content (5752 chars)
[OK] (1452) Updated content (2621 chars)
[OK] (1452) Updated content (7260 chars)
[DELETE] (8437|lower) Too old: 45 days (limit: 30)
[OK] (8437) Updated content (3594 chars)
[OK] (8437) Updated content (4406 chars)
[OK] (8437) Updated content (2762 chars)
[OK] (8437) Updated content (6039 chars)
[DELETE] (3268|lower) Too old: 46 days (limit: 30)
[DELETE] (3268|lower) Too old: 46 days (limit: 30)
[DELETE] (3268|lower) Too old: 46 days (limit: 30)
[DELETE] (3268|lower) Too old: 42 days (limit: 30)
[OK] (3268) Updated content (2703 chars)
[DELETE] (2033|lower) Too old: 46 days (limit: 30)
[OK] (2033) Updated content (4184 chars)
[OK] (2033) Updated content (4585 chars)
[OK] (2033) Updated content (2479 chars)
[OK] (2033) Updated content (5561 chars)
[DELETE] (1516|lower) Too old: 46 days (limit: 30)
[OK] (1516) Updated content (5681 chars)
[OK] (1516) Updated content (6188 chars)
[SKIP] (1516) Failed to fetch: https://tw.stock.yahoo.com/news/%E5%85%AC%E5%91%8A-%E5%B7%9D%E9%A3%9B-2026%E5%B9%B43%E6%9C%88%E5%90%88%E4%BD%B5%E7%87%9F%E6%94%B6949-8%E8%90%AC%E5%85%83-%E5%B9%B4%E5%A2%9E-065215076.html
[OK] (1516) Updated content (2596 chars)
[OK] (4155) Updated content (3373 chars)
[OK] (4155) Updated content (6601 chars)
[OK] (4155) Updated content (3625 chars)
[OK] (4155) Updated content (5820 chars)
[OK] (4155) Updated content (4124 chars)
[DELETE] (6169|lower) Too old: 76 days (limit: 30)
[DELETE] (6169|lower) Too old: 54 days (limit: 30)
[DELETE] (6169|lower) Too old: 43 days (limit: 30)
[DELETE] (6169|lower) Too old: 46 days (limit: 30)
[OK] (6169) Updated content (2669 chars)
[OK] (4127) Updated content (6781 chars)
[OK] (4127) Updated content (6396 chars)
[OK] (4127) Updated content (2730 chars)
[OK] (4127) Updated content (6349 chars)
[OK] (4127) Updated content (5254 chars)
[DELETE] (6208|lower) Too old: 46 days (limit: 30)
[DELETE] (6208|lower) Too old: 39 days (limit: 30)
[DELETE] (6208|lower) Too old: 34 days (limit: 30)
[OK] (6208) Updated content (4458 chars)
[OK] (6208) Updated content (3072 chars)
[DELETE] (5538|lower) Too old: 54 days (limit: 30)
[DELETE] (5538|lower) Too old: 48 days (limit: 30)
[DELETE] (5538|lower) Too old: 77 days (limit: 30)
[DELETE] (5538|lower) Too old: 41 days (limit: 30)
[DELETE] (4702|lower) Too old: 110 days (limit: 30)
[OK] (5538) Updated content (3094 chars)
[DELETE] (4702|lower) Too old: 82 days (limit: 30)
[DELETE] (4702|lower) Too old: 109 days (limit: 30)
[OK] (4702) Updated content (2560 chars)
[DELETE] (4702|lower) Too old: 47 days (limit: 30)
[DELETE] (4995|lower) Too old: 76 days (limit: 30)
[DELETE] (4995|lower) Too old: 109 days (limit: 30)
[DELETE] (4995|lower) Too old: 48 days (limit: 30)
[DELETE] (4995|lower) Too old: 47 days (limit: 30)
[OK] (4995) Updated content (2705 chars)
[DELETE] (7705|lower) Too old: 46 days (limit: 30)
[OK] (7705) Updated content (2655 chars)
[OK] (7705) Updated content (5732 chars)
[OK] (7705) Updated content (7283 chars)
[DELETE] (4930|lower) Too old: 57 days (limit: 30)
[OK] (7705) Updated content (5750 chars)
[DELETE] (4930|lower) Too old: 46 days (limit: 30)
[DELETE] (4930|lower) Too old: 60 days (limit: 30)
[DELETE] (4930|lower) Too old: 40 days (limit: 30)
[OK] (4930) Updated content (2733 chars)
[DELETE] (6697|lower) Too old: 104 days (limit: 30)
[DELETE] (6697|lower) Too old: 74 days (limit: 30)
[DELETE] (6697|lower) Too old: 99 days (limit: 30)
[DELETE] (6697|lower) Too old: 46 days (limit: 30)
[OK] (6697) Updated content (3361 chars)
[DELETE] (4205|lower) Too old: 76 days (limit: 30)
[DELETE] (4205|lower) Too old: 55 days (limit: 30)
[OK] (4205) Updated content (2786 chars)
[DELETE] (4205|lower) Too old: 47 days (limit: 30)
[DELETE] (4205|lower) Too old: 46 days (limit: 30)
[OK] (4527) Updated content (5728 chars)
[OK] (4527) Updated content (3790 chars)
[OK] (4527) Updated content (2740 chars)
[OK] (4527) Updated content (5442 chars)
[OK] (4527) Updated content (4468 chars)
[OK] (2029) Updated content (2547 chars)
[OK] (2029) Updated content (8835 chars)
[SKIP] (2029) Failed to fetch: https://tw.stock.yahoo.com/news/%E5%85%AC%E5%91%8A-%E7%9B%9B%E9%A4%98115%E5%B9%B4%E8%82%A1%E6%9D%B1%E5%B8%B8%E6%9C%83%E9%80%9A%E9%81%8E%E8%A7%A3%E9%99%A4%E6%96%B0%E9%81%B8%E4%BB%BB%E8%91%A3%E4%BA%8B%E5%8F%8A%E5%85%B6%E4%BB%A3%E8%A1%A8%E4%BA%BA%E7%AB%B6%E6%A5%AD%E4%B9%8B%E9%99%90%E5%88%B6%E6%A1%88-071028165.html
[SKIP] (2029) Failed to fetch: https://tw.stock.yahoo.com/news/%E5%85%AC%E5%91%8A-%E7%9B%9B%E9%A4%98%E6%94%B9%E9%81%B8%E8%91%A3%E4%BA%8B%E9%95%B7-071026676.html
[OK] (2029) Updated content (6368 chars)
[SKIP] (6655) Failed to fetch: https://tw.stock.yahoo.com/news/%E5%85%AC%E5%91%8A-%E7%A7%91%E5%AE%9A%E8%91%A3%E4%BA%8B%E6%9C%83%E9%80%9A%E9%81%8E115%E5%B9%B4%E5%BA%A6%E7%AC%AC-%E5%AD%A3%E5%90%88%E4%BD%B5%E8%B2%A1%E5%8B%99%E5%A0%B1%E5%91%8A-110406971.html
[DELETE] (2538|lower) Too old: 48 days (limit: 30)
[DELETE] (6655|lower) Too old: 42 days (limit: 30)
[DELETE] (2538|lower) Too old: 43 days (limit: 30)
[DELETE] (2538|lower) Too old: 48 days (limit: 30)
[OK] (2538) Updated content (2494 chars)
[DELETE] (6655|lower) Too old: 42 days (limit: 30)
[OK] (6655) Updated content (2603 chars)
[DELETE] (6655|lower) Too old: 42 days (limit: 30)
[DELETE] (2596|lower) Too old: 46 days (limit: 30)
[OK] (2538) Updated content (5841 chars)
[DELETE] (2596|lower) Too old: 41 days (limit: 30)
[DELETE] (6516|lower) Too old: 55 days (limit: 30)
[DELETE] (2596|lower) Too old: 41 days (limit: 30)
[DELETE] (2596|lower) Too old: 41 days (limit: 30)
[OK] (2596) Updated content (2616 chars)
[DELETE] (6516|lower) Too old: 49 days (limit: 30)
[DELETE] (6516|lower) Too old: 32 days (limit: 30)
[OK] (6516) Updated content (2803 chars)
[DELETE] (6516|lower) Too old: 32 days (limit: 30)
[DELETE] (1796|lower) Too old: 47 days (limit: 30)
[DELETE] (1796|lower) Too old: 47 days (limit: 30)
[DELETE] (1796|lower) Too old: 47 days (limit: 30)
[OK] (1796) Updated content (2667 chars)
[OK] (1796) Updated content (5652 chars)
[OK] (6971) Updated content (8555 chars)
[OK] (6971) Updated content (2711 chars)
[OK] (6971) Updated content (5854 chars)
[OK] (6971) Updated content (3336 chars)
[OK] (6971) Updated content (4959 chars)
[OK] (2945) Updated content (6328 chars)
[OK] (2945) Updated content (5164 chars)
[OK] (2945) Updated content (5778 chars)
[DELETE] (2945|lower) Too old: 34 days (limit: 30)
[DELETE] (6804|lower) Too old: 32 days (limit: 30)
[OK] (6804) Updated content (2960 chars)
[DELETE] (6804|lower) Too old: 32 days (limit: 30)
[OK] (2945) Updated content (2532 chars)
[DELETE] (6804|lower) Too old: 32 days (limit: 30)
[DELETE] (2109|lower) Too old: 54 days (limit: 30)
[DELETE] (2109|lower) Too old: 43 days (limit: 30)
[DELETE] (2109|lower) Too old: 43 days (limit: 30)
[OK] (2109) Updated content (5561 chars)
[OK] (6804) Updated content (4750 chars)
[OK] (2109) Updated content (2594 chars)
[OK] (1445) Updated content (2614 chars)
[OK] (1445) Updated content (7332 chars)
[OK] (1445) Updated content (5473 chars)
[OK] (1445) Updated content (6555 chars)
[OK] (1445) Updated content (6153 chars)
[OK] (1340) Updated content (2468 chars)
[DELETE] (1340|lower) Too old: 55 days (limit: 30)
[DELETE] (1340|lower) Too old: 44 days (limit: 30)
[OK] (1340) Updated content (5768 chars)
[OK] (1340) Updated content (4202 chars)
[DELETE] (4120|lower) Too old: 49 days (limit: 30)
[DELETE] (4120|lower) Too old: 46 days (limit: 30)
[DELETE] (4120|lower) Too old: 41 days (limit: 30)
[DELETE] (4120|lower) Too old: 41 days (limit: 30)
[OK] (7713) Updated content (7454 chars)
[OK] (7713) Updated content (6962 chars)
[DELETE] (4120|lower) Too old: 32 days (limit: 30)
[OK] (7713) Updated content (6041 chars)
[OK] (7713) Updated content (4391 chars)
[OK] (7713) Updated content (2568 chars)
[DELETE] (2459|lower) Too old: 32 days (limit: 30)
[OK] (2459) Updated content (5575 chars)
[OK] (2459) Updated content (7285 chars)
[OK] (2459) Updated content (4589 chars)
[OK] (2459) Updated content (2631 chars)
[OK] (8481) Updated content (2927 chars)
[DELETE] (8481|lower) Too old: 46 days (limit: 30)
[DELETE] (8481|lower) Too old: 46 days (limit: 30)
[OK] (8481) Updated content (5685 chars)
[OK] (8481) Updated content (6987 chars)
[DELETE] (2732|lower) Too old: 40 days (limit: 30)
[DELETE] (2732|lower) Too old: 40 days (limit: 30)
[DELETE] (2732|lower) Too old: 40 days (limit: 30)
[DELETE] (7584|lower) Too old: 43 days (limit: 30)
[OK] (2732) Updated content (2535 chars)
[OK] (2732) Updated content (4096 chars)
[DELETE] (7584|lower) Too old: 32 days (limit: 30)
[OK] (7584) Updated content (10478 chars)
[DELETE] (6762|lower) Too old: 76 days (limit: 30)
[OK] (7584) Updated content (5993 chars)
[OK] (7584) Updated content (2871 chars)
[DELETE] (6762|lower) Too old: 106 days (limit: 30)
[SKIP] (6762) Failed to fetch: https://tw.stock.yahoo.com/news/%E5%85%AC%E5%91%8A-%E9%81%94%E4%BA%9E-2026%E5%B9%B44%E6%9C%88%E5%90%88%E4%BD%B5%E7%87%9F%E6%94%B66015-3%E8%90%AC%E5%85%83-%E5%B9%B4%E5%A2%9E-071332698.html
[OK] (6762) Updated content (7005 chars)
[OK] (6762) Updated content (2713 chars)
[DELETE] (8928|lower) Too old: 48 days (limit: 30)
[DELETE] (8928|lower) Too old: 56 days (limit: 30)
[DELETE] (8928|lower) Too old: 46 days (limit: 30)
[DELETE] (8928|lower) Too old: 40 days (limit: 30)
[OK] (8928) Updated content (2684 chars)
[DELETE] (4439|lower) Too old: 46 days (limit: 30)
[DELETE] (4439|lower) Too old: 54 days (limit: 30)
[OK] (4439) Updated content (3665 chars)
[DELETE] (4439|lower) Too old: 46 days (limit: 30)
[OK] (4439) Updated content (2670 chars)
[DELETE] (5529|lower) Too old: 46 days (limit: 30)
[DELETE] (5529|lower) Too old: 46 days (limit: 30)
[DELETE] (5529|lower) Too old: 46 days (limit: 30)
[DELETE] (5529|lower) Too old: 43 days (limit: 30)
[OK] (5529) Updated content (2499 chars)
[OK] (1742) Updated content (6042 chars)
[OK] (1742) Updated content (8683 chars)
[OK] (1742) Updated content (8079 chars)
[OK] (1742) Updated content (6573 chars)
[OK] (1742) Updated content (2748 chars)
[DELETE] (6955|lower) Too old: 48 days (limit: 30)
[DELETE] (6955|lower) Too old: 47 days (limit: 30)
[DELETE] (6955|lower) Too old: 42 days (limit: 30)
[DELETE] (6955|lower) Too old: 34 days (limit: 30)
[OK] (6955) Updated content (2681 chars)
[DELETE] (6494|lower) Too old: 47 days (limit: 30)
[DELETE] (6494|lower) Too old: 47 days (limit: 30)
[OK] (6494) Updated content (6107 chars)
[DELETE] (6494|lower) Too old: 32 days (limit: 30)
[OK] (4116) Updated content (7426 chars)
[OK] (6494) Updated content (3093 chars)
[OK] (4116) Updated content (7245 chars)
[OK] (4116) Updated content (4436 chars)
[OK] (4116) Updated content (4945 chars)
[OK] (4116) Updated content (5765 chars)
[DELETE] (7730|lower) Too old: 33 days (limit: 30)
[DELETE] (7730|lower) Too old: 33 days (limit: 30)
[OK] (7730) Updated content (4294 chars)
[DELETE] (6936|lower) Too old: 32 days (limit: 30)
[DELETE] (7730|lower) Too old: 33 days (limit: 30)
[OK] (7730) Updated content (2655 chars)
[DELETE] (6936|lower) Too old: 32 days (limit: 30)
[DELETE] (8940|lower) Too old: 48 days (limit: 30)
[OK] (6936) Updated content (2613 chars)
[DELETE] (6936|lower) Too old: 32 days (limit: 30)
[DELETE] (6936|lower) Too old: 32 days (limit: 30)
[DELETE] (8940|lower) Too old: 32 days (limit: 30)
[DELETE] (8940|lower) Too old: 32 days (limit: 30)
[DELETE] (8940|lower) Too old: 32 days (limit: 30)
[OK] (8940) Updated content (2632 chars)
[DELETE] (6855|lower) Too old: 41 days (limit: 30)
[OK] (6855) Updated content (3577 chars)
[OK] (6855) Updated content (6002 chars)
[OK] (6855) Updated content (5896 chars)
[DELETE] (5007|lower) Too old: 57 days (limit: 30)
[OK] (6855) Updated content (2551 chars)
[DELETE] (5007|lower) Too old: 43 days (limit: 30)
[DELETE] (5007|lower) Too old: 47 days (limit: 30)
[OK] (5007) Updated content (2650 chars)
[OK] (4442) Updated content (5782 chars)
[OK] (5007) Updated content (5623 chars)
[OK] (4442) Updated content (3798 chars)
[OK] (4442) Updated content (4347 chars)
[DELETE] (4581|lower) Too old: 74 days (limit: 30)
[DELETE] (4581|lower) Too old: 46 days (limit: 30)
[OK] (4442) Updated content (3823 chars)
[OK] (4442) Updated content (2632 chars)
[DELETE] (4581|lower) Too old: 54 days (limit: 30)
[DELETE] (4581|lower) Too old: 43 days (limit: 30)
[OK] (5223) Updated content (8250 chars)
[OK] (4581) Updated content (2633 chars)
[OK] (5223) Updated content (3385 chars)
[OK] (5223) Updated content (2696 chars)
[OK] (5223) Updated content (9011 chars)
[OK] (5223) Updated content (5825 chars)
[DELETE] (1525|lower) Too old: 46 days (limit: 30)
[DELETE] (1525|lower) Too old: 46 days (limit: 30)
[DELETE] (1525|lower) Too old: 40 days (limit: 30)
[OK] (1525) Updated content (2636 chars)
[OK] (1525) Updated content (5787 chars)
[OK] (6185) Updated content (6194 chars)
[OK] (6185) Updated content (7678 chars)
[OK] (6185) Updated content (6840 chars)
[OK] (6185) Updated content (5311 chars)
[OK] (6185) Updated content (3576 chars)
[OK] (6629) Updated content (7896 chars)
[OK] (6629) Updated content (2703 chars)
[OK] (6629) Updated content (9313 chars)
[OK] (6629) Updated content (5106 chars)
[OK] (6629) Updated content (6152 chars)
[DELETE] (3085|lower) Too old: 36 days (limit: 30)
[OK] (3085) Updated content (5744 chars)
[OK] (3085) Updated content (3636 chars)
[OK] (3085) Updated content (2653 chars)
[DELETE] (3085|lower) Too old: 36 days (limit: 30)
[DELETE] (6216|mid) Too old: 105 days (limit: 7)
[DELETE] (6216|mid) Too old: 104 days (limit: 7)
[DELETE] (6216|mid) Too old: 46 days (limit: 7)
[DELETE] (6216|mid) Too old: 13 days (limit: 7)
[DELETE] (6216|mid) Too old: 74 days (limit: 7)
[DELETE] (2243|mid) Too old: 12 days (limit: 7)
[DELETE] (2243|mid) Too old: 15 days (limit: 7)
[DELETE] (2243|mid) Too old: 15 days (limit: 7)
[DELETE] (2243|mid) Too old: 12 days (limit: 7)
[OK] (2243) Updated content (4176 chars)
[DELETE] (3484|mid) Too old: 77 days (limit: 7)
[DELETE] (3484|mid) Too old: 105 days (limit: 7)
[DELETE] (3484|mid) Too old: 76 days (limit: 7)
[DELETE] (3484|mid) Too old: 46 days (limit: 7)
[DELETE] (3484|mid) Too old: 15 days (limit: 7)
[DELETE] (6792|mid) Too old: 74 days (limit: 7)
[DELETE] (6792|mid) Too old: 55 days (limit: 7)
[DELETE] (6792|mid) Too old: 110 days (limit: 7)
[DELETE] (6792|mid) Too old: 47 days (limit: 7)
[DELETE] (6792|mid) Too old: 19 days (limit: 7)
[DELETE] (8403|mid) Too old: 46 days (limit: 7)
[DELETE] (8403|mid) Too old: 43 days (limit: 7)
[DELETE] (8403|mid) Too old: 46 days (limit: 7)
[DELETE] (8403|mid) Too old: 28 days (limit: 7)
[DELETE] (8403|mid) Too old: 13 days (limit: 7)
[DELETE] (6641|mid) Too old: 50 days (limit: 7)
[DELETE] (6641|mid) Too old: 49 days (limit: 7)
[DELETE] (6641|mid) Too old: 42 days (limit: 7)
[DELETE] (6641|mid) Too old: 18 days (limit: 7)
[DELETE] (6641|mid) Too old: 34 days (limit: 7)
[DELETE] (8463|mid) Too old: 20 days (limit: 7)
[DELETE] (8463|mid) Too old: 14 days (limit: 7)
[DELETE] (8463|mid) Too old: 20 days (limit: 7)
[DELETE] (8463|mid) Too old: 9 days (limit: 7)
[DELETE] (8463|mid) Too old: 14 days (limit: 7)
[DELETE] (3623|mid) Too old: 47 days (limit: 7)
[DELETE] (3623|mid) Too old: 46 days (limit: 7)
[OK] (3623) Updated content (7239 chars)
[OK] (3623) Updated content (5733 chars)
[OK] (3623) Updated content (8702 chars)
[DELETE] (6885|mid) Too old: 15 days (limit: 7)
[DELETE] (6885|mid) Too old: 11 days (limit: 7)
[DELETE] (6885|mid) Too old: 15 days (limit: 7)
[DELETE] (6885|mid) Too old: 11 days (limit: 7)
[DELETE] (6885|mid) Too old: 11 days (limit: 7)
[DELETE] (3284|mid) Too old: 22 days (limit: 7)
[DELETE] (3284|mid) Too old: 22 days (limit: 7)
[SKIP] (3284) Failed to fetch: https://tw.stock.yahoo.com/news/%E5%85%AC%E5%91%8A-%E5%A4%AA%E6%99%AE%E9%AB%98%E4%BB%A3%E9%87%8D%E8%A6%81%E5%AD%90%E5%85%AC%E5%8F%B8%E4%B8%8A%E5%98%89%E8%A1%8C%E9%8A%B7%E8%82%A1%E4%BB%BD%E6%9C%89%E9%99%90%E5%85%AC%E5%8F%B8%E5%85%AC%E5%91%8A%E8%91%A3%E4%BA%8B%E6%B1%BA%E8%AD%B0%E9%99%A4%E6%AC%8A%E5%9F%BA%E6%BA%96%E6%97%A5-080945443.html
[DELETE] (3284|mid) Too old: 14 days (limit: 7)
[DELETE] (3284|mid) Too old: 12 days (limit: 7)
[DELETE] (3556|mid) Too old: 77 days (limit: 7)
[DELETE] (3556|mid) Too old: 48 days (limit: 7)
[DELETE] (3556|mid) Too old: 42 days (limit: 7)
[DELETE] (3556|mid) Too old: 19 days (limit: 7)
[DELETE] (4726|mid) Too old: 42 days (limit: 7)
[DELETE] (4726|mid) Too old: 29 days (limit: 7)
[DELETE] (3556|mid) Too old: 18 days (limit: 7)
[DELETE] (4726|mid) Too old: 25 days (limit: 7)
[DELETE] (4726|mid) Too old: 21 days (limit: 7)
[DELETE] (6756|mid) Too old: 48 days (limit: 7)
[DELETE] (6756|mid) Too old: 48 days (limit: 7)
[SKIP] (4726) Failed to fetch: https://tw.stock.yahoo.com/news/%E5%85%AC%E5%91%8A-%E6%B0%B8%E6%98%95-2026%E5%B9%B45%E6%9C%88%E5%90%88%E4%BD%B5%E7%87%9F%E6%94%B64250-8%E8%90%AC%E5%85%83-%E5%B9%B4%E5%A2%9E-032246270.html
[DELETE] (6756|mid) Too old: 18 days (limit: 7)
[DELETE] (6756|mid) Too old: 43 days (limit: 7)
[OK] (6756) Updated content (5734 chars)
[DELETE] (6423|mid) Too old: 56 days (limit: 7)
[DELETE] (6423|mid) Too old: 48 days (limit: 7)
[DELETE] (6423|mid) Too old: 46 days (limit: 7)
[DELETE] (6423|mid) Too old: 15 days (limit: 7)
[DELETE] (5353|mid) Too old: 42 days (limit: 7)
[DELETE] (6423|mid) Too old: 28 days (limit: 7)
[SKIP] (5353) Failed to fetch: https://tw.stock.yahoo.com/news/%E5%85%AC%E5%91%8A-%E5%8F%B0%E6%9E%97115%E5%B9%B4%E8%82%A1%E6%9D%B1%E5%B8%B8%E6%9C%83%E9%87%8D%E8%A6%81%E6%B1%BA%E8%AD%B0%E4%BA%8B%E9%A0%85-101007860.html
[DELETE] (5353|mid) Too old: 28 days (limit: 7)
[DELETE] (5353|mid) Too old: 15 days (limit: 7)
[DELETE] (2545|mid) Too old: 11 days (limit: 7)
[DELETE] (5353|mid) Too old: 8 days (limit: 7)
[SKIP] (2545) Failed to fetch: https://tw.stock.yahoo.com/news/%E5%85%AC%E5%91%8A-%E7%9A%87%E7%BF%94%E8%99%95%E5%88%86%E6%9C%89%E5%83%B9%E8%AD%89%E5%88%B8-111633330.html
[OK] (2545) Updated content (4419 chars)
[OK] (2545) Updated content (3461 chars)
[OK] (2545) Updated content (3904 chars)
[DELETE] (2491|mid) Too old: 10 days (limit: 7)
[OK] (2491) Updated content (3413 chars)
[OK] (2491) Updated content (5096 chars)
[OK] (2491) Updated content (3783 chars)
[DELETE] (9930|mid) Too old: 43 days (limit: 7)
[OK] (2491) Updated content (3774 chars)
[DELETE] (9930|mid) Too old: 47 days (limit: 7)
[DELETE] (9930|mid) Too old: 27 days (limit: 7)
[DELETE] (9930|mid) Too old: 26 days (limit: 7)
[DELETE] (1219|mid) Too old: 33 days (limit: 7)
[DELETE] (9930|mid) Too old: 13 days (limit: 7)
[DELETE] (1219|mid) Too old: 33 days (limit: 7)
[DELETE] (1219|mid) Too old: 32 days (limit: 7)
[DELETE] (1219|mid) Too old: 14 days (limit: 7)
[DELETE] (1219|mid) Too old: 22 days (limit: 7)
[DELETE] (5903|mid) Too old: 13 days (limit: 7)
[DELETE] (5903|mid) Too old: 13 days (limit: 7)
[OK] (5903) Updated content (5209 chars)
[OK] (5903) Updated content (4882 chars)
[OK] (5903) Updated content (4637 chars)
[DELETE] (4166|mid) Too old: 64 days (limit: 7)
[DELETE] (4166|mid) Too old: 46 days (limit: 7)
[DELETE] (4166|mid) Too old: 54 days (limit: 7)
[DELETE] (4166|mid) Too old: 15 days (limit: 7)
[DELETE] (4166|mid) Too old: 41 days (limit: 7)
[DELETE] (5321|mid) Too old: 41 days (limit: 7)
[DELETE] (5321|mid) Too old: 25 days (limit: 7)
[DELETE] (5321|mid) Too old: 13 days (limit: 7)
[DELETE] (5321|mid) Too old: 25 days (limit: 7)
[DELETE] (5321|mid) Too old: 32 days (limit: 7)
[DELETE] (3057|mid) Too old: 46 days (limit: 7)
[DELETE] (3057|mid) Too old: 46 days (limit: 7)
[DELETE] (3057|mid) Too old: 46 days (limit: 7)
[DELETE] (3057|mid) Too old: 13 days (limit: 7)
[DELETE] (3057|mid) Too old: 46 days (limit: 7)
[DELETE] (7728|mid) Too old: 48 days (limit: 7)
[DELETE] (7728|mid) Too old: 43 days (limit: 7)
[DELETE] (7728|mid) Too old: 22 days (limit: 7)
[DELETE] (7728|mid) Too old: 13 days (limit: 7)
[DELETE] (7728|mid) Too old: 15 days (limit: 7)
[DELETE] (9937|mid) Too old: 75 days (limit: 7)
[DELETE] (9937|mid) Too old: 55 days (limit: 7)
[DELETE] (9937|mid) Too old: 46 days (limit: 7)
[DELETE] (9937|mid) Too old: 47 days (limit: 7)
[DELETE] (9937|mid) Too old: 15 days (limit: 7)
[OK] (9940) Updated content (3788 chars)
[OK] (9940) Updated content (3965 chars)
[OK] (9940) Updated content (4149 chars)
[OK] (9940) Updated content (5296 chars)
[OK] (9940) Updated content (3911 chars)
[DELETE] (2471|mid) Too old: 46 days (limit: 7)
[DELETE] (2471|mid) Too old: 46 days (limit: 7)
[DELETE] (2471|mid) Too old: 35 days (limit: 7)
[DELETE] (2471|mid) Too old: 18 days (limit: 7)
[DELETE] (2471|mid) Too old: 13 days (limit: 7)
[DELETE] (1108|mid) Too old: 41 days (limit: 7)
[DELETE] (1108|mid) Too old: 28 days (limit: 7)
[DELETE] (1108|mid) Too old: 28 days (limit: 7)
[DELETE] (1108|mid) Too old: 15 days (limit: 7)
[OK] (1108) Updated content (4797 chars)
[DELETE] (4417|mid) Too old: 74 days (limit: 7)
[DELETE] (4417|mid) Too old: 50 days (limit: 7)
[DELETE] (4417|mid) Too old: 46 days (limit: 7)
[DELETE] (4417|mid) Too old: 13 days (limit: 7)
[DELETE] (1432|mid) Too old: 43 days (limit: 7)
[DELETE] (1432|mid) Too old: 26 days (limit: 7)
[OK] (4417) Updated content (5608 chars)
[DELETE] (1432|mid) Too old: 26 days (limit: 7)
[DELETE] (1432|mid) Too old: 26 days (limit: 7)
[DELETE] (6863|mid) Too old: 27 days (limit: 7)
[DELETE] (1432|mid) Too old: 13 days (limit: 7)
[DELETE] (6863|mid) Too old: 27 days (limit: 7)
[DELETE] (6863|mid) Too old: 46 days (limit: 7)
[DELETE] (6863|mid) Too old: 49 days (limit: 7)
[DELETE] (6168|mid) Too old: 64 days (limit: 7)
[DELETE] (6168|mid) Too old: 54 days (limit: 7)
[DELETE] (6168|mid) Too old: 46 days (limit: 7)
[DELETE] (6863|mid) Too old: 13 days (limit: 7)
[DELETE] (6168|mid) Too old: 43 days (limit: 7)
[DELETE] (8383|mid) Too old: 46 days (limit: 7)
[DELETE] (6168|mid) Too old: 13 days (limit: 7)
[DELETE] (8383|mid) Too old: 25 days (limit: 7)
[DELETE] (8383|mid) Too old: 25 days (limit: 7)
[DELETE] (8383|mid) Too old: 15 days (limit: 7)
[OK] (8383) Updated content (5685 chars)
[DELETE] (6167|mid) Too old: 46 days (limit: 7)
[DELETE] (6167|mid) Too old: 42 days (limit: 7)
[OK] (6167) Updated content (5787 chars)
[DELETE] (6167|mid) Too old: 13 days (limit: 7)
[OK] (6167) Updated content (6770 chars)
[DELETE] (4160|mid) Too old: 43 days (limit: 7)
[DELETE] (4160|mid) Too old: 13 days (limit: 7)
[OK] (4160) Updated content (7734 chars)
[OK] (4160) Updated content (9292 chars)
[DELETE] (1709|mid) Too old: 14 days (limit: 7)
[DELETE] (1709|mid) Too old: 12 days (limit: 7)
[OK] (4160) Updated content (5962 chars)
[DELETE] (1709|mid) Too old: 39 days (limit: 7)
[DELETE] (1709|mid) Too old: 42 days (limit: 7)
[DELETE] (6184|mid) Too old: 33 days (limit: 7)
[DELETE] (1709|mid) Too old: 12 days (limit: 7)
[DELETE] (6184|mid) Too old: 27 days (limit: 7)
[DELETE] (6184|mid) Too old: 33 days (limit: 7)
[DELETE] (6184|mid) Too old: 33 days (limit: 7)
[DELETE] (2025|mid) Too old: 48 days (limit: 7)
[DELETE] (6184|mid) Too old: 13 days (limit: 7)
[DELETE] (2025|mid) Too old: 18 days (limit: 7)
[DELETE] (2025|mid) Too old: 42 days (limit: 7)
[DELETE] (2025|mid) Too old: 13 days (limit: 7)
[OK] (2373) Updated content (7420 chars)
[OK] (2373) Updated content (5763 chars)
[DELETE] (2025|mid) Too old: 12 days (limit: 7)
[OK] (2373) Updated content (6201 chars)
[OK] (2373) Updated content (3191 chars)
[DELETE] (3290|mid) Too old: 46 days (limit: 7)
[DELETE] (3290|mid) Too old: 63 days (limit: 7)
[OK] (2373) Updated content (4037 chars)
[OK] (3290) Updated content (6433 chars)
[DELETE] (3290|mid) Too old: 33 days (limit: 7)
[DELETE] (3290|mid) Too old: 15 days (limit: 7)
[DELETE] (8349|mid) Too old: 75 days (limit: 7)
[DELETE] (8349|mid) Too old: 50 days (limit: 7)
[DELETE] (8349|mid) Too old: 46 days (limit: 7)
[DELETE] (8349|mid) Too old: 15 days (limit: 7)
[DELETE] (8349|mid) Too old: 47 days (limit: 7)
[DELETE] (8410|mid) Too old: 75 days (limit: 7)
[DELETE] (8410|mid) Too old: 109 days (limit: 7)
[DELETE] (8410|mid) Too old: 85 days (limit: 7)
[DELETE] (8410|mid) Too old: 46 days (limit: 7)
[DELETE] (8410|mid) Too old: 42 days (limit: 7)
[DELETE] (6441|mid) Too old: 56 days (limit: 7)
[DELETE] (6441|mid) Too old: 27 days (limit: 7)
[DELETE] (6441|mid) Too old: 49 days (limit: 7)
[DELETE] (6441|mid) Too old: 27 days (limit: 7)
[DELETE] (6441|mid) Too old: 18 days (limit: 7)
[DELETE] (4552|mid) Too old: 47 days (limit: 7)
[DELETE] (4552|mid) Too old: 43 days (limit: 7)
[DELETE] (4552|mid) Too old: 77 days (limit: 7)
[DELETE] (4552|mid) Too old: 39 days (limit: 7)
[SKIP] (4552) Failed to fetch: https://tw.stock.yahoo.com/news/%E5%85%AC%E5%91%8A-%E5%8A%9B%E9%81%94-ky-2026%E5%B9%B45%E6%9C%88%E5%90%88%E4%BD%B5%E7%87%9F%E6%94%B63-14%E5%84%84%E5%85%83-054243933.html
[DELETE] (4549|mid) Too old: 41 days (limit: 7)
[DELETE] (4549|mid) Too old: 49 days (limit: 7)
[DELETE] (4549|mid) Too old: 47 days (limit: 7)
[DELETE] (4549|mid) Too old: 15 days (limit: 7)
[DELETE] (4549|mid) Too old: 15 days (limit: 7)
[DELETE] (2745|mid) Too old: 60 days (limit: 7)
[DELETE] (2745|mid) Too old: 46 days (limit: 7)
[DELETE] (2745|mid) Too old: 14 days (limit: 7)
[DELETE] (2745|mid) Too old: 50 days (limit: 7)
[DELETE] (2745|mid) Too old: 8 days (limit: 7)
[DELETE] (3122|mid) Too old: 46 days (limit: 7)
[DELETE] (3122|mid) Too old: 46 days (limit: 7)
[DELETE] (3122|mid) Too old: 46 days (limit: 7)
[DELETE] (3122|mid) Too old: 46 days (limit: 7)
[DELETE] (3122|mid) Too old: 15 days (limit: 7)
[DELETE] (8099|mid) Too old: 48 days (limit: 7)
[DELETE] (8099|mid) Too old: 47 days (limit: 7)
[DELETE] (8099|mid) Too old: 12 days (limit: 7)
[DELETE] (8099|mid) Too old: 15 days (limit: 7)
[DELETE] (8099|mid) Too old: 12 days (limit: 7)
[DELETE] (6128|mid) Too old: 13 days (limit: 7)
[DELETE] (6128|mid) Too old: 41 days (limit: 7)
[OK] (6128) Updated content (5902 chars)
[DELETE] (6128|mid) Too old: 41 days (limit: 7)
[OK] (6128) Updated content (3394 chars)
[DELETE] (1234|mid) Too old: 13 days (limit: 7)
[DELETE] (1234|mid) Too old: 21 days (limit: 7)
[OK] (1234) Updated content (5516 chars)
[DELETE] (1234|mid) Too old: 43 days (limit: 7)
[DELETE] (1234|mid) Too old: 14 days (limit: 7)
[DELETE] (2852|mid) Too old: 40 days (limit: 7)
[DELETE] (2852|mid) Too old: 22 days (limit: 7)
[DELETE] (2852|mid) Too old: 26 days (limit: 7)
[DELETE] (2852|mid) Too old: 11 days (limit: 7)
[OK] (2852) Updated content (4943 chars)
[DELETE] (4707|mid) Too old: 15 days (limit: 7)
[DELETE] (4707|mid) Too old: 13 days (limit: 7)
[DELETE] (4707|mid) Too old: 12 days (limit: 7)
[DELETE] (4707|mid) Too old: 12 days (limit: 7)
[DELETE] (6431|mid) Too old: 11 days (limit: 7)
[DELETE] (4707|mid) Too old: 12 days (limit: 7)
[DELETE] (6431|mid) Too old: 13 days (limit: 7)
[DELETE] (6431|mid) Too old: 8 days (limit: 7)
[OK] (6431) Updated content (3125 chars)
[OK] (6431) Updated content (5303 chars)
[DELETE] (5468|mid) Too old: 46 days (limit: 7)
[DELETE] (5468|mid) Too old: 27 days (limit: 7)
[DELETE] (5468|mid) Too old: 13 days (limit: 7)
[OK] (5468) Updated content (6101 chars)
[DELETE] (5468|mid) Too old: 13 days (limit: 7)
[DELETE] (8908|mid) Too old: 27 days (limit: 7)
[DELETE] (8908|mid) Too old: 27 days (limit: 7)
[DELETE] (8908|mid) Too old: 27 days (limit: 7)
[DELETE] (8908|mid) Too old: 13 days (limit: 7)
[DELETE] (8908|mid) Too old: 27 days (limit: 7)
[DELETE] (1444|mid) Too old: 42 days (limit: 7)
[DELETE] (1444|mid) Too old: 19 days (limit: 7)
[DELETE] (1444|mid) Too old: 14 days (limit: 7)
[DELETE] (1444|mid) Too old: 14 days (limit: 7)
[DELETE] (1444|mid) Too old: 13 days (limit: 7)
[DELETE] (6967|mid) Too old: 40 days (limit: 7)
[DELETE] (6967|mid) Too old: 25 days (limit: 7)
[DELETE] (6967|mid) Too old: 25 days (limit: 7)
[DELETE] (6967|mid) Too old: 25 days (limit: 7)
[DELETE] (2414|mid) Too old: 105 days (limit: 7)
[DELETE] (6967|mid) Too old: 14 days (limit: 7)
[DELETE] (2414|mid) Too old: 74 days (limit: 7)
[DELETE] (2414|mid) Too old: 14 days (limit: 7)
[DELETE] (2414|mid) Too old: 46 days (limit: 7)
[DELETE] (2414|mid) Too old: 48 days (limit: 7)
[DELETE] (4934|mid) Too old: 32 days (limit: 7)
[DELETE] (4934|mid) Too old: 32 days (limit: 7)
[DELETE] (4934|mid) Too old: 32 days (limit: 7)
[DELETE] (4934|mid) Too old: 13 days (limit: 7)
[OK] (4934) Updated content (3891 chars)
[DELETE] (7547|mid) Too old: 18 days (limit: 7)
[DELETE] (7547|mid) Too old: 18 days (limit: 7)
[DELETE] (7547|mid) Too old: 15 days (limit: 7)
[DELETE] (7547|mid) Too old: 13 days (limit: 7)
[DELETE] (7547|mid) Too old: 11 days (limit: 7)
[DELETE] (3071|mid) Too old: 8 days (limit: 7)
[DELETE] (3071|mid) Too old: 8 days (limit: 7)
[OK] (3071) Updated content (5870 chars)
[OK] (3071) Updated content (7149 chars)
[OK] (3071) Updated content (4226 chars)
[DELETE] (6118|mid) Too old: 49 days (limit: 7)
[DELETE] (6118|mid) Too old: 41 days (limit: 7)
[DELETE] (6118|mid) Too old: 46 days (limit: 7)
[DELETE] (6118|mid) Too old: 39 days (limit: 7)
[DELETE] (6741|mid) Too old: 36 days (limit: 7)
[DELETE] (6118|mid) Too old: 13 days (limit: 7)
[DELETE] (6741|mid) Too old: 28 days (limit: 7)
[DELETE] (6741|mid) Too old: 22 days (limit: 7)
[DELETE] (6741|mid) Too old: 13 days (limit: 7)
[DELETE] (1783|mid) Too old: 56 days (limit: 7)
[DELETE] (1783|mid) Too old: 46 days (limit: 7)
[DELETE] (6741|mid) Too old: 11 days (limit: 7)
[DELETE] (1783|mid) Too old: 36 days (limit: 7)
[DELETE] (1783|mid) Too old: 18 days (limit: 7)
[DELETE] (1783|mid) Too old: 12 days (limit: 7)
[DELETE] (8411|mid) Too old: 46 days (limit: 7)
[DELETE] (8411|mid) Too old: 15 days (limit: 7)
[OK] (8411) Updated content (5892 chars)
[DELETE] (8411|mid) Too old: 15 days (limit: 7)
[DELETE] (6266|mid) Too old: 110 days (limit: 7)
[DELETE] (6266|mid) Too old: 118 days (limit: 7)
[OK] (8411) Updated content (5615 chars)
[DELETE] (6266|mid) Too old: 76 days (limit: 7)
[DELETE] (6266|mid) Too old: 107 days (limit: 7)
[DELETE] (5014|mid) Too old: 46 days (limit: 7)
[DELETE] (6266|mid) Too old: 15 days (limit: 7)
[DELETE] (5014|mid) Too old: 46 days (limit: 7)
[DELETE] (5014|mid) Too old: 46 days (limit: 7)
[DELETE] (5014|mid) Too old: 46 days (limit: 7)
[DELETE] (6654|mid) Too old: 43 days (limit: 7)
[DELETE] (6654|mid) Too old: 27 days (limit: 7)
[DELETE] (5014|mid) Too old: 14 days (limit: 7)
[DELETE] (6654|mid) Too old: 27 days (limit: 7)
[DELETE] (6654|mid) Too old: 22 days (limit: 7)
[DELETE] (2397|mid) Too old: 49 days (limit: 7)
[DELETE] (6654|mid) Too old: 13 days (limit: 7)
[DELETE] (2397|mid) Too old: 42 days (limit: 7)
[DELETE] (2397|mid) Too old: 35 days (limit: 7)
[DELETE] (2397|mid) Too old: 21 days (limit: 7)
[DELETE] (9136|mid) Too old: 61 days (limit: 7)
[OK] (2397) Updated content (6143 chars)
[DELETE] (4414|mid) Too old: 40 days (limit: 7)
[DELETE] (4414|mid) Too old: 13 days (limit: 7)
[DELETE] (4414|mid) Too old: 40 days (limit: 7)
[DELETE] (4414|mid) Too old: 11 days (limit: 7)
[DELETE] (6751|mid) Too old: 76 days (limit: 7)
[DELETE] (4414|mid) Too old: 11 days (limit: 7)
[DELETE] (6751|mid) Too old: 49 days (limit: 7)
[DELETE] (6751|mid) Too old: 57 days (limit: 7)
[DELETE] (6751|mid) Too old: 47 days (limit: 7)
[DELETE] (8048|mid) Too old: 54 days (limit: 7)
[DELETE] (6751|mid) Too old: 28 days (limit: 7)
[DELETE] (8048|mid) Too old: 46 days (limit: 7)
[DELETE] (8048|mid) Too old: 46 days (limit: 7)
[DELETE] (8048|mid) Too old: 14 days (limit: 7)
[DELETE] (8048|mid) Too old: 13 days (limit: 7)
[DELETE] (6624|mid) Too old: 46 days (limit: 7)
[DELETE] (6624|mid) Too old: 46 days (limit: 7)
[DELETE] (6624|mid) Too old: 15 days (limit: 7)
[DELETE] (6624|mid) Too old: 35 days (limit: 7)
[DELETE] (5519|mid) Too old: 50 days (limit: 7)
[OK] (6624) Updated content (5854 chars)
[DELETE] (5519|mid) Too old: 46 days (limit: 7)
[DELETE] (5519|mid) Too old: 42 days (limit: 7)
[DELETE] (5519|mid) Too old: 14 days (limit: 7)
[DELETE] (3527|mid) Too old: 56 days (limit: 7)
[OK] (5519) Updated content (4895 chars)
[DELETE] (3527|mid) Too old: 55 days (limit: 7)
[DELETE] (3527|mid) Too old: 46 days (limit: 7)
[DELETE] (2038|mid) Too old: 74 days (limit: 7)
[DELETE] (3527|mid) Too old: 43 days (limit: 7)
[DELETE] (3527|mid) Too old: 15 days (limit: 7)
[DELETE] (2038|mid) Too old: 54 days (limit: 7)
[DELETE] (2038|mid) Too old: 46 days (limit: 7)
[DELETE] (2038|mid) Too old: 46 days (limit: 7)
[DELETE] (1512|mid) Too old: 43 days (limit: 7)
[DELETE] (2038|mid) Too old: 13 days (limit: 7)
[DELETE] (1512|mid) Too old: 18 days (limit: 7)
[DELETE] (1512|mid) Too old: 13 days (limit: 7)
[DELETE] (1512|mid) Too old: 43 days (limit: 7)
[SKIP] (1512) Failed to fetch: https://tw.stock.yahoo.com/news/%E5%85%AC%E5%91%8A-%E9%87%8D%E6%96%B0%E5%85%AC%E5%91%8A%E6%8E%A1%E5%80%99%E9%81%B8%E4%BA%BA%E6%8F%90%E5%90%8D%E5%88%B6%E9%81%B8%E4%BB%BB%E8%91%A3%E7%9B%A3%E4%BA%8B%E7%9B%B8%E9%97%9C%E5%85%AC%E5%91%8A-%E4%BF%AE%E6%AD%A3%E6%8F%90%E5%90%8D%E4%BA%BA%E4%BB%A3%E8%A1%A8%E5%90%8D%E7%A8%B1-092930327.html
[DELETE] (9918|mid) Too old: 55 days (limit: 7)
[DELETE] (9918|mid) Too old: 41 days (limit: 7)
[DELETE] (9918|mid) Too old: 46 days (limit: 7)
[DELETE] (9918|mid) Too old: 15 days (limit: 7)
[DELETE] (9918|mid) Too old: 28 days (limit: 7)
[DELETE] (8049|mid) Too old: 15 days (limit: 7)
[DELETE] (8049|mid) Too old: 10 days (limit: 7)
[DELETE] (8049|mid) Too old: 26 days (limit: 7)
[DELETE] (8049|mid) Too old: 8 days (limit: 7)
[SKIP] (8049) Failed to fetch: https://tw.stock.yahoo.com/news/%E6%99%B6%E9%87%87-%E8%98%87%E6%BC%A2%E5%82%91%E8%BE%AD%E4%B8%96-%E5%B0%87%E7%B7%8A%E6%80%A5%E5%8F%AC%E9%96%8B%E8%91%A3%E4%BA%8B%E6%9C%83%E9%81%B8%E6%96%B0%E4%BB%BB%E8%91%A3%E4%BA%8B%E9%95%B7-114318712.html
[DELETE] (2534|mid) Too old: 19 days (limit: 7)
[DELETE] (2534|mid) Too old: 15 days (limit: 7)
[DELETE] (2534|mid) Too old: 15 days (limit: 7)
[DELETE] (2534|mid) Too old: 13 days (limit: 7)
[DELETE] (2534|mid) Too old: 14 days (limit: 7)
[DELETE] (2415|mid) Too old: 27 days (limit: 7)
[DELETE] (2415|mid) Too old: 27 days (limit: 7)
[DELETE] (2415|mid) Too old: 20 days (limit: 7)
[DELETE] (2415|mid) Too old: 18 days (limit: 7)
[DELETE] (2415|mid) Too old: 12 days (limit: 7)
[DELETE] (4420|mid) Too old: 55 days (limit: 7)
[DELETE] (4420|mid) Too old: 47 days (limit: 7)
[DELETE] (4420|mid) Too old: 43 days (limit: 7)
[DELETE] (4420|mid) Too old: 18 days (limit: 7)
[DELETE] (4420|mid) Too old: 28 days (limit: 7)
[DELETE] (2017|mid) Too old: 27 days (limit: 7)
[DELETE] (2017|mid) Too old: 41 days (limit: 7)
[DELETE] (2017|mid) Too old: 33 days (limit: 7)
[DELETE] (2017|mid) Too old: 19 days (limit: 7)
[DELETE] (2017|mid) Too old: 13 days (limit: 7)
[DELETE] (3713|mid) Too old: 42 days (limit: 7)
[DELETE] (3713|mid) Too old: 34 days (limit: 7)
[DELETE] (3713|mid) Too old: 15 days (limit: 7)
[DELETE] (3713|mid) Too old: 14 days (limit: 7)
[SKIP] (3713) Failed to fetch: https://tw.stock.yahoo.com/news/%E5%85%AC%E5%91%8A-%E6%96%B0%E6%99%B6%E6%8A%95%E6%8E%A7-2026%E5%B9%B44%E6%9C%88%E5%90%88%E4%BD%B5%E7%87%9F%E6%94%B63133-7%E8%90%AC%E5%85%83-%E5%B9%B4%E5%A2%9E62-100246436.html
[DELETE] (6263|mid) Too old: 34 days (limit: 7)
[DELETE] (6263|mid) Too old: 27 days (limit: 7)
[DELETE] (6263|mid) Too old: 27 days (limit: 7)
[DELETE] (6263|mid) Too old: 15 days (limit: 7)
[DELETE] (6263|mid) Too old: 15 days (limit: 7)
[DELETE] (8446|mid) Too old: 46 days (limit: 7)
[DELETE] (8446|mid) Too old: 18 days (limit: 7)
[DELETE] (8446|mid) Too old: 18 days (limit: 7)
[OK] (8446) Updated content (3748 chars)
[OK] (8446) Updated content (6979 chars)
[DELETE] (1533|mid) Too old: 42 days (limit: 7)
[DELETE] (1533|mid) Too old: 47 days (limit: 7)
[DELETE] (1533|mid) Too old: 15 days (limit: 7)
[DELETE] (1533|mid) Too old: 42 days (limit: 7)
[DELETE] (1533|mid) Too old: 42 days (limit: 7)
[DELETE] (3024|mid) Too old: 42 days (limit: 7)
[DELETE] (3024|mid) Too old: 42 days (limit: 7)
[DELETE] (3024|mid) Too old: 13 days (limit: 7)
[DELETE] (3024|mid) Too old: 8 days (limit: 7)
[DELETE] (3024|mid) Too old: 42 days (limit: 7)
[DELETE] (2613|mid) Too old: 41 days (limit: 7)
[DELETE] (2613|mid) Too old: 41 days (limit: 7)
[DELETE] (2613|mid) Too old: 33 days (limit: 7)
[DELETE] (2613|mid) Too old: 36 days (limit: 7)
[DELETE] (2613|mid) Too old: 13 days (limit: 7)
[DELETE] (2748|mid) Too old: 43 days (limit: 7)
[DELETE] (2748|mid) Too old: 56 days (limit: 7)
[DELETE] (2748|mid) Too old: 63 days (limit: 7)
[DELETE] (2748|mid) Too old: 48 days (limit: 7)
[DELETE] (2748|mid) Too old: 13 days (limit: 7)
[DELETE] (9919|mid) Too old: 71 days (limit: 7)
[DELETE] (9919|mid) Too old: 46 days (limit: 7)
[DELETE] (9919|mid) Too old: 54 days (limit: 7)
[DELETE] (9919|mid) Too old: 13 days (limit: 7)
[DELETE] (9919|mid) Too old: 43 days (limit: 7)
[DELETE] (6281|mid) Too old: 75 days (limit: 7)
[DELETE] (6281|mid) Too old: 106 days (limit: 7)
[DELETE] (6281|mid) Too old: 13 days (limit: 7)
[DELETE] (6281|mid) Too old: 46 days (limit: 7)
[DELETE] (6281|mid) Too old: 82 days (limit: 7)
[DELETE] (2032|mid) Too old: 56 days (limit: 7)
[DELETE] (2032|mid) Too old: 15 days (limit: 7)
[OK] (2032) Updated content (457 chars)
[DELETE] (2032|mid) Too old: 48 days (limit: 7)
[DELETE] (2032|mid) Too old: 47 days (limit: 7)
[DELETE] (5410|mid) Too old: 56 days (limit: 7)
[DELETE] (5410|mid) Too old: 48 days (limit: 7)
[DELETE] (5410|mid) Too old: 43 days (limit: 7)
[DELETE] (5410|mid) Too old: 48 days (limit: 7)
[DELETE] (5410|mid) Too old: 29 days (limit: 7)
[DELETE] (3209|mid) Too old: 42 days (limit: 7)
[DELETE] (3209|mid) Too old: 11 days (limit: 7)
[DELETE] (3209|mid) Too old: 13 days (limit: 7)
[DELETE] (3209|mid) Too old: 11 days (limit: 7)
[DELETE] (3209|mid) Too old: 11 days (limit: 7)
[DELETE] (6164|mid) Too old: 42 days (limit: 7)
[DELETE] (6164|mid) Too old: 20 days (limit: 7)
[DELETE] (6164|mid) Too old: 28 days (limit: 7)
[DELETE] (6164|mid) Too old: 18 days (limit: 7)
[DELETE] (6164|mid) Too old: 13 days (limit: 7)
[DELETE] (2832|mid) Too old: 54 days (limit: 7)
[DELETE] (2832|mid) Too old: 42 days (limit: 7)
[DELETE] (2832|mid) Too old: 15 days (limit: 7)
[DELETE] (2832|mid) Too old: 46 days (limit: 7)
[DELETE] (2832|mid) Too old: 11 days (limit: 7)
[DELETE] (3040|mid) Too old: 47 days (limit: 7)
[DELETE] (3040|mid) Too old: 15 days (limit: 7)
[SKIP] (3040) Failed to fetch: https://tw.stock.yahoo.com/news/%E5%85%AC%E5%91%8A-%E9%81%A0%E8%A6%8B115%E5%B9%B4%E8%82%A1%E6%9D%B1%E5%B8%B8%E6%9C%83%E9%87%8D%E8%A6%81%E6%B1%BA%E8%AD%B0%E4%BA%8B%E9%A0%85-084901863.html
[DELETE] (3040|mid) Too old: 13 days (limit: 7)
[DELETE] (6791|mid) Too old: 36 days (limit: 7)
[DELETE] (3040|mid) Too old: 14 days (limit: 7)
[DELETE] (6791|mid) Too old: 13 days (limit: 7)
[OK] (6791) Updated content (5903 chars)
[OK] (6791) Updated content (8073 chars)
[OK] (6791) Updated content (6892 chars)
[DELETE] (7738|mid) Too old: 48 days (limit: 7)
[DELETE] (7738|mid) Too old: 43 days (limit: 7)
[DELETE] (7738|mid) Too old: 40 days (limit: 7)
[OK] (7738) Updated content (5862 chars)
[DELETE] (7738|mid) Too old: 13 days (limit: 7)
[DELETE] (1733|mid) Too old: 46 days (limit: 7)
[DELETE] (1733|mid) Too old: 32 days (limit: 7)
[DELETE] (1733|mid) Too old: 15 days (limit: 7)
[DELETE] (1733|mid) Too old: 32 days (limit: 7)
[DELETE] (1733|mid) Too old: 15 days (limit: 7)
[DELETE] (6432|mid) Too old: 25 days (limit: 7)
[DELETE] (6432|mid) Too old: 12 days (limit: 7)
[DELETE] (6432|mid) Too old: 18 days (limit: 7)
[DELETE] (6432|mid) Too old: 12 days (limit: 7)
[DELETE] (6432|mid) Too old: 12 days (limit: 7)
[DELETE] (3021|mid) Too old: 33 days (limit: 7)
[DELETE] (3021|mid) Too old: 26 days (limit: 7)
[DELETE] (3021|mid) Too old: 29 days (limit: 7)
[OK] (3021) Updated content (5737 chars)
[DELETE] (3021|mid) Too old: 14 days (limit: 7)
[SKIP] (5609) Failed to fetch: https://tw.stock.yahoo.com/news/%E5%85%AC%E5%91%8A-%E4%B8%AD%E8%8F%B2%E8%A1%8C115%E5%B9%B4%E7%AC%AC-%E5%AD%A3%E5%90%88%E4%BD%B5%E8%B2%A1%E5%8B%99%E5%A0%B1%E5%91%8A%E8%91%A3%E4%BA%8B%E6%9C%83%E5%8F%AC%E9%96%8B%E6%97%A5%E6%9C%9F-064311349.html
[DELETE] (5609|mid) Too old: 41 days (limit: 7)
[DELETE] (5609|mid) Too old: 41 days (limit: 7)
[DELETE] (5609|mid) Too old: 15 days (limit: 7)
[DELETE] (8084|mid) Too old: 43 days (limit: 7)
[DELETE] (8084|mid) Too old: 43 days (limit: 7)
[DELETE] (5609|mid) Too old: 22 days (limit: 7)
[DELETE] (8084|mid) Too old: 13 days (limit: 7)
[DELETE] (8084|mid) Too old: 12 days (limit: 7)
[DELETE] (8084|mid) Too old: 25 days (limit: 7)
[DELETE] (4908|mid) Too old: 68 days (limit: 7)
[DELETE] (4908|mid) Too old: 70 days (limit: 7)
[DELETE] (4908|mid) Too old: 43 days (limit: 7)
[DELETE] (4908|mid) Too old: 48 days (limit: 7)
[DELETE] (4556|mid) Too old: 46 days (limit: 7)
[DELETE] (4908|mid) Too old: 13 days (limit: 7)
[DELETE] (1295|mid) Too old: 25 days (limit: 7)
[DELETE] (1295|mid) Too old: 25 days (limit: 7)
[DELETE] (4556|mid) Too old: 14 days (limit: 7)
[DELETE] (4556|mid) Too old: 18 days (limit: 7)
[DELETE] (1295|mid) Too old: 15 days (limit: 7)
[DELETE] (4556|mid) Too old: 18 days (limit: 7)
[DELETE] (1295|mid) Too old: 12 days (limit: 7)
[DELETE] (6523|mid) Too old: 48 days (limit: 7)
[OK] (1295) Updated content (4723 chars)
[DELETE] (4556|mid) Too old: 8 days (limit: 7)
[DELETE] (6523|mid) Too old: 46 days (limit: 7)
[DELETE] (3550|mid) Too old: 18 days (limit: 7)
[DELETE] (6523|mid) Too old: 14 days (limit: 7)
[DELETE] (6523|mid) Too old: 11 days (limit: 7)
[DELETE] (6523|mid) Too old: 46 days (limit: 7)
[SKIP] (3550) Failed to fetch: https://tw.stock.yahoo.com/news/%E5%85%AC%E5%91%8A-%E8%81%AF%E7%A9%8E%E4%BF%82%E5%9B%A0%E6%9C%89%E5%83%B9%E8%AD%89%E5%88%B8%E6%96%BC%E9%9B%86%E4%B8%AD%E4%BA%A4%E6%98%93%E5%B8%82%E5%A0%B4%E9%81%94%E5%85%AC%E5%B8%83%E6%B3%A8%E6%84%8F%E4%BA%A4%E6%98%93%E8%B3%87%E8%A8%8A%E6%A8%99%E6%BA%96-%E6%95%85%E5%85%AC%E5%B8%83%E7%9B%B8%E9%97%9C%E8%B2%A1%E5%8B%99%E6%A5%AD%E5%8B%99%E7%AD%89%E9%87%8D%E5%A4%A7%E8%A8%8A%E6%81%AF-%E4%BB%A5%E5%88%A9%E6%8A%95%E8%B3%87%E4%BA%BA%E5%8D%80%E5%88%A5%E7%9E%AD%E8%A7%A3-082758958.html
[OK] (3550) Updated content (7755 chars)
[OK] (3550) Updated content (9127 chars)
[DELETE] (5201|mid) Too old: 14 days (limit: 7)
[OK] (3550) Updated content (5844 chars)
[OK] (5201) Updated content (5740 chars)
[OK] (5201) Updated content (6668 chars)
[OK] (5201) Updated content (5336 chars)
[OK] (5201) Updated content (9296 chars)
[DELETE] (3272|mid) Too old: 74 days (limit: 7)
[DELETE] (3272|mid) Too old: 46 days (limit: 7)
[DELETE] (3272|mid) Too old: 57 days (limit: 7)
[DELETE] (3272|mid) Too old: 20 days (limit: 7)
[DELETE] (3272|mid) Too old: 13 days (limit: 7)
[DELETE] (3176|mid) Too old: 28 days (limit: 7)
[DELETE] (3176|mid) Too old: 15 days (limit: 7)
[DELETE] (3176|mid) Too old: 22 days (limit: 7)
[DELETE] (3176|mid) Too old: 13 days (limit: 7)
[DELETE] (3176|mid) Too old: 20 days (limit: 7)
[DELETE] (2239|mid) Too old: 43 days (limit: 7)
[DELETE] (2239|mid) Too old: 48 days (limit: 7)
[DELETE] (2239|mid) Too old: 43 days (limit: 7)
[DELETE] (2239|mid) Too old: 48 days (limit: 7)
[SKIP] (2239) Failed to fetch: https://tw.stock.yahoo.com/news/%E5%85%AC%E5%91%8A-%E8%8B%B1%E5%88%A9-ky-2026%E5%B9%B45%E6%9C%88%E5%90%88%E4%BD%B5%E7%87%9F%E6%94%B612-61%E5%84%84%E5%85%83-100703808.html
[DELETE] (5531|mid) Too old: 74 days (limit: 7)
[DELETE] (6933|mid) Too old: 71 days (limit: 7)
[DELETE] (6933|mid) Too old: 49 days (limit: 7)
[DELETE] (5531|mid) Too old: 88 days (limit: 7)
[DELETE] (5531|mid) Too old: 46 days (limit: 7)
[DELETE] (5531|mid) Too old: 25 days (limit: 7)
[DELETE] (6933|mid) Too old: 41 days (limit: 7)
[DELETE] (6933|mid) Too old: 43 days (limit: 7)
[DELETE] (5531|mid) Too old: 13 days (limit: 7)
[DELETE] (6933|mid) Too old: 14 days (limit: 7)
[DELETE] (6158|mid) Too old: 83 days (limit: 7)
[DELETE] (6579|mid) Too old: 48 days (limit: 7)
[DELETE] (6158|mid) Too old: 64 days (limit: 7)
[DELETE] (6579|mid) Too old: 42 days (limit: 7)
[DELETE] (6579|mid) Too old: 41 days (limit: 7)
[DELETE] (6579|mid) Too old: 25 days (limit: 7)
[DELETE] (6158|mid) Too old: 56 days (limit: 7)
[DELETE] (6579|mid) Too old: 15 days (limit: 7)
[DELETE] (6158|mid) Too old: 49 days (limit: 7)
[SKIP] (6158) Failed to fetch: https://tw.stock.yahoo.com/news/%E5%85%AC%E5%91%8A-%E7%A6%BE%E6%98%8C-2026%E5%B9%B45%E6%9C%88%E5%90%88%E4%BD%B5%E7%87%9F%E6%94%B61-48%E5%84%84%E5%85%83-%E5%B9%B4%E5%A2%9E-091216764.html
[DELETE] (3597|mid) Too old: 39 days (limit: 7)
[DELETE] (3597|mid) Too old: 19 days (limit: 7)
[DELETE] (3597|mid) Too old: 19 days (limit: 7)
[DELETE] (3597|mid) Too old: 19 days (limit: 7)
[DELETE] (3597|mid) Too old: 13 days (limit: 7)
[DELETE] (2755|mid) Too old: 46 days (limit: 7)
[DELETE] (2755|mid) Too old: 34 days (limit: 7)
[DELETE] (2755|mid) Too old: 26 days (limit: 7)
[OK] (2755) Updated content (6423 chars)
[DELETE] (2755|mid) Too old: 14 days (limit: 7)
[DELETE] (3388|mid) Too old: 33 days (limit: 7)
[DELETE] (3388|mid) Too old: 35 days (limit: 7)
[DELETE] (3388|mid) Too old: 29 days (limit: 7)
[DELETE] (3388|mid) Too old: 29 days (limit: 7)
[DELETE] (3388|mid) Too old: 19 days (limit: 7)
[DELETE] (3438|mid) Too old: 25 days (limit: 7)
[DELETE] (3438|mid) Too old: 29 days (limit: 7)
[DELETE] (3438|mid) Too old: 22 days (limit: 7)
[DELETE] (3438|mid) Too old: 15 days (limit: 7)
[DELETE] (4137|mid) Too old: 25 days (limit: 7)
[OK] (3438) Updated content (6748 chars)
[DELETE] (4137|mid) Too old: 15 days (limit: 7)
[DELETE] (4137|mid) Too old: 25 days (limit: 7)
[DELETE] (4137|mid) Too old: 15 days (limit: 7)
[OK] (4137) Updated content (5688 chars)
[DELETE] (4728|mid) Too old: 43 days (limit: 7)
[DELETE] (4728|mid) Too old: 39 days (limit: 7)
[DELETE] (4728|mid) Too old: 43 days (limit: 7)
[DELETE] (4728|mid) Too old: 13 days (limit: 7)
[DELETE] (4728|mid) Too old: 8 days (limit: 7)
[DELETE] (2488|mid) Too old: 48 days (limit: 7)
[DELETE] (2488|mid) Too old: 46 days (limit: 7)
[DELETE] (2488|mid) Too old: 48 days (limit: 7)
[DELETE] (2488|mid) Too old: 33 days (limit: 7)
[DELETE] (6156|mid) Too old: 46 days (limit: 7)
[DELETE] (6156|mid) Too old: 48 days (limit: 7)
[DELETE] (2488|mid) Too old: 13 days (limit: 7)
[DELETE] (6156|mid) Too old: 25 days (limit: 7)
[DELETE] (6156|mid) Too old: 13 days (limit: 7)
[DELETE] (1614|mid) Too old: 19 days (limit: 7)
[DELETE] (6156|mid) Too old: 8 days (limit: 7)
[OK] (1614) Updated content (9258 chars)
[SKIP] (1614) Failed to fetch: https://tw.stock.yahoo.com/news/%E4%B8%89%E6%B4%8B%E9%9B%BB-%E5%85%AC%E5%91%8A%E6%9C%AC%E5%85%AC%E5%8F%B8%E8%91%A3%E4%BA%8B%E6%9C%83%E9%81%B8%E4%BB%BB%E8%91%A3%E4%BA%8B%E9%95%B7-075100667.html
[OK] (1614) Updated content (6224 chars)
[OK] (1614) Updated content (5851 chars)
[DELETE] (6931|mid) Too old: 75 days (limit: 7)
[DELETE] (6931|mid) Too old: 134 days (limit: 7)
[DELETE] (6931|mid) Too old: 47 days (limit: 7)
[DELETE] (6931|mid) Too old: 41 days (limit: 7)
[DELETE] (8935|mid) Too old: 18 days (limit: 7)
[DELETE] (6931|mid) Too old: 14 days (limit: 7)
[OK] (8935) Updated content (6593 chars)
[DELETE] (8935|mid) Too old: 14 days (limit: 7)
[OK] (8935) Updated content (5232 chars)
[OK] (8935) Updated content (4406 chars)
[DELETE] (2433|mid) Too old: 36 days (limit: 7)
[DELETE] (2433|mid) Too old: 11 days (limit: 7)
[DELETE] (2433|mid) Too old: 13 days (limit: 7)
[OK] (2433) Updated content (6626 chars)
[DELETE] (6024|mid) Too old: 19 days (limit: 7)
[DELETE] (6024|mid) Too old: 26 days (limit: 7)
[OK] (2433) Updated content (5710 chars)
[DELETE] (6024|mid) Too old: 8 days (limit: 7)
[DELETE] (6024|mid) Too old: 18 days (limit: 7)
[OK] (6024) Updated content (4381 chars)
[OK] (5465) Updated content (6506 chars)
[OK] (5465) Updated content (5598 chars)
[OK] (5465) Updated content (5453 chars)
[OK] (5465) Updated content (5492 chars)
[OK] (5465) Updated content (5664 chars)
[DELETE] (8072|mid) Too old: 15 days (limit: 7)
[DELETE] (8072|mid) Too old: 18 days (limit: 7)
[DELETE] (8072|mid) Too old: 14 days (limit: 7)
[OK] (8072) Updated content (6923 chars)
[OK] (8072) Updated content (5752 chars)
[DELETE] (3226|mid) Too old: 50 days (limit: 7)
[DELETE] (3226|mid) Too old: 75 days (limit: 7)
[DELETE] (3226|mid) Too old: 46 days (limit: 7)
[DELETE] (3226|mid) Too old: 42 days (limit: 7)
[DELETE] (2704|mid) Too old: 20 days (limit: 7)
[DELETE] (3226|mid) Too old: 14 days (limit: 7)
[DELETE] (2704|mid) Too old: 20 days (limit: 7)
[DELETE] (2704|mid) Too old: 15 days (limit: 7)
[DELETE] (2704|mid) Too old: 19 days (limit: 7)
[DELETE] (2704|mid) Too old: 15 days (limit: 7)
[DELETE] (4161|mid) Too old: 56 days (limit: 7)
[DELETE] (4161|mid) Too old: 50 days (limit: 7)
[DELETE] (4161|mid) Too old: 46 days (limit: 7)
[DELETE] (4161|mid) Too old: 46 days (limit: 7)
[DELETE] (3058|mid) Too old: 74 days (limit: 7)
[DELETE] (4161|mid) Too old: 21 days (limit: 7)
[DELETE] (3058|mid) Too old: 46 days (limit: 7)
[DELETE] (3058|mid) Too old: 43 days (limit: 7)
[DELETE] (3058|mid) Too old: 33 days (limit: 7)
[DELETE] (3058|mid) Too old: 13 days (limit: 7)
[DELETE] (1416|mid) Too old: 49 days (limit: 7)
[DELETE] (1416|mid) Too old: 46 days (limit: 7)
[DELETE] (1416|mid) Too old: 32 days (limit: 7)
[DELETE] (1416|mid) Too old: 13 days (limit: 7)
[DELETE] (2423|mid) Too old: 34 days (limit: 7)
[DELETE] (1416|mid) Too old: 14 days (limit: 7)
[DELETE] (2423|mid) Too old: 27 days (limit: 7)
[DELETE] (2423|mid) Too old: 18 days (limit: 7)
[DELETE] (2423|mid) Too old: 15 days (limit: 7)
[DELETE] (3518|mid) Too old: 46 days (limit: 7)
[DELETE] (2423|mid) Too old: 8 days (limit: 7)
[DELETE] (3518|mid) Too old: 26 days (limit: 7)
[DELETE] (3518|mid) Too old: 15 days (limit: 7)
[OK] (3518) Updated content (4014 chars)
[DELETE] (3518|mid) Too old: 14 days (limit: 7)
[DELETE] (6160|mid) Too old: 41 days (limit: 7)
[DELETE] (6160|mid) Too old: 13 days (limit: 7)
[DELETE] (6160|mid) Too old: 41 days (limit: 7)
[DELETE] (6160|mid) Too old: 41 days (limit: 7)
[DELETE] (4113|mid) Too old: 46 days (limit: 7)
[OK] (6160) Updated content (5809 chars)
[DELETE] (4113|mid) Too old: 46 days (limit: 7)
[DELETE] (4113|mid) Too old: 42 days (limit: 7)
[DELETE] (4113|mid) Too old: 46 days (limit: 7)
[DELETE] (4113|mid) Too old: 13 days (limit: 7)
[DELETE] (2516|mid) Too old: 75 days (limit: 7)
[DELETE] (2516|mid) Too old: 46 days (limit: 7)
[DELETE] (2516|mid) Too old: 49 days (limit: 7)
[DELETE] (2516|mid) Too old: 14 days (limit: 7)
[DELETE] (6465|mid) Too old: 76 days (limit: 7)
[DELETE] (2516|mid) Too old: 12 days (limit: 7)
[DELETE] (6465|mid) Too old: 46 days (limit: 7)
[DELETE] (6465|mid) Too old: 15 days (limit: 7)
[DELETE] (6465|mid) Too old: 41 days (limit: 7)
[DELETE] (2547|mid) Too old: 18 days (limit: 7)
[DELETE] (6465|mid) Too old: 13 days (limit: 7)
[DELETE] (2547|mid) Too old: 13 days (limit: 7)
[DELETE] (2547|mid) Too old: 13 days (limit: 7)
[DELETE] (2547|mid) Too old: 11 days (limit: 7)
[DELETE] (2547|mid) Too old: 11 days (limit: 7)
[OK] (1464) Updated content (5823 chars)
[OK] (1464) Updated content (4511 chars)
[OK] (1464) Updated content (3333 chars)
[OK] (1464) Updated content (5261 chars)
[DELETE] (4163|mid) Too old: 48 days (limit: 7)
[SKIP] (1464) Failed to fetch: https://tw.stock.yahoo.com/news/%E5%85%AC%E5%91%8A-%E5%BE%97%E5%8A%9B%E8%91%A3%E4%BA%8B%E6%9C%83%E9%80%9A%E9%81%8E%E7%B8%BD%E7%B6%93%E7%90%86%E6%B8%B8%E9%80%B8%E8%83%BD%E7%BA%8C%E4%BB%BB%E6%A1%88-083149131.html
[DELETE] (4163|mid) Too old: 41 days (limit: 7)
[DELETE] (4163|mid) Too old: 22 days (limit: 7)
[DELETE] (4163|mid) Too old: 15 days (limit: 7)
[OK] (4163) Updated content (5262 chars)
[DELETE] (1321|mid) Too old: 134 days (limit: 7)
[DELETE] (1321|mid) Too old: 106 days (limit: 7)
[DELETE] (1321|mid) Too old: 75 days (limit: 7)
[DELETE] (1321|mid) Too old: 46 days (limit: 7)
[DELETE] (1321|mid) Too old: 14 days (limit: 7)
[DELETE] (2820|mid) Too old: 75 days (limit: 7)
[DELETE] (2820|mid) Too old: 54 days (limit: 7)
[DELETE] (2820|mid) Too old: 11 days (limit: 7)
[DELETE] (2820|mid) Too old: 14 days (limit: 7)
[DELETE] (2820|mid) Too old: 46 days (limit: 7)
[DELETE] (6951|mid) Too old: 109 days (limit: 7)
[DELETE] (6951|mid) Too old: 47 days (limit: 7)
[DELETE] (6951|mid) Too old: 74 days (limit: 7)
[DELETE] (6951|mid) Too old: 32 days (limit: 7)
[DELETE] (6951|mid) Too old: 15 days (limit: 7)
[DELETE] (8416|mid) Too old: 46 days (limit: 7)
[DELETE] (8416|mid) Too old: 25 days (limit: 7)
[DELETE] (8416|mid) Too old: 13 days (limit: 7)
[DELETE] (8416|mid) Too old: 21 days (limit: 7)
[DELETE] (8416|mid) Too old: 25 days (limit: 7)
[DELETE] (2477|mid) Too old: 42 days (limit: 7)
[DELETE] (2477|mid) Too old: 42 days (limit: 7)
[DELETE] (2477|mid) Too old: 46 days (limit: 7)
[DELETE] (2477|mid) Too old: 14 days (limit: 7)
[DELETE] (2477|mid) Too old: 42 days (limit: 7)
[OK] (6130) Updated content (6455 chars)
[OK] (6130) Updated content (8832 chars)
[OK] (6130) Updated content (4926 chars)
[SKIP] (6130) Failed to fetch: https://tw.stock.yahoo.com/news/%E4%B8%8A%E4%BA%9E%E7%A7%91%E6%8A%80-%E5%85%AC%E5%91%8A%E6%9C%AC%E5%85%AC%E5%8F%B8115%E5%B9%B4%E8%82%A1%E6%9D%B1%E5%B8%B8%E6%9C%83%E9%80%9A%E9%81%8E%E8%A7%A3%E9%99%A4%E6%96%B0%E4%BB%BB%E8%91%A3%E4%BA%8B%E5%8F%8A%E5%85%B6%E4%BB%A3%E8%A1%A8%E4%BA%BA%E7%AB%B6%E6%A5%AD%E7%A6%81%E6%AD%A2%E4%B9%8B%E9%99%90%E5%88%B6%E6%A1%88-065100882.html
[OK] (6130) Updated content (5851 chars)
[DELETE] (6115|mid) Too old: 47 days (limit: 7)
[DELETE] (6115|mid) Too old: 25 days (limit: 7)
[SKIP] (6115) Failed to fetch: https://tw.stock.yahoo.com/news/%E5%85%AC%E5%91%8A-%E9%8E%B0%E5%8B%9D-2026%E5%B9%B44%E6%9C%88%E5%90%88%E4%BD%B5%E7%87%9F%E6%94%B67-39%E5%84%84%E5%85%83-%E5%B9%B4%E5%A2%9E15-063302837.html
[DELETE] (6115|mid) Too old: 25 days (limit: 7)
[DELETE] (6115|mid) Too old: 18 days (limit: 7)
[DELETE] (1339|mid) Too old: 92 days (limit: 7)
[DELETE] (1339|mid) Too old: 55 days (limit: 7)
[DELETE] (1339|mid) Too old: 74 days (limit: 7)
[DELETE] (1339|mid) Too old: 43 days (limit: 7)
[DELETE] (1339|mid) Too old: 13 days (limit: 7)
[DELETE] (5285|mid) Too old: 43 days (limit: 7)
[DELETE] (5285|mid) Too old: 46 days (limit: 7)
[SKIP] (5285) Failed to fetch: https://tw.stock.yahoo.com/news/%E5%85%AC%E5%91%8A-%E7%95%8C%E9%9C%96%E8%91%A3%E4%BA%8B%E6%9C%83%E6%8E%88%E6%AC%8A%E8%91%A3%E4%BA%8B%E9%95%B7%E6%B1%BA%E8%AD%B0%E9%99%A4%E6%81%AF%E5%9F%BA%E6%BA%96%E6%97%A5-075521155.html
[DELETE] (5285|mid) Too old: 35 days (limit: 7)
[DELETE] (3511|mid) Too old: 112 days (limit: 7)
[DELETE] (3511|mid) Too old: 82 days (limit: 7)
[SKIP] (5285) Failed to fetch: https://tw.stock.yahoo.com/news/%E5%85%AC%E5%91%8A-%E7%95%8C%E9%9C%96-2026%E5%B9%B45%E6%9C%88%E5%90%88%E4%BD%B5%E7%87%9F%E6%94%B65-22%E5%84%84%E5%85%83-%E5%B9%B4%E5%A2%9E18-075307797.html
[DELETE] (3511|mid) Too old: 26 days (limit: 7)
[DELETE] (3511|mid) Too old: 49 days (limit: 7)
[DELETE] (3528|mid) Too old: 74 days (limit: 7)
[DELETE] (3528|mid) Too old: 46 days (limit: 7)
[SKIP] (3511) Failed to fetch: https://tw.stock.yahoo.com/news/%E5%85%AC%E5%91%8A-%E7%9F%BD%E7%91%AA-2026%E5%B9%B45%E6%9C%88%E5%90%88%E4%BD%B5%E7%87%9F%E6%94%B61-54%E5%84%84%E5%85%83-%E5%B9%B4%E5%A2%9E27-095226734.html
[SKIP] (3528) Failed to fetch: https://tw.stock.yahoo.com/news/%E5%85%AC%E5%91%8A-%E5%AE%89%E9%A6%B3115%E5%B9%B4%E7%AC%AC-%E5%AD%A3%E8%B2%A1%E5%8B%99%E5%A0%B1%E5%91%8A%E8%91%A3%E4%BA%8B%E6%9C%83%E9%A0%90%E8%A8%88%E5%8F%AC%E9%96%8B%E6%97%A5%E6%9C%9F%E7%82%BA115%E5%B9%B45%E6%9C%888%E6%97%A5-083815293.html
[DELETE] (3528|mid) Too old: 25 days (limit: 7)
[DELETE] (3094|mid) Too old: 46 days (limit: 7)
[DELETE] (3094|mid) Too old: 26 days (limit: 7)
[DELETE] (3528|mid) Too old: 13 days (limit: 7)
[DELETE] (3094|mid) Too old: 19 days (limit: 7)
[DELETE] (3094|mid) Too old: 26 days (limit: 7)
[DELETE] (2468|mid) Too old: 74 days (limit: 7)
[OK] (3094) Updated content (6540 chars)
[DELETE] (2468|mid) Too old: 61 days (limit: 7)
[DELETE] (2468|mid) Too old: 14 days (limit: 7)
[DELETE] (2468|mid) Too old: 18 days (limit: 7)
[DELETE] (6612|mid) Too old: 46 days (limit: 7)
[DELETE] (2468|mid) Too old: 46 days (limit: 7)
[DELETE] (6612|mid) Too old: 42 days (limit: 7)
[DELETE] (6612|mid) Too old: 35 days (limit: 7)
[DELETE] (6612|mid) Too old: 15 days (limit: 7)
[DELETE] (4107|mid) Too old: 46 days (limit: 7)
[DELETE] (6612|mid) Too old: 25 days (limit: 7)
[DELETE] (4107|mid) Too old: 39 days (limit: 7)
[DELETE] (4107|mid) Too old: 46 days (limit: 7)
[DELETE] (4107|mid) Too old: 39 days (limit: 7)
[DELETE] (4107|mid) Too old: 13 days (limit: 7)
[DELETE] (3178|mid) Too old: 106 days (limit: 7)
[DELETE] (3178|mid) Too old: 74 days (limit: 7)
[DELETE] (3178|mid) Too old: 48 days (limit: 7)
[DELETE] (3178|mid) Too old: 46 days (limit: 7)
[DELETE] (2314|mid) Too old: 46 days (limit: 7)
[DELETE] (2314|mid) Too old: 46 days (limit: 7)
[DELETE] (2314|mid) Too old: 13 days (limit: 7)
[DELETE] (2314|mid) Too old: 8 days (limit: 7)
[DELETE] (3178|mid) Too old: 18 days (limit: 7)
[OK] (2314) Updated content (4385 chars)
[DELETE] (6790|mid) Too old: 55 days (limit: 7)
[DELETE] (6790|mid) Too old: 47 days (limit: 7)
[DELETE] (6790|mid) Too old: 47 days (limit: 7)
[DELETE] (6790|mid) Too old: 43 days (limit: 7)
[DELETE] (2546|mid) Too old: 76 days (limit: 7)
[DELETE] (2546|mid) Too old: 74 days (limit: 7)
[SKIP] (6790) Failed to fetch: https://tw.stock.yahoo.com/news/%E5%85%AC%E5%91%8A-%E6%B0%B8%E8%B1%90%E5%AF%A6-2026%E5%B9%B45%E6%9C%88%E5%90%88%E4%BD%B5%E7%87%9F%E6%94%B68-97%E5%84%84%E5%85%83-%E5%B9%B4%E5%A2%9E-055402814.html
[DELETE] (2546|mid) Too old: 46 days (limit: 7)
[DELETE] (2546|mid) Too old: 46 days (limit: 7)
[DELETE] (3083|mid) Too old: 50 days (limit: 7)
[DELETE] (2546|mid) Too old: 13 days (limit: 7)
[DELETE] (3083|mid) Too old: 46 days (limit: 7)
[DELETE] (3083|mid) Too old: 34 days (limit: 7)
[DELETE] (3083|mid) Too old: 13 days (limit: 7)
[DELETE] (3705|mid) Too old: 48 days (limit: 7)
[DELETE] (3083|mid) Too old: 12 days (limit: 7)
[DELETE] (3705|mid) Too old: 48 days (limit: 7)
[SKIP] (3705) Failed to fetch: https://tw.stock.yahoo.com/news/%E5%85%AC%E5%91%8A-%E6%B0%B8%E4%BF%A1-2026%E5%B9%B44%E6%9C%88%E5%90%88%E4%BD%B5%E7%87%9F%E6%94%B66-94%E5%84%84%E5%85%83-%E5%B9%B4%E5%A2%9E-082334272.html
[DELETE] (3705|mid) Too old: 39 days (limit: 7)
[DELETE] (3705|mid) Too old: 13 days (limit: 7)
[DELETE] (2450|mid) Too old: 15 days (limit: 7)
[DELETE] (2450|mid) Too old: 14 days (limit: 7)
[DELETE] (2450|mid) Too old: 12 days (limit: 7)
[DELETE] (2450|mid) Too old: 12 days (limit: 7)
[DELETE] (3306|mid) Too old: 55 days (limit: 7)
[SKIP] (2450) Failed to fetch: https://tw.stock.yahoo.com/news/%E5%85%AC%E5%91%8A-%E7%A5%9E%E8%85%A6%E5%8F%96%E5%BE%97%E4%B8%AD%E8%8F%AF%E9%9B%BB%E4%BF%A1%E8%82%A1%E4%BB%BD%E6%9C%89%E9%99%90%E5%85%AC%E5%8F%B8-%E7%AC%AC-%E7%89%A9%E7%AE%A1%E8%BD%84%E5%8D%80-%E4%BD%BF%E7%94%A8%E6%AC%8A%E8%B3%87%E7%94%A2-073311933.html
[OK] (3306) Updated content (3364 chars)
[DELETE] (3306|mid) Too old: 15 days (limit: 7)
[DELETE] (3306|mid) Too old: 13 days (limit: 7)
[DELETE] (3306|mid) Too old: 46 days (limit: 7)
[DELETE] (3311|mid) Too old: 48 days (limit: 7)
[DELETE] (3311|mid) Too old: 28 days (limit: 7)
[DELETE] (3311|mid) Too old: 15 days (limit: 7)
[DELETE] (3311|mid) Too old: 13 days (limit: 7)
[DELETE] (3311|mid) Too old: 25 days (limit: 7)
[DELETE] (7721|mid) Too old: 42 days (limit: 7)
[DELETE] (7721|mid) Too old: 46 days (limit: 7)
[DELETE] (7721|mid) Too old: 34 days (limit: 7)
[DELETE] (7721|mid) Too old: 13 days (limit: 7)
[DELETE] (6148|mid) Too old: 49 days (limit: 7)
[DELETE] (7721|mid) Too old: 41 days (limit: 7)
[DELETE] (6148|mid) Too old: 49 days (limit: 7)
[DELETE] (6148|mid) Too old: 46 days (limit: 7)
[DELETE] (6148|mid) Too old: 22 days (limit: 7)
[DELETE] (8924|mid) Too old: 49 days (limit: 7)
[DELETE] (6148|mid) Too old: 14 days (limit: 7)
[DELETE] (8924|mid) Too old: 49 days (limit: 7)
[DELETE] (8924|mid) Too old: 13 days (limit: 7)
[DELETE] (8924|mid) Too old: 25 days (limit: 7)
[DELETE] (8924|mid) Too old: 25 days (limit: 7)
[DELETE] (7556|mid) Too old: 13 days (limit: 7)
[DELETE] (7556|mid) Too old: 13 days (limit: 7)
[DELETE] (7556|mid) Too old: 13 days (limit: 7)
[OK] (7556) Updated content (4955 chars)
[DELETE] (4503|mid) Too old: 43 days (limit: 7)
[OK] (7556) Updated content (5557 chars)
[DELETE] (4503|mid) Too old: 42 days (limit: 7)
[DELETE] (4503|mid) Too old: 36 days (limit: 7)
[DELETE] (4503|mid) Too old: 36 days (limit: 7)
[DELETE] (1451|mid) Too old: 46 days (limit: 7)
[DELETE] (1451|mid) Too old: 18 days (limit: 7)
[DELETE] (4503|mid) Too old: 36 days (limit: 7)
[OK] (1451) Updated content (8381 chars)
[DELETE] (4506|mid) Too old: 50 days (limit: 7)
[OK] (1451) Updated content (5745 chars)
[OK] (1451) Updated content (6689 chars)
[DELETE] (4506|mid) Too old: 43 days (limit: 7)
[DELETE] (4506|mid) Too old: 42 days (limit: 7)
[DELETE] (4506|mid) Too old: 13 days (limit: 7)
[DELETE] (4506|mid) Too old: 26 days (limit: 7)
[DELETE] (6835|mid) Too old: 25 days (limit: 7)
[DELETE] (6835|mid) Too old: 20 days (limit: 7)
[DELETE] (6835|mid) Too old: 20 days (limit: 7)
[DELETE] (6835|mid) Too old: 13 days (limit: 7)
[DELETE] (4771|mid) Too old: 49 days (limit: 7)
[DELETE] (4771|mid) Too old: 54 days (limit: 7)
[DELETE] (4771|mid) Too old: 41 days (limit: 7)
[SKIP] (6835) Failed to fetch: https://tw.stock.yahoo.com/news/%E5%85%AC%E5%91%8A-%E5%9C%93%E8%A3%95%E8%AA%BF%E6%95%B4%E7%8F%BE%E9%87%91%E8%82%A1%E5%88%A9%E9%85%8D%E6%81%AF%E7%8E%87-060345318.html
[DELETE] (4771|mid) Too old: 19 days (limit: 7)
[DELETE] (4771|mid) Too old: 19 days (limit: 7)
[DELETE] (3594|mid) Too old: 74 days (limit: 7)
[DELETE] (3594|mid) Too old: 13 days (limit: 7)
[DELETE] (3594|mid) Too old: 43 days (limit: 7)
[DELETE] (3594|mid) Too old: 13 days (limit: 7)
[OK] (3594) Updated content (4023 chars)
[DELETE] (3043|mid) Too old: 77 days (limit: 7)
[DELETE] (3043|mid) Too old: 47 days (limit: 7)
[DELETE] (3043|mid) Too old: 75 days (limit: 7)
[DELETE] (3043|mid) Too old: 13 days (limit: 7)
[DELETE] (3043|mid) Too old: 46 days (limit: 7)
[DELETE] (1725|mid) Too old: 49 days (limit: 7)
[DELETE] (1725|mid) Too old: 34 days (limit: 7)
[DELETE] (1725|mid) Too old: 46 days (limit: 7)
[DELETE] (1725|mid) Too old: 15 days (limit: 7)
[DELETE] (2013|mid) Too old: 8 days (limit: 7)
[DELETE] (2013|mid) Too old: 8 days (limit: 7)
[DELETE] (1725|mid) Too old: 14 days (limit: 7)
[DELETE] (2013|mid) Too old: 8 days (limit: 7)
[DELETE] (5011|mid) Too old: 28 days (limit: 7)
[DELETE] (5011|mid) Too old: 28 days (limit: 7)
[OK] (2013) Updated content (8253 chars)
[DELETE] (5011|mid) Too old: 28 days (limit: 7)
[OK] (2013) Updated content (4242 chars)
[DELETE] (6470|mid) Too old: 105 days (limit: 7)
[DELETE] (5011|mid) Too old: 13 days (limit: 7)
[DELETE] (5011|mid) Too old: 15 days (limit: 7)
[DELETE] (6470|mid) Too old: 110 days (limit: 7)
[DELETE] (6470|mid) Too old: 74 days (limit: 7)
[DELETE] (1218|mid) Too old: 13 days (limit: 7)
[DELETE] (6470|mid) Too old: 47 days (limit: 7)
[DELETE] (6470|mid) Too old: 13 days (limit: 7)
[DELETE] (1218|mid) Too old: 11 days (limit: 7)
[DELETE] (1218|mid) Too old: 11 days (limit: 7)
[OK] (1218) Updated content (5837 chars)
[DELETE] (5236|mid) Too old: 25 days (limit: 7)
[OK] (1218) Updated content (6084 chars)
[DELETE] (5236|mid) Too old: 25 days (limit: 7)
[DELETE] (5236|mid) Too old: 25 days (limit: 7)
[DELETE] (1232|mid) Too old: 35 days (limit: 7)
[DELETE] (1232|mid) Too old: 35 days (limit: 7)
[DELETE] (5236|mid) Too old: 20 days (limit: 7)
[OK] (5236) Updated content (3453 chars)
[DELETE] (1232|mid) Too old: 32 days (limit: 7)
[DELETE] (1232|mid) Too old: 32 days (limit: 7)
[DELETE] (1232|mid) Too old: 14 days (limit: 7)
[DELETE] (3332|mid) Too old: 91 days (limit: 7)
[DELETE] (3332|mid) Too old: 106 days (limit: 7)
[DELETE] (3332|mid) Too old: 46 days (limit: 7)
[DELETE] (3332|mid) Too old: 76 days (limit: 7)
[DELETE] (3332|mid) Too old: 15 days (limit: 7)
[DELETE] (6161|mid) Too old: 46 days (limit: 7)
[DELETE] (6161|mid) Too old: 32 days (limit: 7)
[DELETE] (6161|mid) Too old: 32 days (limit: 7)
[DELETE] (6161|mid) Too old: 32 days (limit: 7)
[DELETE] (4133|mid) Too old: 25 days (limit: 7)
[DELETE] (6161|mid) Too old: 13 days (limit: 7)
[DELETE] (4133|mid) Too old: 25 days (limit: 7)
[DELETE] (4133|mid) Too old: 25 days (limit: 7)
[DELETE] (4133|mid) Too old: 25 days (limit: 7)
[DELETE] (4133|mid) Too old: 13 days (limit: 7)
[DELETE] (8442|mid) Too old: 15 days (limit: 7)
[OK] (8442) Updated content (3464 chars)
[DELETE] (8442|mid) Too old: 11 days (limit: 7)
[OK] (8442) Updated content (3948 chars)
[OK] (8442) Updated content (4178 chars)
[DELETE] (3287|mid) Too old: 43 days (limit: 7)
[DELETE] (3287|mid) Too old: 43 days (limit: 7)
[DELETE] (3287|mid) Too old: 43 days (limit: 7)
[DELETE] (3287|mid) Too old: 43 days (limit: 7)
[DELETE] (3287|mid) Too old: 18 days (limit: 7)
[DELETE] (3002|mid) Too old: 47 days (limit: 7)
[DELETE] (3002|mid) Too old: 47 days (limit: 7)
[DELETE] (3002|mid) Too old: 18 days (limit: 7)
[DELETE] (3002|mid) Too old: 14 days (limit: 7)
[DELETE] (3002|mid) Too old: 14 days (limit: 7)
[SKIP] (5356) Failed to fetch: https://tw.stock.yahoo.com/news/%E5%85%AC%E5%91%8A-%E5%8D%94%E7%9B%8A%E6%B1%BA%E8%AD%B0%E9%99%A4%E6%81%AF%E5%9F%BA%E6%BA%96%E6%97%A5%E5%8F%8A%E7%99%BC%E6%94%BE%E6%97%A5-100441714.html
[DELETE] (5356|mid) Too old: 19 days (limit: 7)
[OK] (5356) Updated content (6219 chars)
[DELETE] (5356|mid) Too old: 18 days (limit: 7)
[OK] (5356) Updated content (5735 chars)
[DELETE] (5438|mid) Too old: 49 days (limit: 7)
[DELETE] (5438|mid) Too old: 46 days (limit: 7)
[DELETE] (5438|mid) Too old: 13 days (limit: 7)
[DELETE] (5438|mid) Too old: 28 days (limit: 7)
[DELETE] (5438|mid) Too old: 13 days (limit: 7)
[DELETE] (2390|mid) Too old: 49 days (limit: 7)
[DELETE] (2390|mid) Too old: 46 days (limit: 7)
[DELETE] (2390|mid) Too old: 41 days (limit: 7)
[DELETE] (2390|mid) Too old: 13 days (limit: 7)
[OK] (2390) Updated content (5871 chars)
[DELETE] (8047|mid) Too old: 20 days (limit: 7)
[DELETE] (8047|mid) Too old: 15 days (limit: 7)
[DELETE] (8047|mid) Too old: 14 days (limit: 7)
[DELETE] (8047|mid) Too old: 14 days (limit: 7)
[DELETE] (8047|mid) Too old: 13 days (limit: 7)
[DELETE] (6142|mid) Too old: 26 days (limit: 7)
[DELETE] (6142|mid) Too old: 26 days (limit: 7)
[DELETE] (6142|mid) Too old: 26 days (limit: 7)
[DELETE] (6142|mid) Too old: 26 days (limit: 7)
[DELETE] (6142|mid) Too old: 13 days (limit: 7)
[DELETE] (5230|mid) Too old: 28 days (limit: 7)
[DELETE] (5230|mid) Too old: 28 days (limit: 7)
[DELETE] (5230|mid) Too old: 28 days (limit: 7)
[DELETE] (5230|mid) Too old: 28 days (limit: 7)
[DELETE] (9908|mid) Too old: 103 days (limit: 7)
[DELETE] (5230|mid) Too old: 15 days (limit: 7)
[DELETE] (9908|mid) Too old: 106 days (limit: 7)
[DELETE] (9908|mid) Too old: 75 days (limit: 7)
[DELETE] (6165|mid) Too old: 15 days (limit: 7)
[DELETE] (9908|mid) Too old: 46 days (limit: 7)
[OK] (6165) Updated content (6052 chars)
[DELETE] (9908|mid) Too old: 14 days (limit: 7)
[OK] (6165) Updated content (7587 chars)
[OK] (6165) Updated content (5662 chars)
[OK] (6165) Updated content (7635 chars)
[DELETE] (3669|mid) Too old: 14 days (limit: 7)
[DELETE] (3669|mid) Too old: 14 days (limit: 7)
[DELETE] (3669|mid) Too old: 14 days (limit: 7)
[DELETE] (3669|mid) Too old: 14 days (limit: 7)
[DELETE] (3669|mid) Too old: 14 days (limit: 7)
[DELETE] (6111|mid) Too old: 8 days (limit: 7)
[DELETE] (6111|mid) Too old: 8 days (limit: 7)
[OK] (6111) Updated content (3988 chars)
[OK] (6111) Updated content (3736 chars)
[OK] (6111) Updated content (7275 chars)
[DELETE] (5278|mid) Too old: 26 days (limit: 7)
[DELETE] (5278|mid) Too old: 26 days (limit: 7)
[DELETE] (5278|mid) Too old: 25 days (limit: 7)
[DELETE] (5278|mid) Too old: 18 days (limit: 7)
[DELETE] (5278|mid) Too old: 13 days (limit: 7)
[DELETE] (5457|mid) Too old: 13 days (limit: 7)
[DELETE] (5457|mid) Too old: 39 days (limit: 7)
[DELETE] (5457|mid) Too old: 26 days (limit: 7)
[DELETE] (5457|mid) Too old: 12 days (limit: 7)
[DELETE] (5457|mid) Too old: 11 days (limit: 7)
[DELETE] (8071|mid) Too old: 39 days (limit: 7)
[DELETE] (8071|mid) Too old: 39 days (limit: 7)
[DELETE] (8071|mid) Too old: 39 days (limit: 7)
[DELETE] (8071|mid) Too old: 29 days (limit: 7)
[DELETE] (3114|mid) Too old: 46 days (limit: 7)
[DELETE] (8071|mid) Too old: 13 days (limit: 7)
[DELETE] (3114|mid) Too old: 41 days (limit: 7)
[DELETE] (3114|mid) Too old: 18 days (limit: 7)
[DELETE] (1735|mid) Too old: 46 days (limit: 7)
[DELETE] (1735|mid) Too old: 42 days (limit: 7)
[DELETE] (3114|mid) Too old: 15 days (limit: 7)
[DELETE] (1735|mid) Too old: 27 days (limit: 7)
[DELETE] (1735|mid) Too old: 22 days (limit: 7)
[SKIP] (3114) Failed to fetch: https://tw.stock.yahoo.com/news/%E5%85%AC%E5%91%8A-%E5%A5%BD%E5%BE%B7115%E5%B9%B4%E8%82%A1%E6%9D%B1%E5%B8%B8%E6%9C%83%E9%87%8D%E8%A6%81%E6%B1%BA%E8%AD%B0%E4%BA%8B%E9%A0%85-070405123.html
[DELETE] (3230|mid) Too old: 70 days (limit: 7)
[DELETE] (1735|mid) Too old: 14 days (limit: 7)
[DELETE] (3230|mid) Too old: 46 days (limit: 7)
[DELETE] (3230|mid) Too old: 42 days (limit: 7)
[DELETE] (3230|mid) Too old: 19 days (limit: 7)
[DELETE] (5310|mid) Too old: 34 days (limit: 7)
[DELETE] (3230|mid) Too old: 13 days (limit: 7)
[DELETE] (5310|mid) Too old: 34 days (limit: 7)
[DELETE] (5310|mid) Too old: 11 days (limit: 7)
[DELETE] (5310|mid) Too old: 34 days (limit: 7)
[DELETE] (6668|mid) Too old: 74 days (limit: 7)
[DELETE] (6668|mid) Too old: 103 days (limit: 7)
[DELETE] (5310|mid) Too old: 19 days (limit: 7)
[DELETE] (6668|mid) Too old: 46 days (limit: 7)
[DELETE] (6668|mid) Too old: 47 days (limit: 7)
[DELETE] (8050|mid) Too old: 46 days (limit: 7)
[DELETE] (6668|mid) Too old: 13 days (limit: 7)
[DELETE] (8050|mid) Too old: 54 days (limit: 7)
[DELETE] (8050|mid) Too old: 13 days (limit: 7)
[DELETE] (8050|mid) Too old: 41 days (limit: 7)
[DELETE] (8050|mid) Too old: 43 days (limit: 7)
[DELETE] (3297|mid) Too old: 57 days (limit: 7)
[DELETE] (3297|mid) Too old: 49 days (limit: 7)
[DELETE] (3297|mid) Too old: 29 days (limit: 7)
[DELETE] (3297|mid) Too old: 46 days (limit: 7)
[DELETE] (3297|mid) Too old: 15 days (limit: 7)
[DELETE] (2431|mid) Too old: 74 days (limit: 7)
[OK] (2431) Updated content (3891 chars)
[DELETE] (2431|mid) Too old: 46 days (limit: 7)
[DELETE] (2431|mid) Too old: 13 days (limit: 7)
[DELETE] (4173|mid) Too old: 50 days (limit: 7)
[OK] (2431) Updated content (4740 chars)
[DELETE] (4173|mid) Too old: 46 days (limit: 7)
[DELETE] (4173|mid) Too old: 14 days (limit: 7)
[DELETE] (4173|mid) Too old: 49 days (limit: 7)
[DELETE] (3611|mid) Too old: 102 days (limit: 7)
[OK] (4173) Updated content (6025 chars)
[DELETE] (3611|mid) Too old: 46 days (limit: 7)
[DELETE] (3611|mid) Too old: 74 days (limit: 7)
[DELETE] (3611|mid) Too old: 43 days (limit: 7)
[DELETE] (3611|mid) Too old: 92 days (limit: 7)
[DELETE] (9951|mid) Too old: 46 days (limit: 7)
[OK] (9951) Updated content (5965 chars)
[DELETE] (9951|mid) Too old: 15 days (limit: 7)
[OK] (9951) Updated content (7079 chars)
[OK] (9951) Updated content (8675 chars)
[DELETE] (1583|mid) Too old: 25 days (limit: 7)
[DELETE] (1583|mid) Too old: 25 days (limit: 7)
[DELETE] (1583|mid) Too old: 13 days (limit: 7)
[DELETE] (1583|mid) Too old: 13 days (limit: 7)
[DELETE] (1583|mid) Too old: 13 days (limit: 7)
[DELETE] (8183|mid) Too old: 47 days (limit: 7)
[SKIP] (8183) Failed to fetch: https://tw.stock.yahoo.com/news/%E5%85%AC%E5%91%8A-%E7%B2%BE%E6%98%9F-2026%E5%B9%B44%E6%9C%88%E5%90%88%E4%BD%B5%E7%87%9F%E6%94%B67-16%E5%84%84%E5%85%83-%E5%B9%B4%E5%A2%9E12-091225283.html
[DELETE] (8183|mid) Too old: 41 days (limit: 7)
[DELETE] (8183|mid) Too old: 15 days (limit: 7)
[OK] (8183) Updated content (6180 chars)
[DELETE] (6606|mid) Too old: 48 days (limit: 7)
[DELETE] (6606|mid) Too old: 41 days (limit: 7)
[DELETE] (6606|mid) Too old: 34 days (limit: 7)
[DELETE] (6606|mid) Too old: 22 days (limit: 7)
[DELETE] (6606|mid) Too old: 18 days (limit: 7)
[DELETE] (2250|mid) Too old: 41 days (limit: 7)
[SKIP] (2250) Failed to fetch: https://tw.stock.yahoo.com/news/%E5%85%AC%E5%91%8A-ikka-ky%E4%BB%A3%E9%87%8D%E8%A6%81%E5%AD%90%E5%85%AC%E5%8F%B8m-c-technology-084250991.html
[DELETE] (2250|mid) Too old: 25 days (limit: 7)
[DELETE] (2250|mid) Too old: 25 days (limit: 7)
[DELETE] (2250|mid) Too old: 15 days (limit: 7)
[DELETE] (1103|mid) Too old: 32 days (limit: 7)
[DELETE] (1103|mid) Too old: 32 days (limit: 7)
[DELETE] (1103|mid) Too old: 19 days (limit: 7)
[DELETE] (1103|mid) Too old: 19 days (limit: 7)
[DELETE] (1103|mid) Too old: 13 days (limit: 7)
[DELETE] (2065|mid) Too old: 46 days (limit: 7)
[DELETE] (2065|mid) Too old: 46 days (limit: 7)
[DELETE] (2065|mid) Too old: 46 days (limit: 7)
[DELETE] (2065|mid) Too old: 19 days (limit: 7)
[SKIP] (2065) Failed to fetch: https://tw.stock.yahoo.com/news/%E5%85%AC%E5%91%8A-%E4%B8%96%E8%B1%90115%E5%B9%B4%E8%82%A1%E6%9D%B1%E6%9C%83%E9%87%8D%E8%A6%81%E6%B1%BA%E8%AD%B0%E4%BA%8B%E9%A0%85-064448945.html
[DELETE] (5312|mid) Too old: 28 days (limit: 7)
[DELETE] (5312|mid) Too old: 28 days (limit: 7)
[DELETE] (5312|mid) Too old: 15 days (limit: 7)
[OK] (5312) Updated content (4566 chars)
[DELETE] (5312|mid) Too old: 13 days (limit: 7)
[DELETE] (2601|mid) Too old: 13 days (limit: 7)
[OK] (2601) Updated content (8371 chars)
[OK] (2601) Updated content (5626 chars)
[OK] (2601) Updated content (6902 chars)
[OK] (2601) Updated content (6137 chars)
[DELETE] (5515|mid) Too old: 35 days (limit: 7)
[DELETE] (5515|mid) Too old: 20 days (limit: 7)
[DELETE] (5515|mid) Too old: 25 days (limit: 7)
[DELETE] (5515|mid) Too old: 14 days (limit: 7)
[DELETE] (9911|mid) Too old: 19 days (limit: 7)
[DELETE] (9911|mid) Too old: 18 days (limit: 7)
[DELETE] (5515|mid) Too old: 14 days (limit: 7)
[DELETE] (9911|mid) Too old: 19 days (limit: 7)
[DELETE] (9911|mid) Too old: 19 days (limit: 7)
[DELETE] (9911|mid) Too old: 15 days (limit: 7)
[DELETE] (3508|mid) Too old: 47 days (limit: 7)
[DELETE] (3508|mid) Too old: 46 days (limit: 7)
[DELETE] (3508|mid) Too old: 13 days (limit: 7)
[OK] (3508) Updated content (5132 chars)
[OK] (3508) Updated content (5808 chars)
[DELETE] (6136|mid) Too old: 105 days (limit: 7)
[DELETE] (6136|mid) Too old: 104 days (limit: 7)
[DELETE] (6136|mid) Too old: 74 days (limit: 7)
[DELETE] (6136|mid) Too old: 13 days (limit: 7)
[DELETE] (6136|mid) Too old: 43 days (limit: 7)
[DELETE] (6703|mid) Too old: 50 days (limit: 7)
[DELETE] (6703|mid) Too old: 70 days (limit: 7)
[DELETE] (6703|mid) Too old: 47 days (limit: 7)
[DELETE] (6703|mid) Too old: 28 days (limit: 7)
[DELETE] (6703|mid) Too old: 18 days (limit: 7)
[DELETE] (3310|mid) Too old: 32 days (limit: 7)
[DELETE] (3310|mid) Too old: 32 days (limit: 7)
[DELETE] (3310|mid) Too old: 32 days (limit: 7)
[DELETE] (3310|mid) Too old: 15 days (limit: 7)
[DELETE] (2536|mid) Too old: 48 days (limit: 7)
[DELETE] (2536|mid) Too old: 46 days (limit: 7)
[DELETE] (3310|mid) Too old: 14 days (limit: 7)
[DELETE] (2536|mid) Too old: 15 days (limit: 7)
[OK] (2536) Updated content (7355 chars)
[DELETE] (2028|mid) Too old: 14 days (limit: 7)
[OK] (2536) Updated content (5907 chars)
[OK] (2028) Updated content (6099 chars)
[OK] (2028) Updated content (8489 chars)
[OK] (2028) Updated content (6678 chars)
[DELETE] (8404|mid) Too old: 11 days (limit: 7)
[DELETE] (8404|mid) Too old: 11 days (limit: 7)
[OK] (2028) Updated content (4912 chars)
[DELETE] (8404|mid) Too old: 14 days (limit: 7)
[OK] (8404) Updated content (620 chars)
[DELETE] (3276|mid) Too old: 46 days (limit: 7)
[DELETE] (3276|mid) Too old: 105 days (limit: 7)
[OK] (8404) Updated content (3419 chars)
[DELETE] (3276|mid) Too old: 74 days (limit: 7)
[DELETE] (3276|mid) Too old: 104 days (limit: 7)
[DELETE] (2022|mid) Too old: 103 days (limit: 7)
[DELETE] (3276|mid) Too old: 13 days (limit: 7)
[DELETE] (2022|mid) Too old: 46 days (limit: 7)
[DELETE] (2022|mid) Too old: 75 days (limit: 7)
[DELETE] (2022|mid) Too old: 14 days (limit: 7)
[OK] (2022) Updated content (3669 chars)
[DELETE] (1530|mid) Too old: 25 days (limit: 7)
[DELETE] (1530|mid) Too old: 22 days (limit: 7)
[DELETE] (1530|mid) Too old: 18 days (limit: 7)
[DELETE] (1530|mid) Too old: 13 days (limit: 7)
[DELETE] (1530|mid) Too old: 13 days (limit: 7)
[DELETE] (9906|mid) Too old: 33 days (limit: 7)
[DELETE] (9906|mid) Too old: 77 days (limit: 7)
[DELETE] (9906|mid) Too old: 49 days (limit: 7)
[DELETE] (9906|mid) Too old: 56 days (limit: 7)
[DELETE] (9906|mid) Too old: 15 days (limit: 7)
[DELETE] (4545|mid) Too old: 46 days (limit: 7)
[DELETE] (4545|mid) Too old: 74 days (limit: 7)
[DELETE] (4545|mid) Too old: 36 days (limit: 7)
[DELETE] (4545|mid) Too old: 25 days (limit: 7)
[DELETE] (4545|mid) Too old: 13 days (limit: 7)
[DELETE] (8489|mid) Too old: 13 days (limit: 7)
[DELETE] (8489|mid) Too old: 39 days (limit: 7)
[DELETE] (8489|mid) Too old: 39 days (limit: 7)
[DELETE] (8489|mid) Too old: 11 days (limit: 7)
[DELETE] (6684|mid) Too old: 15 days (limit: 7)
[SKIP] (8489) Failed to fetch: https://tw.stock.yahoo.com/news/%E5%85%AC%E5%91%8A-%E4%B8%89%E8%B2%9D%E5%BE%B7115%E5%B9%B4%E8%82%A1%E6%9D%B1%E5%B8%B8%E6%9C%83%E9%87%8D%E8%A6%81%E6%B1%BA%E8%AD%B0%E4%BA%8B%E9%A0%85-102434320.html
[DELETE] (6684|mid) Too old: 15 days (limit: 7)
[DELETE] (6684|mid) Too old: 15 days (limit: 7)
[DELETE] (6684|mid) Too old: 47 days (limit: 7)
[OK] (4729) Updated content (6286 chars)
[OK] (4729) Updated content (7877 chars)
[DELETE] (6684|mid) Too old: 15 days (limit: 7)
[DELETE] (4729|mid) Too old: 13 days (limit: 7)
[DELETE] (4729|mid) Too old: 34 days (limit: 7)
[DELETE] (6649|mid) Too old: 14 days (limit: 7)
[OK] (4729) Updated content (5854 chars)
[DELETE] (6649|mid) Too old: 14 days (limit: 7)
[DELETE] (6649|mid) Too old: 15 days (limit: 7)
[DELETE] (6649|mid) Too old: 47 days (limit: 7)
[DELETE] (6649|mid) Too old: 14 days (limit: 7)
[DELETE] (4942|mid) Too old: 41 days (limit: 7)
[DELETE] (4942|mid) Too old: 41 days (limit: 7)
[DELETE] (4942|mid) Too old: 29 days (limit: 7)
[DELETE] (4942|mid) Too old: 29 days (limit: 7)
[DELETE] (4933|mid) Too old: 61 days (limit: 7)
[DELETE] (4942|mid) Too old: 15 days (limit: 7)
[DELETE] (4933|mid) Too old: 46 days (limit: 7)
[DELETE] (4933|mid) Too old: 19 days (limit: 7)
[DELETE] (4933|mid) Too old: 19 days (limit: 7)
[DELETE] (4933|mid) Too old: 15 days (limit: 7)
[DELETE] (1438|mid) Too old: 46 days (limit: 7)
[DELETE] (1438|mid) Too old: 43 days (limit: 7)
[DELETE] (1438|mid) Too old: 43 days (limit: 7)
[DELETE] (1438|mid) Too old: 13 days (limit: 7)
[DELETE] (1438|mid) Too old: 43 days (limit: 7)
[DELETE] (1521|mid) Too old: 15 days (limit: 7)
[DELETE] (1521|mid) Too old: 14 days (limit: 7)
[DELETE] (1521|mid) Too old: 12 days (limit: 7)
[DELETE] (1521|mid) Too old: 12 days (limit: 7)
[DELETE] (1521|mid) Too old: 12 days (limit: 7)
[DELETE] (3313|mid) Too old: 25 days (limit: 7)
[DELETE] (3313|mid) Too old: 13 days (limit: 7)
[OK] (3313) Updated content (6231 chars)
[OK] (3313) Updated content (5675 chars)
[OK] (3313) Updated content (5689 chars)
[DELETE] (8089|mid) Too old: 47 days (limit: 7)
[OK] (8089) Updated content (8117 chars)
[DELETE] (8089|mid) Too old: 15 days (limit: 7)
[OK] (8089) Updated content (5940 chars)
[DELETE] (6219|mid) Too old: 46 days (limit: 7)
[DELETE] (6219|mid) Too old: 46 days (limit: 7)
[OK] (8089) Updated content (5563 chars)
[DELETE] (6219|mid) Too old: 25 days (limit: 7)
[DELETE] (6219|mid) Too old: 22 days (limit: 7)
[DELETE] (6219|mid) Too old: 13 days (limit: 7)
[DELETE] (8147|mid) Too old: 18 days (limit: 7)
[DELETE] (8147|mid) Too old: 13 days (limit: 7)
[DELETE] (8147|mid) Too old: 13 days (limit: 7)
[DELETE] (8147|mid) Too old: 13 days (limit: 7)
[DELETE] (8147|mid) Too old: 12 days (limit: 7)
[DELETE] (3169|mid) Too old: 62 days (limit: 7)
[DELETE] (3169|mid) Too old: 47 days (limit: 7)
[DELETE] (3169|mid) Too old: 32 days (limit: 7)
[DELETE] (3169|mid) Too old: 32 days (limit: 7)
[DELETE] (1309|mid) Too old: 46 days (limit: 7)
[DELETE] (3169|mid) Too old: 19 days (limit: 7)
[DELETE] (1309|mid) Too old: 36 days (limit: 7)
[DELETE] (1309|mid) Too old: 18 days (limit: 7)
[DELETE] (1309|mid) Too old: 26 days (limit: 7)
[DELETE] (1541|mid) Too old: 47 days (limit: 7)
[OK] (1309) Updated content (5741 chars)
[DELETE] (1541|mid) Too old: 46 days (limit: 7)
[OK] (1541) Updated content (5614 chars)
[DELETE] (1541|mid) Too old: 13 days (limit: 7)
[OK] (1541) Updated content (6058 chars)
[DELETE] (5403|mid) Too old: 27 days (limit: 7)
[DELETE] (5403|mid) Too old: 27 days (limit: 7)
[DELETE] (5403|mid) Too old: 19 days (limit: 7)
[DELETE] (5403|mid) Too old: 14 days (limit: 7)
[DELETE] (5403|mid) Too old: 19 days (limit: 7)
[DELETE] (2913|mid) Too old: 49 days (limit: 7)
[DELETE] (2913|mid) Too old: 74 days (limit: 7)
[DELETE] (2913|mid) Too old: 46 days (limit: 7)
[DELETE] (2913|mid) Too old: 13 days (limit: 7)
[DELETE] (6283|mid) Too old: 46 days (limit: 7)
[DELETE] (6283|mid) Too old: 46 days (limit: 7)
[DELETE] (2913|mid) Too old: 12 days (limit: 7)
[DELETE] (6283|mid) Too old: 46 days (limit: 7)
[DELETE] (6283|mid) Too old: 43 days (limit: 7)
[DELETE] (6283|mid) Too old: 14 days (limit: 7)
[DELETE] (1598|mid) Too old: 21 days (limit: 7)
[DELETE] (1598|mid) Too old: 20 days (limit: 7)
[DELETE] (1598|mid) Too old: 13 days (limit: 7)
[DELETE] (1598|mid) Too old: 13 days (limit: 7)
[DELETE] (6140|mid) Too old: 49 days (limit: 7)
[DELETE] (6140|mid) Too old: 43 days (limit: 7)
[DELETE] (1598|mid) Too old: 11 days (limit: 7)
[DELETE] (6140|mid) Too old: 39 days (limit: 7)
[DELETE] (6140|mid) Too old: 14 days (limit: 7)
[DELETE] (6140|mid) Too old: 39 days (limit: 7)
[DELETE] (6679|mid) Too old: 43 days (limit: 7)
[DELETE] (6679|mid) Too old: 27 days (limit: 7)
[DELETE] (6679|mid) Too old: 27 days (limit: 7)
[DELETE] (6679|mid) Too old: 14 days (limit: 7)
[DELETE] (6679|mid) Too old: 20 days (limit: 7)
[DELETE] (4555|mid) Too old: 25 days (limit: 7)
[DELETE] (4555|mid) Too old: 25 days (limit: 7)
[DELETE] (4555|mid) Too old: 25 days (limit: 7)
[DELETE] (4555|mid) Too old: 25 days (limit: 7)
[DELETE] (4555|mid) Too old: 19 days (limit: 7)
[DELETE] (2756|mid) Too old: 14 days (limit: 7)
[DELETE] (2756|mid) Too old: 46 days (limit: 7)
[DELETE] (2756|mid) Too old: 46 days (limit: 7)
[DELETE] (2756|mid) Too old: 46 days (limit: 7)
[DELETE] (2756|mid) Too old: 14 days (limit: 7)
[DELETE] (3147|mid) Too old: 27 days (limit: 7)
[DELETE] (3147|mid) Too old: 13 days (limit: 7)
[DELETE] (3147|mid) Too old: 40 days (limit: 7)
[DELETE] (3147|mid) Too old: 15 days (limit: 7)
[OK] (3147) Updated content (3014 chars)
[DELETE] (3687|mid) Too old: 50 days (limit: 7)
[DELETE] (3687|mid) Too old: 46 days (limit: 7)
[DELETE] (3687|mid) Too old: 74 days (limit: 7)
[DELETE] (3687|mid) Too old: 13 days (limit: 7)
[DELETE] (3687|mid) Too old: 12 days (limit: 7)
[DELETE] (2107|mid) Too old: 14 days (limit: 7)
[DELETE] (2107|mid) Too old: 26 days (limit: 7)
[DELETE] (2107|mid) Too old: 29 days (limit: 7)
[DELETE] (2107|mid) Too old: 11 days (limit: 7)
[DELETE] (2107|mid) Too old: 12 days (limit: 7)
[DELETE] (9902|mid) Too old: 47 days (limit: 7)
[DELETE] (9902|mid) Too old: 46 days (limit: 7)
[DELETE] (9902|mid) Too old: 46 days (limit: 7)
[DELETE] (9902|mid) Too old: 15 days (limit: 7)
[DELETE] (3492|mid) Too old: 47 days (limit: 7)
[DELETE] (3492|mid) Too old: 47 days (limit: 7)
[DELETE] (9902|mid) Too old: 42 days (limit: 7)
[DELETE] (3492|mid) Too old: 46 days (limit: 7)
[DELETE] (3492|mid) Too old: 14 days (limit: 7)
[DELETE] (1806|mid) Too old: 42 days (limit: 7)
[DELETE] (1806|mid) Too old: 33 days (limit: 7)
[OK] (3492) Updated content (5274 chars)
[DELETE] (1806|mid) Too old: 33 days (limit: 7)
[DELETE] (1806|mid) Too old: 13 days (limit: 7)
[DELETE] (6243|mid) Too old: 56 days (limit: 7)
[OK] (1806) Updated content (5684 chars)
[DELETE] (6243|mid) Too old: 77 days (limit: 7)
[DELETE] (6243|mid) Too old: 48 days (limit: 7)
[DELETE] (3130|mid) Too old: 41 days (limit: 7)
[DELETE] (6243|mid) Too old: 15 days (limit: 7)
[OK] (6243) Updated content (5845 chars)
[DELETE] (3130|mid) Too old: 27 days (limit: 7)
[DELETE] (3130|mid) Too old: 27 days (limit: 7)
[DELETE] (3130|mid) Too old: 27 days (limit: 7)
[DELETE] (3130|mid) Too old: 13 days (limit: 7)
[DELETE] (7757|mid) Too old: 46 days (limit: 7)
[DELETE] (7757|mid) Too old: 48 days (limit: 7)
[DELETE] (8279|mid) Too old: 75 days (limit: 7)
[DELETE] (7757|mid) Too old: 40 days (limit: 7)
[DELETE] (7757|mid) Too old: 27 days (limit: 7)
[DELETE] (7757|mid) Too old: 26 days (limit: 7)
[DELETE] (8279|mid) Too old: 106 days (limit: 7)
[DELETE] (8279|mid) Too old: 15 days (limit: 7)
[DELETE] (8279|mid) Too old: 27 days (limit: 7)
[DELETE] (6560|mid) Too old: 47 days (limit: 7)
[DELETE] (6560|mid) Too old: 32 days (limit: 7)
[DELETE] (8279|mid) Too old: 47 days (limit: 7)
[DELETE] (6560|mid) Too old: 32 days (limit: 7)
[DELETE] (6560|mid) Too old: 18 days (limit: 7)
[DELETE] (6560|mid) Too old: 32 days (limit: 7)
[DELETE] (3188|mid) Too old: 57 days (limit: 7)
[DELETE] (3188|mid) Too old: 49 days (limit: 7)
[DELETE] (3188|mid) Too old: 47 days (limit: 7)
[DELETE] (3308|mid) Too old: 41 days (limit: 7)
[DELETE] (3188|mid) Too old: 49 days (limit: 7)
[DELETE] (3188|mid) Too old: 15 days (limit: 7)
[DELETE] (3308|mid) Too old: 39 days (limit: 7)
[DELETE] (3308|mid) Too old: 21 days (limit: 7)
[DELETE] (3308|mid) Too old: 21 days (limit: 7)
[DELETE] (1752|mid) Too old: 26 days (limit: 7)
[DELETE] (3308|mid) Too old: 14 days (limit: 7)
[DELETE] (1752|mid) Too old: 26 days (limit: 7)
[DELETE] (1752|mid) Too old: 25 days (limit: 7)
[DELETE] (1752|mid) Too old: 14 days (limit: 7)
[DELETE] (3447|mid) Too old: 50 days (limit: 7)
[DELETE] (3447|mid) Too old: 50 days (limit: 7)
[DELETE] (1752|mid) Too old: 14 days (limit: 7)
[DELETE] (3447|mid) Too old: 33 days (limit: 7)
[DELETE] (3447|mid) Too old: 46 days (limit: 7)
[DELETE] (3447|mid) Too old: 18 days (limit: 7)
[DELETE] (5484|mid) Too old: 75 days (limit: 7)
[DELETE] (5484|mid) Too old: 46 days (limit: 7)
[DELETE] (5484|mid) Too old: 54 days (limit: 7)
[SKIP] (5484) Failed to fetch: https://tw.stock.yahoo.com/news/%E5%85%AC%E5%91%8A-%E6%85%A7%E5%8F%8B-2026%E5%B9%B42%E6%9C%88%E5%90%88%E4%BD%B5%E7%87%9F%E6%94%B68757-7%E8%90%AC%E5%85%83-%E5%B9%B4%E5%A2%9E183-060406768.html
[DELETE] (5203|mid) Too old: 41 days (limit: 7)
[DELETE] (5484|mid) Too old: 15 days (limit: 7)
[OK] (5203) Updated content (9335 chars)
[DELETE] (5203|mid) Too old: 18 days (limit: 7)
[OK] (5203) Updated content (6730 chars)
[OK] (5203) Updated content (7193 chars)
[DELETE] (4111|mid) Too old: 92 days (limit: 7)
[DELETE] (4111|mid) Too old: 46 days (limit: 7)
[DELETE] (4111|mid) Too old: 75 days (limit: 7)
[DELETE] (6218|mid) Too old: 19 days (limit: 7)
[DELETE] (4111|mid) Too old: 15 days (limit: 7)
[DELETE] (4111|mid) Too old: 13 days (limit: 7)
[DELETE] (6218|mid) Too old: 15 days (limit: 7)
[DELETE] (6218|mid) Too old: 11 days (limit: 7)
[DELETE] (6218|mid) Too old: 11 days (limit: 7)
[DELETE] (6218|mid) Too old: 11 days (limit: 7)
[DELETE] (9943|mid) Too old: 46 days (limit: 7)
[DELETE] (9943|mid) Too old: 57 days (limit: 7)
[DELETE] (9943|mid) Too old: 18 days (limit: 7)
[OK] (9943) Updated content (5941 chars)
[OK] (9943) Updated content (6591 chars)
[DELETE] (6689|mid) Too old: 50 days (limit: 7)
[DELETE] (6689|mid) Too old: 76 days (limit: 7)
[DELETE] (6689|mid) Too old: 44 days (limit: 7)
[DELETE] (6689|mid) Too old: 13 days (limit: 7)
[DELETE] (3607|mid) Too old: 43 days (limit: 7)
[DELETE] (3607|mid) Too old: 50 days (limit: 7)
[DELETE] (6689|mid) Too old: 34 days (limit: 7)
[DELETE] (3607|mid) Too old: 8 days (limit: 7)
[DELETE] (3607|mid) Too old: 13 days (limit: 7)
[DELETE] (3499|mid) Too old: 46 days (limit: 7)
[DELETE] (3499|mid) Too old: 34 days (limit: 7)
[DELETE] (3607|mid) Too old: 8 days (limit: 7)
[DELETE] (3499|mid) Too old: 46 days (limit: 7)
[DELETE] (3499|mid) Too old: 13 days (limit: 7)
[DELETE] (6742|mid) Too old: 103 days (limit: 7)
[DELETE] (6742|mid) Too old: 103 days (limit: 7)
[OK] (3499) Updated content (5177 chars)
[DELETE] (6742|mid) Too old: 74 days (limit: 7)
[DELETE] (6742|mid) Too old: 46 days (limit: 7)
[DELETE] (6614|mid) Too old: 27 days (limit: 7)
[DELETE] (6742|mid) Too old: 13 days (limit: 7)
[DELETE] (6614|mid) Too old: 27 days (limit: 7)
[DELETE] (6614|mid) Too old: 19 days (limit: 7)
[DELETE] (6614|mid) Too old: 13 days (limit: 7)
[DELETE] (6733|mid) Too old: 48 days (limit: 7)
[DELETE] (6733|mid) Too old: 39 days (limit: 7)
[DELETE] (6614|mid) Too old: 13 days (limit: 7)
[DELETE] (6733|mid) Too old: 49 days (limit: 7)
[DELETE] (6733|mid) Too old: 18 days (limit: 7)
[DELETE] (2227|mid) Too old: 41 days (limit: 7)
[DELETE] (2227|mid) Too old: 34 days (limit: 7)
[DELETE] (6733|mid) Too old: 15 days (limit: 7)
[DELETE] (2227|mid) Too old: 41 days (limit: 7)
[DELETE] (2227|mid) Too old: 32 days (limit: 7)
[DELETE] (2227|mid) Too old: 13 days (limit: 7)
[DELETE] (2460|mid) Too old: 69 days (limit: 7)
[DELETE] (2460|mid) Too old: 15 days (limit: 7)
[DELETE] (2460|mid) Too old: 46 days (limit: 7)
[DELETE] (2460|mid) Too old: 14 days (limit: 7)
[DELETE] (2460|mid) Too old: 8 days (limit: 7)
[OK] (6023) Updated content (5920 chars)
[OK] (6023) Updated content (4523 chars)
[OK] (6023) Updated content (7132 chars)
[OK] (6023) Updated content (4074 chars)
[OK] (6023) Updated content (4925 chars)
[DELETE] (1777|mid) Too old: 47 days (limit: 7)
[DELETE] (1777|mid) Too old: 26 days (limit: 7)
[DELETE] (1777|mid) Too old: 40 days (limit: 7)
[DELETE] (6965|mid) Too old: 21 days (limit: 7)
[DELETE] (1777|mid) Too old: 19 days (limit: 7)
[DELETE] (1777|mid) Too old: 15 days (limit: 7)
[DELETE] (6965|mid) Too old: 8 days (limit: 7)
[DELETE] (6965|mid) Too old: 13 days (limit: 7)
[DELETE] (6965|mid) Too old: 8 days (limit: 7)
[DELETE] (3615|mid) Too old: 46 days (limit: 7)
[DELETE] (6965|mid) Too old: 8 days (limit: 7)
[DELETE] (3615|mid) Too old: 41 days (limit: 7)
[DELETE] (3615|mid) Too old: 35 days (limit: 7)
[DELETE] (3615|mid) Too old: 28 days (limit: 7)
[DELETE] (2509|mid) Too old: 47 days (limit: 7)
[DELETE] (3615|mid) Too old: 13 days (limit: 7)
[DELETE] (2509|mid) Too old: 42 days (limit: 7)
[DELETE] (2509|mid) Too old: 27 days (limit: 7)
[DELETE] (2509|mid) Too old: 26 days (limit: 7)
[DELETE] (2509|mid) Too old: 19 days (limit: 7)
[DELETE] (1580|mid) Too old: 20 days (limit: 7)
[DELETE] (1580|mid) Too old: 20 days (limit: 7)
[DELETE] (1580|mid) Too old: 15 days (limit: 7)
[DELETE] (1580|mid) Too old: 11 days (limit: 7)
[DELETE] (1580|mid) Too old: 11 days (limit: 7)
[DELETE] (1570|mid) Too old: 46 days (limit: 7)
[DELETE] (1570|mid) Too old: 50 days (limit: 7)
[DELETE] (1570|mid) Too old: 34 days (limit: 7)
[DELETE] (1570|mid) Too old: 13 days (limit: 7)
[DELETE] (1570|mid) Too old: 34 days (limit: 7)
[OK] (1604) Updated content (5362 chars)
[OK] (1604) Updated content (7616 chars)
[OK] (1604) Updated content (8257 chars)
[OK] (1604) Updated content (7362 chars)
[OK] (1604) Updated content (5109 chars)
[DELETE] (2066|mid) Too old: 43 days (limit: 7)
[DELETE] (2066|mid) Too old: 47 days (limit: 7)
[DELETE] (3577|mid) Too old: 33 days (limit: 7)
[DELETE] (2066|mid) Too old: 42 days (limit: 7)
[DELETE] (3577|mid) Too old: 32 days (limit: 7)
[OK] (3577) Updated content (6003 chars)
[DELETE] (2066|mid) Too old: 42 days (limit: 7)
[DELETE] (3577|mid) Too old: 13 days (limit: 7)
[DELETE] (2066|mid) Too old: 13 days (limit: 7)
[OK] (3577) Updated content (4849 chars)
[DELETE] (2069|mid) Too old: 68 days (limit: 7)
[DELETE] (2069|mid) Too old: 48 days (limit: 7)
[DELETE] (2069|mid) Too old: 40 days (limit: 7)
[DELETE] (2069|mid) Too old: 47 days (limit: 7)
[DELETE] (2069|mid) Too old: 19 days (limit: 7)
[DELETE] (6916|mid) Too old: 49 days (limit: 7)
[DELETE] (6916|mid) Too old: 46 days (limit: 7)
[DELETE] (6916|mid) Too old: 42 days (limit: 7)
[DELETE] (6916|mid) Too old: 42 days (limit: 7)
[DELETE] (6916|mid) Too old: 15 days (limit: 7)
[DELETE] (6794|mid) Too old: 54 days (limit: 7)
[DELETE] (6794|mid) Too old: 46 days (limit: 7)
[DELETE] (6794|mid) Too old: 46 days (limit: 7)
[DELETE] (6794|mid) Too old: 25 days (limit: 7)
[DELETE] (6794|mid) Too old: 15 days (limit: 7)
[DELETE] (3684|mid) Too old: 29 days (limit: 7)
[DELETE] (3684|mid) Too old: 19 days (limit: 7)
[DELETE] (3684|mid) Too old: 14 days (limit: 7)
[DELETE] (3684|mid) Too old: 19 days (limit: 7)
[DELETE] (9935|mid) Too old: 29 days (limit: 7)
[DELETE] (3684|mid) Too old: 14 days (limit: 7)
[DELETE] (9935|mid) Too old: 15 days (limit: 7)
[DELETE] (9935|mid) Too old: 15 days (limit: 7)
[OK] (9935) Updated content (5054 chars)
[DELETE] (9935|mid) Too old: 13 days (limit: 7)
[DELETE] (3360|mid) Too old: 41 days (limit: 7)
[DELETE] (3360|mid) Too old: 41 days (limit: 7)
[DELETE] (3360|mid) Too old: 14 days (limit: 7)
[DELETE] (3360|mid) Too old: 40 days (limit: 7)
[DELETE] (3679|mid) Too old: 62 days (limit: 7)
[DELETE] (3360|mid) Too old: 13 days (limit: 7)
[DELETE] (3679|mid) Too old: 32 days (limit: 7)
[DELETE] (3679|mid) Too old: 54 days (limit: 7)
[DELETE] (6224|mid) Too old: 46 days (limit: 7)
[DELETE] (3679|mid) Too old: 13 days (limit: 7)
[DELETE] (3679|mid) Too old: 46 days (limit: 7)
[OK] (6224) Updated content (5475 chars)
[DELETE] (6224|mid) Too old: 13 days (limit: 7)
[DELETE] (6534|mid) Too old: 35 days (limit: 7)
[OK] (6224) Updated content (4542 chars)
[OK] (6224) Updated content (5967 chars)
[DELETE] (6534|mid) Too old: 28 days (limit: 7)
[DELETE] (6859|mid) Too old: 46 days (limit: 7)
[DELETE] (6534|mid) Too old: 18 days (limit: 7)
[OK] (6534) Updated content (6801 chars)
[DELETE] (6534|mid) Too old: 25 days (limit: 7)
[DELETE] (6859|mid) Too old: 25 days (limit: 7)
[DELETE] (6859|mid) Too old: 13 days (limit: 7)
[DELETE] (6859|mid) Too old: 13 days (limit: 7)
[SKIP] (6859) Failed to fetch: https://tw.stock.yahoo.com/news/%E5%85%AC%E5%91%8A-%E4%BC%AF%E7%89%B9%E5%85%89%E8%91%A3%E4%BA%8B%E9%95%B7%E8%A8%82%E5%AE%9A%E9%99%A4%E6%81%AF%E5%9F%BA%E6%BA%96%E6%97%A5%E4%BA%8B%E5%AE%9C-095832478.html
[DELETE] (4131|mid) Too old: 48 days (limit: 7)
[DELETE] (4131|mid) Too old: 46 days (limit: 7)
[DELETE] (4131|mid) Too old: 15 days (limit: 7)
[DELETE] (4131|mid) Too old: 15 days (limit: 7)
[OK] (4131) Updated content (5569 chars)
[DELETE] (3555|mid) Too old: 74 days (limit: 7)
[DELETE] (3555|mid) Too old: 64 days (limit: 7)
[DELETE] (3555|mid) Too old: 49 days (limit: 7)
[DELETE] (3555|mid) Too old: 69 days (limit: 7)
[DELETE] (3555|mid) Too old: 15 days (limit: 7)
[DELETE] (4401|mid) Too old: 43 days (limit: 7)
[DELETE] (4401|mid) Too old: 42 days (limit: 7)
[DELETE] (4401|mid) Too old: 15 days (limit: 7)
[SKIP] (4401) Failed to fetch: https://tw.stock.yahoo.com/news/%E5%85%AC%E5%91%8A-%E6%9D%B1%E9%9A%86%E8%88%88115%E5%B9%B4%E7%AC%AC-%E5%AD%A3%E8%B2%A1%E5%8B%99%E5%A0%B1%E5%91%8A%E8%91%A3%E4%BA%8B%E6%9C%83%E9%A0%90%E8%A8%88%E5%8F%AC%E9%96%8B%E6%97%A5%E6%9C%9F%E7%82%BA115%E5%B9%B45%E6%9C%8812%E6%97%A5-070459365.html
[DELETE] (4401|mid) Too old: 13 days (limit: 7)
[DELETE] (6573|mid) Too old: 19 days (limit: 7)
[DELETE] (6573|mid) Too old: 13 days (limit: 7)
[OK] (6573) Updated content (5321 chars)
[OK] (6573) Updated content (6529 chars)
[OK] (6573) Updated content (5146 chars)
[DELETE] (7718|mid) Too old: 29 days (limit: 7)
[DELETE] (7718|mid) Too old: 29 days (limit: 7)
[DELETE] (7718|mid) Too old: 29 days (limit: 7)
[DELETE] (7718|mid) Too old: 28 days (limit: 7)
[DELETE] (7718|mid) Too old: 13 days (limit: 7)
[DELETE] (2064|mid) Too old: 105 days (limit: 7)
[SKIP] (2064) Failed to fetch: https://tw.stock.yahoo.com/news/%E5%85%AC%E5%91%8A-%E6%99%89%E6%A4%BF114%E5%B9%B4%E7%AC%AC%E5%9B%9B%E5%AD%A3%E8%B2%A1%E5%8B%99%E5%A0%B1%E5%91%8A%E8%91%A3%E4%BA%8B%E6%9C%83%E9%A0%90%E8%A8%88%E5%8F%AC%E9%96%8B%E6%97%A5%E6%9C%9F%E7%82%BA%E7%82%BA115%E5%B9%B403%E6%9C%8811%E6%97%A5-034432480.html
[DELETE] (2064|mid) Too old: 104 days (limit: 7)
[DELETE] (2064|mid) Too old: 43 days (limit: 7)
[DELETE] (2064|mid) Too old: 74 days (limit: 7)
[DELETE] (2608|mid) Too old: 26 days (limit: 7)
[DELETE] (2608|mid) Too old: 36 days (limit: 7)
[DELETE] (2608|mid) Too old: 26 days (limit: 7)
[DELETE] (1531|mid) Too old: 40 days (limit: 7)
[DELETE] (2608|mid) Too old: 14 days (limit: 7)
[DELETE] (1531|mid) Too old: 40 days (limit: 7)
[DELETE] (2608|mid) Too old: 26 days (limit: 7)
[DELETE] (1531|mid) Too old: 14 days (limit: 7)
[DELETE] (6509|mid) Too old: 74 days (limit: 7)
[DELETE] (1531|mid) Too old: 14 days (limit: 7)
[DELETE] (6509|mid) Too old: 58 days (limit: 7)
[DELETE] (1531|mid) Too old: 14 days (limit: 7)
[DELETE] (6743|mid) Too old: 48 days (limit: 7)
[DELETE] (6509|mid) Too old: 26 days (limit: 7)
[DELETE] (6509|mid) Too old: 13 days (limit: 7)
[DELETE] (6743|mid) Too old: 55 days (limit: 7)
[OK] (6509) Updated content (4155 chars)
[DELETE] (6743|mid) Too old: 13 days (limit: 7)
[DELETE] (6552|mid) Too old: 110 days (limit: 7)
[DELETE] (6743|mid) Too old: 44 days (limit: 7)
[DELETE] (6552|mid) Too old: 110 days (limit: 7)
[DELETE] (6743|mid) Too old: 40 days (limit: 7)
[DELETE] (6552|mid) Too old: 76 days (limit: 7)
[DELETE] (6552|mid) Too old: 18 days (limit: 7)
[SKIP] (6552) Failed to fetch: https://tw.stock.yahoo.com/news/%E5%85%AC%E5%91%8A-%E6%98%93%E8%8F%AF%E9%9B%BB-2026%E5%B9%B44%E6%9C%88%E5%90%88%E4%BD%B5%E7%87%9F%E6%94%B61-03%E5%84%84%E5%85%83-%E5%B9%B4%E5%A2%9E-082258116.html
[DELETE] (1591|mid) Too old: 39 days (limit: 7)
[DELETE] (1591|mid) Too old: 36 days (limit: 7)
[DELETE] (1591|mid) Too old: 14 days (limit: 7)
[DELETE] (1591|mid) Too old: 16 days (limit: 7)
[DELETE] (2743|mid) Too old: 104 days (limit: 7)
[DELETE] (2743|mid) Too old: 75 days (limit: 7)
[DELETE] (1591|mid) Too old: 14 days (limit: 7)
[DELETE] (2743|mid) Too old: 41 days (limit: 7)
[DELETE] (2743|mid) Too old: 49 days (limit: 7)
[DELETE] (2743|mid) Too old: 14 days (limit: 7)
[DELETE] (6843|mid) Too old: 8 days (limit: 7)
[DELETE] (6843|mid) Too old: 8 days (limit: 7)
[DELETE] (6843|mid) Too old: 8 days (limit: 7)
[DELETE] (6843|mid) Too old: 8 days (limit: 7)
[DELETE] (6492|mid) Too old: 22 days (limit: 7)
[DELETE] (6843|mid) Too old: 8 days (limit: 7)
[DELETE] (6492|mid) Too old: 22 days (limit: 7)
[DELETE] (6492|mid) Too old: 22 days (limit: 7)
[DELETE] (6492|mid) Too old: 15 days (limit: 7)
[DELETE] (6901|mid) Too old: 46 days (limit: 7)
[DELETE] (6901|mid) Too old: 27 days (limit: 7)
[DELETE] (6492|mid) Too old: 21 days (limit: 7)
[DELETE] (6901|mid) Too old: 18 days (limit: 7)
[DELETE] (6901|mid) Too old: 18 days (limit: 7)
[DELETE] (1595|mid) Too old: 20 days (limit: 7)
[DELETE] (1595|mid) Too old: 20 days (limit: 7)
[OK] (6901) Updated content (4176 chars)
[DELETE] (1595|mid) Too old: 15 days (limit: 7)
[OK] (1595) Updated content (4355 chars)
[OK] (1595) Updated content (5955 chars)
[DELETE] (5511|mid) Too old: 133 days (limit: 7)
[DELETE] (5511|mid) Too old: 104 days (limit: 7)
[DELETE] (5511|mid) Too old: 13 days (limit: 7)
[DELETE] (5511|mid) Too old: 74 days (limit: 7)
[DELETE] (5511|mid) Too old: 46 days (limit: 7)
[DELETE] (8916|mid) Too old: 47 days (limit: 7)
[DELETE] (8916|mid) Too old: 46 days (limit: 7)
[DELETE] (8916|mid) Too old: 43 days (limit: 7)
[DELETE] (8916|mid) Too old: 13 days (limit: 7)
[DELETE] (8916|mid) Too old: 35 days (limit: 7)
[DELETE] (6277|mid) Too old: 46 days (limit: 7)
[DELETE] (6277|mid) Too old: 41 days (limit: 7)
[DELETE] (6277|mid) Too old: 25 days (limit: 7)
[DELETE] (6277|mid) Too old: 14 days (limit: 7)
[DELETE] (6277|mid) Too old: 14 days (limit: 7)
[DELETE] (3552|mid) Too old: 54 days (limit: 7)
[DELETE] (3552|mid) Too old: 46 days (limit: 7)
[DELETE] (3552|mid) Too old: 43 days (limit: 7)
[DELETE] (4557|mid) Too old: 57 days (limit: 7)
[DELETE] (3552|mid) Too old: 22 days (limit: 7)
[DELETE] (3552|mid) Too old: 13 days (limit: 7)
[DELETE] (4557|mid) Too old: 47 days (limit: 7)
[DELETE] (4557|mid) Too old: 18 days (limit: 7)
[DELETE] (4557|mid) Too old: 47 days (limit: 7)
[DELETE] (4557|mid) Too old: 15 days (limit: 7)
[DELETE] (3349|mid) Too old: 22 days (limit: 7)
[DELETE] (3349|mid) Too old: 22 days (limit: 7)
[DELETE] (3349|mid) Too old: 14 days (limit: 7)
[DELETE] (3349|mid) Too old: 13 days (limit: 7)
[DELETE] (4716|mid) Too old: 13 days (limit: 7)
[DELETE] (3349|mid) Too old: 13 days (limit: 7)
[DELETE] (4716|mid) Too old: 12 days (limit: 7)
[DELETE] (4946|mid) Too old: 18 days (limit: 7)
[DELETE] (4716|mid) Too old: 12 days (limit: 7)
[DELETE] (4716|mid) Too old: 12 days (limit: 7)
[SKIP] (4716) Failed to fetch: https://tw.stock.yahoo.com/news/%E5%85%AC%E5%91%8A-%E5%A4%A7%E7%AB%8B%E6%96%B0%E4%BB%BB%E6%B3%95%E4%BA%BA%E8%91%A3%E4%BA%8B%E6%8C%87%E6%B4%BE%E4%BB%A3%E8%A1%A8%E4%BA%BA-093924229.html
[DELETE] (4946|mid) Too old: 18 days (limit: 7)
[DELETE] (4946|mid) Too old: 13 days (limit: 7)
[OK] (4946) Updated content (4679 chars)
[OK] (4946) Updated content (4664 chars)
[DELETE] (4564|mid) Too old: 76 days (limit: 7)
[DELETE] (4564|mid) Too old: 54 days (limit: 7)
[DELETE] (4564|mid) Too old: 46 days (limit: 7)
[DELETE] (4564|mid) Too old: 46 days (limit: 7)
[DELETE] (4564|mid) Too old: 15 days (limit: 7)
[DELETE] (5460|mid) Too old: 106 days (limit: 7)
[DELETE] (5460|mid) Too old: 104 days (limit: 7)
[DELETE] (5460|mid) Too old: 75 days (limit: 7)
[DELETE] (5460|mid) Too old: 46 days (limit: 7)
[DELETE] (5460|mid) Too old: 13 days (limit: 7)
[DELETE] (4106|mid) Too old: 74 days (limit: 7)
[DELETE] (4106|mid) Too old: 43 days (limit: 7)
[DELETE] (4106|mid) Too old: 42 days (limit: 7)
[DELETE] (4106|mid) Too old: 14 days (limit: 7)
[DELETE] (6617|mid) Too old: 14 days (limit: 7)
[DELETE] (4106|mid) Too old: 13 days (limit: 7)
[DELETE] (6617|mid) Too old: 18 days (limit: 7)
[DELETE] (6617|mid) Too old: 12 days (limit: 7)
[DELETE] (6617|mid) Too old: 11 days (limit: 7)
[DELETE] (1732|mid) Too old: 36 days (limit: 7)
[DELETE] (1732|mid) Too old: 14 days (limit: 7)
[DELETE] (1732|mid) Too old: 12 days (limit: 7)
[DELETE] (6617|mid) Too old: 8 days (limit: 7)
[DELETE] (1732|mid) Too old: 12 days (limit: 7)
[DELETE] (9924|mid) Too old: 32 days (limit: 7)
[DELETE] (9924|mid) Too old: 32 days (limit: 7)
[DELETE] (9924|mid) Too old: 32 days (limit: 7)
[DELETE] (9924|mid) Too old: 32 days (limit: 7)
[DELETE] (1732|mid) Too old: 11 days (limit: 7)
[DELETE] (9924|mid) Too old: 13 days (limit: 7)
[DELETE] (4528|mid) Too old: 46 days (limit: 7)
[DELETE] (4528|mid) Too old: 46 days (limit: 7)
[DELETE] (4528|mid) Too old: 46 days (limit: 7)
[DELETE] (4528|mid) Too old: 18 days (limit: 7)
[DELETE] (1760|mid) Too old: 33 days (limit: 7)
[OK] (4528) Updated content (5839 chars)
[DELETE] (1760|mid) Too old: 29 days (limit: 7)
[DELETE] (1760|mid) Too old: 18 days (limit: 7)
[DELETE] (1760|mid) Too old: 14 days (limit: 7)
[DELETE] (3303|mid) Too old: 32 days (limit: 7)
[DELETE] (3303|mid) Too old: 13 days (limit: 7)
[OK] (1760) Updated content (3392 chars)
[OK] (3303) Updated content (4554 chars)
[OK] (3303) Updated content (5831 chars)
[DELETE] (1615|mid) Too old: 49 days (limit: 7)
[OK] (3303) Updated content (5567 chars)
[DELETE] (1615|mid) Too old: 49 days (limit: 7)
[DELETE] (1615|mid) Too old: 47 days (limit: 7)
[DELETE] (1615|mid) Too old: 18 days (limit: 7)
[DELETE] (6538|mid) Too old: 27 days (limit: 7)
[DELETE] (1615|mid) Too old: 8 days (limit: 7)
[DELETE] (6538|mid) Too old: 26 days (limit: 7)
[DELETE] (6538|mid) Too old: 21 days (limit: 7)
[DELETE] (6124|mid) Too old: 47 days (limit: 7)
[DELETE] (6538|mid) Too old: 19 days (limit: 7)
[OK] (6538) Updated content (4433 chars)
[DELETE] (6124|mid) Too old: 46 days (limit: 7)
[DELETE] (6124|mid) Too old: 20 days (limit: 7)
[DELETE] (6124|mid) Too old: 14 days (limit: 7)
[DELETE] (8937|mid) Too old: 15 days (limit: 7)
[OK] (6124) Updated content (5901 chars)
[OK] (8937) Updated content (4011 chars)
[OK] (8937) Updated content (6224 chars)
[OK] (8937) Updated content (5568 chars)
[DELETE] (2505|mid) Too old: 14 days (limit: 7)
[OK] (8937) Updated content (5599 chars)
[DELETE] (2505|mid) Too old: 14 days (limit: 7)
[DELETE] (2505|mid) Too old: 14 days (limit: 7)
[DELETE] (2505|mid) Too old: 14 days (limit: 7)
[DELETE] (1788|mid) Too old: 13 days (limit: 7)
[OK] (1788) Updated content (4245 chars)
[DELETE] (2505|mid) Too old: 14 days (limit: 7)
[OK] (1788) Updated content (4243 chars)
[OK] (1788) Updated content (5251 chars)
[DELETE] (5493|mid) Too old: 76 days (limit: 7)
[OK] (1788) Updated content (3479 chars)
[DELETE] (5493|mid) Too old: 74 days (limit: 7)
[DELETE] (5493|mid) Too old: 40 days (limit: 7)
[DELETE] (5493|mid) Too old: 47 days (limit: 7)
[OK] (5493) Updated content (5731 chars)
[DELETE] (9927|mid) Too old: 13 days (limit: 7)
[OK] (9927) Updated content (7275 chars)
[OK] (9927) Updated content (7777 chars)
[OK] (9927) Updated content (6047 chars)
[DELETE] (6237|mid) Too old: 49 days (limit: 7)
[OK] (9927) Updated content (9623 chars)
[DELETE] (6237|mid) Too old: 46 days (limit: 7)
[DELETE] (6237|mid) Too old: 47 days (limit: 7)
[DELETE] (4956|mid) Too old: 68 days (limit: 7)
[DELETE] (6237|mid) Too old: 18 days (limit: 7)
[SKIP] (6237) Failed to fetch: https://tw.stock.yahoo.com/news/%E5%85%AC%E5%91%8A-%E9%A9%8A%E8%A8%8A-2026%E5%B9%B44%E6%9C%88%E5%90%88%E4%BD%B5%E7%87%9F%E6%94%B68430-9%E8%90%AC%E5%85%83-%E5%B9%B4%E5%A2%9E116-074307092.html
[DELETE] (4956|mid) Too old: 54 days (limit: 7)
[DELETE] (4956|mid) Too old: 49 days (limit: 7)
[DELETE] (4956|mid) Too old: 18 days (limit: 7)
[DELETE] (4956|mid) Too old: 46 days (limit: 7)
[SKIP] (1268) Failed to fetch: https://tw.stock.yahoo.com/news/%E5%85%AC%E5%91%8A-%E6%BC%A2%E4%BE%86%E7%BE%8E%E9%A3%9F%E5%90%91%E9%9D%9E%E9%97%9C%E4%BF%82%E4%BA%BA%E5%8F%96%E5%BE%97%E4%BD%BF%E7%94%A8%E6%AC%8A%E8%B3%87%E7%94%A2-100931143.html
[DELETE] (1268|mid) Too old: 13 days (limit: 7)
[DELETE] (1268|mid) Too old: 46 days (limit: 7)
[DELETE] (1268|mid) Too old: 43 days (limit: 7)
[DELETE] (1268|mid) Too old: 20 days (limit: 7)
[DELETE] (5202|mid) Too old: 113 days (limit: 7)
[DELETE] (5202|mid) Too old: 74 days (limit: 7)
[DELETE] (5202|mid) Too old: 105 days (limit: 7)
[DELETE] (5202|mid) Too old: 43 days (limit: 7)
[DELETE] (8182|mid) Too old: 13 days (limit: 7)
[DELETE] (5202|mid) Too old: 13 days (limit: 7)
[OK] (8182) Updated content (6727 chars)
[OK] (8182) Updated content (6872 chars)
[OK] (8182) Updated content (5677 chars)
[OK] (8182) Updated content (5910 chars)
[DELETE] (1264|mid) Too old: 25 days (limit: 7)
[DELETE] (1264|mid) Too old: 25 days (limit: 7)
[DELETE] (1264|mid) Too old: 25 days (limit: 7)
[DELETE] (1264|mid) Too old: 25 days (limit: 7)
[DELETE] (1264|mid) Too old: 15 days (limit: 7)
[DELETE] (3570|mid) Too old: 43 days (limit: 7)
[DELETE] (3570|mid) Too old: 43 days (limit: 7)
[DELETE] (3570|mid) Too old: 43 days (limit: 7)
[DELETE] (3570|mid) Too old: 32 days (limit: 7)
[DELETE] (6229|mid) Too old: 48 days (limit: 7)
[DELETE] (3570|mid) Too old: 13 days (limit: 7)
[DELETE] (6229|mid) Too old: 74 days (limit: 7)
[DELETE] (6229|mid) Too old: 46 days (limit: 7)
[DELETE] (6229|mid) Too old: 40 days (limit: 7)
[DELETE] (6796|mid) Too old: 46 days (limit: 7)
[DELETE] (6796|mid) Too old: 54 days (limit: 7)
[DELETE] (6229|mid) Too old: 40 days (limit: 7)
[DELETE] (6796|mid) Too old: 46 days (limit: 7)
[DELETE] (6796|mid) Too old: 13 days (limit: 7)
[DELETE] (6796|mid) Too old: 32 days (limit: 7)
[DELETE] (2762|mid) Too old: 20 days (limit: 7)
[DELETE] (2762|mid) Too old: 20 days (limit: 7)
[DELETE] (2762|mid) Too old: 14 days (limit: 7)
[DELETE] (2762|mid) Too old: 11 days (limit: 7)
[DELETE] (2762|mid) Too old: 14 days (limit: 7)
[DELETE] (6220|mid) Too old: 41 days (limit: 7)
[DELETE] (6220|mid) Too old: 34 days (limit: 7)
[DELETE] (6220|mid) Too old: 14 days (limit: 7)
[DELETE] (6220|mid) Too old: 14 days (limit: 7)
[DELETE] (6220|mid) Too old: 14 days (limit: 7)
[DELETE] (6418|mid) Too old: 29 days (limit: 7)
[DELETE] (6418|mid) Too old: 47 days (limit: 7)
[DELETE] (6418|mid) Too old: 27 days (limit: 7)
[DELETE] (6418|mid) Too old: 27 days (limit: 7)
[DELETE] (6418|mid) Too old: 20 days (limit: 7)
[DELETE] (6752|mid) Too old: 57 days (limit: 7)
[DELETE] (6752|mid) Too old: 47 days (limit: 7)
[DELETE] (6752|mid) Too old: 18 days (limit: 7)
[DELETE] (6752|mid) Too old: 49 days (limit: 7)
[DELETE] (6752|mid) Too old: 25 days (limit: 7)
[DELETE] (4952|mid) Too old: 76 days (limit: 7)
[DELETE] (4952|mid) Too old: 106 days (limit: 7)
[DELETE] (4952|mid) Too old: 25 days (limit: 7)
[DELETE] (1414|mid) Too old: 75 days (limit: 7)
[DELETE] (4952|mid) Too old: 46 days (limit: 7)
[DELETE] (4952|mid) Too old: 15 days (limit: 7)
[DELETE] (1414|mid) Too old: 46 days (limit: 7)
[DELETE] (1414|mid) Too old: 42 days (limit: 7)
[DELETE] (1414|mid) Too old: 8 days (limit: 7)
[DELETE] (1414|mid) Too old: 20 days (limit: 7)
[DELETE] (1537|mid) Too old: 74 days (limit: 7)
[DELETE] (1537|mid) Too old: 102 days (limit: 7)
[DELETE] (1537|mid) Too old: 46 days (limit: 7)
[DELETE] (1537|mid) Too old: 15 days (limit: 7)
[OK] (1537) Updated content (5807 chars)
[DELETE] (6690|mid) Too old: 56 days (limit: 7)
[DELETE] (6690|mid) Too old: 56 days (limit: 7)
[DELETE] (6690|mid) Too old: 48 days (limit: 7)
[DELETE] (6690|mid) Too old: 20 days (limit: 7)
[DELETE] (6690|mid) Too old: 27 days (limit: 7)
[DELETE] (1762|mid) Too old: 49 days (limit: 7)
[DELETE] (1762|mid) Too old: 49 days (limit: 7)
[DELETE] (1762|mid) Too old: 26 days (limit: 7)
[DELETE] (1762|mid) Too old: 46 days (limit: 7)
[DELETE] (3434|mid) Too old: 55 days (limit: 7)
[DELETE] (1762|mid) Too old: 13 days (limit: 7)
[DELETE] (3434|mid) Too old: 74 days (limit: 7)
[DELETE] (3434|mid) Too old: 47 days (limit: 7)
[DELETE] (3434|mid) Too old: 43 days (limit: 7)
[DELETE] (4171|mid) Too old: 43 days (limit: 7)
[OK] (3434) Updated content (6067 chars)
[DELETE] (4171|mid) Too old: 43 days (limit: 7)
[DELETE] (4171|mid) Too old: 13 days (limit: 7)
[DELETE] (4171|mid) Too old: 12 days (limit: 7)
[DELETE] (4737|mid) Too old: 55 days (limit: 7)
[OK] (4171) Updated content (3053 chars)
[DELETE] (4737|mid) Too old: 49 days (limit: 7)
[DELETE] (4737|mid) Too old: 46 days (limit: 7)
[DELETE] (4737|mid) Too old: 41 days (limit: 7)
[DELETE] (4737|mid) Too old: 13 days (limit: 7)
[DELETE] (3296|mid) Too old: 74 days (limit: 7)
[DELETE] (3296|mid) Too old: 105 days (limit: 7)
[DELETE] (3296|mid) Too old: 13 days (limit: 7)
[DELETE] (3296|mid) Too old: 46 days (limit: 7)
[DELETE] (2440|mid) Too old: 74 days (limit: 7)
[OK] (3296) Updated content (5118 chars)
[DELETE] (2440|mid) Too old: 46 days (limit: 7)
[DELETE] (2440|mid) Too old: 15 days (limit: 7)
[DELETE] (2440|mid) Too old: 50 days (limit: 7)
[DELETE] (2440|mid) Too old: 41 days (limit: 7)
[DELETE] (4119|mid) Too old: 46 days (limit: 7)
[DELETE] (4119|mid) Too old: 32 days (limit: 7)
[DELETE] (4119|mid) Too old: 8 days (limit: 7)
[DELETE] (4119|mid) Too old: 8 days (limit: 7)
[DELETE] (4119|mid) Too old: 15 days (limit: 7)
[DELETE] (4951|mid) Too old: 46 days (limit: 7)
[DELETE] (4951|mid) Too old: 34 days (limit: 7)
[DELETE] (4951|mid) Too old: 34 days (limit: 7)
[DELETE] (1447|mid) Too old: 46 days (limit: 7)
[DELETE] (1447|mid) Too old: 42 days (limit: 7)
[DELETE] (4951|mid) Too old: 34 days (limit: 7)
[DELETE] (4951|mid) Too old: 15 days (limit: 7)
[DELETE] (1447|mid) Too old: 32 days (limit: 7)
[DELETE] (1447|mid) Too old: 14 days (limit: 7)
[DELETE] (1447|mid) Too old: 13 days (limit: 7)
[SKIP] (2816) Failed to fetch: https://tw.stock.yahoo.com/news/%E5%85%AC%E5%91%8A-%E6%97%BA%E6%97%BA%E4%BF%9D%E8%91%A3%E4%BA%8B%E6%9C%83%E9%80%9A%E9%81%8E115%E5%B9%B4%E7%AC%AC-%E5%AD%A3%E8%B2%A1%E5%8B%99%E5%A0%B1%E5%91%8A-081645605.html
[DELETE] (2816|mid) Too old: 39 days (limit: 7)
[DELETE] (2816|mid) Too old: 8 days (limit: 7)
[DELETE] (2816|mid) Too old: 25 days (limit: 7)
[DELETE] (2816|mid) Too old: 25 days (limit: 7)
[DELETE] (5481|mid) Too old: 75 days (limit: 7)
[DELETE] (5481|mid) Too old: 55 days (limit: 7)
[DELETE] (5481|mid) Too old: 47 days (limit: 7)
[DELETE] (5481|mid) Too old: 14 days (limit: 7)
[DELETE] (5481|mid) Too old: 47 days (limit: 7)
[DELETE] (1720|mid) Too old: 50 days (limit: 7)
[DELETE] (1720|mid) Too old: 42 days (limit: 7)
[SKIP] (1720) Failed to fetch: https://tw.stock.yahoo.com/news/%E5%85%AC%E5%91%8A-%E7%94%9F%E9%81%94-2026%E5%B9%B44%E6%9C%88%E5%90%88%E4%BD%B5%E7%87%9F%E6%94%B66-77%E5%84%84%E5%85%83-%E5%B9%B4%E5%A2%9E3-071209776.html
[DELETE] (1720|mid) Too old: 14 days (limit: 7)
[DELETE] (1720|mid) Too old: 42 days (limit: 7)
[DELETE] (6129|mid) Too old: 48 days (limit: 7)
[DELETE] (6129|mid) Too old: 48 days (limit: 7)
[DELETE] (6129|mid) Too old: 47 days (limit: 7)
[DELETE] (6129|mid) Too old: 19 days (limit: 7)
[DELETE] (9925|mid) Too old: 106 days (limit: 7)
[OK] (6129) Updated content (6283 chars)
[DELETE] (9925|mid) Too old: 61 days (limit: 7)
[DELETE] (9925|mid) Too old: 76 days (limit: 7)
[DELETE] (9925|mid) Too old: 18 days (limit: 7)
[DELETE] (9925|mid) Too old: 46 days (limit: 7)
[DELETE] (1110|mid) Too old: 104 days (limit: 7)
[DELETE] (1110|mid) Too old: 74 days (limit: 7)
[DELETE] (1110|mid) Too old: 46 days (limit: 7)
[DELETE] (2482|mid) Too old: 48 days (limit: 7)
[DELETE] (1110|mid) Too old: 13 days (limit: 7)
[OK] (1110) Updated content (5533 chars)
[DELETE] (2482|mid) Too old: 27 days (limit: 7)
[DELETE] (2482|mid) Too old: 47 days (limit: 7)
[DELETE] (2482|mid) Too old: 27 days (limit: 7)
[DELETE] (3564|mid) Too old: 112 days (limit: 7)
[DELETE] (2482|mid) Too old: 20 days (limit: 7)
[DELETE] (3564|mid) Too old: 82 days (limit: 7)
[DELETE] (3564|mid) Too old: 60 days (limit: 7)
[DELETE] (3564|mid) Too old: 21 days (limit: 7)
[DELETE] (1455|mid) Too old: 46 days (limit: 7)
[DELETE] (1455|mid) Too old: 15 days (limit: 7)
[DELETE] (3564|mid) Too old: 49 days (limit: 7)
[DELETE] (1455|mid) Too old: 46 days (limit: 7)
[DELETE] (5905|mid) Too old: 41 days (limit: 7)
[DELETE] (1455|mid) Too old: 8 days (limit: 7)
[OK] (1455) Updated content (6293 chars)
[DELETE] (5905|mid) Too old: 41 days (limit: 7)
[DELETE] (5905|mid) Too old: 40 days (limit: 7)
[DELETE] (8213|mid) Too old: 46 days (limit: 7)
[DELETE] (5905|mid) Too old: 13 days (limit: 7)
[DELETE] (5905|mid) Too old: 39 days (limit: 7)
[DELETE] (8213|mid) Too old: 41 days (limit: 7)
[DELETE] (8213|mid) Too old: 56 days (limit: 7)
[DELETE] (8213|mid) Too old: 41 days (limit: 7)
[DELETE] (8213|mid) Too old: 13 days (limit: 7)
[DELETE] (2020|mid) Too old: 41 days (limit: 7)
[DELETE] (2020|mid) Too old: 36 days (limit: 7)
[DELETE] (2020|mid) Too old: 14 days (limit: 7)
[DELETE] (2020|mid) Too old: 22 days (limit: 7)
[OK] (2020) Updated content (5837 chars)
[DELETE] (2705|mid) Too old: 46 days (limit: 7)
[DELETE] (2705|mid) Too old: 41 days (limit: 7)
[DELETE] (4572|mid) Too old: 105 days (limit: 7)
[DELETE] (2705|mid) Too old: 40 days (limit: 7)
[DELETE] (4572|mid) Too old: 111 days (limit: 7)
[DELETE] (4572|mid) Too old: 74 days (limit: 7)
[DELETE] (2705|mid) Too old: 14 days (limit: 7)
[DELETE] (4572|mid) Too old: 46 days (limit: 7)
[OK] (2705) Updated content (4888 chars)
[DELETE] (4572|mid) Too old: 13 days (limit: 7)
[DELETE] (5299|mid) Too old: 77 days (limit: 7)
[DELETE] (5299|mid) Too old: 50 days (limit: 7)
[DELETE] (5299|mid) Too old: 18 days (limit: 7)
[DELETE] (5299|mid) Too old: 34 days (limit: 7)
[DELETE] (5299|mid) Too old: 48 days (limit: 7)
[DELETE] (8933|mid) Too old: 36 days (limit: 7)
[DELETE] (8933|mid) Too old: 43 days (limit: 7)
[DELETE] (8933|mid) Too old: 13 days (limit: 7)
[DELETE] (8933|mid) Too old: 34 days (limit: 7)
[DELETE] (8933|mid) Too old: 25 days (limit: 7)
[DELETE] (6922|mid) Too old: 48 days (limit: 7)
[DELETE] (6922|mid) Too old: 55 days (limit: 7)
[DELETE] (6922|mid) Too old: 47 days (limit: 7)
[OK] (6922) Updated content (5597 chars)
[DELETE] (6922|mid) Too old: 18 days (limit: 7)
[DELETE] (6570|mid) Too old: 47 days (limit: 7)
[DELETE] (6570|mid) Too old: 50 days (limit: 7)
[DELETE] (6570|mid) Too old: 33 days (limit: 7)
[DELETE] (6570|mid) Too old: 14 days (limit: 7)
[DELETE] (8440|mid) Too old: 75 days (limit: 7)
[DELETE] (6570|mid) Too old: 26 days (limit: 7)
[DELETE] (8440|mid) Too old: 43 days (limit: 7)
[DELETE] (8440|mid) Too old: 46 days (limit: 7)
[OK] (8440) Updated content (6478 chars)
[DELETE] (8440|mid) Too old: 14 days (limit: 7)
[DELETE] (5490|mid) Too old: 60 days (limit: 7)
[DELETE] (5490|mid) Too old: 60 days (limit: 7)
[DELETE] (5490|mid) Too old: 49 days (limit: 7)
[DELETE] (1437|mid) Too old: 34 days (limit: 7)
[OK] (5490) Updated content (6112 chars)
[DELETE] (5490|mid) Too old: 21 days (limit: 7)
[DELETE] (1437|mid) Too old: 20 days (limit: 7)
[DELETE] (1437|mid) Too old: 18 days (limit: 7)
[DELETE] (1437|mid) Too old: 21 days (limit: 7)
[DELETE] (6877|mid) Too old: 77 days (limit: 7)
[OK] (1437) Updated content (7753 chars)
[DELETE] (6877|mid) Too old: 60 days (limit: 7)
[DELETE] (6877|mid) Too old: 49 days (limit: 7)
[DELETE] (6877|mid) Too old: 56 days (limit: 7)
[DELETE] (6877|mid) Too old: 19 days (limit: 7)
[DELETE] (1315|mid) Too old: 46 days (limit: 7)
[DELETE] (1315|mid) Too old: 42 days (limit: 7)
[DELETE] (1315|mid) Too old: 42 days (limit: 7)
[DELETE] (1315|mid) Too old: 21 days (limit: 7)
[DELETE] (1315|mid) Too old: 14 days (limit: 7)
[DELETE] (5287|mid) Too old: 43 days (limit: 7)
[DELETE] (5287|mid) Too old: 42 days (limit: 7)
[DELETE] (5287|mid) Too old: 28 days (limit: 7)
[DELETE] (5287|mid) Too old: 14 days (limit: 7)
[DELETE] (8040|mid) Too old: 62 days (limit: 7)
[OK] (5287) Updated content (6021 chars)
[DELETE] (8040|mid) Too old: 28 days (limit: 7)
[DELETE] (8040|mid) Too old: 46 days (limit: 7)
[DELETE] (8040|mid) Too old: 29 days (limit: 7)
[DELETE] (8040|mid) Too old: 13 days (limit: 7)
[DELETE] (2643|mid) Too old: 49 days (limit: 7)
[DELETE] (2643|mid) Too old: 48 days (limit: 7)
[DELETE] (2643|mid) Too old: 18 days (limit: 7)
[DELETE] (2643|mid) Too old: 48 days (limit: 7)
[DELETE] (2643|mid) Too old: 18 days (limit: 7)
[DELETE] (6221|mid) Too old: 13 days (limit: 7)
[OK] (6221) Updated content (7264 chars)
[OK] (6221) Updated content (7855 chars)
[OK] (6221) Updated content (9679 chars)
[OK] (6221) Updated content (7010 chars)
[DELETE] (2254|mid) Too old: 46 days (limit: 7)
[DELETE] (2254|mid) Too old: 26 days (limit: 7)
[DELETE] (2254|mid) Too old: 27 days (limit: 7)
[DELETE] (2254|mid) Too old: 27 days (limit: 7)
[DELETE] (2254|mid) Too old: 14 days (limit: 7)
[DELETE] (4580|mid) Too old: 43 days (limit: 7)
[DELETE] (4580|mid) Too old: 39 days (limit: 7)
[DELETE] (4580|mid) Too old: 41 days (limit: 7)
[DELETE] (4580|mid) Too old: 41 days (limit: 7)
[DELETE] (4580|mid) Too old: 13 days (limit: 7)
[DELETE] (7765|mid) Too old: 15 days (limit: 7)
[DELETE] (7765|mid) Too old: 55 days (limit: 7)
[DELETE] (7765|mid) Too old: 25 days (limit: 7)
[DELETE] (7765|mid) Too old: 48 days (limit: 7)
[OK] (7765) Updated content (7508 chars)
[DELETE] (6141|mid) Too old: 21 days (limit: 7)
[DELETE] (6141|mid) Too old: 13 days (limit: 7)
[DELETE] (6141|mid) Too old: 21 days (limit: 7)
[OK] (6141) Updated content (8565 chars)
[DELETE] (1217|mid) Too old: 105 days (limit: 7)
[OK] (6141) Updated content (6082 chars)
[DELETE] (1217|mid) Too old: 97 days (limit: 7)
[DELETE] (1217|mid) Too old: 74 days (limit: 7)
[DELETE] (1217|mid) Too old: 43 days (limit: 7)
[DELETE] (1217|mid) Too old: 13 days (limit: 7)
[DELETE] (3259|mid) Too old: 18 days (limit: 7)
[DELETE] (3259|mid) Too old: 19 days (limit: 7)
[DELETE] (3259|mid) Too old: 46 days (limit: 7)
[DELETE] (3259|mid) Too old: 19 days (limit: 7)
[DELETE] (3259|mid) Too old: 14 days (limit: 7)
[DELETE] (3432|mid) Too old: 24 days (limit: 7)
[DELETE] (3432|mid) Too old: 13 days (limit: 7)
[DELETE] (3432|mid) Too old: 17 days (limit: 7)
[OK] (3432) Updated content (7703 chars)
[DELETE] (3432|mid) Too old: 10 days (limit: 7)
[DELETE] (4560|mid) Too old: 14 days (limit: 7)
[DELETE] (4560|mid) Too old: 48 days (limit: 7)
[DELETE] (4560|mid) Too old: 46 days (limit: 7)
[OK] (4560) Updated content (6416 chars)
[OK] (4560) Updated content (7269 chars)
[OK] (3522) Updated content (7989 chars)
[OK] (3522) Updated content (3908 chars)
[OK] (3522) Updated content (8593 chars)
[OK] (3522) Updated content (9321 chars)
[OK] (3522) Updated content (6253 chars)
[DELETE] (7704|mid) Too old: 39 days (limit: 7)
[DELETE] (7704|mid) Too old: 46 days (limit: 7)
[DELETE] (7704|mid) Too old: 36 days (limit: 7)
[DELETE] (7704|mid) Too old: 14 days (limit: 7)
[DELETE] (7704|mid) Too old: 32 days (limit: 7)
[DELETE] (1446|mid) Too old: 18 days (limit: 7)
[DELETE] (1446|mid) Too old: 48 days (limit: 7)
[DELETE] (1446|mid) Too old: 46 days (limit: 7)
[OK] (1446) Updated content (6125 chars)
[DELETE] (1446|mid) Too old: 13 days (limit: 7)
[DELETE] (5209|mid) Too old: 74 days (limit: 7)
[DELETE] (5209|mid) Too old: 105 days (limit: 7)
[DELETE] (5209|mid) Too old: 47 days (limit: 7)
[DELETE] (5209|mid) Too old: 41 days (limit: 7)
[DELETE] (1799|mid) Too old: 54 days (limit: 7)
[DELETE] (1799|mid) Too old: 43 days (limit: 7)
[DELETE] (5209|mid) Too old: 15 days (limit: 7)
[DELETE] (1799|mid) Too old: 43 days (limit: 7)
[DELETE] (1799|mid) Too old: 22 days (limit: 7)
[DELETE] (8433|mid) Too old: 14 days (limit: 7)
[DELETE] (1799|mid) Too old: 14 days (limit: 7)
[DELETE] (8433|mid) Too old: 46 days (limit: 7)
[DELETE] (8433|mid) Too old: 46 days (limit: 7)
[DELETE] (2102|mid) Too old: 47 days (limit: 7)
[OK] (8433) Updated content (5755 chars)
[DELETE] (2102|mid) Too old: 41 days (limit: 7)
[OK] (8433) Updated content (7589 chars)
[DELETE] (2102|mid) Too old: 34 days (limit: 7)
[DELETE] (2102|mid) Too old: 29 days (limit: 7)
[DELETE] (2102|mid) Too old: 18 days (limit: 7)
[DELETE] (5244|mid) Too old: 63 days (limit: 7)
[DELETE] (5244|mid) Too old: 49 days (limit: 7)
[DELETE] (5244|mid) Too old: 46 days (limit: 7)
[DELETE] (5244|mid) Too old: 13 days (limit: 7)
[DELETE] (6419|mid) Too old: 39 days (limit: 7)
[DELETE] (5244|mid) Too old: 18 days (limit: 7)
[DELETE] (6419|mid) Too old: 35 days (limit: 7)
[DELETE] (6419|mid) Too old: 36 days (limit: 7)
[DELETE] (6419|mid) Too old: 13 days (limit: 7)
[DELETE] (6419|mid) Too old: 13 days (limit: 7)
[DELETE] (1201|mid) Too old: 43 days (limit: 7)
[DELETE] (1201|mid) Too old: 42 days (limit: 7)
[DELETE] (1201|mid) Too old: 12 days (limit: 7)
[DELETE] (1201|mid) Too old: 13 days (limit: 7)
[OK] (1201) Updated content (3156 chars)
[DELETE] (6658|mid) Too old: 40 days (limit: 7)
[DELETE] (6658|mid) Too old: 36 days (limit: 7)
[DELETE] (6658|mid) Too old: 32 days (limit: 7)
[DELETE] (6658|mid) Too old: 15 days (limit: 7)
[DELETE] (2063|mid) Too old: 47 days (limit: 7)
[DELETE] (2063|mid) Too old: 26 days (limit: 7)
[DELETE] (6658|mid) Too old: 11 days (limit: 7)
[DELETE] (2063|mid) Too old: 18 days (limit: 7)
[DELETE] (2063|mid) Too old: 26 days (limit: 7)
[DELETE] (6498|mid) Too old: 48 days (limit: 7)
[DELETE] (2063|mid) Too old: 26 days (limit: 7)
[DELETE] (6498|mid) Too old: 48 days (limit: 7)
[DELETE] (6498|mid) Too old: 42 days (limit: 7)
[DELETE] (6498|mid) Too old: 12 days (limit: 7)
[DELETE] (6498|mid) Too old: 46 days (limit: 7)
[DELETE] (2611|mid) Too old: 18 days (limit: 7)
[DELETE] (2611|mid) Too old: 18 days (limit: 7)
[DELETE] (2611|mid) Too old: 13 days (limit: 7)
[DELETE] (2611|mid) Too old: 11 days (limit: 7)
[DELETE] (2611|mid) Too old: 8 days (limit: 7)
[DELETE] (5283|mid) Too old: 46 days (limit: 7)
[DELETE] (5283|mid) Too old: 54 days (limit: 7)
[DELETE] (5283|mid) Too old: 46 days (limit: 7)
[DELETE] (5283|mid) Too old: 43 days (limit: 7)
[DELETE] (5283|mid) Too old: 13 days (limit: 7)
[DELETE] (5213|mid) Too old: 34 days (limit: 7)
[DELETE] (5213|mid) Too old: 20 days (limit: 7)
[DELETE] (5213|mid) Too old: 13 days (limit: 7)
[DELETE] (5213|mid) Too old: 14 days (limit: 7)
[OK] (5213) Updated content (6227 chars)
[DELETE] (1256|mid) Too old: 35 days (limit: 7)
[DELETE] (1256|mid) Too old: 19 days (limit: 7)
[DELETE] (1256|mid) Too old: 27 days (limit: 7)
[DELETE] (1256|mid) Too old: 35 days (limit: 7)
[DELETE] (1256|mid) Too old: 14 days (limit: 7)
[DELETE] (4994|mid) Too old: 32 days (limit: 7)
[DELETE] (4994|mid) Too old: 19 days (limit: 7)
[DELETE] (4994|mid) Too old: 32 days (limit: 7)
[DELETE] (4994|mid) Too old: 19 days (limit: 7)
[DELETE] (4994|mid) Too old: 12 days (limit: 7)
[DELETE] (6728|mid) Too old: 39 days (limit: 7)
[DELETE] (6728|mid) Too old: 46 days (limit: 7)
[DELETE] (6728|mid) Too old: 25 days (limit: 7)
[DELETE] (6728|mid) Too old: 18 days (limit: 7)
[DELETE] (6728|mid) Too old: 15 days (limit: 7)
[DELETE] (3441|mid) Too old: 34 days (limit: 7)
[DELETE] (3441|mid) Too old: 34 days (limit: 7)
[DELETE] (3441|mid) Too old: 32 days (limit: 7)
[DELETE] (3441|mid) Too old: 15 days (limit: 7)
[OK] (3441) Updated content (9247 chars)
[DELETE] (1471|mid) Too old: 74 days (limit: 7)
[DELETE] (1471|mid) Too old: 46 days (limit: 7)
[DELETE] (1471|mid) Too old: 49 days (limit: 7)
[DELETE] (1471|mid) Too old: 41 days (limit: 7)
[DELETE] (1471|mid) Too old: 13 days (limit: 7)
[DELETE] (3205|mid) Too old: 48 days (limit: 7)
[DELETE] (3205|mid) Too old: 48 days (limit: 7)
[DELETE] (3205|mid) Too old: 46 days (limit: 7)
[DELETE] (3205|mid) Too old: 48 days (limit: 7)
[DELETE] (3205|mid) Too old: 13 days (limit: 7)
[DELETE] (4306|mid) Too old: 40 days (limit: 7)
[DELETE] (4306|mid) Too old: 19 days (limit: 7)
[DELETE] (4306|mid) Too old: 39 days (limit: 7)
[DELETE] (4306|mid) Too old: 46 days (limit: 7)
[DELETE] (4306|mid) Too old: 14 days (limit: 7)
[DELETE] (2514|mid) Too old: 43 days (limit: 7)
[DELETE] (2514|mid) Too old: 43 days (limit: 7)
[DELETE] (2514|mid) Too old: 13 days (limit: 7)
[DELETE] (2514|mid) Too old: 46 days (limit: 7)
[DELETE] (3625|mid) Too old: 40 days (limit: 7)
[DELETE] (3625|mid) Too old: 48 days (limit: 7)
[DELETE] (2514|mid) Too old: 13 days (limit: 7)
[DELETE] (3625|mid) Too old: 27 days (limit: 7)
[DELETE] (3625|mid) Too old: 21 days (limit: 7)
[DELETE] (3625|mid) Too old: 14 days (limit: 7)
[DELETE] (5471|mid) Too old: 46 days (limit: 7)
[DELETE] (5471|mid) Too old: 46 days (limit: 7)
[DELETE] (5471|mid) Too old: 19 days (limit: 7)
[DELETE] (5471|mid) Too old: 12 days (limit: 7)
[OK] (5471) Updated content (4984 chars)
[DELETE] (1225|mid) Too old: 32 days (limit: 7)
[DELETE] (1225|mid) Too old: 14 days (limit: 7)
[DELETE] (1225|mid) Too old: 32 days (limit: 7)
[DELETE] (1225|mid) Too old: 27 days (limit: 7)
[DELETE] (3557|mid) Too old: 35 days (limit: 7)
[DELETE] (3557|mid) Too old: 43 days (limit: 7)
[DELETE] (3557|mid) Too old: 35 days (limit: 7)
[DELETE] (1225|mid) Too old: 12 days (limit: 7)
[DELETE] (3557|mid) Too old: 13 days (limit: 7)
[OK] (3557) Updated content (7516 chars)
[DELETE] (5251|mid) Too old: 75 days (limit: 7)
[DELETE] (5251|mid) Too old: 50 days (limit: 7)
[DELETE] (5251|mid) Too old: 42 days (limit: 7)
[DELETE] (5251|mid) Too old: 46 days (limit: 7)
[DELETE] (6674|mid) Too old: 46 days (limit: 7)
[DELETE] (6674|mid) Too old: 54 days (limit: 7)
[DELETE] (5251|mid) Too old: 13 days (limit: 7)
[DELETE] (6674|mid) Too old: 13 days (limit: 7)
[DELETE] (6674|mid) Too old: 46 days (limit: 7)
[DELETE] (8059|mid) Too old: 18 days (limit: 7)
[DELETE] (8059|mid) Too old: 29 days (limit: 7)
[OK] (6674) Updated content (6747 chars)
[DELETE] (8059|mid) Too old: 14 days (limit: 7)
[DELETE] (8059|mid) Too old: 14 days (limit: 7)
[OK] (8059) Updated content (9031 chars)
[DELETE] (6914|mid) Too old: 40 days (limit: 7)
[DELETE] (6914|mid) Too old: 28 days (limit: 7)
[DELETE] (6914|mid) Too old: 40 days (limit: 7)
[DELETE] (6914|mid) Too old: 13 days (limit: 7)
[DELETE] (6914|mid) Too old: 11 days (limit: 7)
[DELETE] (5512|mid) Too old: 56 days (limit: 7)
[DELETE] (5512|mid) Too old: 46 days (limit: 7)
[DELETE] (5512|mid) Too old: 46 days (limit: 7)
[DELETE] (5512|mid) Too old: 13 days (limit: 7)
[OK] (5512) Updated content (5924 chars)
[DELETE] (2461|mid) Too old: 29 days (limit: 7)
[DELETE] (2461|mid) Too old: 26 days (limit: 7)
[DELETE] (2461|mid) Too old: 29 days (limit: 7)
[DELETE] (2461|mid) Too old: 13 days (limit: 7)
[DELETE] (2461|mid) Too old: 13 days (limit: 7)
[DELETE] (3437|mid) Too old: 32 days (limit: 7)
[DELETE] (3437|mid) Too old: 29 days (limit: 7)
[DELETE] (3437|mid) Too old: 22 days (limit: 7)
[OK] (3437) Updated content (5347 chars)
[DELETE] (3437|mid) Too old: 13 days (limit: 7)
[DELETE] (8076|mid) Too old: 46 days (limit: 7)
[DELETE] (8076|mid) Too old: 13 days (limit: 7)
[DELETE] (8076|mid) Too old: 11 days (limit: 7)
[DELETE] (8076|mid) Too old: 11 days (limit: 7)
[DELETE] (8076|mid) Too old: 11 days (limit: 7)
[DELETE] (1565|mid) Too old: 77 days (limit: 7)
[DELETE] (1565|mid) Too old: 55 days (limit: 7)
[DELETE] (1565|mid) Too old: 47 days (limit: 7)
[DELETE] (1565|mid) Too old: 46 days (limit: 7)
[DELETE] (1565|mid) Too old: 14 days (limit: 7)
[DELETE] (8277|mid) Too old: 15 days (limit: 7)
[DELETE] (8277|mid) Too old: 14 days (limit: 7)
[DELETE] (8277|mid) Too old: 14 days (limit: 7)
[DELETE] (8277|mid) Too old: 14 days (limit: 7)
[DELETE] (8277|mid) Too old: 14 days (limit: 7)
[OK] (2364) Updated content (6985 chars)
[OK] (2364) Updated content (7390 chars)
[OK] (2364) Updated content (8424 chars)
[OK] (2364) Updated content (8171 chars)
[OK] (2364) Updated content (7148 chars)
[DELETE] (3052|mid) Too old: 46 days (limit: 7)
[DELETE] (3052|mid) Too old: 49 days (limit: 7)
[DELETE] (3052|mid) Too old: 14 days (limit: 7)
[DELETE] (3052|mid) Too old: 41 days (limit: 7)
[DELETE] (3052|mid) Too old: 13 days (limit: 7)
[DELETE] (1104|mid) Too old: 18 days (limit: 7)
[DELETE] (1104|mid) Too old: 18 days (limit: 7)
[DELETE] (1104|mid) Too old: 18 days (limit: 7)
[DELETE] (1104|mid) Too old: 18 days (limit: 7)
[DELETE] (3229|mid) Too old: 41 days (limit: 7)
[DELETE] (1104|mid) Too old: 13 days (limit: 7)
[DELETE] (3229|mid) Too old: 26 days (limit: 7)
[DELETE] (3229|mid) Too old: 25 days (limit: 7)
[DELETE] (3229|mid) Too old: 14 days (limit: 7)
[DELETE] (3229|mid) Too old: 13 days (limit: 7)
[DELETE] (3031|mid) Too old: 46 days (limit: 7)
[DELETE] (3031|mid) Too old: 46 days (limit: 7)
[DELETE] (3031|mid) Too old: 46 days (limit: 7)
[DELETE] (6174|mid) Too old: 42 days (limit: 7)
[DELETE] (3031|mid) Too old: 15 days (limit: 7)
[DELETE] (3031|mid) Too old: 14 days (limit: 7)
[DELETE] (6174|mid) Too old: 32 days (limit: 7)
[DELETE] (6174|mid) Too old: 15 days (limit: 7)
[DELETE] (6174|mid) Too old: 15 days (limit: 7)
[DELETE] (6174|mid) Too old: 12 days (limit: 7)
[DELETE] (7642|mid) Too old: 34 days (limit: 7)
[DELETE] (7642|mid) Too old: 34 days (limit: 7)
[DELETE] (7642|mid) Too old: 22 days (limit: 7)
[DELETE] (7642|mid) Too old: 22 days (limit: 7)
[DELETE] (7642|mid) Too old: 13 days (limit: 7)
[OK] (3703) Updated content (7530 chars)
[OK] (3703) Updated content (8132 chars)
[OK] (3703) Updated content (7946 chars)
[OK] (3703) Updated content (8102 chars)
[OK] (3703) Updated content (8027 chars)
[DELETE] (6532|mid) Too old: 110 days (limit: 7)
[DELETE] (6532|mid) Too old: 77 days (limit: 7)
[DELETE] (6532|mid) Too old: 111 days (limit: 7)
[DELETE] (6532|mid) Too old: 48 days (limit: 7)
[DELETE] (6532|mid) Too old: 18 days (limit: 7)
[DELETE] (2511|mid) Too old: 60 days (limit: 7)
[DELETE] (2511|mid) Too old: 56 days (limit: 7)
[DELETE] (2511|mid) Too old: 48 days (limit: 7)
[DELETE] (2511|mid) Too old: 48 days (limit: 7)
[DELETE] (2511|mid) Too old: 20 days (limit: 7)
[DELETE] (2739|mid) Too old: 41 days (limit: 7)
[DELETE] (2739|mid) Too old: 28 days (limit: 7)
[DELETE] (2739|mid) Too old: 14 days (limit: 7)
[DELETE] (2739|mid) Too old: 28 days (limit: 7)
[DELETE] (2739|mid) Too old: 13 days (limit: 7)
[DELETE] (6651|mid) Too old: 47 days (limit: 7)
[DELETE] (6651|mid) Too old: 25 days (limit: 7)
[DELETE] (6651|mid) Too old: 25 days (limit: 7)
[SKIP] (6651) Failed to fetch: https://tw.stock.yahoo.com/news/%E5%85%AC%E5%91%8A-%E5%85%A8%E5%AE%87%E6%98%95%E8%91%A3%E4%BA%8B%E6%9C%83%E6%8E%A8%E9%81%B8%E8%91%A3%E4%BA%8B%E9%95%B7-095814408.html
[DELETE] (6651|mid) Too old: 19 days (limit: 7)
[DELETE] (9946|mid) Too old: 42 days (limit: 7)
[DELETE] (9946|mid) Too old: 42 days (limit: 7)
[DELETE] (9946|mid) Too old: 42 days (limit: 7)
[DELETE] (9946|mid) Too old: 42 days (limit: 7)
[DELETE] (9946|mid) Too old: 13 days (limit: 7)
[DELETE] (6910|mid) Too old: 63 days (limit: 7)
[DELETE] (4744|mid) Too old: 13 days (limit: 7)
[DELETE] (6910|mid) Too old: 62 days (limit: 7)
[DELETE] (6910|mid) Too old: 54 days (limit: 7)
[DELETE] (4744|mid) Too old: 11 days (limit: 7)
[DELETE] (4744|mid) Too old: 13 days (limit: 7)
[DELETE] (6910|mid) Too old: 50 days (limit: 7)
[OK] (4744) Updated content (9502 chars)
[OK] (4744) Updated content (5980 chars)
[DELETE] (6910|mid) Too old: 22 days (limit: 7)
[DELETE] (3631|mid) Too old: 82 days (limit: 7)
[DELETE] (3631|mid) Too old: 74 days (limit: 7)
[DELETE] (3631|mid) Too old: 57 days (limit: 7)
[DELETE] (3631|mid) Too old: 43 days (limit: 7)
[DELETE] (3631|mid) Too old: 13 days (limit: 7)
[DELETE] (8032|mid) Too old: 48 days (limit: 7)
[DELETE] (8032|mid) Too old: 46 days (limit: 7)
[DELETE] (8032|mid) Too old: 27 days (limit: 7)
[OK] (8032) Updated content (7749 chars)
[DELETE] (8032|mid) Too old: 14 days (limit: 7)
[DELETE] (2905|mid) Too old: 39 days (limit: 7)
[DELETE] (2905|mid) Too old: 39 days (limit: 7)
[DELETE] (2905|mid) Too old: 28 days (limit: 7)
[DELETE] (2905|mid) Too old: 12 days (limit: 7)
[DELETE] (3325|mid) Too old: 46 days (limit: 7)
[OK] (2905) Updated content (6580 chars)
[DELETE] (3325|mid) Too old: 46 days (limit: 7)
[DELETE] (3325|mid) Too old: 43 days (limit: 7)
[DELETE] (3325|mid) Too old: 22 days (limit: 7)
[DELETE] (3325|mid) Too old: 13 days (limit: 7)
[DELETE] (5272|mid) Too old: 28 days (limit: 7)
[DELETE] (5272|mid) Too old: 28 days (limit: 7)
[DELETE] (5272|mid) Too old: 28 days (limit: 7)
[DELETE] (5272|mid) Too old: 18 days (limit: 7)
[OK] (1734) Updated content (5651 chars)
[DELETE] (5272|mid) Too old: 28 days (limit: 7)
[OK] (1734) Updated content (8084 chars)
[OK] (1734) Updated content (6580 chars)
[OK] (1734) Updated content (6268 chars)
[OK] (1734) Updated content (7171 chars)
[DELETE] (8045|mid) Too old: 76 days (limit: 7)
[DELETE] (8045|mid) Too old: 56 days (limit: 7)
[DELETE] (8045|mid) Too old: 75 days (limit: 7)
[DELETE] (8045|mid) Too old: 46 days (limit: 7)
[DELETE] (8045|mid) Too old: 13 days (limit: 7)
[DELETE] (2524|mid) Too old: 74 days (limit: 7)
[DELETE] (2524|mid) Too old: 46 days (limit: 7)
[DELETE] (2524|mid) Too old: 50 days (limit: 7)
[DELETE] (2524|mid) Too old: 42 days (limit: 7)
[DELETE] (2524|mid) Too old: 14 days (limit: 7)
[OK] (5907) Updated content (10892 chars)
[OK] (5907) Updated content (10087 chars)
[OK] (5907) Updated content (9752 chars)
[OK] (5907) Updated content (9798 chars)
[DELETE] (1707|mid) Too old: 43 days (limit: 7)
[OK] (5907) Updated content (6773 chars)
[DELETE] (1707|mid) Too old: 43 days (limit: 7)
[DELETE] (1707|mid) Too old: 28 days (limit: 7)
[DELETE] (1707|mid) Too old: 13 days (limit: 7)
[DELETE] (5398|mid) Too old: 8 days (limit: 7)
[OK] (1707) Updated content (6335 chars)
[DELETE] (5398|mid) Too old: 8 days (limit: 7)
[DELETE] (5398|mid) Too old: 8 days (limit: 7)
[DELETE] (5398|mid) Too old: 8 days (limit: 7)
[DELETE] (5398|mid) Too old: 8 days (limit: 7)
[DELETE] (3046|mid) Too old: 47 days (limit: 7)
[DELETE] (3046|mid) Too old: 76 days (limit: 7)
[DELETE] (3046|mid) Too old: 56 days (limit: 7)
[DELETE] (3046|mid) Too old: 19 days (limit: 7)
[OK] (3046) Updated content (3624 chars)
[DELETE] (1702|mid) Too old: 15 days (limit: 7)
[DELETE] (1702|mid) Too old: 15 days (limit: 7)
[DELETE] (1702|mid) Too old: 15 days (limit: 7)
[DELETE] (1702|mid) Too old: 15 days (limit: 7)
[DELETE] (1702|mid) Too old: 13 days (limit: 7)
[DELETE] (2707|mid) Too old: 43 days (limit: 7)
[DELETE] (2707|mid) Too old: 43 days (limit: 7)
[DELETE] (2707|mid) Too old: 28 days (limit: 7)
[DELETE] (2483|mid) Too old: 49 days (limit: 7)
[DELETE] (2707|mid) Too old: 13 days (limit: 7)
[DELETE] (2483|mid) Too old: 46 days (limit: 7)
[DELETE] (2483|mid) Too old: 46 days (limit: 7)
[OK] (2707) Updated content (6371 chars)
[DELETE] (2483|mid) Too old: 25 days (limit: 7)
[DELETE] (2483|mid) Too old: 19 days (limit: 7)
[DELETE] (5228|hot) Too old: 64 days (limit: 3)
[DELETE] (6284|hot) Too old: 11 days (limit: 3)
[DELETE] (6026|hot) Too old: 46 days (limit: 3)
[DELETE] (1569|hot) Too old: 50 days (limit: 3)
[DELETE] (5475|hot) Too old: 20 days (limit: 3)
[DELETE] (8114|hot) Too old: 35 days (limit: 3)
[DELETE] (2208|hot) Too old: 43 days (limit: 3)
[DELETE] (6499|hot) Too old: 43 days (limit: 3)
[DELETE] (2363|hot) Too old: 21 days (limit: 3)
[DELETE] (1718|hot) Too old: 13 days (limit: 3)
[DELETE] (6515|hot) Too old: 13 days (limit: 3)
[DELETE] (6530|hot) Too old: 19 days (limit: 3)
[DELETE] (8996|hot) Too old: 18 days (limit: 3)
[DELETE] (6875|hot) Too old: 105 days (limit: 3)
[DELETE] (4174|hot) Too old: 14 days (limit: 3)
[DELETE] (3014|hot) Too old: 18 days (limit: 3)
[DELETE] (5864|hot) Too old: 8 days (limit: 3)
[DELETE] (3653|hot) Too old: 19 days (limit: 3)
[DELETE] (6672|hot) Too old: 20 days (limit: 3)
[DELETE] (6550|hot) Too old: 29 days (limit: 3)
[DELETE] (6576|hot) Too old: 14 days (limit: 3)
[DELETE] (4128|hot) Too old: 54 days (limit: 3)
[DELETE] (3501|hot) Too old: 64 days (limit: 3)
[DELETE] (5269|hot) Too old: 13 days (limit: 3)
[DELETE] (5478|hot) Too old: 8 days (limit: 3)
[DELETE] (6236|rare) Too old: 106 days (limit: 30)
[DELETE] (4157|hot) Too old: 43 days (limit: 3)
\n[DONE] Content fetching complete!
[TIME] Total: 4201.34 seconds
[週二 2026/06/23 17:23:51.73] Running cnyes fetch_content... 
d:\StockPulse\stocks_news\cnyes\fetch_content.py:200: DeprecationWarning: 'asyncio.WindowsSelectorEventLoopPolicy' is deprecated and slated for removal in Python 3.16
  asyncio.set_event_loop_policy(asyncio.WindowsSelectorEventLoopPolicy())
d:\StockPulse\stocks_news\cnyes\fetch_content.py:200: DeprecationWarning: 'asyncio.set_event_loop_policy' is deprecated and slated for removal in Python 3.16
  asyncio.set_event_loop_policy(asyncio.WindowsSelectorEventLoopPolicy())
[START] Fetching news content...
Found 4423 news items without content

[START] Processing 4423 tasks (max concurrency: 10)...

[OK] (8354) Updated content (250 chars)
[OK] (8423) Updated content (237 chars)
[OK] (8354) Updated content (204 chars)
[OK] (8354) Updated content (1006 chars)
[OK] (8354) Updated content (196 chars)
[OK] (8354) Updated content (224 chars)
[OK] (4139) Updated content (478 chars)
[OK] (8354) Updated content (1063 chars)
[OK] (8423) Updated content (401 chars)
[OK] (4139) Updated content (388 chars)
[OK] (4139) Updated content (393 chars)
[OK] (4139) Updated content (400 chars)
[OK] (2941) Updated content (235 chars)
[OK] (4139) Updated content (405 chars)
[OK] (2941) Updated content (420 chars)
[OK] (4139) Updated content (1574 chars)
[OK] (4139) Updated content (381 chars)
[OK] (1453) Updated content (246 chars)
[OK] (1453) Updated content (333 chars)
[OK] (6958) Updated content (608 chars)
[OK] (1453) Updated content (406 chars)
[OK] (6958) Updated content (740 chars)
[OK] (6958) Updated content (629 chars)
[OK] (6958) Updated content (2155 chars)
[OK] (1453) Updated content (524 chars)
[OK] (6958) Updated content (2236 chars)
[OK] (6958) Updated content (400 chars)
[OK] (6958) Updated content (770 chars)
[OK] (1453) Updated content (345 chars)
[OK] (6958) Updated content (426 chars)
[OK] (6958) Updated content (796 chars)
[OK] (6958) Updated content (250 chars)
[OK] (6958) Updated content (1567 chars)
[OK] (6958) Updated content (421 chars)
[OK] (5701) Updated content (358 chars)
[OK] (6958) Updated content (541 chars)
[OK] (5701) Updated content (354 chars)
[OK] (5701) Updated content (662 chars)
[OK] (5701) Updated content (674 chars)
[OK] (5701) Updated content (361 chars)
[OK] (5701) Updated content (673 chars)
[OK] (5701) Updated content (361 chars)
[OK] (5701) Updated content (361 chars)
[OK] (5701) Updated content (420 chars)
[OK] (5701) Updated content (677 chars)
[OK] (5701) Updated content (1210 chars)
[OK] (5701) Updated content (333 chars)
[OK] (5701) Updated content (354 chars)
[OK] (5701) Updated content (682 chars)
[OK] (5701) Updated content (414 chars)
[OK] (5701) Updated content (1204 chars)
[OK] (5701) Updated content (236 chars)
[OK] (5701) Updated content (385 chars)
[OK] (5701) Updated content (628 chars)
[OK] (5701) Updated content (338 chars)
[OK] (5701) Updated content (1878 chars)
[OK] (5701) Updated content (376 chars)
[OK] (5701) Updated content (674 chars)
[OK] (5701) Updated content (343 chars)
[OK] (5701) Updated content (355 chars)
[OK] (5701) Updated content (678 chars)
[OK] (5701) Updated content (671 chars)
[OK] (5701) Updated content (359 chars)
[OK] (5701) Updated content (393 chars)
[OK] (8923) Updated content (501 chars)
[OK] (8923) Updated content (342 chars)
[OK] (5701) Updated content (356 chars)
[OK] (8923) Updated content (211 chars)
[OK] (5701) Updated content (605 chars)
[OK] (2221) Updated content (394 chars)
[OK] (5701) Updated content (616 chars)
[OK] (2221) Updated content (396 chars)
[OK] (2221) Updated content (387 chars)
[OK] (2221) Updated content (710 chars)
[OK] (2221) Updated content (369 chars)
[OK] (2221) Updated content (548 chars)
[OK] (2221) Updated content (233 chars)
[OK] (2221) Updated content (346 chars)
[OK] (2221) Updated content (380 chars)
[OK] (2221) Updated content (1133 chars)
[OK] (2221) Updated content (642 chars)
[OK] (2221) Updated content (416 chars)
[OK] (2221) Updated content (567 chars)
[OK] (2221) Updated content (377 chars)
[OK] (2221) Updated content (650 chars)
[OK] (2221) Updated content (385 chars)
[OK] (2221) Updated content (383 chars)
[OK] (2221) Updated content (790 chars)
[OK] (2221) Updated content (599 chars)
[OK] (2221) Updated content (372 chars)
[OK] (6020) Updated content (550 chars)
[OK] (6020) Updated content (619 chars)
[OK] (6020) Updated content (1347 chars)
[OK] (6020) Updated content (590 chars)
[OK] (6020) Updated content (554 chars)
[OK] (6020) Updated content (386 chars)
[OK] (6020) Updated content (524 chars)
[OK] (6020) Updated content (419 chars)
[OK] (6020) Updated content (306 chars)
[OK] (6020) Updated content (401 chars)
[OK] (6020) Updated content (676 chars)
[OK] (6020) Updated content (403 chars)
[OK] (6020) Updated content (294 chars)
[OK] (6929) Updated content (211 chars)
[OK] (6020) Updated content (223 chars)
[OK] (6222) Updated content (442 chars)
[OK] (6929) Updated content (372 chars)
[OK] (6929) Updated content (402 chars)
[OK] (6929) Updated content (406 chars)
[OK] (6929) Updated content (670 chars)
[OK] (6929) Updated content (305 chars)
[OK] (6929) Updated content (391 chars)
[OK] (6020) Updated content (403 chars)
[OK] (6222) Updated content (239 chars)
[OK] (6222) Updated content (1859 chars)
[OK] (6222) Updated content (3316 chars)
[OK] (6222) Updated content (2748 chars)
[OK] (6222) Updated content (2707 chars)
[OK] (6222) Updated content (667 chars)
[OK] (5013) Updated content (380 chars)
[OK] (6222) Updated content (3220 chars)
[OK] (6222) Updated content (2268 chars)
[OK] (6222) Updated content (601 chars)
[OK] (5013) Updated content (278 chars)
[OK] (5013) Updated content (259 chars)
[OK] (5013) Updated content (286 chars)
[OK] (5013) Updated content (276 chars)
[OK] (7743) Updated content (241 chars)
[OK] (5013) Updated content (219 chars)
[OK] (5013) Updated content (373 chars)
[OK] (6662) Updated content (685 chars)
[OK] (7743) Updated content (772 chars)
[OK] (3018) Updated content (613 chars)
[OK] (3018) Updated content (219 chars)
[OK] (6662) Updated content (1194 chars)
[OK] (6662) Updated content (1093 chars)
[OK] (6662) Updated content (511 chars)
[OK] (6662) Updated content (441 chars)
[OK] (6662) Updated content (1209 chars)
[OK] (6574) Updated content (401 chars)
[OK] (6662) Updated content (1220 chars)
[OK] (6662) Updated content (340 chars)
[OK] (6662) Updated content (644 chars)
[OK] (6574) Updated content (5674 chars)
[OK] (4175) Updated content (1332 chars)
[OK] (6574) Updated content (232 chars)
[OK] (6662) Updated content (720 chars)
[OK] (4175) Updated content (1160 chars)
[OK] (4175) Updated content (513 chars)
[OK] (4175) Updated content (1166 chars)
[OK] (4175) Updated content (684 chars)
[OK] (4175) Updated content (202 chars)
[OK] (4175) Updated content (632 chars)
[OK] (4175) Updated content (549 chars)
[OK] (4175) Updated content (577 chars)
[OK] (4175) Updated content (618 chars)
[OK] (4175) Updated content (686 chars)
[OK] (4198) Updated content (394 chars)
[OK] (4198) Updated content (418 chars)
[OK] (4198) Updated content (389 chars)
[OK] (4198) Updated content (418 chars)
[OK] (4198) Updated content (390 chars)
[OK] (4198) Updated content (388 chars)
[OK] (4198) Updated content (212 chars)
[OK] (4943) Updated content (850 chars)
[OK] (4943) Updated content (710 chars)
[OK] (4943) Updated content (214 chars)
[OK] (8101) Updated content (248 chars)
[OK] (9912) Updated content (584 chars)
[OK] (9912) Updated content (642 chars)
[OK] (4943) Updated content (725 chars)
[OK] (9912) Updated content (234 chars)
[OK] (9912) Updated content (458 chars)
[OK] (9912) Updated content (443 chars)
[OK] (8077) Updated content (385 chars)
[OK] (6512) Updated content (381 chars)
[OK] (8077) Updated content (407 chars)
[OK] (9912) Updated content (447 chars)
[OK] (8077) Updated content (398 chars)
[OK] (8077) Updated content (382 chars)
[OK] (8077) Updated content (397 chars)
[OK] (8077) Updated content (239 chars)
[OK] (6171) Updated content (219 chars)
[OK] (6512) Updated content (334 chars)
[OK] (6171) Updated content (864 chars)
[OK] (6171) Updated content (1458 chars)
[OK] (6171) Updated content (1532 chars)
[OK] (6171) Updated content (1582 chars)
[OK] (6171) Updated content (701 chars)
[OK] (6171) Updated content (408 chars)
[OK] (6171) Updated content (1612 chars)
[OK] (6171) Updated content (1510 chars)
[OK] (6171) Updated content (411 chars)
[OK] (6171) Updated content (1536 chars)
[OK] (6171) Updated content (403 chars)
[OK] (6171) Updated content (380 chars)
[OK] (6171) Updated content (1351 chars)
[OK] (6171) Updated content (404 chars)
[OK] (6171) Updated content (396 chars)
[OK] (6171) Updated content (1611 chars)
[OK] (6171) Updated content (1289 chars)
[OK] (6171) Updated content (401 chars)
[OK] (6496) Updated content (463 chars)
[OK] (2726) Updated content (378 chars)
[OK] (6496) Updated content (239 chars)
[OK] (6645) Updated content (687 chars)
[OK] (2726) Updated content (392 chars)
[OK] (2726) Updated content (713 chars)
[OK] (2726) Updated content (407 chars)
[OK] (6645) Updated content (704 chars)
[OK] (2726) Updated content (381 chars)
[OK] (2726) Updated content (237 chars)
[OK] (6645) Updated content (306 chars)
[OK] (6645) Updated content (621 chars)
[OK] (6887) Updated content (358 chars)
[OK] (6887) Updated content (313 chars)
[OK] (6887) Updated content (335 chars)
[OK] (6887) Updated content (342 chars)
[OK] (6887) Updated content (330 chars)
[OK] (6887) Updated content (329 chars)
[OK] (2724) Updated content (401 chars)
[OK] (6887) Updated content (331 chars)
[OK] (6645) Updated content (492 chars)
[OK] (2724) Updated content (407 chars)
[OK] (2724) Updated content (395 chars)
[OK] (2724) Updated content (703 chars)
[OK] (2724) Updated content (389 chars)
[OK] (2724) Updated content (396 chars)
[OK] (2724) Updated content (400 chars)
[OK] (2724) Updated content (467 chars)
[OK] (2724) Updated content (388 chars)
[OK] (2724) Updated content (237 chars)
[OK] (2724) Updated content (569 chars)
[OK] (2724) Updated content (713 chars)
[OK] (2724) Updated content (599 chars)
[OK] (2724) Updated content (401 chars)
[OK] (2724) Updated content (387 chars)
[OK] (2724) Updated content (857 chars)
[OK] (7753) Updated content (440 chars)
[OK] (7753) Updated content (440 chars)
[OK] (7753) Updated content (439 chars)
[OK] (2724) Updated content (383 chars)
[OK] (7753) Updated content (684 chars)
[OK] (7753) Updated content (423 chars)
[OK] (7753) Updated content (453 chars)
[OK] (1435) Updated content (1858 chars)
[OK] (7753) Updated content (413 chars)
[OK] (7753) Updated content (721 chars)
[OK] (1435) Updated content (245 chars)
[OK] (1435) Updated content (676 chars)
[OK] (1435) Updated content (738 chars)
[OK] (1435) Updated content (1060 chars)
[OK] (1435) Updated content (1035 chars)
[OK] (1435) Updated content (2902 chars)
[OK] (1435) Updated content (1573 chars)
[OK] (1435) Updated content (659 chars)
[OK] (1435) Updated content (662 chars)
[OK] (1435) Updated content (1168 chars)
[OK] (1435) Updated content (420 chars)
[OK] (1435) Updated content (1192 chars)
[OK] (4402) Updated content (401 chars)
[OK] (4402) Updated content (395 chars)
[OK] (4402) Updated content (370 chars)
[OK] (1435) Updated content (1102 chars)
[OK] (4402) Updated content (363 chars)
[OK] (4402) Updated content (350 chars)
[OK] (4402) Updated content (1648 chars)
[OK] (4402) Updated content (372 chars)
[OK] (4402) Updated content (422 chars)
[OK] (4402) Updated content (376 chars)
[OK] (4402) Updated content (425 chars)
[OK] (1441) Updated content (528 chars)
[OK] (1441) Updated content (769 chars)
[OK] (1441) Updated content (589 chars)
[OK] (1441) Updated content (484 chars)
[OK] (1441) Updated content (542 chars)
[OK] (6474) Updated content (444 chars)
[OK] (6474) Updated content (514 chars)
[OK] (1441) Updated content (427 chars)
[OK] (1441) Updated content (720 chars)
[OK] (1441) Updated content (820 chars)
[OK] (6474) Updated content (619 chars)
[OK] (6474) Updated content (1191 chars)
[OK] (6474) Updated content (509 chars)
[OK] (1441) Updated content (1283 chars)
[OK] (1441) Updated content (240 chars)
[OK] (6474) Updated content (386 chars)
[OK] (6474) Updated content (603 chars)
[OK] (6474) Updated content (674 chars)
[OK] (6474) Updated content (414 chars)
[OK] (6474) Updated content (250 chars)
[OK] (6474) Updated content (235 chars)
[OK] (6474) Updated content (568 chars)
[OK] (6474) Updated content (1116 chars)
[OK] (6474) Updated content (693 chars)
[OK] (6474) Updated content (1118 chars)
[OK] (6474) Updated content (559 chars)
[OK] (6474) Updated content (5081 chars)
[OK] (6474) Updated content (307 chars)
[OK] (6721) Updated content (474 chars)
[OK] (6721) Updated content (430 chars)
[OK] (6721) Updated content (563 chars)
[OK] (6661) Updated content (238 chars)
[OK] (6721) Updated content (514 chars)
[OK] (6661) Updated content (408 chars)
[OK] (6721) Updated content (721 chars)
[OK] (6721) Updated content (518 chars)
[OK] (6721) Updated content (1308 chars)
[OK] (6721) Updated content (587 chars)
[OK] (6721) Updated content (403 chars)
[OK] (6721) Updated content (1269 chars)
[OK] (6721) Updated content (1434 chars)
[OK] (1599) Updated content (249 chars)
[OK] (1599) Updated content (589 chars)
[OK] (1599) Updated content (421 chars)
[OK] (1599) Updated content (676 chars)
[OK] (1599) Updated content (647 chars)
[OK] (8477) Updated content (339 chars)
[OK] (6721) Updated content (234 chars)
[OK] (8477) Updated content (373 chars)
[OK] (8477) Updated content (1539 chars)
[OK] (8477) Updated content (1517 chars)
[OK] (8477) Updated content (336 chars)
[OK] (8477) Updated content (1491 chars)
[OK] (8477) Updated content (1511 chars)
[OK] (8477) Updated content (1548 chars)
[OK] (8477) Updated content (343 chars)
[OK] (8477) Updated content (318 chars)
[OK] (8477) Updated content (1527 chars)
[OK] (8477) Updated content (319 chars)
[OK] (8477) Updated content (2156 chars)
[OK] (8477) Updated content (313 chars)
[OK] (8067) Updated content (390 chars)
[OK] (8477) Updated content (2177 chars)
[OK] (8477) Updated content (171 chars)
[OK] (8067) Updated content (398 chars)
[OK] (8067) Updated content (239 chars)
[OK] (8067) Updated content (400 chars)
[OK] (8477) Updated content (253 chars)
[OK] (8477) Updated content (217 chars)
[OK] (8477) Updated content (319 chars)
[OK] (8067) Updated content (496 chars)
[OK] (8067) Updated content (662 chars)
[OK] (8067) Updated content (488 chars)
[OK] (8067) Updated content (546 chars)
[OK] (6527) Updated content (493 chars)
[OK] (6527) Updated content (362 chars)
[OK] (6527) Updated content (235 chars)
[OK] (8067) Updated content (545 chars)
[OK] (2432) Updated content (470 chars)
[OK] (8929) Updated content (234 chars)
[OK] (8929) Updated content (475 chars)
[OK] (6616) Updated content (377 chars)
[OK] (2432) Updated content (239 chars)
[OK] (6616) Updated content (244 chars)
[OK] (2432) Updated content (1568 chars)
[OK] (8067) Updated content (1022 chars)
[OK] (8929) Updated content (480 chars)
[OK] (8067) Updated content (404 chars)
[OK] (6616) Updated content (392 chars)
[OK] (9929) Updated content (509 chars)
[OK] (9929) Updated content (1387 chars)
[OK] (9929) Updated content (558 chars)
[OK] (9929) Updated content (686 chars)
[OK] (9929) Updated content (507 chars)
[OK] (9929) Updated content (565 chars)
[OK] (9929) Updated content (589 chars)
[OK] (9929) Updated content (693 chars)
[OK] (9929) Updated content (226 chars)
[OK] (9929) Updated content (681 chars)
[OK] (9929) Updated content (840 chars)
[OK] (9929) Updated content (398 chars)
[OK] (9929) Updated content (378 chars)
[OK] (9929) Updated content (395 chars)
[OK] (2926) Updated content (560 chars)
[OK] (2926) Updated content (1552 chars)
[OK] (2926) Updated content (722 chars)
[OK] (2926) Updated content (714 chars)
[OK] (2926) Updated content (301 chars)
[OK] (2926) Updated content (569 chars)
[OK] (2926) Updated content (560 chars)
[OK] (2926) Updated content (804 chars)
[OK] (2926) Updated content (482 chars)
[OK] (2926) Updated content (499 chars)
[OK] (2926) Updated content (431 chars)
[OK] (2926) Updated content (391 chars)
[OK] (6506) Updated content (388 chars)
[OK] (6506) Updated content (327 chars)
[OK] (4950) Updated content (400 chars)
[OK] (4950) Updated content (439 chars)
[OK] (4950) Updated content (482 chars)
[OK] (4950) Updated content (492 chars)
[OK] (4950) Updated content (576 chars)
[OK] (5906) Updated content (463 chars)
[OK] (5906) Updated content (253 chars)
[OK] (4950) Updated content (233 chars)
[OK] (4950) Updated content (522 chars)
[OK] (5906) Updated content (408 chars)
[OK] (5906) Updated content (723 chars)
[OK] (1443) Updated content (376 chars)
[OK] (1443) Updated content (385 chars)
[OK] (1443) Updated content (221 chars)
[OK] (4924) Updated content (311 chars)
[OK] (4924) Updated content (339 chars)
[OK] (4924) Updated content (327 chars)
[OK] (4924) Updated content (365 chars)
[OK] (1443) Updated content (334 chars)
[OK] (1443) Updated content (807 chars)
[OK] (4924) Updated content (359 chars)
[OK] (4924) Updated content (235 chars)
[OK] (4148) Updated content (428 chars)
[OK] (4148) Updated content (1125 chars)
[OK] (2740) Updated content (394 chars)
[OK] (4148) Updated content (260 chars)
[OK] (2740) Updated content (692 chars)
[OK] (2740) Updated content (410 chars)
[OK] (2740) Updated content (480 chars)
[OK] (2740) Updated content (426 chars)
[OK] (2740) Updated content (410 chars)
[OK] (2740) Updated content (394 chars)
[OK] (2740) Updated content (426 chars)
[OK] (2740) Updated content (397 chars)
[OK] (2740) Updated content (395 chars)
[OK] (2740) Updated content (416 chars)
[OK] (2740) Updated content (230 chars)
[OK] (2740) Updated content (410 chars)
[OK] (2740) Updated content (416 chars)
[OK] (2740) Updated content (411 chars)
[OK] (2740) Updated content (413 chars)
[OK] (2740) Updated content (395 chars)
[OK] (2740) Updated content (393 chars)
[OK] (2740) Updated content (409 chars)
[OK] (8342) Updated content (525 chars)
[OK] (2740) Updated content (409 chars)
[OK] (1203) Updated content (219 chars)
[OK] (8342) Updated content (398 chars)
[OK] (8342) Updated content (803 chars)
[OK] (8342) Updated content (486 chars)
[OK] (8342) Updated content (370 chars)
[OK] (8342) Updated content (841 chars)
[OK] (5301) Updated content (428 chars)
[OK] (8342) Updated content (696 chars)
[OK] (8342) Updated content (249 chars)
[OK] (5301) Updated content (319 chars)
[OK] (5301) Updated content (385 chars)
[OK] (5301) Updated content (427 chars)
[OK] (5301) Updated content (408 chars)
[OK] (5301) Updated content (1494 chars)
[OK] (5301) Updated content (401 chars)
[OK] (5301) Updated content (440 chars)
[OK] (5301) Updated content (1208 chars)
[OK] (5301) Updated content (909 chars)
[OK] (5301) Updated content (561 chars)
[OK] (5301) Updated content (688 chars)
[OK] (1472) Updated content (542 chars)
[OK] (5301) Updated content (680 chars)
[OK] (1472) Updated content (506 chars)
[OK] (5301) Updated content (527 chars)
[OK] (1472) Updated content (1343 chars)
[OK] (5301) Updated content (498 chars)
[OK] (1472) Updated content (533 chars)
[OK] (1472) Updated content (682 chars)
[OK] (1472) Updated content (636 chars)
[OK] (1472) Updated content (681 chars)
[OK] (1472) Updated content (625 chars)
[OK] (1472) Updated content (704 chars)
[OK] (1472) Updated content (594 chars)
[OK] (1472) Updated content (670 chars)
[OK] (1472) Updated content (616 chars)
[OK] (1472) Updated content (236 chars)
[OK] (1472) Updated content (593 chars)
[OK] (1472) Updated content (727 chars)
[OK] (1472) Updated content (862 chars)
[OK] (1472) Updated content (483 chars)
[OK] (1472) Updated content (405 chars)
[OK] (1423) Updated content (504 chars)
[OK] (1472) Updated content (775 chars)
[OK] (1423) Updated content (414 chars)
[OK] (1472) Updated content (595 chars)
[OK] (1423) Updated content (471 chars)
[OK] (1423) Updated content (247 chars)
[OK] (1472) Updated content (200 chars)
[OK] (1423) Updated content (290 chars)
[OK] (1423) Updated content (913 chars)
[OK] (3629) Updated content (241 chars)
[OK] (3067) Updated content (234 chars)
[OK] (4183) Updated content (399 chars)
[OK] (4183) Updated content (428 chars)
[OK] (3067) Updated content (498 chars)
[OK] (4183) Updated content (590 chars)
[OK] (4183) Updated content (682 chars)
[OK] (3067) Updated content (519 chars)
[OK] (4183) Updated content (456 chars)
[OK] (4183) Updated content (446 chars)
[OK] (3629) Updated content (1612 chars)
[OK] (4183) Updated content (571 chars)
[OK] (4183) Updated content (696 chars)
[OK] (5878) Updated content (867 chars)
[OK] (4183) Updated content (232 chars)
[OK] (5878) Updated content (369 chars)
[OK] (5878) Updated content (276 chars)
[OK] (5878) Updated content (594 chars)
[OK] (5878) Updated content (401 chars)
[OK] (5878) Updated content (497 chars)
[OK] (5878) Updated content (234 chars)
[OK] (1418) Updated content (378 chars)
[OK] (1418) Updated content (3496 chars)
[OK] (2024) Updated content (371 chars)
[OK] (1413) Updated content (234 chars)
[OK] (1418) Updated content (426 chars)
[OK] (2024) Updated content (239 chars)
[OK] (1418) Updated content (331 chars)
[OK] (4535) Updated content (846 chars)
[OK] (4192) Updated content (219 chars)
[OK] (4192) Updated content (405 chars)
[OK] (4535) Updated content (1039 chars)
[OK] (4535) Updated content (1942 chars)
[OK] (4535) Updated content (534 chars)
[OK] (4535) Updated content (736 chars)
[OK] (4192) Updated content (457 chars)
[OK] (4192) Updated content (627 chars)
[OK] (4535) Updated content (480 chars)
[OK] (4535) Updated content (623 chars)
[OK] (4192) Updated content (631 chars)
[OK] (4535) Updated content (625 chars)
[OK] (4535) Updated content (234 chars)
[OK] (4192) Updated content (452 chars)
[OK] (3288) Updated content (358 chars)
[OK] (3288) Updated content (381 chars)
[OK] (3288) Updated content (390 chars)
[OK] (3288) Updated content (389 chars)
[OK] (3288) Updated content (467 chars)
[OK] (3288) Updated content (1633 chars)
[OK] (3288) Updated content (649 chars)
[OK] (3288) Updated content (1780 chars)
[OK] (3288) Updated content (909 chars)
[OK] (3288) Updated content (872 chars)
[OK] (3288) Updated content (529 chars)
[OK] (3593) Updated content (234 chars)
[OK] (3288) Updated content (401 chars)
[OK] (3593) Updated content (397 chars)
[OK] (3288) Updated content (1128 chars)
[OK] (3288) Updated content (396 chars)
[OK] (3288) Updated content (333 chars)
[OK] (3288) Updated content (478 chars)
[OK] (3288) Updated content (386 chars)
[OK] (3288) Updated content (390 chars)
[OK] (3593) Updated content (525 chars)
[OK] (3593) Updated content (393 chars)
[OK] (3593) Updated content (503 chars)
[OK] (3632) Updated content (390 chars)
[OK] (4706) Updated content (217 chars)
[OK] (3593) Updated content (633 chars)
[OK] (3632) Updated content (436 chars)
[OK] (3632) Updated content (868 chars)
[OK] (4706) Updated content (396 chars)
[OK] (3632) Updated content (259 chars)
[OK] (4706) Updated content (1346 chars)
[OK] (4706) Updated content (1212 chars)
[OK] (4706) Updated content (549 chars)
[OK] (3191) Updated content (368 chars)
[OK] (3191) Updated content (361 chars)
[OK] (4706) Updated content (652 chars)
[OK] (3191) Updated content (352 chars)
[OK] (3191) Updated content (1455 chars)
[OK] (3191) Updated content (406 chars)
[OK] (3191) Updated content (367 chars)
[OK] (3191) Updated content (361 chars)
[OK] (3191) Updated content (389 chars)
[OK] (3191) Updated content (378 chars)
[OK] (3191) Updated content (374 chars)
[OK] (3191) Updated content (794 chars)
[OK] (3191) Updated content (706 chars)
[OK] (3191) Updated content (380 chars)
[OK] (3191) Updated content (333 chars)
[OK] (910861) Updated content (314 chars)
[OK] (2910) Updated content (380 chars)
[OK] (2910) Updated content (402 chars)
[OK] (2910) Updated content (219 chars)
[OK] (2910) Updated content (769 chars)
[OK] (910861) Updated content (812 chars)
[OK] (6767) Updated content (628 chars)
[OK] (6767) Updated content (387 chars)
[OK] (6767) Updated content (403 chars)
[OK] (6767) Updated content (334 chars)
[OK] (6767) Updated content (646 chars)
[OK] (6767) Updated content (390 chars)
[OK] (2910) Updated content (1508 chars)
[OK] (6767) Updated content (383 chars)
[OK] (2321) Updated content (403 chars)
[OK] (3252) Updated content (335 chars)
[OK] (2321) Updated content (691 chars)
[OK] (3252) Updated content (528 chars)
[OK] (4419) Updated content (413 chars)
[OK] (2937) Updated content (240 chars)
[OK] (2937) Updated content (402 chars)
[OK] (3252) Updated content (387 chars)
[OK] (2321) Updated content (239 chars)
[OK] (4419) Updated content (410 chars)
[OK] (4419) Updated content (588 chars)
[OK] (4419) Updated content (579 chars)
[OK] (4419) Updated content (414 chars)
[OK] (4419) Updated content (1037 chars)
[OK] (4419) Updated content (232 chars)
[OK] (6767) Updated content (398 chars)
[OK] (1341) Updated content (488 chars)
[OK] (4419) Updated content (715 chars)
[OK] (4419) Updated content (800 chars)
[OK] (1341) Updated content (715 chars)
[OK] (1341) Updated content (473 chars)
[OK] (1341) Updated content (731 chars)
[OK] (1341) Updated content (996 chars)
[OK] (1341) Updated content (1189 chars)
[OK] (1341) Updated content (232 chars)
[OK] (1341) Updated content (717 chars)
[OK] (6542) Updated content (247 chars)
[OK] (6542) Updated content (693 chars)
[OK] (1341) Updated content (312 chars)
[OK] (6542) Updated content (418 chars)
[OK] (6615) Updated content (491 chars)
[OK] (6615) Updated content (713 chars)
[OK] (6615) Updated content (291 chars)
[OK] (6542) Updated content (383 chars)
[OK] (2754) Updated content (567 chars)
[OK] (6615) Updated content (437 chars)
[OK] (2754) Updated content (237 chars)
[OK] (3095) Updated content (401 chars)
[OK] (3095) Updated content (563 chars)
[OK] (3095) Updated content (636 chars)
[OK] (3095) Updated content (399 chars)
[OK] (3095) Updated content (398 chars)
[OK] (3095) Updated content (380 chars)
[OK] (3095) Updated content (403 chars)
[OK] (3095) Updated content (1261 chars)
[OK] (3095) Updated content (335 chars)
[OK] (7732) Updated content (413 chars)
[OK] (3095) Updated content (920 chars)
[OK] (2949) Updated content (380 chars)
[OK] (2949) Updated content (240 chars)
[OK] (6872) Updated content (430 chars)
[OK] (7732) Updated content (255 chars)
[OK] (6872) Updated content (679 chars)
[OK] (6872) Updated content (341 chars)
[OK] (6242) Updated content (454 chars)
[OK] (6872) Updated content (377 chars)
[OK] (6242) Updated content (333 chars)
[OK] (6242) Updated content (1041 chars)
[OK] (6242) Updated content (570 chars)
[OK] (6242) Updated content (300 chars)
[OK] (6242) Updated content (877 chars)
[OK] (5601) Updated content (416 chars)
[OK] (5601) Updated content (406 chars)
[OK] (6242) Updated content (1052 chars)
[OK] (5601) Updated content (235 chars)
[OK] (5601) Updated content (402 chars)
[OK] (5601) Updated content (932 chars)
[OK] (5601) Updated content (306 chars)
[OK] (6872) Updated content (484 chars)
[OK] (5601) Updated content (682 chars)
[OK] (5601) Updated content (362 chars)
[OK] (5601) Updated content (284 chars)
[OK] (7716) Updated content (542 chars)
[OK] (5601) Updated content (600 chars)
[OK] (7716) Updated content (653 chars)
[OK] (7716) Updated content (515 chars)
[OK] (7716) Updated content (599 chars)
[OK] (7716) Updated content (647 chars)
[OK] (7716) Updated content (1394 chars)
[OK] (7716) Updated content (403 chars)
[OK] (7716) Updated content (514 chars)
[OK] (7716) Updated content (639 chars)
[OK] (7716) Updated content (212 chars)
[OK] (7716) Updated content (401 chars)
[OK] (3523) Updated content (413 chars)
[OK] (3523) Updated content (365 chars)
[OK] (7716) Updated content (503 chars)
[OK] (3523) Updated content (411 chars)
[OK] (3523) Updated content (416 chars)
[OK] (3523) Updated content (366 chars)
[OK] (3523) Updated content (700 chars)
[OK] (3523) Updated content (739 chars)
[OK] (3523) Updated content (1581 chars)
[OK] (910322) Updated content (286 chars)
[OK] (3523) Updated content (390 chars)
[OK] (1324) Updated content (239 chars)
[OK] (1324) Updated content (344 chars)
[OK] (3523) Updated content (391 chars)
[OK] (5348) Updated content (237 chars)
[OK] (4304) Updated content (228 chars)
[OK] (4304) Updated content (1154 chars)
[OK] (2380) Updated content (339 chars)
[OK] (4304) Updated content (286 chars)
[OK] (4304) Updated content (305 chars)
[OK] (2380) Updated content (234 chars)
[OK] (2380) Updated content (334 chars)
[OK] (2380) Updated content (442 chars)
[OK] (2380) Updated content (480 chars)
[OK] (2380) Updated content (322 chars)
[OK] (2901) Updated content (239 chars)
[OK] (2380) Updated content (367 chars)
[OK] (4304) Updated content (550 chars)
[OK] (2901) Updated content (412 chars)
[OK] (1538) Updated content (595 chars)
[OK] (1538) Updated content (234 chars)
[OK] (1538) Updated content (402 chars)
[OK] (1538) Updated content (504 chars)
[OK] (1538) Updated content (474 chars)
[OK] (1538) Updated content (717 chars)
[OK] (1538) Updated content (557 chars)
[OK] (4304) Updated content (556 chars)
[OK] (2380) Updated content (553 chars)
[OK] (2722) Updated content (468 chars)
[OK] (8409) Updated content (248 chars)
[OK] (2722) Updated content (392 chars)
[OK] (2722) Updated content (807 chars)
[OK] (2722) Updated content (226 chars)
[OK] (1813) Updated content (482 chars)
[OK] (1813) Updated content (686 chars)
[OK] (8409) Updated content (197 chars)
[OK] (1813) Updated content (506 chars)
[OK] (1813) Updated content (1035 chars)
[OK] (1813) Updated content (600 chars)
[OK] (1813) Updated content (400 chars)
[OK] (1813) Updated content (648 chars)
[OK] (1813) Updated content (408 chars)
[OK] (1813) Updated content (412 chars)
[OK] (2939) Updated content (399 chars)
[OK] (1813) Updated content (576 chars)
[OK] (9926) Updated content (226 chars)
[OK] (1813) Updated content (250 chars)
[OK] (2939) Updated content (237 chars)
[OK] (2939) Updated content (475 chars)
[OK] (2939) Updated content (412 chars)
[OK] (2939) Updated content (607 chars)
[OK] (9926) Updated content (369 chars)
[OK] (4406) Updated content (249 chars)
[OK] (4406) Updated content (478 chars)
[OK] (4406) Updated content (200 chars)
[OK] (8488) Updated content (222 chars)
[OK] (3285) Updated content (3481 chars)
[OK] (4406) Updated content (193 chars)
[OK] (8488) Updated content (718 chars)
[OK] (3285) Updated content (365 chars)
[OK] (3285) Updated content (419 chars)
[OK] (3285) Updated content (358 chars)
[OK] (3285) Updated content (843 chars)
[OK] (3285) Updated content (418 chars)
[OK] (3285) Updated content (384 chars)
[OK] (3285) Updated content (345 chars)
[OK] (3285) Updated content (357 chars)
[OK] (3285) Updated content (248 chars)
[OK] (3285) Updated content (349 chars)
[OK] (3285) Updated content (407 chars)
[OK] (3285) Updated content (691 chars)
[OK] (3285) Updated content (666 chars)
[OK] (3285) Updated content (1427 chars)
[OK] (3285) Updated content (361 chars)
[OK] (3285) Updated content (414 chars)
[OK] (5205) Updated content (309 chars)
[OK] (5205) Updated content (533 chars)
[OK] (5205) Updated content (306 chars)
[OK] (3285) Updated content (610 chars)
[OK] (3285) Updated content (641 chars)
[OK] (5205) Updated content (541 chars)
[OK] (5205) Updated content (530 chars)
[OK] (5205) Updated content (534 chars)
[OK] (5205) Updated content (308 chars)
[OK] (5205) Updated content (305 chars)
[OK] (5205) Updated content (304 chars)
[OK] (5205) Updated content (301 chars)
[OK] (5205) Updated content (546 chars)
[OK] (5205) Updated content (310 chars)
[OK] (5205) Updated content (332 chars)
[OK] (5205) Updated content (382 chars)
[OK] (5205) Updated content (304 chars)
[OK] (5205) Updated content (300 chars)
[OK] (4153) Updated content (523 chars)
[OK] (4153) Updated content (403 chars)
[OK] (1475) Updated content (253 chars)
[OK] (4153) Updated content (682 chars)
[OK] (5016) Updated content (337 chars)
[OK] (5016) Updated content (518 chars)
[OK] (4153) Updated content (239 chars)
[OK] (5016) Updated content (500 chars)
[OK] (5016) Updated content (402 chars)
[OK] (5016) Updated content (1296 chars)
[OK] (5016) Updated content (604 chars)
[OK] (4153) Updated content (239 chars)
[OK] (5016) Updated content (596 chars)
[OK] (5016) Updated content (605 chars)
[OK] (5016) Updated content (210 chars)
[OK] (5016) Updated content (534 chars)
[OK] (5016) Updated content (756 chars)
[OK] (4804) Updated content (788 chars)
[OK] (4804) Updated content (763 chars)
[OK] (4804) Updated content (474 chars)
[OK] (4804) Updated content (392 chars)
[OK] (4804) Updated content (580 chars)
[OK] (5016) Updated content (417 chars)
[OK] (3516) Updated content (354 chars)
[OK] (4804) Updated content (385 chars)
[OK] (4804) Updated content (237 chars)
[OK] (3516) Updated content (355 chars)
[OK] (3516) Updated content (412 chars)
[OK] (3516) Updated content (327 chars)
[OK] (3516) Updated content (1504 chars)
[OK] (3516) Updated content (346 chars)
[OK] (3516) Updated content (581 chars)
[OK] (3516) Updated content (416 chars)
[OK] (3516) Updated content (398 chars)
[OK] (3516) Updated content (352 chars)
[OK] (3516) Updated content (505 chars)
[OK] (3516) Updated content (841 chars)
[OK] (3516) Updated content (587 chars)
[OK] (3516) Updated content (585 chars)
[OK] (8917) Updated content (609 chars)
[OK] (7782) Updated content (300 chars)
[OK] (4806) Updated content (591 chars)
[OK] (8917) Updated content (234 chars)
[OK] (7782) Updated content (310 chars)
[OK] (8917) Updated content (393 chars)
[OK] (8917) Updated content (535 chars)
[OK] (4806) Updated content (1887 chars)
[OK] (4806) Updated content (728 chars)
[OK] (4806) Updated content (958 chars)
[OK] (4806) Updated content (419 chars)
[OK] (4806) Updated content (527 chars)
[OK] (4806) Updated content (803 chars)
[OK] (4806) Updated content (479 chars)
[OK] (5514) Updated content (415 chars)
[OK] (4806) Updated content (232 chars)
[OK] (5514) Updated content (905 chars)
[OK] (4806) Updated content (896 chars)
[OK] (4806) Updated content (402 chars)
[OK] (5514) Updated content (364 chars)
[OK] (5514) Updated content (400 chars)
[OK] (4806) Updated content (738 chars)
[OK] (5514) Updated content (419 chars)
[OK] (5514) Updated content (719 chars)
[OK] (5514) Updated content (415 chars)
[OK] (5514) Updated content (412 chars)
[OK] (1468) Updated content (502 chars)
[OK] (1468) Updated content (239 chars)
[OK] (1468) Updated content (653 chars)
[OK] (1468) Updated content (529 chars)
[OK] (1468) Updated content (1518 chars)
[OK] (1468) Updated content (617 chars)
[OK] (5604) Updated content (565 chars)
[OK] (1468) Updated content (677 chars)
[OK] (2235) Updated content (239 chars)
[OK] (5604) Updated content (1358 chars)
[OK] (5604) Updated content (647 chars)
[OK] (5604) Updated content (234 chars)
[OK] (5604) Updated content (613 chars)
[OK] (6904) Updated content (248 chars)
[OK] (2947) Updated content (446 chars)
[OK] (5604) Updated content (503 chars)
[OK] (5604) Updated content (815 chars)
[OK] (5604) Updated content (621 chars)
[OK] (2947) Updated content (471 chars)
[OK] (2947) Updated content (1068 chars)
[OK] (2947) Updated content (617 chars)
[OK] (2947) Updated content (388 chars)
[OK] (2947) Updated content (767 chars)
[OK] (2947) Updated content (950 chars)
[OK] (2947) Updated content (648 chars)
[OK] (2947) Updated content (241 chars)
[OK] (2924) Updated content (311 chars)
[OK] (2947) Updated content (501 chars)
[OK] (2947) Updated content (647 chars)
[OK] (2924) Updated content (310 chars)
[OK] (2924) Updated content (296 chars)
[OK] (2924) Updated content (296 chars)
[OK] (2924) Updated content (295 chars)
[OK] (2924) Updated content (586 chars)
[OK] (2924) Updated content (292 chars)
[OK] (2924) Updated content (283 chars)
[OK] (2924) Updated content (287 chars)
[OK] (2924) Updated content (310 chars)
[OK] (2924) Updated content (310 chars)
[OK] (2924) Updated content (237 chars)
[OK] (2924) Updated content (420 chars)
[OK] (2924) Updated content (311 chars)
[OK] (2924) Updated content (590 chars)
[OK] (2924) Updated content (774 chars)
[OK] (2924) Updated content (569 chars)
[OK] (6730) Updated content (1699 chars)
[OK] (6730) Updated content (548 chars)
[OK] (6730) Updated content (530 chars)
[OK] (2924) Updated content (316 chars)
[OK] (6730) Updated content (1479 chars)
[OK] (6730) Updated content (518 chars)
[OK] (6730) Updated content (548 chars)
[OK] (6730) Updated content (274 chars)
[OK] (2924) Updated content (296 chars)
[OK] (6730) Updated content (772 chars)
[OK] (1906) Updated content (611 chars)
[OK] (1906) Updated content (341 chars)
[OK] (6730) Updated content (1783 chars)
[OK] (1906) Updated content (217 chars)
[OK] (1906) Updated content (393 chars)
[OK] (2924) Updated content (565 chars)
[OK] (1906) Updated content (362 chars)
[OK] (1906) Updated content (382 chars)
[OK] (1906) Updated content (378 chars)
[OK] (1906) Updated content (397 chars)
[OK] (4972) Updated content (622 chars)
[OK] (6730) Updated content (649 chars)
[OK] (1906) Updated content (694 chars)
[OK] (4972) Updated content (626 chars)
[OK] (4972) Updated content (627 chars)
[OK] (4972) Updated content (526 chars)
[OK] (4972) Updated content (1501 chars)
[OK] (4972) Updated content (496 chars)
[OK] (4972) Updated content (336 chars)
[OK] (4972) Updated content (880 chars)
[OK] (4972) Updated content (417 chars)
[OK] (1213) Updated content (394 chars)
[OK] (1213) Updated content (399 chars)
[OK] (1213) Updated content (394 chars)
[OK] (4972) Updated content (221 chars)
[OK] (1213) Updated content (393 chars)
[OK] (1213) Updated content (239 chars)
[OK] (1213) Updated content (375 chars)
[OK] (6236) Updated content (301 chars)
[OK] (1213) Updated content (392 chars)
[OK] (6236) Updated content (381 chars)
[OK] (6236) Updated content (234 chars)
[OK] (4432) Updated content (1765 chars)
[OK] (1213) Updated content (668 chars)
[OK] (4432) Updated content (551 chars)
[OK] (4432) Updated content (519 chars)
[OK] (4432) Updated content (655 chars)
[OK] (4432) Updated content (561 chars)
[OK] (6856) Updated content (427 chars)
[OK] (4432) Updated content (232 chars)
[OK] (6856) Updated content (445 chars)
[OK] (6856) Updated content (222 chars)
[OK] (4432) Updated content (562 chars)
[OK] (4432) Updated content (824 chars)
[OK] (6856) Updated content (543 chars)
[OK] (911622) Updated content (309 chars)
[OK] (6856) Updated content (529 chars)
[OK] (911622) Updated content (620 chars)
[OK] (911622) Updated content (320 chars)
[OK] (6264) Updated content (398 chars)
[OK] (6264) Updated content (384 chars)
[OK] (911622) Updated content (339 chars)
[OK] (911622) Updated content (417 chars)
[OK] (6264) Updated content (344 chars)
[OK] (6264) Updated content (401 chars)
[OK] (911622) Updated content (612 chars)
[OK] (6264) Updated content (280 chars)
[OK] (6264) Updated content (352 chars)
[OK] (3672) Updated content (402 chars)
[OK] (3672) Updated content (402 chars)
[OK] (6264) Updated content (887 chars)
[OK] (3672) Updated content (419 chars)
[OK] (3672) Updated content (233 chars)
[OK] (3672) Updated content (423 chars)
[OK] (3672) Updated content (399 chars)
[OK] (3672) Updated content (730 chars)
[OK] (3672) Updated content (400 chars)
[OK] (3672) Updated content (413 chars)
[OK] (3672) Updated content (369 chars)
[OK] (3672) Updated content (385 chars)
[OK] (3672) Updated content (413 chars)
[OK] (3672) Updated content (421 chars)
[OK] (3672) Updated content (375 chars)
[OK] (1626) Updated content (1227 chars)
[OK] (1626) Updated content (863 chars)
[OK] (1626) Updated content (214 chars)
[OK] (1626) Updated content (394 chars)
[OK] (6899) Updated content (681 chars)
[OK] (1626) Updated content (455 chars)
[OK] (6899) Updated content (416 chars)
[OK] (6899) Updated content (414 chars)
[OK] (6899) Updated content (416 chars)
[OK] (6899) Updated content (428 chars)
[OK] (6899) Updated content (249 chars)
[OK] (6899) Updated content (383 chars)
[OK] (8443) Updated content (752 chars)
[OK] (8443) Updated content (577 chars)
[OK] (6899) Updated content (626 chars)
[OK] (6899) Updated content (536 chars)
[OK] (8443) Updated content (492 chars)
[OK] (8443) Updated content (364 chars)
[OK] (8443) Updated content (231 chars)
[OK] (9110) Updated content (298 chars)
[OK] (9110) Updated content (301 chars)
[OK] (6899) Updated content (422 chars)
[OK] (9110) Updated content (358 chars)
[OK] (9110) Updated content (311 chars)
[OK] (9110) Updated content (297 chars)
[OK] (9110) Updated content (640 chars)
[OK] (9110) Updated content (309 chars)
[OK] (9110) Updated content (310 chars)
[OK] (9110) Updated content (313 chars)
[OK] (9110) Updated content (309 chars)
[OK] (2073) Updated content (413 chars)
[OK] (2073) Updated content (412 chars)
[OK] (2073) Updated content (411 chars)
[OK] (2073) Updated content (248 chars)
[OK] (2073) Updated content (411 chars)
[OK] (2073) Updated content (687 chars)
[OK] (2073) Updated content (396 chars)
[OK] (5520) Updated content (211 chars)
[OK] (5520) Updated content (361 chars)
[OK] (2073) Updated content (860 chars)
[OK] (2073) Updated content (394 chars)
[OK] (3232) Updated content (326 chars)
[OK] (3232) Updated content (401 chars)
[OK] (3232) Updated content (666 chars)
[OK] (3232) Updated content (697 chars)
[OK] (3232) Updated content (399 chars)
[OK] (3232) Updated content (350 chars)
[OK] (3232) Updated content (657 chars)
[OK] (1465) Updated content (541 chars)
[OK] (3232) Updated content (239 chars)
[OK] (1465) Updated content (438 chars)
[OK] (1465) Updated content (526 chars)
[OK] (1465) Updated content (525 chars)
[OK] (1465) Updated content (1243 chars)
[OK] (1465) Updated content (217 chars)
[OK] (1465) Updated content (631 chars)
[OK] (1470) Updated content (241 chars)
[OK] (3531) Updated content (399 chars)
[OK] (2434) Updated content (452 chars)
[OK] (3531) Updated content (498 chars)
[OK] (3531) Updated content (664 chars)
[OK] (3531) Updated content (234 chars)
[OK] (2434) Updated content (420 chars)
[OK] (3531) Updated content (858 chars)
[OK] (2434) Updated content (451 chars)
[OK] (2434) Updated content (1119 chars)
[OK] (2434) Updated content (466 chars)
[OK] (2434) Updated content (430 chars)
[OK] (2434) Updated content (445 chars)
[OK] (2434) Updated content (448 chars)
[OK] (2434) Updated content (472 chars)
[OK] (2434) Updated content (466 chars)
[OK] (2434) Updated content (463 chars)
[OK] (2434) Updated content (780 chars)
[OK] (2434) Updated content (278 chars)
[OK] (2434) Updated content (458 chars)
[OK] (2434) Updated content (430 chars)
[OK] (2434) Updated content (466 chars)
[OK] (2434) Updated content (426 chars)
[OK] (4905) Updated content (248 chars)
[OK] (2434) Updated content (439 chars)
[OK] (4905) Updated content (687 chars)
[OK] (4905) Updated content (275 chars)
[OK] (2434) Updated content (440 chars)
[OK] (4905) Updated content (405 chars)
[OK] (2434) Updated content (447 chars)
[OK] (4905) Updated content (693 chars)
[OK] (4905) Updated content (262 chars)
[OK] (2434) Updated content (423 chars)
[OK] (4905) Updated content (385 chars)
[OK] (4905) Updated content (218 chars)
[OK] (4905) Updated content (498 chars)
[OK] (4905) Updated content (721 chars)
[OK] (4905) Updated content (383 chars)
[OK] (4905) Updated content (521 chars)
[OK] (4905) Updated content (673 chars)
[OK] (4905) Updated content (559 chars)
[OK] (4905) Updated content (652 chars)
[OK] (6240) Updated content (414 chars)
[OK] (4905) Updated content (665 chars)
[OK] (4905) Updated content (572 chars)
[OK] (6240) Updated content (176 chars)
[OK] (4905) Updated content (1398 chars)
[OK] (4905) Updated content (749 chars)
[OK] (6240) Updated content (404 chars)
[OK] (6240) Updated content (199 chars)
[OK] (4305) Updated content (240 chars)
[OK] (1454) Updated content (355 chars)
[OK] (1454) Updated content (288 chars)
[OK] (6240) Updated content (378 chars)
[OK] (6240) Updated content (326 chars)
[OK] (1454) Updated content (340 chars)
[OK] (4305) Updated content (388 chars)
[OK] (1454) Updated content (468 chars)
[OK] (6240) Updated content (383 chars)
[OK] (1781) Updated content (355 chars)
[OK] (4305) Updated content (489 chars)
[OK] (1781) Updated content (354 chars)
[OK] (1781) Updated content (491 chars)
[OK] (1781) Updated content (596 chars)
[OK] (2948) Updated content (1373 chars)
[OK] (2948) Updated content (538 chars)
[OK] (1781) Updated content (247 chars)
[OK] (2948) Updated content (649 chars)
[OK] (2948) Updated content (310 chars)
[OK] (2948) Updated content (511 chars)
[OK] (2948) Updated content (669 chars)
[OK] (6581) Updated content (1551 chars)
[OK] (6581) Updated content (836 chars)
[OK] (2948) Updated content (1464 chars)
[OK] (6581) Updated content (399 chars)
[OK] (2948) Updated content (777 chars)
[OK] (6581) Updated content (219 chars)
[OK] (2904) Updated content (219 chars)
[OK] (6210) Updated content (403 chars)
[OK] (2904) Updated content (467 chars)
[OK] (2904) Updated content (367 chars)
[OK] (6210) Updated content (524 chars)
[OK] (6210) Updated content (598 chars)
[OK] (6210) Updated content (616 chars)
[OK] (6210) Updated content (418 chars)
[OK] (6210) Updated content (219 chars)
[OK] (6210) Updated content (603 chars)
[OK] (6210) Updated content (576 chars)
[OK] (2719) Updated content (629 chars)
[OK] (6210) Updated content (395 chars)
[OK] (2719) Updated content (358 chars)
[OK] (4430) Updated content (265 chars)
[OK] (2719) Updated content (240 chars)
[OK] (2719) Updated content (621 chars)
[OK] (2719) Updated content (389 chars)
[OK] (6997) Updated content (633 chars)
[OK] (6997) Updated content (625 chars)
[OK] (6997) Updated content (626 chars)
[OK] (6997) Updated content (522 chars)
[OK] (6997) Updated content (703 chars)
[OK] (6997) Updated content (504 chars)
[OK] (6997) Updated content (219 chars)
[OK] (911868) Updated content (400 chars)
[OK] (6997) Updated content (1306 chars)
[OK] (6997) Updated content (569 chars)
[OK] (6210) Updated content (1220 chars)
[OK] (6997) Updated content (639 chars)
[OK] (6997) Updated content (1477 chars)
[OK] (911608) Updated content (315 chars)
[OK] (911868) Updated content (354 chars)
[OK] (911868) Updated content (343 chars)
[OK] (911868) Updated content (345 chars)
[OK] (911608) Updated content (416 chars)
[OK] (911608) Updated content (317 chars)
[OK] (911608) Updated content (318 chars)
[OK] (911608) Updated content (321 chars)
[OK] (911608) Updated content (316 chars)
[OK] (911608) Updated content (394 chars)
[OK] (911608) Updated content (292 chars)
[OK] (911608) Updated content (392 chars)
[OK] (911608) Updated content (580 chars)
[OK] (911608) Updated content (292 chars)
[OK] (5703) Updated content (236 chars)
[OK] (911608) Updated content (291 chars)
[OK] (911608) Updated content (585 chars)
[OK] (1233) Updated content (183 chars)
[OK] (1233) Updated content (234 chars)
[OK] (911608) Updated content (309 chars)
[OK] (911608) Updated content (404 chars)
[OK] (1233) Updated content (592 chars)
[OK] (8455) Updated content (388 chars)
[OK] (1233) Updated content (375 chars)
[OK] (8455) Updated content (374 chars)
[OK] (8455) Updated content (419 chars)
[OK] (8455) Updated content (325 chars)
[OK] (8455) Updated content (415 chars)
[OK] (8455) Updated content (237 chars)
[OK] (2248) Updated content (419 chars)
[OK] (8455) Updated content (401 chars)
[OK] (8455) Updated content (422 chars)
[OK] (8093) Updated content (471 chars)
[OK] (8093) Updated content (439 chars)
[OK] (2248) Updated content (212 chars)
[OK] (8093) Updated content (219 chars)
[OK] (8093) Updated content (646 chars)
[OK] (8093) Updated content (679 chars)
[OK] (8093) Updated content (414 chars)
[OK] (2248) Updated content (477 chars)
[OK] (2248) Updated content (574 chars)
[OK] (2248) Updated content (660 chars)
[OK] (2248) Updated content (560 chars)
[OK] (2248) Updated content (519 chars)
[OK] (2248) Updated content (1448 chars)
[OK] (2911) Updated content (374 chars)
[OK] (2248) Updated content (837 chars)
[OK] (2911) Updated content (400 chars)
[OK] (2911) Updated content (370 chars)
[OK] (2911) Updated content (395 chars)
[OK] (2911) Updated content (420 chars)
[OK] (2911) Updated content (671 chars)
[OK] (2911) Updated content (398 chars)
[OK] (2911) Updated content (388 chars)
[OK] (2911) Updated content (392 chars)
[OK] (2911) Updated content (742 chars)
[OK] (2911) Updated content (386 chars)
[OK] (2911) Updated content (545 chars)
[OK] (2911) Updated content (364 chars)
[OK] (2911) Updated content (401 chars)
[OK] (2911) Updated content (392 chars)
[OK] (2911) Updated content (1439 chars)
[OK] (2911) Updated content (1536 chars)
[OK] (4609) Updated content (376 chars)
[OK] (2911) Updated content (708 chars)
[OK] (2911) Updated content (498 chars)
[OK] (2911) Updated content (749 chars)
[OK] (2911) Updated content (416 chars)
[OK] (4609) Updated content (246 chars)
[OK] (2911) Updated content (255 chars)
[OK] (2911) Updated content (378 chars)
[OK] (2911) Updated content (694 chars)
[OK] (3115) Updated content (384 chars)
[OK] (3115) Updated content (411 chars)
[OK] (2911) Updated content (417 chars)
[OK] (3115) Updated content (884 chars)
[OK] (3115) Updated content (398 chars)
[OK] (3115) Updated content (401 chars)
[OK] (3115) Updated content (235 chars)
[OK] (3115) Updated content (404 chars)
[OK] (3115) Updated content (402 chars)
[OK] (3115) Updated content (408 chars)
[OK] (3115) Updated content (387 chars)
[OK] (8941) Updated content (226 chars)
[OK] (8941) Updated content (511 chars)
[OK] (8941) Updated content (566 chars)
[OK] (8941) Updated content (1788 chars)
[OK] (8941) Updated content (408 chars)
[OK] (8941) Updated content (490 chars)
[OK] (8941) Updated content (543 chars)
[OK] (8941) Updated content (525 chars)
[OK] (6807) Updated content (428 chars)
[OK] (8941) Updated content (559 chars)
[OK] (8941) Updated content (497 chars)
[OK] (8941) Updated content (554 chars)
[OK] (6807) Updated content (1131 chars)
[OK] (6807) Updated content (242 chars)
[OK] (6807) Updated content (480 chars)
[OK] (6807) Updated content (1027 chars)
[OK] (6103) Updated content (210 chars)
[OK] (6807) Updated content (655 chars)
[OK] (2751) Updated content (353 chars)
[OK] (2751) Updated content (427 chars)
[OK] (6212) Updated content (377 chars)
[OK] (6807) Updated content (650 chars)
[OK] (6212) Updated content (240 chars)
[OK] (2751) Updated content (429 chars)
[OK] (2751) Updated content (776 chars)
[OK] (4584) Updated content (375 chars)
[OK] (2751) Updated content (846 chars)
[OK] (4584) Updated content (1591 chars)
[OK] (4584) Updated content (598 chars)
[OK] (4584) Updated content (509 chars)
[OK] (4584) Updated content (716 chars)
[OK] (4584) Updated content (620 chars)
[OK] (4584) Updated content (498 chars)
[OK] (8066) Updated content (227 chars)
[OK] (8066) Updated content (411 chars)
[OK] (4584) Updated content (393 chars)
[OK] (8066) Updated content (617 chars)
[OK] (4584) Updated content (374 chars)
[OK] (8066) Updated content (1686 chars)
[OK] (8066) Updated content (597 chars)
[OK] (8066) Updated content (349 chars)
[OK] (8066) Updated content (452 chars)
[OK] (8066) Updated content (234 chars)
[OK] (8066) Updated content (691 chars)
[OK] (6228) Updated content (806 chars)
[OK] (8066) Updated content (308 chars)
[OK] (6228) Updated content (390 chars)
[OK] (6228) Updated content (592 chars)
[OK] (6228) Updated content (1520 chars)
[OK] (6228) Updated content (442 chars)
[OK] (6228) Updated content (810 chars)
[OK] (6228) Updated content (819 chars)
[OK] (6228) Updated content (558 chars)
[OK] (6228) Updated content (1115 chars)
[OK] (6228) Updated content (246 chars)
[OK] (6228) Updated content (534 chars)
[OK] (6228) Updated content (621 chars)
[OK] (6144) Updated content (218 chars)
[OK] (6144) Updated content (402 chars)
[OK] (6144) Updated content (360 chars)
[OK] (6144) Updated content (419 chars)
[OK] (2035) Updated content (517 chars)
[OK] (5345) Updated content (418 chars)
[OK] (2035) Updated content (219 chars)
[OK] (5345) Updated content (344 chars)
[OK] (5345) Updated content (339 chars)
[OK] (5345) Updated content (432 chars)
[OK] (5345) Updated content (417 chars)
[OK] (5345) Updated content (705 chars)
[OK] (5345) Updated content (709 chars)
[OK] (5345) Updated content (868 chars)
[OK] (5345) Updated content (720 chars)
[OK] (5345) Updated content (603 chars)
[OK] (5345) Updated content (494 chars)
[OK] (5345) Updated content (254 chars)
[OK] (5345) Updated content (456 chars)
[OK] (5345) Updated content (358 chars)
[OK] (5345) Updated content (1532 chars)
[OK] (5345) Updated content (419 chars)
[OK] (5345) Updated content (360 chars)
[OK] (5345) Updated content (418 chars)
[OK] (5345) Updated content (354 chars)
[OK] (5345) Updated content (347 chars)
[OK] (5345) Updated content (395 chars)
[OK] (5345) Updated content (358 chars)
[OK] (1259) Updated content (816 chars)
[OK] (5345) Updated content (1762 chars)
[OK] (1259) Updated content (217 chars)
[OK] (6225) Updated content (395 chars)
[OK] (6225) Updated content (393 chars)
[OK] (6225) Updated content (239 chars)
[OK] (6225) Updated content (391 chars)
[OK] (6225) Updated content (680 chars)
[OK] (6225) Updated content (391 chars)
[OK] (6225) Updated content (1049 chars)
[OK] (4154) Updated content (404 chars)
[OK] (4154) Updated content (449 chars)
[OK] (4154) Updated content (408 chars)
[OK] (5276) Updated content (701 chars)
[OK] (5276) Updated content (246 chars)
[OK] (5276) Updated content (429 chars)
[OK] (5276) Updated content (430 chars)
[OK] (4154) Updated content (193 chars)
[OK] (4154) Updated content (401 chars)
[OK] (4154) Updated content (238 chars)
[OK] (5276) Updated content (292 chars)
[OK] (5276) Updated content (804 chars)
[OK] (5276) Updated content (306 chars)
[OK] (5276) Updated content (424 chars)
[OK] (5276) Updated content (413 chars)
[OK] (5276) Updated content (835 chars)
[OK] (5276) Updated content (401 chars)
[OK] (6556) Updated content (656 chars)
[OK] (6556) Updated content (387 chars)
[OK] (6556) Updated content (345 chars)
[OK] (6556) Updated content (510 chars)
[OK] (9944) Updated content (407 chars)
[OK] (6556) Updated content (742 chars)
[OK] (9944) Updated content (630 chars)
[OK] (9944) Updated content (767 chars)
[OK] (9944) Updated content (219 chars)
[OK] (9944) Updated content (542 chars)
[OK] (9944) Updated content (419 chars)
[OK] (9944) Updated content (422 chars)
[OK] (9944) Updated content (436 chars)
[OK] (8424) Updated content (428 chars)
[OK] (8424) Updated content (299 chars)
[OK] (8424) Updated content (209 chars)
[OK] (8424) Updated content (598 chars)
[OK] (9944) Updated content (451 chars)
[OK] (3064) Updated content (383 chars)
[OK] (3064) Updated content (385 chars)
[OK] (3064) Updated content (678 chars)
[OK] (3064) Updated content (676 chars)
[OK] (3064) Updated content (390 chars)
[OK] (3064) Updated content (333 chars)
[OK] (3064) Updated content (702 chars)
[OK] (3064) Updated content (951 chars)
[OK] (3064) Updated content (418 chars)
[OK] (3064) Updated content (959 chars)
[OK] (4807) Updated content (400 chars)
[OK] (4807) Updated content (476 chars)
[OK] (4807) Updated content (2922 chars)
[OK] (4807) Updated content (325 chars)
[OK] (4807) Updated content (389 chars)
[OK] (4807) Updated content (879 chars)
[OK] (4807) Updated content (409 chars)
[OK] (4807) Updated content (2908 chars)
[OK] (4807) Updated content (470 chars)
[OK] (4807) Updated content (740 chars)
[OK] (4807) Updated content (771 chars)
[OK] (4807) Updated content (391 chars)
[OK] (4807) Updated content (645 chars)
[OK] (4807) Updated content (1402 chars)
[OK] (4807) Updated content (781 chars)
[OK] (4807) Updated content (331 chars)
[OK] (4807) Updated content (389 chars)
[OK] (4807) Updated content (349 chars)
[OK] (4807) Updated content (352 chars)
[OK] (4807) Updated content (345 chars)
[OK] (4807) Updated content (382 chars)
[OK] (4807) Updated content (406 chars)
[OK] (4807) Updated content (700 chars)
[OK] (4807) Updated content (340 chars)
[OK] (4807) Updated content (394 chars)
[OK] (4807) Updated content (352 chars)
[OK] (4807) Updated content (716 chars)
[OK] (4807) Updated content (329 chars)
[OK] (4807) Updated content (1245 chars)
[OK] (4807) Updated content (348 chars)
[OK] (4807) Updated content (341 chars)
[OK] (4807) Updated content (351 chars)
[OK] (4807) Updated content (406 chars)
[OK] (4807) Updated content (222 chars)
[OK] (4807) Updated content (364 chars)
[OK] (4807) Updated content (362 chars)
[OK] (4807) Updated content (672 chars)
[OK] (4807) Updated content (652 chars)
[OK] (4807) Updated content (350 chars)
[OK] (4807) Updated content (339 chars)
[OK] (4807) Updated content (348 chars)
[OK] (4807) Updated content (349 chars)
[OK] (4807) Updated content (348 chars)
[OK] (4807) Updated content (343 chars)
[OK] (4807) Updated content (343 chars)
[OK] (6844) Updated content (1042 chars)
[OK] (6844) Updated content (417 chars)
[OK] (6844) Updated content (288 chars)
[OK] (6844) Updated content (461 chars)
[OK] (6844) Updated content (527 chars)
[OK] (6844) Updated content (311 chars)
[OK] (8921) Updated content (482 chars)
[OK] (8921) Updated content (569 chars)
[OK] (8921) Updated content (1247 chars)
[OK] (8921) Updated content (318 chars)
[OK] (8921) Updated content (547 chars)
[OK] (8921) Updated content (508 chars)
[OK] (8921) Updated content (392 chars)
[OK] (8921) Updated content (550 chars)
[OK] (8921) Updated content (677 chars)
[OK] (5455) Updated content (413 chars)
[OK] (5455) Updated content (401 chars)
[OK] (5455) Updated content (234 chars)
[OK] (5455) Updated content (1334 chars)
[OK] (5455) Updated content (395 chars)
[OK] (5455) Updated content (466 chars)
[OK] (5455) Updated content (524 chars)
[OK] (4529) Updated content (430 chars)
[OK] (5455) Updated content (569 chars)
[OK] (5455) Updated content (650 chars)
[OK] (4529) Updated content (734 chars)
[OK] (5455) Updated content (571 chars)
[OK] (4529) Updated content (438 chars)
[OK] (4529) Updated content (403 chars)
[OK] (4529) Updated content (403 chars)
[OK] (4529) Updated content (414 chars)
[OK] (4529) Updated content (411 chars)
[OK] (4529) Updated content (697 chars)
[OK] (4529) Updated content (841 chars)
[OK] (4529) Updated content (851 chars)
[OK] (4529) Updated content (708 chars)
[OK] (4529) Updated content (1582 chars)
[OK] (4529) Updated content (1839 chars)
[OK] (4529) Updated content (809 chars)
[OK] (4529) Updated content (264 chars)
[OK] (4529) Updated content (2509 chars)
[OK] (4529) Updated content (408 chars)
[OK] (4529) Updated content (2512 chars)
[OK] (4529) Updated content (870 chars)
[OK] (4529) Updated content (420 chars)
[OK] (3465) Updated content (451 chars)
[OK] (4529) Updated content (511 chars)
[OK] (3465) Updated content (446 chars)
[OK] (3465) Updated content (432 chars)
[OK] (3465) Updated content (398 chars)
[OK] (3465) Updated content (862 chars)
[OK] (3465) Updated content (428 chars)
[OK] (3465) Updated content (894 chars)
[OK] (3465) Updated content (287 chars)
[OK] (3465) Updated content (451 chars)
[OK] (3465) Updated content (426 chars)
[OK] (3465) Updated content (792 chars)
[OK] (3465) Updated content (445 chars)
[OK] (3465) Updated content (476 chars)
[OK] (3465) Updated content (433 chars)
[OK] (3465) Updated content (449 chars)
[OK] (3465) Updated content (449 chars)
[OK] (4767) Updated content (241 chars)
[OK] (3465) Updated content (436 chars)
[OK] (3465) Updated content (435 chars)
[OK] (4767) Updated content (554 chars)
[OK] (4767) Updated content (1157 chars)
[OK] (4767) Updated content (644 chars)
[OK] (4767) Updated content (500 chars)
[OK] (4767) Updated content (545 chars)
[OK] (4767) Updated content (543 chars)
[OK] (4413) Updated content (403 chars)
[OK] (4413) Updated content (402 chars)
[OK] (4413) Updated content (403 chars)
[OK] (4413) Updated content (236 chars)
[OK] (4413) Updated content (528 chars)
[OK] (4413) Updated content (403 chars)
[OK] (4569) Updated content (214 chars)
[OK] (4569) Updated content (721 chars)
[OK] (4569) Updated content (578 chars)
[OK] (4569) Updated content (936 chars)
[OK] (4569) Updated content (593 chars)
[OK] (4569) Updated content (537 chars)
[OK] (1742) Updated content (614 chars)
[OK] (4569) Updated content (835 chars)
[OK] (1742) Updated content (603 chars)
[OK] (1742) Updated content (742 chars)
[OK] (1742) Updated content (686 chars)
[OK] (1742) Updated content (676 chars)
[OK] (1742) Updated content (1886 chars)
[OK] (1742) Updated content (535 chars)
[OK] (1742) Updated content (239 chars)
[OK] (5450) Updated content (433 chars)
[OK] (5450) Updated content (395 chars)
[OK] (1742) Updated content (535 chars)
[OK] (4569) Updated content (708 chars)
[OK] (4569) Updated content (1748 chars)
[OK] (5450) Updated content (257 chars)
[OK] (5450) Updated content (748 chars)
[OK] (4155) Updated content (728 chars)
[OK] (4155) Updated content (331 chars)
[OK] (5450) Updated content (707 chars)
[OK] (5450) Updated content (369 chars)
[OK] (6508) Updated content (200 chars)
[OK] (4155) Updated content (999 chars)
[OK] (4155) Updated content (239 chars)
[OK] (4155) Updated content (397 chars)
[OK] (5450) Updated content (699 chars)
[OK] (4155) Updated content (478 chars)
[OK] (4155) Updated content (365 chars)
[OK] (6508) Updated content (196 chars)
[OK] (4442) Updated content (403 chars)
[OK] (6508) Updated content (176 chars)
[OK] (4155) Updated content (400 chars)
[OK] (4442) Updated content (867 chars)
[OK] (4442) Updated content (417 chars)
[OK] (6508) Updated content (234 chars)
[OK] (4442) Updated content (418 chars)
[OK] (4442) Updated content (716 chars)
[OK] (4442) Updated content (402 chars)
[OK] (4442) Updated content (710 chars)
[OK] (4442) Updated content (235 chars)
[OK] (4442) Updated content (612 chars)
[OK] (4442) Updated content (688 chars)
[OK] (5223) Updated content (407 chars)
[OK] (4442) Updated content (451 chars)
[OK] (4442) Updated content (322 chars)
[OK] (5223) Updated content (393 chars)
[OK] (5223) Updated content (390 chars)
[OK] (5223) Updated content (260 chars)
[OK] (5223) Updated content (367 chars)
[OK] (5223) Updated content (428 chars)
[OK] (5223) Updated content (268 chars)
[OK] (5223) Updated content (236 chars)
[OK] (1445) Updated content (437 chars)
[OK] (5223) Updated content (859 chars)
[OK] (1445) Updated content (575 chars)
[OK] (1445) Updated content (1659 chars)
[OK] (1445) Updated content (795 chars)
[OK] (1445) Updated content (506 chars)
[OK] (1445) Updated content (239 chars)
[OK] (1445) Updated content (505 chars)
[OK] (1445) Updated content (567 chars)
[OK] (4554) Updated content (499 chars)
[OK] (1445) Updated content (495 chars)
[OK] (1445) Updated content (596 chars)
[OK] (1445) Updated content (598 chars)
[OK] (6971) Updated content (407 chars)
[OK] (6971) Updated content (644 chars)
[OK] (6971) Updated content (522 chars)
[OK] (6971) Updated content (1467 chars)
[OK] (6971) Updated content (722 chars)
[OK] (6971) Updated content (396 chars)
[OK] (6971) Updated content (617 chars)
[OK] (3541) Updated content (473 chars)
[OK] (6971) Updated content (602 chars)
[OK] (6971) Updated content (417 chars)
[OK] (6971) Updated content (236 chars)
[OK] (6971) Updated content (313 chars)
[OK] (3541) Updated content (491 chars)
[OK] (3541) Updated content (466 chars)
[OK] (4554) Updated content (334 chars)
[OK] (3541) Updated content (501 chars)
[OK] (3541) Updated content (1203 chars)
[OK] (3541) Updated content (567 chars)
[OK] (3541) Updated content (495 chars)
[OK] (3541) Updated content (479 chars)
[OK] (3541) Updated content (209 chars)
[OK] (3541) Updated content (588 chars)
[OK] (3541) Updated content (503 chars)
[OK] (3541) Updated content (531 chars)
[OK] (2596) Updated content (449 chars)
[OK] (5007) Updated content (390 chars)
[OK] (3541) Updated content (505 chars)
[OK] (2596) Updated content (385 chars)
[OK] (5007) Updated content (234 chars)
[OK] (2596) Updated content (239 chars)
[OK] (2596) Updated content (397 chars)
[OK] (2908) Updated content (473 chars)
[OK] (2908) Updated content (239 chars)
[OK] (4550) Updated content (397 chars)
[OK] (2908) Updated content (508 chars)
[OK] (2908) Updated content (464 chars)
[OK] (4550) Updated content (219 chars)
[OK] (2908) Updated content (422 chars)
[OK] (4550) Updated content (547 chars)
[OK] (7767) Updated content (441 chars)
[OK] (4550) Updated content (303 chars)
[OK] (2908) Updated content (309 chars)
[OK] (2752) Updated content (489 chars)
[OK] (2752) Updated content (240 chars)
[OK] (4550) Updated content (435 chars)
[OK] (2752) Updated content (505 chars)
[OK] (2752) Updated content (812 chars)
[OK] (2752) Updated content (1298 chars)
[OK] (2752) Updated content (594 chars)
[OK] (6655) Updated content (244 chars)
[OK] (2752) Updated content (576 chars)
[OK] (5464) Updated content (1171 chars)
[OK] (5464) Updated content (432 chars)
[OK] (5464) Updated content (422 chars)
[OK] (5464) Updated content (729 chars)
[OK] (5464) Updated content (432 chars)
[OK] (5464) Updated content (435 chars)
[OK] (5464) Updated content (440 chars)
[OK] (5464) Updated content (758 chars)
[OK] (5464) Updated content (346 chars)
[OK] (5464) Updated content (410 chars)
[OK] (5464) Updated content (421 chars)
[OK] (5464) Updated content (830 chars)
[OK] (5464) Updated content (443 chars)
[OK] (5464) Updated content (419 chars)
[OK] (5464) Updated content (436 chars)
[OK] (5464) Updated content (839 chars)
[OK] (5464) Updated content (416 chars)
[OK] (5464) Updated content (424 chars)
[OK] (5464) Updated content (419 chars)
[OK] (5464) Updated content (754 chars)
[OK] (5464) Updated content (431 chars)
[OK] (5464) Updated content (753 chars)
[OK] (5464) Updated content (267 chars)
[OK] (5464) Updated content (436 chars)
[OK] (5464) Updated content (1103 chars)
[OK] (5464) Updated content (241 chars)
[OK] (5464) Updated content (1210 chars)
[OK] (5464) Updated content (418 chars)
[OK] (5464) Updated content (438 chars)
[OK] (5464) Updated content (431 chars)
[OK] (5464) Updated content (1447 chars)
[OK] (5464) Updated content (640 chars)
[OK] (5464) Updated content (512 chars)
[OK] (5464) Updated content (905 chars)
[OK] (5464) Updated content (1036 chars)
[OK] (5464) Updated content (696 chars)
[OK] (5464) Updated content (435 chars)
[OK] (5464) Updated content (433 chars)
[OK] (5464) Updated content (414 chars)
[OK] (5464) Updated content (678 chars)
[OK] (5464) Updated content (452 chars)
[OK] (5464) Updated content (1231 chars)
[OK] (3520) Updated content (497 chars)
[OK] (3520) Updated content (1130 chars)
[OK] (3520) Updated content (1137 chars)
[OK] (3520) Updated content (632 chars)
[OK] (3520) Updated content (1030 chars)
[OK] (3520) Updated content (637 chars)
[OK] (3520) Updated content (511 chars)
[OK] (3520) Updated content (462 chars)
[OK] (3520) Updated content (394 chars)
[OK] (3520) Updated content (386 chars)
[OK] (3520) Updated content (386 chars)
[OK] (3520) Updated content (391 chars)
[OK] (3520) Updated content (392 chars)
[OK] (3520) Updated content (2941 chars)
[OK] (3520) Updated content (394 chars)
[OK] (3520) Updated content (222 chars)
[OK] (3520) Updated content (511 chars)
[OK] (3520) Updated content (670 chars)
[OK] (6516) Updated content (1264 chars)
[OK] (3520) Updated content (392 chars)
[OK] (3520) Updated content (523 chars)
[OK] (6516) Updated content (228 chars)
[OK] (3520) Updated content (463 chars)
[OK] (6516) Updated content (853 chars)
[OK] (6516) Updated content (305 chars)
[OK] (6968) Updated content (1413 chars)
[OK] (3520) Updated content (510 chars)
[OK] (6968) Updated content (539 chars)
[OK] (6968) Updated content (566 chars)
[OK] (6968) Updated content (927 chars)
[OK] (6968) Updated content (570 chars)
[OK] (6968) Updated content (455 chars)
[OK] (6968) Updated content (212 chars)
[OK] (6569) Updated content (415 chars)
[OK] (6569) Updated content (580 chars)
[OK] (6569) Updated content (350 chars)
[OK] (6569) Updated content (399 chars)
[OK] (6569) Updated content (234 chars)
[OK] (6569) Updated content (329 chars)
[OK] (6569) Updated content (365 chars)
[OK] (6569) Updated content (1330 chars)
[OK] (6569) Updated content (403 chars)
[OK] (5489) Updated content (540 chars)
[OK] (6569) Updated content (1297 chars)
[OK] (5489) Updated content (759 chars)
[OK] (5489) Updated content (243 chars)
[OK] (5489) Updated content (775 chars)
[OK] (5489) Updated content (410 chars)
[OK] (6902) Updated content (626 chars)
[OK] (6902) Updated content (1386 chars)
[OK] (6902) Updated content (595 chars)
[OK] (6902) Updated content (337 chars)
[OK] (6902) Updated content (558 chars)
[OK] (6902) Updated content (518 chars)
[OK] (5489) Updated content (683 chars)
[OK] (6902) Updated content (642 chars)
[OK] (6902) Updated content (667 chars)
[OK] (6902) Updated content (848 chars)
[OK] (8272) Updated content (599 chars)
[OK] (6902) Updated content (542 chars)
[OK] (6902) Updated content (335 chars)
[OK] (6902) Updated content (246 chars)
[OK] (8272) Updated content (800 chars)
[OK] (8272) Updated content (511 chars)
[OK] (8272) Updated content (804 chars)
[OK] (8272) Updated content (766 chars)
[OK] (8272) Updated content (1943 chars)
[OK] (8272) Updated content (229 chars)
[OK] (8272) Updated content (785 chars)
[OK] (8272) Updated content (680 chars)
[OK] (8272) Updated content (502 chars)
[OK] (4741) Updated content (543 chars)
[OK] (4741) Updated content (401 chars)
[OK] (4741) Updated content (730 chars)
[OK] (4741) Updated content (399 chars)
[OK] (4741) Updated content (413 chars)
[OK] (4741) Updated content (721 chars)
[OK] (4741) Updated content (4871 chars)
[OK] (4741) Updated content (392 chars)
[OK] (4741) Updated content (401 chars)
[OK] (4741) Updated content (731 chars)
[OK] (4741) Updated content (393 chars)
[OK] (4741) Updated content (711 chars)
[OK] (4741) Updated content (394 chars)
[OK] (4741) Updated content (492 chars)
[OK] (4741) Updated content (312 chars)
[OK] (4741) Updated content (1752 chars)
[OK] (4741) Updated content (736 chars)
[OK] (4741) Updated content (736 chars)
[OK] (4741) Updated content (397 chars)
[OK] (4741) Updated content (234 chars)
[OK] (4741) Updated content (402 chars)
[OK] (3093) Updated content (398 chars)
[OK] (4741) Updated content (425 chars)
[OK] (3093) Updated content (396 chars)
[OK] (3093) Updated content (693 chars)
[OK] (3093) Updated content (395 chars)
[OK] (3093) Updated content (3589 chars)
[OK] (3093) Updated content (390 chars)
[OK] (3093) Updated content (401 chars)
[OK] (3093) Updated content (376 chars)
[OK] (3093) Updated content (407 chars)
[OK] (3093) Updated content (671 chars)
[OK] (3093) Updated content (381 chars)
[OK] (3093) Updated content (218 chars)
[OK] (3093) Updated content (404 chars)
[OK] (3093) Updated content (367 chars)
[OK] (3093) Updated content (646 chars)
[OK] (6846) Updated content (415 chars)
[OK] (3093) Updated content (382 chars)
[OK] (3093) Updated content (758 chars)
[OK] (4416) Updated content (488 chars)
[OK] (4416) Updated content (357 chars)
[OK] (4416) Updated content (659 chars)
[OK] (4416) Updated content (587 chars)
[OK] (4416) Updated content (494 chars)
[OK] (4416) Updated content (383 chars)
[OK] (4416) Updated content (370 chars)
[OK] (4416) Updated content (391 chars)
[OK] (4416) Updated content (964 chars)
[OK] (4416) Updated content (467 chars)
[OK] (4416) Updated content (689 chars)
[OK] (4416) Updated content (463 chars)
[OK] (4416) Updated content (377 chars)
[OK] (4416) Updated content (468 chars)
[OK] (4416) Updated content (684 chars)
[OK] (6846) Updated content (232 chars)
[OK] (4416) Updated content (495 chars)
[OK] (4416) Updated content (447 chars)
[OK] (4416) Updated content (543 chars)
[OK] (4416) Updated content (954 chars)
[OK] (4416) Updated content (637 chars)
[OK] (4416) Updated content (460 chars)
[OK] (4416) Updated content (377 chars)
[OK] (4416) Updated content (498 chars)
[OK] (4416) Updated content (467 chars)
[OK] (4416) Updated content (450 chars)
[OK] (4416) Updated content (598 chars)
[OK] (4416) Updated content (736 chars)
[OK] (4416) Updated content (635 chars)
[OK] (4416) Updated content (499 chars)
[OK] (4416) Updated content (529 chars)
[OK] (4416) Updated content (435 chars)
[OK] (4416) Updated content (205 chars)
[OK] (4416) Updated content (952 chars)
[OK] (4416) Updated content (461 chars)
[OK] (4416) Updated content (540 chars)
[OK] (4416) Updated content (234 chars)
[OK] (4416) Updated content (683 chars)
[OK] (4416) Updated content (685 chars)
[OK] (4416) Updated content (464 chars)
[OK] (4416) Updated content (784 chars)
[OK] (4416) Updated content (496 chars)
[OK] (4416) Updated content (974 chars)
[OK] (4416) Updated content (483 chars)
[OK] (4416) Updated content (479 chars)
[OK] (4416) Updated content (368 chars)
[OK] (4416) Updated content (378 chars)
[OK] (4416) Updated content (380 chars)
[OK] (4416) Updated content (664 chars)
[OK] (4416) Updated content (380 chars)
[OK] (4416) Updated content (485 chars)
[OK] (4416) Updated content (510 chars)
[OK] (4416) Updated content (381 chars)
[OK] (4416) Updated content (439 chars)
[OK] (2029) Updated content (1650 chars)
[OK] (4416) Updated content (480 chars)
[OK] (2029) Updated content (989 chars)
[OK] (2029) Updated content (210 chars)
[OK] (2029) Updated content (502 chars)
[OK] (2029) Updated content (696 chars)
[OK] (2008) Updated content (405 chars)
[OK] (2029) Updated content (609 chars)
[OK] (2029) Updated content (564 chars)
[OK] (2029) Updated content (569 chars)
[OK] (6123) Updated content (531 chars)
[OK] (2712) Updated content (567 chars)
[OK] (2008) Updated content (240 chars)
[OK] (2712) Updated content (235 chars)
[OK] (2008) Updated content (653 chars)
[OK] (2008) Updated content (871 chars)
[OK] (6123) Updated content (383 chars)
[OK] (6123) Updated content (528 chars)
[OK] (6123) Updated content (301 chars)
[OK] (6123) Updated content (573 chars)
[OK] (6123) Updated content (249 chars)
[OK] (6123) Updated content (420 chars)
[OK] (6123) Updated content (453 chars)
[OK] (6195) Updated content (244 chars)
[OK] (6195) Updated content (878 chars)
[OK] (6195) Updated content (546 chars)
[OK] (6195) Updated content (1125 chars)
[OK] (6195) Updated content (678 chars)
[OK] (6195) Updated content (1929 chars)
[OK] (6195) Updated content (504 chars)
[OK] (6195) Updated content (1132 chars)
[OK] (6597) Updated content (226 chars)
[OK] (6195) Updated content (514 chars)
[OK] (6195) Updated content (429 chars)
[OK] (6597) Updated content (826 chars)
[OK] (6195) Updated content (526 chars)
[OK] (6597) Updated content (807 chars)
[OK] (6597) Updated content (401 chars)
[OK] (6597) Updated content (795 chars)
[OK] (6597) Updated content (382 chars)
[OK] (6597) Updated content (679 chars)
[OK] (6597) Updated content (771 chars)
[OK] (6109) Updated content (434 chars)
[OK] (6109) Updated content (450 chars)
[OK] (6109) Updated content (311 chars)
[OK] (6109) Updated content (436 chars)
[OK] (6598) Updated content (905 chars)
[OK] (6201) Updated content (220 chars)
[OK] (6201) Updated content (1807 chars)
[OK] (6598) Updated content (264 chars)
[OK] (6201) Updated content (502 chars)
[OK] (6598) Updated content (493 chars)
[OK] (6201) Updated content (613 chars)
[OK] (6201) Updated content (490 chars)
[OK] (6201) Updated content (931 chars)
[OK] (6201) Updated content (1219 chars)
[OK] (6201) Updated content (514 chars)
[OK] (6201) Updated content (606 chars)
[OK] (6201) Updated content (569 chars)
[OK] (3521) Updated content (526 chars)
[OK] (3521) Updated content (402 chars)
[OK] (6201) Updated content (596 chars)
[OK] (6201) Updated content (560 chars)
[OK] (3521) Updated content (528 chars)
[OK] (3521) Updated content (413 chars)
[OK] (3521) Updated content (532 chars)
[OK] (3521) Updated content (1257 chars)
[OK] (3521) Updated content (420 chars)
[OK] (3521) Updated content (505 chars)
[OK] (3521) Updated content (433 chars)
[OK] (5533) Updated content (409 chars)
[OK] (5533) Updated content (503 chars)
[OK] (5533) Updated content (637 chars)
[OK] (5533) Updated content (1485 chars)
[OK] (5533) Updated content (589 chars)
[OK] (5533) Updated content (395 chars)
[OK] (3521) Updated content (434 chars)
[OK] (5533) Updated content (234 chars)
[OK] (5533) Updated content (444 chars)
[OK] (5533) Updated content (562 chars)
[OK] (5533) Updated content (352 chars)
[OK] (5533) Updated content (354 chars)
[OK] (5538) Updated content (275 chars)
[OK] (5538) Updated content (287 chars)
[OK] (5538) Updated content (237 chars)
[OK] (5538) Updated content (433 chars)
[OK] (5533) Updated content (533 chars)
[OK] (5538) Updated content (514 chars)
[OK] (5538) Updated content (425 chars)
[OK] (5538) Updated content (277 chars)
[OK] (6708) Updated content (210 chars)
[OK] (5538) Updated content (387 chars)
[OK] (2906) Updated content (553 chars)
[OK] (6708) Updated content (4618 chars)
[OK] (2906) Updated content (389 chars)
[OK] (2906) Updated content (217 chars)
[OK] (2906) Updated content (469 chars)
[OK] (2906) Updated content (845 chars)
[OK] (2906) Updated content (370 chars)
[OK] (2430) Updated content (379 chars)
[OK] (2430) Updated content (385 chars)
[OK] (2430) Updated content (219 chars)
[OK] (2430) Updated content (667 chars)
[OK] (2736) Updated content (234 chars)
[OK] (2706) Updated content (229 chars)
[OK] (2736) Updated content (467 chars)
[OK] (2736) Updated content (405 chars)
[OK] (2736) Updated content (402 chars)
[OK] (5324) Updated content (386 chars)
[OK] (2736) Updated content (769 chars)
[OK] (2736) Updated content (791 chars)
[OK] (2736) Updated content (494 chars)
[OK] (5324) Updated content (597 chars)
[OK] (5324) Updated content (589 chars)
[OK] (2109) Updated content (361 chars)
[OK] (5324) Updated content (1064 chars)
[OK] (2109) Updated content (1204 chars)
[OK] (9905) Updated content (503 chars)
[OK] (2109) Updated content (795 chars)
[OK] (5324) Updated content (372 chars)
[OK] (5324) Updated content (219 chars)
[OK] (2109) Updated content (248 chars)
[OK] (9905) Updated content (593 chars)
[OK] (9905) Updated content (1882 chars)
[OK] (4538) Updated content (252 chars)
[OK] (9905) Updated content (1583 chars)
[OK] (9905) Updated content (529 chars)
[OK] (4538) Updated content (295 chars)
[OK] (2506) Updated content (341 chars)
[OK] (9905) Updated content (506 chars)
[OK] (2506) Updated content (970 chars)
[OK] (9905) Updated content (818 chars)
[OK] (2506) Updated content (890 chars)
[OK] (2506) Updated content (395 chars)
[OK] (6821) Updated content (441 chars)
[OK] (6821) Updated content (442 chars)
[OK] (9905) Updated content (217 chars)
[OK] (2506) Updated content (227 chars)
[OK] (6821) Updated content (471 chars)
[OK] (2506) Updated content (848 chars)
[OK] (6821) Updated content (801 chars)
[OK] (6821) Updated content (458 chars)
[OK] (6821) Updated content (3934 chars)
[OK] (6821) Updated content (442 chars)
[OK] (6821) Updated content (786 chars)
[OK] (6821) Updated content (709 chars)
[OK] (6821) Updated content (443 chars)
[OK] (6821) Updated content (1905 chars)
[OK] (6821) Updated content (774 chars)
[OK] (6821) Updated content (1973 chars)
[OK] (6821) Updated content (458 chars)
[OK] (6821) Updated content (400 chars)
[OK] (6821) Updated content (439 chars)
[OK] (6821) Updated content (420 chars)
[OK] (6821) Updated content (440 chars)
[OK] (6821) Updated content (456 chars)
[OK] (6821) Updated content (755 chars)
[OK] (6821) Updated content (455 chars)
[OK] (4935) Updated content (386 chars)
[OK] (6821) Updated content (442 chars)
[OK] (4935) Updated content (395 chars)
[OK] (4935) Updated content (578 chars)
[OK] (4935) Updated content (386 chars)
[OK] (4935) Updated content (391 chars)
[OK] (4935) Updated content (364 chars)
[OK] (6821) Updated content (455 chars)
[OK] (4935) Updated content (471 chars)
[OK] (4109) Updated content (623 chars)
[OK] (6821) Updated content (459 chars)
[OK] (4109) Updated content (593 chars)
[OK] (4109) Updated content (390 chars)
[OK] (4109) Updated content (428 chars)
[OK] (3373) Updated content (234 chars)
[OK] (4109) Updated content (386 chars)
[OK] (1338) Updated content (399 chars)
[OK] (4935) Updated content (383 chars)
[OK] (3373) Updated content (499 chars)
[OK] (4109) Updated content (509 chars)
[OK] (1338) Updated content (440 chars)
[OK] (4109) Updated content (558 chars)
[OK] (1338) Updated content (726 chars)
[OK] (7709) Updated content (370 chars)
[OK] (1338) Updated content (647 chars)
[OK] (5529) Updated content (389 chars)
[OK] (5529) Updated content (1327 chars)
[OK] (5529) Updated content (740 chars)
[OK] (5529) Updated content (342 chars)
[OK] (1338) Updated content (379 chars)
[OK] (1338) Updated content (392 chars)
[OK] (7709) Updated content (405 chars)
[OK] (7709) Updated content (386 chars)
[OK] (7709) Updated content (789 chars)
[OK] (7709) Updated content (433 chars)
[OK] (7709) Updated content (453 chars)
[OK] (7709) Updated content (398 chars)
[OK] (7709) Updated content (1877 chars)
[OK] (7709) Updated content (389 chars)
[OK] (7709) Updated content (338 chars)
[OK] (7709) Updated content (391 chars)
[OK] (7709) Updated content (478 chars)
[OK] (7709) Updated content (388 chars)
[OK] (6982) Updated content (626 chars)
[OK] (6982) Updated content (405 chars)
[OK] (6982) Updated content (763 chars)
[OK] (6982) Updated content (1732 chars)
[OK] (7709) Updated content (335 chars)
[OK] (6982) Updated content (694 chars)
[OK] (7709) Updated content (788 chars)
[OK] (6982) Updated content (777 chars)
[OK] (6982) Updated content (780 chars)
[OK] (6982) Updated content (534 chars)
[OK] (6982) Updated content (588 chars)
[OK] (6982) Updated content (676 chars)
[OK] (6982) Updated content (1990 chars)
[OK] (6982) Updated content (405 chars)
[OK] (6982) Updated content (495 chars)
[OK] (6982) Updated content (346 chars)
[OK] (6982) Updated content (572 chars)
[OK] (6982) Updated content (512 chars)
[OK] (6982) Updated content (678 chars)
[OK] (6982) Updated content (323 chars)
[OK] (6982) Updated content (646 chars)
[OK] (1236) Updated content (391 chars)
[OK] (6982) Updated content (600 chars)
[OK] (6982) Updated content (419 chars)
[OK] (6982) Updated content (808 chars)
[OK] (6982) Updated content (607 chars)
[OK] (1236) Updated content (234 chars)
[OK] (7723) Updated content (401 chars)
[OK] (6982) Updated content (568 chars)
[OK] (7723) Updated content (381 chars)
[OK] (9950) Updated content (299 chars)
[OK] (7723) Updated content (249 chars)
[OK] (7723) Updated content (417 chars)
[OK] (6671) Updated content (403 chars)
[OK] (6671) Updated content (311 chars)
[OK] (6671) Updated content (549 chars)
[OK] (6671) Updated content (553 chars)
[OK] (6671) Updated content (1553 chars)
[OK] (6671) Updated content (1457 chars)
[OK] (6762) Updated content (223 chars)
[OK] (6762) Updated content (581 chars)
[OK] (6671) Updated content (551 chars)
[OK] (2459) Updated content (334 chars)
[OK] (2459) Updated content (487 chars)
[OK] (2459) Updated content (273 chars)
[OK] (2459) Updated content (464 chars)
[OK] (2459) Updated content (217 chars)
[OK] (2459) Updated content (306 chars)
[OK] (2033) Updated content (219 chars)
[OK] (2033) Updated content (436 chars)
[OK] (2033) Updated content (436 chars)
[OK] (2033) Updated content (434 chars)
[OK] (2033) Updated content (556 chars)
[OK] (7631) Updated content (446 chars)
[OK] (2459) Updated content (562 chars)
[OK] (7631) Updated content (663 chars)
[OK] (7631) Updated content (214 chars)
[OK] (7631) Updated content (411 chars)
[OK] (7631) Updated content (403 chars)
[OK] (7631) Updated content (445 chars)
[OK] (7631) Updated content (490 chars)
[OK] (7631) Updated content (429 chars)
[OK] (7631) Updated content (421 chars)
[OK] (5546) Updated content (851 chars)
[OK] (5546) Updated content (867 chars)
[OK] (1109) Updated content (246 chars)
[OK] (1109) Updated content (425 chars)
[OK] (5546) Updated content (778 chars)
[OK] (5546) Updated content (1353 chars)
[OK] (5546) Updated content (868 chars)
[OK] (5546) Updated content (898 chars)
[OK] (6578) Updated content (294 chars)
[OK] (6578) Updated content (309 chars)
[OK] (6578) Updated content (388 chars)
[OK] (6578) Updated content (208 chars)
[OK] (5546) Updated content (265 chars)
[OK] (5546) Updated content (764 chars)
[OK] (5704) Updated content (240 chars)
[OK] (1731) Updated content (668 chars)
[OK] (1731) Updated content (791 chars)
[OK] (5546) Updated content (675 chars)
[OK] (1731) Updated content (675 chars)
[OK] (1731) Updated content (672 chars)
[OK] (1731) Updated content (570 chars)
[OK] (1731) Updated content (733 chars)
[OK] (1731) Updated content (2374 chars)
[OK] (1731) Updated content (472 chars)
[OK] (1731) Updated content (702 chars)
[OK] (912000) Updated content (304 chars)
[OK] (912000) Updated content (346 chars)
[OK] (6578) Updated content (329 chars)
[OK] (1731) Updated content (345 chars)
[OK] (912000) Updated content (245 chars)
[OK] (912000) Updated content (349 chars)
[OK] (3512) Updated content (262 chars)
[OK] (3512) Updated content (1532 chars)
[OK] (3512) Updated content (926 chars)
[OK] (3512) Updated content (1335 chars)
[OK] (3512) Updated content (721 chars)
[OK] (3512) Updated content (680 chars)
[OK] (3512) Updated content (572 chars)
[OK] (3512) Updated content (534 chars)
[OK] (7584) Updated content (917 chars)
[OK] (1294) Updated content (875 chars)
[OK] (3512) Updated content (599 chars)
[OK] (3512) Updated content (1947 chars)
[OK] (1294) Updated content (291 chars)
[OK] (7584) Updated content (990 chars)
[OK] (1294) Updated content (221 chars)
[OK] (7584) Updated content (468 chars)
[OK] (8472) Updated content (292 chars)
[OK] (8472) Updated content (320 chars)
[OK] (8472) Updated content (313 chars)
[OK] (7584) Updated content (1248 chars)
[OK] (7584) Updated content (1248 chars)
[OK] (8472) Updated content (355 chars)
[OK] (7584) Updated content (1263 chars)
[OK] (8472) Updated content (384 chars)
[OK] (8472) Updated content (577 chars)
[OK] (7584) Updated content (695 chars)
[OK] (7584) Updated content (1276 chars)
[OK] (8472) Updated content (284 chars)
[OK] (8472) Updated content (305 chars)
[OK] (7584) Updated content (640 chars)
[OK] (7584) Updated content (493 chars)
[OK] (8472) Updated content (313 chars)
[OK] (7584) Updated content (406 chars)
[OK] (7584) Updated content (742 chars)
[OK] (7584) Updated content (240 chars)
[OK] (8472) Updated content (235 chars)
[OK] (6114) Updated content (210 chars)
[OK] (1558) Updated content (217 chars)
[OK] (8472) Updated content (291 chars)
[OK] (6114) Updated content (362 chars)
[OK] (1558) Updated content (401 chars)
[OK] (6114) Updated content (574 chars)
[OK] (1558) Updated content (1711 chars)
[OK] (1558) Updated content (516 chars)
[OK] (1558) Updated content (466 chars)
[OK] (8201) Updated content (404 chars)
[OK] (8201) Updated content (338 chars)
[OK] (8201) Updated content (316 chars)
[OK] (8201) Updated content (217 chars)
[OK] (6881) Updated content (546 chars)
[OK] (8201) Updated content (672 chars)
[OK] (6881) Updated content (673 chars)
[OK] (8201) Updated content (341 chars)
[OK] (5215) Updated content (973 chars)
[OK] (6881) Updated content (202 chars)
[OK] (5215) Updated content (1094 chars)
[OK] (5215) Updated content (1039 chars)
[OK] (6881) Updated content (447 chars)
[OK] (5215) Updated content (1069 chars)
[OK] (5215) Updated content (1077 chars)
[OK] (5215) Updated content (1091 chars)
[OK] (5215) Updated content (1142 chars)
[OK] (5215) Updated content (975 chars)
[OK] (5215) Updated content (1077 chars)
[OK] (5215) Updated content (1064 chars)
[OK] (5215) Updated content (996 chars)
[OK] (5215) Updated content (409 chars)
[OK] (5215) Updated content (1092 chars)
[OK] (5215) Updated content (1142 chars)
[OK] (5215) Updated content (1200 chars)
[OK] (5215) Updated content (1206 chars)
[OK] (5215) Updated content (993 chars)
[OK] (5215) Updated content (971 chars)
[OK] (5215) Updated content (1006 chars)
[OK] (5215) Updated content (1076 chars)
[OK] (5215) Updated content (914 chars)
[OK] (5215) Updated content (927 chars)
[OK] (5215) Updated content (1155 chars)
[OK] (5215) Updated content (958 chars)
[OK] (5215) Updated content (973 chars)
[OK] (5215) Updated content (1086 chars)
[OK] (5215) Updated content (1090 chars)
[OK] (5215) Updated content (976 chars)
[OK] (5215) Updated content (1078 chars)
[OK] (5215) Updated content (1097 chars)
[OK] (5215) Updated content (1073 chars)
[OK] (5215) Updated content (1248 chars)
[OK] (5215) Updated content (993 chars)
[OK] (5215) Updated content (990 chars)
[OK] (5215) Updated content (1145 chars)
[OK] (5215) Updated content (1088 chars)
[OK] (5215) Updated content (1127 chars)
[OK] (5215) Updated content (1092 chars)
[OK] (5215) Updated content (982 chars)
[OK] (5215) Updated content (969 chars)
[OK] (5215) Updated content (1078 chars)
[OK] (5215) Updated content (1090 chars)
[OK] (5215) Updated content (1106 chars)
[OK] (5215) Updated content (995 chars)
[OK] (5215) Updated content (229 chars)
[OK] (5215) Updated content (994 chars)
[OK] (5215) Updated content (1077 chars)
[OK] (5215) Updated content (973 chars)
[OK] (5215) Updated content (1077 chars)
[OK] (5215) Updated content (1075 chars)
[OK] (5215) Updated content (991 chars)
[OK] (5215) Updated content (1068 chars)
[OK] (5215) Updated content (1171 chars)
[OK] (2616) Updated content (468 chars)
[OK] (5215) Updated content (1091 chars)
[OK] (5215) Updated content (1132 chars)
[OK] (2616) Updated content (707 chars)
[OK] (2616) Updated content (515 chars)
[OK] (2616) Updated content (584 chars)
[OK] (2616) Updated content (520 chars)
[OK] (2616) Updated content (567 chars)
[OK] (2616) Updated content (234 chars)
[OK] (5525) Updated content (537 chars)
[OK] (2616) Updated content (706 chars)
[OK] (5525) Updated content (896 chars)
[OK] (5525) Updated content (397 chars)
[OK] (5525) Updated content (341 chars)
[OK] (5525) Updated content (1257 chars)
[OK] (2616) Updated content (1659 chars)
[OK] (5525) Updated content (349 chars)
[OK] (5211) Updated content (290 chars)
[OK] (5211) Updated content (385 chars)
[OK] (5211) Updated content (360 chars)
[OK] (5211) Updated content (377 chars)
[OK] (5344) Updated content (231 chars)
[OK] (5211) Updated content (217 chars)
[OK] (5344) Updated content (416 chars)
[OK] (5344) Updated content (396 chars)
[OK] (5344) Updated content (531 chars)
[OK] (5344) Updated content (568 chars)
[OK] (5344) Updated content (533 chars)
[OK] (5344) Updated content (1370 chars)
[OK] (5344) Updated content (1321 chars)
[OK] (5344) Updated content (602 chars)
[OK] (5344) Updated content (350 chars)
[OK] (6906) Updated content (330 chars)
[OK] (6906) Updated content (1007 chars)
[OK] (5344) Updated content (609 chars)
[OK] (6906) Updated content (353 chars)
[OK] (6906) Updated content (293 chars)
[OK] (6906) Updated content (333 chars)
[OK] (6906) Updated content (1019 chars)
[OK] (6906) Updated content (340 chars)
[OK] (6906) Updated content (314 chars)
[OK] (6906) Updated content (341 chars)
[OK] (8906) Updated content (547 chars)
[OK] (8906) Updated content (509 chars)
[OK] (6906) Updated content (334 chars)
[OK] (8906) Updated content (409 chars)
[OK] (8906) Updated content (660 chars)
[OK] (8906) Updated content (1445 chars)
[OK] (8906) Updated content (563 chars)
[OK] (8906) Updated content (668 chars)
[OK] (8906) Updated content (390 chars)
[OK] (8906) Updated content (350 chars)
[OK] (1240) Updated content (364 chars)
[OK] (8906) Updated content (350 chars)
[OK] (8906) Updated content (626 chars)
[OK] (8906) Updated content (377 chars)
[OK] (1240) Updated content (383 chars)
[OK] (1240) Updated content (351 chars)
[OK] (4102) Updated content (1735 chars)
[OK] (4102) Updated content (449 chars)
[OK] (4102) Updated content (992 chars)
[OK] (4102) Updated content (1760 chars)
[OK] (4102) Updated content (750 chars)
[OK] (4102) Updated content (231 chars)
[OK] (8906) Updated content (411 chars)
[OK] (4102) Updated content (408 chars)
[OK] (4102) Updated content (545 chars)
[OK] (8906) Updated content (708 chars)
[OK] (5220) Updated content (380 chars)
[OK] (5220) Updated content (241 chars)
[OK] (5220) Updated content (359 chars)
[OK] (6680) Updated content (414 chars)
[OK] (5220) Updated content (613 chars)
[OK] (2729) Updated content (239 chars)
[OK] (5220) Updated content (386 chars)
[OK] (6680) Updated content (250 chars)
[OK] (2729) Updated content (2890 chars)
[OK] (6246) Updated content (217 chars)
[OK] (6246) Updated content (394 chars)
[OK] (2729) Updated content (2783 chars)
[OK] (2729) Updated content (501 chars)
[OK] (2729) Updated content (1256 chars)
[OK] (2729) Updated content (918 chars)
[OK] (2729) Updated content (1574 chars)
[OK] (2729) Updated content (540 chars)
[OK] (2729) Updated content (804 chars)
[OK] (7770) Updated content (405 chars)
[OK] (2729) Updated content (516 chars)
[OK] (3666) Updated content (347 chars)
[OK] (3666) Updated content (412 chars)
[OK] (3666) Updated content (407 chars)
[OK] (3666) Updated content (334 chars)
[OK] (3666) Updated content (689 chars)
[OK] (3666) Updated content (842 chars)
[OK] (3666) Updated content (423 chars)
[OK] (3666) Updated content (424 chars)
[OK] (1467) Updated content (360 chars)
[OK] (1467) Updated content (399 chars)
[OK] (1473) Updated content (552 chars)
[OK] (1473) Updated content (1985 chars)
[OK] (1473) Updated content (1072 chars)
[OK] (1467) Updated content (232 chars)
[OK] (3666) Updated content (480 chars)
[OK] (3666) Updated content (228 chars)
[OK] (1473) Updated content (526 chars)
[OK] (1473) Updated content (488 chars)
[OK] (1473) Updated content (604 chars)
[OK] (1473) Updated content (579 chars)
[OK] (1473) Updated content (516 chars)
[OK] (1473) Updated content (250 chars)
[OK] (1473) Updated content (312 chars)
[OK] (6294) Updated content (232 chars)
[OK] (6294) Updated content (722 chars)
[OK] (6294) Updated content (394 chars)
[OK] (4558) Updated content (305 chars)
[OK] (4558) Updated content (376 chars)
[OK] (6294) Updated content (418 chars)
[OK] (6294) Updated content (564 chars)
[OK] (6294) Updated content (607 chars)
[OK] (6294) Updated content (1791 chars)
[OK] (1473) Updated content (810 chars)
[OK] (6294) Updated content (794 chars)
[OK] (1323) Updated content (492 chars)
[OK] (1323) Updated content (725 chars)
[OK] (1323) Updated content (2066 chars)
[OK] (6294) Updated content (525 chars)
[OK] (1323) Updated content (803 chars)
[OK] (6294) Updated content (698 chars)
[OK] (1323) Updated content (532 chars)
[OK] (6294) Updated content (674 chars)
[OK] (1323) Updated content (573 chars)
[OK] (1323) Updated content (417 chars)
[OK] (1323) Updated content (517 chars)
[OK] (6865) Updated content (294 chars)
[OK] (1323) Updated content (605 chars)
[OK] (1323) Updated content (370 chars)
[OK] (6865) Updated content (306 chars)
[OK] (6865) Updated content (310 chars)
[OK] (6865) Updated content (364 chars)
[OK] (6865) Updated content (293 chars)
[OK] (6865) Updated content (308 chars)
[OK] (6865) Updated content (308 chars)
[OK] (6865) Updated content (320 chars)
[OK] (6865) Updated content (309 chars)
[OK] (6865) Updated content (219 chars)
[OK] (1805) Updated content (367 chars)
[OK] (1805) Updated content (329 chars)
[OK] (1805) Updated content (693 chars)
[OK] (1805) Updated content (234 chars)
[OK] (1805) Updated content (380 chars)
[OK] (1805) Updated content (367 chars)
[OK] (1805) Updated content (331 chars)
[OK] (1805) Updated content (357 chars)
[OK] (1805) Updated content (366 chars)
[OK] (1805) Updated content (644 chars)
[OK] (1805) Updated content (255 chars)
[OK] (6577) Updated content (362 chars)
[OK] (1805) Updated content (682 chars)
[OK] (6577) Updated content (234 chars)
[OK] (6577) Updated content (530 chars)
[OK] (4108) Updated content (598 chars)
[OK] (4108) Updated content (310 chars)
[OK] (6577) Updated content (449 chars)
[OK] (4108) Updated content (926 chars)
[OK] (6577) Updated content (700 chars)
[OK] (6577) Updated content (352 chars)
[OK] (4108) Updated content (651 chars)
[OK] (6577) Updated content (424 chars)
[OK] (4108) Updated content (571 chars)
[OK] (4108) Updated content (2172 chars)
[OK] (4108) Updated content (659 chars)
[OK] (4108) Updated content (686 chars)
[OK] (6577) Updated content (708 chars)
[OK] (6154) Updated content (539 chars)
[OK] (6154) Updated content (513 chars)
[OK] (6154) Updated content (1696 chars)
[OK] (6154) Updated content (405 chars)
[OK] (6154) Updated content (289 chars)
[OK] (6154) Updated content (546 chars)
[OK] (6154) Updated content (765 chars)
[OK] (8482) Updated content (227 chars)
[OK] (6154) Updated content (234 chars)
[OK] (6154) Updated content (785 chars)
[OK] (8482) Updated content (392 chars)
[OK] (9931) Updated content (1389 chars)
[OK] (8482) Updated content (584 chars)
[OK] (9931) Updated content (387 chars)
[OK] (9931) Updated content (550 chars)
[OK] (9931) Updated content (388 chars)
[OK] (9931) Updated content (500 chars)
[OK] (9931) Updated content (535 chars)
[OK] (9931) Updated content (560 chars)
[OK] (9931) Updated content (475 chars)
[OK] (9931) Updated content (475 chars)
[OK] (3489) Updated content (210 chars)
[OK] (9931) Updated content (408 chars)
[OK] (6154) Updated content (682 chars)
[OK] (1459) Updated content (848 chars)
[OK] (8482) Updated content (1054 chars)
[OK] (3489) Updated content (395 chars)
[OK] (3489) Updated content (483 chars)
[OK] (9931) Updated content (219 chars)
[OK] (3489) Updated content (517 chars)
[OK] (9931) Updated content (570 chars)
[OK] (1459) Updated content (863 chars)
[OK] (1459) Updated content (376 chars)
[OK] (1459) Updated content (234 chars)
[OK] (6716) Updated content (665 chars)
[OK] (6716) Updated content (896 chars)
[OK] (1459) Updated content (770 chars)
[OK] (6716) Updated content (332 chars)
[OK] (6716) Updated content (415 chars)
[OK] (1459) Updated content (752 chars)
[OK] (6716) Updated content (425 chars)
[OK] (6716) Updated content (623 chars)
[OK] (6716) Updated content (347 chars)
[OK] (6716) Updated content (673 chars)
[OK] (6716) Updated content (329 chars)
[OK] (6716) Updated content (399 chars)
[OK] (6716) Updated content (3345 chars)
[OK] (6716) Updated content (331 chars)
[OK] (6716) Updated content (690 chars)
[OK] (6716) Updated content (350 chars)
[OK] (6716) Updated content (315 chars)
[OK] (6716) Updated content (232 chars)
[OK] (6716) Updated content (657 chars)
[OK] (8162) Updated content (338 chars)
[OK] (6716) Updated content (327 chars)
[OK] (6716) Updated content (324 chars)
[OK] (6716) Updated content (350 chars)
[OK] (8162) Updated content (406 chars)
[OK] (8162) Updated content (358 chars)
[OK] (8162) Updated content (389 chars)
[OK] (8162) Updated content (715 chars)
[OK] (8162) Updated content (375 chars)
[OK] (8162) Updated content (405 chars)
[OK] (8162) Updated content (1479 chars)
[OK] (8162) Updated content (668 chars)
[OK] (8162) Updated content (537 chars)
[OK] (8162) Updated content (1462 chars)
[OK] (8162) Updated content (521 chars)
[OK] (8162) Updated content (372 chars)
[OK] (8162) Updated content (434 chars)
[OK] (8162) Updated content (692 chars)
[OK] (8162) Updated content (669 chars)
[OK] (8162) Updated content (391 chars)
[OK] (8162) Updated content (672 chars)
[OK] (8162) Updated content (723 chars)
[OK] (8162) Updated content (356 chars)
[OK] (8162) Updated content (373 chars)
[OK] (8162) Updated content (715 chars)
[OK] (8162) Updated content (410 chars)
[OK] (8162) Updated content (376 chars)
[OK] (8162) Updated content (404 chars)
[OK] (8162) Updated content (878 chars)
[OK] (8162) Updated content (347 chars)
[OK] (8162) Updated content (213 chars)
[OK] (8162) Updated content (353 chars)
[OK] (8162) Updated content (344 chars)
[OK] (8162) Updated content (290 chars)
[OK] (8162) Updated content (641 chars)
[OK] (8162) Updated content (380 chars)
[OK] (8162) Updated content (387 chars)
[OK] (8162) Updated content (665 chars)
[OK] (6921) Updated content (1612 chars)
[OK] (8928) Updated content (234 chars)
[OK] (8176) Updated content (226 chars)
[OK] (2642) Updated content (383 chars)
[OK] (8176) Updated content (499 chars)
[OK] (2642) Updated content (490 chars)
[OK] (6921) Updated content (1532 chars)
[OK] (8176) Updated content (505 chars)
[OK] (2642) Updated content (342 chars)
[OK] (2642) Updated content (385 chars)
[OK] (2642) Updated content (360 chars)
[OK] (2642) Updated content (414 chars)
[OK] (6169) Updated content (395 chars)
[OK] (2642) Updated content (352 chars)
[OK] (2642) Updated content (334 chars)
[OK] (6169) Updated content (419 chars)
[OK] (2734) Updated content (254 chars)
[OK] (6169) Updated content (420 chars)
[OK] (6169) Updated content (547 chars)
[OK] (6169) Updated content (339 chars)
[OK] (6169) Updated content (387 chars)
[OK] (6169) Updated content (428 chars)
[OK] (6169) Updated content (427 chars)
[OK] (6169) Updated content (717 chars)
[OK] (3467) Updated content (354 chars)
[OK] (6169) Updated content (230 chars)
[OK] (3467) Updated content (378 chars)
[OK] (3467) Updated content (432 chars)
[OK] (3467) Updated content (346 chars)
[OK] (2642) Updated content (699 chars)
[OK] (3467) Updated content (359 chars)
[OK] (3467) Updated content (264 chars)
[OK] (3467) Updated content (339 chars)
[OK] (3085) Updated content (313 chars)
[OK] (4120) Updated content (234 chars)
[OK] (3085) Updated content (321 chars)
[OK] (3085) Updated content (227 chars)
[OK] (3085) Updated content (591 chars)
[OK] (3085) Updated content (2310 chars)
[OK] (4120) Updated content (816 chars)
[OK] (4120) Updated content (370 chars)
[OK] (3085) Updated content (471 chars)
[OK] (1737) Updated content (351 chars)
[OK] (1737) Updated content (688 chars)
[OK] (3085) Updated content (307 chars)
[OK] (5364) Updated content (383 chars)
[OK] (5364) Updated content (375 chars)
[OK] (5364) Updated content (449 chars)
[OK] (5364) Updated content (508 chars)
[OK] (5364) Updated content (233 chars)
[OK] (5364) Updated content (644 chars)
[OK] (6248) Updated content (248 chars)
[OK] (5364) Updated content (431 chars)
[OK] (6248) Updated content (385 chars)
[OK] (2923) Updated content (243 chars)
[OK] (2923) Updated content (590 chars)
[OK] (2923) Updated content (390 chars)
[OK] (2923) Updated content (881 chars)
[OK] (2923) Updated content (410 chars)
[OK] (2923) Updated content (402 chars)
[OK] (2923) Updated content (736 chars)
[OK] (2923) Updated content (389 chars)
[OK] (2923) Updated content (406 chars)
[OK] (2923) Updated content (334 chars)
[OK] (6292) Updated content (448 chars)
[OK] (6292) Updated content (440 chars)
[OK] (6292) Updated content (456 chars)
[OK] (6292) Updated content (405 chars)
[OK] (6292) Updated content (437 chars)
[OK] (6292) Updated content (3345 chars)
[OK] (6292) Updated content (440 chars)
[OK] (6292) Updated content (418 chars)
[OK] (6292) Updated content (421 chars)
[OK] (6292) Updated content (775 chars)
[OK] (6292) Updated content (440 chars)
[OK] (6292) Updated content (417 chars)
[OK] (6292) Updated content (256 chars)
[OK] (6292) Updated content (433 chars)
[OK] (6292) Updated content (885 chars)
[OK] (6292) Updated content (442 chars)
[OK] (6292) Updated content (439 chars)
[OK] (6292) Updated content (410 chars)
[OK] (6292) Updated content (885 chars)
[OK] (6292) Updated content (754 chars)
[OK] (6292) Updated content (443 chars)
[OK] (6292) Updated content (345 chars)
[OK] (6292) Updated content (984 chars)
[OK] (6198) Updated content (494 chars)
[OK] (6292) Updated content (442 chars)
[OK] (6292) Updated content (859 chars)
[OK] (6198) Updated content (466 chars)
[OK] (6198) Updated content (388 chars)
[OK] (8450) Updated content (394 chars)
[OK] (8450) Updated content (258 chars)
[OK] (3171) Updated content (232 chars)
[OK] (3171) Updated content (503 chars)
[OK] (8450) Updated content (524 chars)
[OK] (6198) Updated content (416 chars)
[OK] (6198) Updated content (412 chars)
[OK] (3171) Updated content (1147 chars)
[OK] (3171) Updated content (614 chars)
[OK] (3171) Updated content (619 chars)
[OK] (6198) Updated content (245 chars)
[OK] (3171) Updated content (392 chars)
[OK] (3171) Updated content (1007 chars)
[OK] (3171) Updated content (379 chars)
[OK] (3171) Updated content (451 chars)
[OK] (3171) Updated content (543 chars)
[OK] (6629) Updated content (485 chars)
[OK] (6629) Updated content (468 chars)
[OK] (1337) Updated content (457 chars)
[OK] (6629) Updated content (556 chars)
[OK] (1337) Updated content (473 chars)
[OK] (6629) Updated content (599 chars)
[OK] (6629) Updated content (1306 chars)
[OK] (6629) Updated content (609 chars)
[OK] (6629) Updated content (700 chars)
[OK] (6629) Updated content (709 chars)
[OK] (6629) Updated content (671 chars)
[OK] (6629) Updated content (708 chars)
[OK] (6629) Updated content (543 chars)
[OK] (1337) Updated content (273 chars)
[OK] (6629) Updated content (700 chars)
[OK] (6185) Updated content (217 chars)
[OK] (6629) Updated content (717 chars)
[OK] (6185) Updated content (848 chars)
[OK] (6629) Updated content (437 chars)
[OK] (6629) Updated content (234 chars)
[OK] (6185) Updated content (525 chars)
[OK] (6185) Updated content (384 chars)
[OK] (6185) Updated content (1458 chars)
[OK] (6185) Updated content (505 chars)
[OK] (6185) Updated content (732 chars)
[OK] (6185) Updated content (657 chars)
[OK] (6185) Updated content (571 chars)
[OK] (6185) Updated content (427 chars)
[OK] (6185) Updated content (433 chars)
[OK] (6185) Updated content (489 chars)
[OK] (6185) Updated content (388 chars)
[OK] (4502) Updated content (370 chars)
[OK] (6185) Updated content (459 chars)
[OK] (6185) Updated content (571 chars)
[OK] (6185) Updated content (678 chars)
[OK] (6185) Updated content (499 chars)
[OK] (7705) Updated content (227 chars)
[OK] (7705) Updated content (396 chars)
[OK] (4502) Updated content (217 chars)
[OK] (4907) Updated content (239 chars)
[OK] (2067) Updated content (405 chars)
[OK] (7705) Updated content (645 chars)
[OK] (4907) Updated content (894 chars)
[OK] (4907) Updated content (383 chars)
[OK] (7705) Updated content (565 chars)
[OK] (1593) Updated content (249 chars)
[OK] (4907) Updated content (353 chars)
[OK] (1593) Updated content (653 chars)
[OK] (2067) Updated content (1037 chars)
[OK] (1593) Updated content (439 chars)
[OK] (2067) Updated content (240 chars)
[OK] (1593) Updated content (309 chars)
[OK] (1593) Updated content (1534 chars)
[OK] (1593) Updated content (527 chars)
[OK] (1593) Updated content (547 chars)
[OK] (1593) Updated content (793 chars)
[OK] (1593) Updated content (514 chars)
[OK] (1593) Updated content (1026 chars)
[OK] (1593) Updated content (664 chars)
[OK] (1593) Updated content (794 chars)
[OK] (9960) Updated content (423 chars)
[OK] (9960) Updated content (227 chars)
[OK] (1593) Updated content (693 chars)
[OK] (5548) Updated content (423 chars)
[OK] (5548) Updated content (678 chars)
[OK] (9960) Updated content (205 chars)
[OK] (5548) Updated content (692 chars)
[OK] (2424) Updated content (315 chars)
[OK] (5548) Updated content (780 chars)
[OK] (2424) Updated content (632 chars)
[OK] (5548) Updated content (329 chars)
[OK] (5548) Updated content (219 chars)
[OK] (2424) Updated content (493 chars)
[OK] (2424) Updated content (528 chars)
[OK] (2424) Updated content (475 chars)
[OK] (2424) Updated content (407 chars)
[OK] (2424) Updated content (1627 chars)
[OK] (2424) Updated content (817 chars)
[OK] (2424) Updated content (575 chars)
[OK] (2424) Updated content (146 chars)
[OK] (2424) Updated content (615 chars)
[OK] (2424) Updated content (374 chars)
[OK] (2424) Updated content (550 chars)
[OK] (2424) Updated content (637 chars)
[OK] (2424) Updated content (217 chars)
[OK] (2424) Updated content (412 chars)
[OK] (2424) Updated content (384 chars)
[OK] (2424) Updated content (399 chars)
[OK] (2424) Updated content (407 chars)
[OK] (2424) Updated content (403 chars)
[OK] (2424) Updated content (191 chars)
[OK] (2424) Updated content (184 chars)
[OK] (2424) Updated content (533 chars)
[OK] (2424) Updated content (240 chars)
[OK] (2424) Updated content (383 chars)
[OK] (2424) Updated content (193 chars)
[OK] (2424) Updated content (479 chars)
[OK] (2424) Updated content (334 chars)
[OK] (2424) Updated content (382 chars)
[OK] (2424) Updated content (328 chars)
[OK] (4745) Updated content (330 chars)
[OK] (4745) Updated content (2230 chars)
[OK] (4745) Updated content (1421 chars)
[OK] (4745) Updated content (421 chars)
[OK] (4745) Updated content (599 chars)
[OK] (4745) Updated content (582 chars)
[OK] (4745) Updated content (423 chars)
[OK] (4745) Updated content (407 chars)
[OK] (4745) Updated content (394 chars)
[OK] (4745) Updated content (1525 chars)
[OK] (4745) Updated content (1042 chars)
[OK] (4745) Updated content (548 chars)
[OK] (4745) Updated content (404 chars)
[OK] (7791) Updated content (310 chars)
[OK] (4581) Updated content (222 chars)
[OK] (1817) Updated content (687 chars)
[OK] (1817) Updated content (436 chars)
[OK] (1817) Updated content (613 chars)
[OK] (1817) Updated content (614 chars)
[OK] (7791) Updated content (1151 chars)
[OK] (1817) Updated content (241 chars)
[OK] (4911) Updated content (240 chars)
[OK] (1817) Updated content (564 chars)
[OK] (9949) Updated content (402 chars)
[OK] (4911) Updated content (417 chars)
[OK] (9949) Updated content (243 chars)
[OK] (8429) Updated content (393 chars)
[OK] (4911) Updated content (675 chars)
[OK] (4911) Updated content (700 chars)
[OK] (8429) Updated content (388 chars)
[OK] (8429) Updated content (685 chars)
[OK] (8429) Updated content (265 chars)
[OK] (6482) Updated content (813 chars)
[OK] (6482) Updated content (402 chars)
[OK] (6482) Updated content (453 chars)
[OK] (6482) Updated content (397 chars)
[OK] (6482) Updated content (232 chars)
[OK] (6482) Updated content (515 chars)
[OK] (6482) Updated content (353 chars)
[OK] (6482) Updated content (520 chars)
[OK] (6482) Updated content (613 chars)
[OK] (6482) Updated content (1302 chars)
[OK] (1730) Updated content (396 chars)
[OK] (1730) Updated content (409 chars)
[OK] (1730) Updated content (495 chars)
[OK] (6771) Updated content (371 chars)
[OK] (6482) Updated content (1314 chars)
[OK] (6771) Updated content (640 chars)
[OK] (4440) Updated content (236 chars)
[OK] (1730) Updated content (578 chars)
[OK] (6771) Updated content (605 chars)
[OK] (6771) Updated content (502 chars)
[OK] (1730) Updated content (235 chars)
[OK] (6771) Updated content (311 chars)
[OK] (6482) Updated content (411 chars)
[OK] (8905) Updated content (240 chars)
[OK] (8905) Updated content (849 chars)
[OK] (8905) Updated content (688 chars)
[OK] (8092) Updated content (410 chars)
[OK] (5206) Updated content (1104 chars)
[OK] (5206) Updated content (1049 chars)
[OK] (8905) Updated content (676 chars)
[OK] (5206) Updated content (1818 chars)
[OK] (5206) Updated content (568 chars)
[OK] (5206) Updated content (786 chars)
[OK] (5206) Updated content (570 chars)
[OK] (5206) Updated content (1817 chars)
[OK] (6637) Updated content (403 chars)
[OK] (5206) Updated content (259 chars)
[OK] (8092) Updated content (253 chars)
[OK] (6637) Updated content (438 chars)
[OK] (6637) Updated content (1823 chars)
[OK] (6637) Updated content (440 chars)
[OK] (6637) Updated content (774 chars)
[OK] (1474) Updated content (410 chars)
[OK] (6637) Updated content (516 chars)
[OK] (6637) Updated content (1700 chars)
[OK] (6637) Updated content (314 chars)
[OK] (1474) Updated content (378 chars)
[OK] (8024) Updated content (289 chars)
[OK] (8024) Updated content (777 chars)
[OK] (8024) Updated content (536 chars)
[OK] (8024) Updated content (438 chars)
[OK] (8024) Updated content (452 chars)
[OK] (4702) Updated content (235 chars)
[OK] (8024) Updated content (596 chars)
[OK] (8024) Updated content (623 chars)
[OK] (4702) Updated content (577 chars)
[OK] (4702) Updated content (467 chars)
[OK] (4702) Updated content (313 chars)
[OK] (8024) Updated content (688 chars)
[OK] (8024) Updated content (1533 chars)
[OK] (4127) Updated content (413 chars)
[OK] (4127) Updated content (379 chars)
[OK] (4127) Updated content (382 chars)
[OK] (4127) Updated content (385 chars)
[OK] (4127) Updated content (2300 chars)
[OK] (4127) Updated content (416 chars)
[OK] (4127) Updated content (429 chars)
[OK] (4127) Updated content (2325 chars)
[OK] (4127) Updated content (4236 chars)
[OK] (4127) Updated content (472 chars)
[OK] (4127) Updated content (1609 chars)
[OK] (4127) Updated content (607 chars)
[OK] (4127) Updated content (397 chars)
[OK] (4127) Updated content (195 chars)
[OK] (4127) Updated content (355 chars)
[OK] (4127) Updated content (365 chars)
[OK] (4127) Updated content (650 chars)
[OK] (4127) Updated content (649 chars)
[OK] (4127) Updated content (645 chars)
[OK] (4127) Updated content (382 chars)
[OK] (4127) Updated content (252 chars)
[OK] (5543) Updated content (675 chars)
[OK] (5543) Updated content (391 chars)
[OK] (5543) Updated content (400 chars)
[OK] (3266) Updated content (413 chars)
[OK] (5543) Updated content (714 chars)
[OK] (3266) Updated content (400 chars)
[OK] (8481) Updated content (211 chars)
[OK] (8481) Updated content (369 chars)
[OK] (3266) Updated content (217 chars)
[OK] (8481) Updated content (568 chars)
[OK] (5902) Updated content (288 chars)
[OK] (5902) Updated content (350 chars)
[OK] (3266) Updated content (379 chars)
[OK] (5543) Updated content (243 chars)
[OK] (5902) Updated content (459 chars)
[OK] (5902) Updated content (452 chars)
[OK] (5902) Updated content (436 chars)
[OK] (5902) Updated content (289 chars)
[OK] (5543) Updated content (434 chars)
[OK] (5902) Updated content (219 chars)
[OK] (2012) Updated content (439 chars)
[OK] (2012) Updated content (401 chars)
[OK] (6855) Updated content (568 chars)
[OK] (6855) Updated content (421 chars)
[OK] (2012) Updated content (239 chars)
[OK] (5902) Updated content (653 chars)
[OK] (5902) Updated content (499 chars)
[OK] (6855) Updated content (460 chars)
[OK] (6855) Updated content (508 chars)
[OK] (6855) Updated content (390 chars)
[OK] (6666) Updated content (462 chars)
[OK] (6666) Updated content (1612 chars)
[OK] (6855) Updated content (459 chars)
[OK] (6666) Updated content (555 chars)
[OK] (6666) Updated content (827 chars)
[OK] (6855) Updated content (334 chars)
[OK] (6666) Updated content (833 chars)
[OK] (6666) Updated content (683 chars)
[OK] (6666) Updated content (254 chars)
[OK] (6666) Updated content (1429 chars)
[OK] (6666) Updated content (468 chars)
[OK] (6666) Updated content (1466 chars)
[OK] (2496) Updated content (445 chars)
[OK] (2496) Updated content (234 chars)
[OK] (6666) Updated content (350 chars)
[OK] (6666) Updated content (377 chars)
[OK] (2496) Updated content (673 chars)
[OK] (3054) Updated content (424 chars)
[OK] (3054) Updated content (938 chars)
[OK] (3054) Updated content (417 chars)
[OK] (3054) Updated content (1695 chars)
[OK] (3054) Updated content (356 chars)
[OK] (3054) Updated content (748 chars)
[OK] (3054) Updated content (510 chars)
[OK] (3054) Updated content (667 chars)
[OK] (3054) Updated content (564 chars)
[OK] (3054) Updated content (421 chars)
[OK] (3054) Updated content (717 chars)
[OK] (3054) Updated content (668 chars)
[OK] (3054) Updated content (707 chars)
[OK] (3054) Updated content (707 chars)
[OK] (3054) Updated content (721 chars)
[OK] (3054) Updated content (360 chars)
[OK] (3054) Updated content (663 chars)
[OK] (3054) Updated content (1197 chars)
[OK] (3054) Updated content (235 chars)
[OK] (3054) Updated content (1582 chars)
[OK] (3054) Updated content (1185 chars)
[OK] (3054) Updated content (589 chars)
[OK] (3054) Updated content (397 chars)
[OK] (3054) Updated content (735 chars)
[OK] (3054) Updated content (437 chars)
[OK] (3054) Updated content (354 chars)
[OK] (6590) Updated content (436 chars)
[OK] (3054) Updated content (853 chars)
[OK] (3054) Updated content (409 chars)
[OK] (9928) Updated content (382 chars)
[OK] (7730) Updated content (471 chars)
[OK] (6590) Updated content (210 chars)
[OK] (5523) Updated content (610 chars)
[OK] (9928) Updated content (232 chars)
[OK] (7730) Updated content (272 chars)
[OK] (5523) Updated content (572 chars)
[OK] (5523) Updated content (1240 chars)
[OK] (5523) Updated content (404 chars)
[OK] (5523) Updated content (497 chars)
[OK] (3054) Updated content (744 chars)
[OK] (1535) Updated content (732 chars)
[OK] (5523) Updated content (228 chars)
[OK] (5523) Updated content (605 chars)
[OK] (1535) Updated content (488 chars)
[OK] (1535) Updated content (759 chars)
[OK] (1535) Updated content (217 chars)
[OK] (1535) Updated content (662 chars)
[OK] (1535) Updated content (672 chars)
[OK] (8437) Updated content (406 chars)
[OK] (1535) Updated content (398 chars)
[OK] (1535) Updated content (1764 chars)
[OK] (4747) Updated content (727 chars)
[OK] (8437) Updated content (398 chars)
[OK] (8437) Updated content (283 chars)
[OK] (4747) Updated content (262 chars)
[OK] (8437) Updated content (222 chars)
[OK] (4747) Updated content (607 chars)
[OK] (4747) Updated content (442 chars)
[OK] (4747) Updated content (560 chars)
[OK] (1535) Updated content (619 chars)
[OK] (4568) Updated content (775 chars)
[OK] (4568) Updated content (748 chars)
[OK] (4568) Updated content (1308 chars)
[OK] (4747) Updated content (431 chars)
[OK] (1463) Updated content (6046 chars)
[OK] (8437) Updated content (369 chars)
[OK] (1463) Updated content (6039 chars)
[OK] (1463) Updated content (240 chars)
[OK] (4568) Updated content (236 chars)
[OK] (4121) Updated content (416 chars)
[OK] (4121) Updated content (372 chars)
[OK] (2732) Updated content (239 chars)
[OK] (2732) Updated content (406 chars)
[OK] (4568) Updated content (465 chars)
[OK] (2732) Updated content (438 chars)
[OK] (4747) Updated content (744 chars)
[OK] (4568) Updated content (589 chars)
[OK] (1726) Updated content (417 chars)
[OK] (1726) Updated content (1259 chars)
[OK] (1726) Updated content (570 chars)
[OK] (1726) Updated content (833 chars)
[OK] (1726) Updated content (515 chars)
[OK] (1726) Updated content (270 chars)
[OK] (1726) Updated content (634 chars)
[OK] (1726) Updated content (466 chars)
[OK] (1726) Updated content (460 chars)
[OK] (1726) Updated content (539 chars)
[OK] (1726) Updated content (266 chars)
[OK] (6464) Updated content (354 chars)
[OK] (8426) Updated content (222 chars)
[OK] (8426) Updated content (450 chars)
[OK] (3066) Updated content (454 chars)
[OK] (8426) Updated content (730 chars)
[OK] (3066) Updated content (292 chars)
[OK] (6969) Updated content (965 chars)
[OK] (6464) Updated content (193 chars)
[OK] (3066) Updated content (1501 chars)
[OK] (6464) Updated content (342 chars)
[OK] (3066) Updated content (409 chars)
[OK] (3066) Updated content (394 chars)
[OK] (3066) Updated content (441 chars)
[OK] (3066) Updated content (415 chars)
[OK] (3066) Updated content (415 chars)
[OK] (1726) Updated content (595 chars)
[OK] (3066) Updated content (415 chars)
[OK] (3066) Updated content (460 chars)
[OK] (3066) Updated content (436 chars)
[OK] (5516) Updated content (217 chars)
[OK] (5516) Updated content (357 chars)
[OK] (3066) Updated content (414 chars)
[OK] (4527) Updated content (797 chars)
[OK] (4527) Updated content (272 chars)
[OK] (3066) Updated content (721 chars)
[OK] (4527) Updated content (375 chars)
[OK] (4527) Updated content (395 chars)
[OK] (4527) Updated content (392 chars)
[OK] (4527) Updated content (345 chars)
[OK] (4527) Updated content (1470 chars)
[OK] (1439) Updated content (411 chars)
[OK] (4527) Updated content (439 chars)
[OK] (1439) Updated content (658 chars)
[OK] (1439) Updated content (398 chars)
[OK] (1439) Updated content (452 chars)
[OK] (1456) Updated content (403 chars)
[OK] (1456) Updated content (402 chars)
[OK] (1439) Updated content (219 chars)
[OK] (1456) Updated content (416 chars)
[OK] (1456) Updated content (400 chars)
[OK] (1456) Updated content (419 chars)
[OK] (1456) Updated content (424 chars)
[OK] (1456) Updated content (698 chars)
[OK] (1456) Updated content (504 chars)
[OK] (1456) Updated content (255 chars)
[OK] (4126) Updated content (234 chars)
[OK] (6884) Updated content (211 chars)
[OK] (6884) Updated content (416 chars)
[OK] (4126) Updated content (459 chars)
[OK] (6276) Updated content (419 chars)
[OK] (6884) Updated content (429 chars)
[OK] (4126) Updated content (669 chars)
[OK] (4126) Updated content (577 chars)
[OK] (6276) Updated content (250 chars)
[OK] (6276) Updated content (431 chars)
[OK] (6276) Updated content (442 chars)
[OK] (6276) Updated content (810 chars)
[OK] (6276) Updated content (440 chars)
[OK] (6276) Updated content (1352 chars)
[OK] (6276) Updated content (535 chars)
[OK] (6276) Updated content (590 chars)
[OK] (6276) Updated content (729 chars)
[OK] (6276) Updated content (434 chars)
[OK] (6276) Updated content (596 chars)
[OK] (6276) Updated content (724 chars)
[OK] (6276) Updated content (544 chars)
[OK] (6276) Updated content (432 chars)
[OK] (6276) Updated content (439 chars)
[OK] (6276) Updated content (745 chars)
[OK] (3664) Updated content (690 chars)
[OK] (3664) Updated content (674 chars)
[OK] (3664) Updated content (742 chars)
[OK] (6276) Updated content (351 chars)
[OK] (3664) Updated content (689 chars)
[OK] (6276) Updated content (432 chars)
[OK] (3664) Updated content (1163 chars)
[OK] (3664) Updated content (689 chars)
[OK] (3664) Updated content (1153 chars)
[OK] (3664) Updated content (1191 chars)
[OK] (3664) Updated content (1197 chars)
[OK] (3664) Updated content (1199 chars)
[OK] (8432) Updated content (404 chars)
[OK] (3664) Updated content (1875 chars)
[OK] (3664) Updated content (251 chars)
[OK] (3664) Updated content (702 chars)
[OK] (8432) Updated content (508 chars)
[OK] (8432) Updated content (508 chars)
[OK] (8432) Updated content (374 chars)
[OK] (8432) Updated content (508 chars)
[OK] (8432) Updated content (703 chars)
[OK] (8432) Updated content (700 chars)
[OK] (8432) Updated content (544 chars)
[OK] (8432) Updated content (518 chars)
[OK] (8432) Updated content (1741 chars)
[OK] (8432) Updated content (508 chars)
[OK] (8432) Updated content (812 chars)
[OK] (8432) Updated content (712 chars)
[OK] (8432) Updated content (770 chars)
[OK] (8432) Updated content (791 chars)
[OK] (8432) Updated content (726 chars)
[OK] (8432) Updated content (347 chars)
[OK] (8432) Updated content (498 chars)
[OK] (8432) Updated content (703 chars)
[OK] (8432) Updated content (389 chars)
[OK] (8432) Updated content (779 chars)
[OK] (6504) Updated content (354 chars)
[OK] (6504) Updated content (1649 chars)
[OK] (4754) Updated content (376 chars)
[OK] (4754) Updated content (439 chars)
[OK] (4754) Updated content (347 chars)
[OK] (4754) Updated content (458 chars)
[OK] (4754) Updated content (650 chars)
[OK] (8367) Updated content (364 chars)
[OK] (4754) Updated content (472 chars)
[OK] (4754) Updated content (462 chars)
[OK] (6504) Updated content (239 chars)
[OK] (8367) Updated content (236 chars)
[OK] (6593) Updated content (394 chars)
[OK] (4754) Updated content (674 chars)
[OK] (8367) Updated content (1046 chars)
[OK] (6183) Updated content (411 chars)
[OK] (6593) Updated content (204 chars)
[OK] (6593) Updated content (570 chars)
[OK] (8931) Updated content (535 chars)
[OK] (8931) Updated content (220 chars)
[OK] (6183) Updated content (346 chars)
[OK] (6593) Updated content (200 chars)
[OK] (8931) Updated content (453 chars)
[OK] (8931) Updated content (1408 chars)
[OK] (1460) Updated content (427 chars)
[OK] (8931) Updated content (465 chars)
[OK] (5355) Updated content (412 chars)
[OK] (1460) Updated content (249 chars)
[OK] (1460) Updated content (319 chars)
[OK] (8931) Updated content (618 chars)
[OK] (5355) Updated content (419 chars)
[OK] (5355) Updated content (438 chars)
[OK] (5355) Updated content (450 chars)
[OK] (5355) Updated content (447 chars)
[OK] (1460) Updated content (448 chars)
[OK] (5355) Updated content (421 chars)
[OK] (5355) Updated content (437 chars)
[OK] (5355) Updated content (713 chars)
[OK] (5355) Updated content (916 chars)
[OK] (5355) Updated content (254 chars)
[OK] (5355) Updated content (429 chars)
[OK] (1525) Updated content (395 chars)
[OK] (5355) Updated content (964 chars)
[OK] (5355) Updated content (435 chars)
[OK] (5355) Updated content (438 chars)
[OK] (5355) Updated content (417 chars)
[OK] (5355) Updated content (436 chars)
[OK] (1525) Updated content (572 chars)
[OK] (1525) Updated content (358 chars)
[OK] (1525) Updated content (217 chars)
[OK] (1525) Updated content (580 chars)
[OK] (1525) Updated content (429 chars)
[OK] (4439) Updated content (298 chars)
[OK] (4439) Updated content (700 chars)
[OK] (4439) Updated content (585 chars)
[OK] (4439) Updated content (416 chars)
[OK] (4439) Updated content (491 chars)
[OK] (4439) Updated content (2237 chars)
[OK] (4439) Updated content (943 chars)
[OK] (6194) Updated content (407 chars)
[OK] (4439) Updated content (862 chars)
[OK] (4439) Updated content (710 chars)
[OK] (6194) Updated content (416 chars)
[OK] (6194) Updated content (395 chars)
[OK] (2114) Updated content (304 chars)
[OK] (2114) Updated content (502 chars)
[OK] (2114) Updated content (841 chars)
[OK] (6194) Updated content (240 chars)
[OK] (3224) Updated content (615 chars)
[OK] (3224) Updated content (558 chars)
[OK] (3118) Updated content (505 chars)
[OK] (3224) Updated content (616 chars)
[OK] (2114) Updated content (348 chars)
[OK] (3224) Updated content (234 chars)
[OK] (3118) Updated content (406 chars)
[OK] (3224) Updated content (513 chars)
[OK] (3118) Updated content (500 chars)
[OK] (3118) Updated content (217 chars)
[OK] (3118) Updated content (400 chars)
[OK] (1452) Updated content (412 chars)
[OK] (3118) Updated content (307 chars)
[OK] (1452) Updated content (507 chars)
[OK] (5603) Updated content (333 chars)
[OK] (1452) Updated content (320 chars)
[OK] (5603) Updated content (646 chars)
[OK] (5603) Updated content (374 chars)
[OK] (5603) Updated content (630 chars)
[OK] (5603) Updated content (437 chars)
[OK] (6241) Updated content (403 chars)
[OK] (6241) Updated content (340 chars)
[OK] (6241) Updated content (232 chars)
[OK] (6241) Updated content (328 chars)
[OK] (6241) Updated content (404 chars)
[OK] (6241) Updated content (347 chars)
[OK] (6241) Updated content (386 chars)
[OK] (6241) Updated content (343 chars)
[OK] (6241) Updated content (407 chars)
[OK] (6241) Updated content (404 chars)
[OK] (6241) Updated content (320 chars)
[OK] (6241) Updated content (410 chars)
[OK] (6241) Updated content (360 chars)
[OK] (6241) Updated content (403 chars)
[OK] (2916) Updated content (408 chars)
[OK] (2916) Updated content (225 chars)
[OK] (6241) Updated content (2024 chars)
[OK] (6241) Updated content (620 chars)
[OK] (6241) Updated content (715 chars)
[OK] (6101) Updated content (381 chars)
[OK] (2916) Updated content (317 chars)
[OK] (2916) Updated content (1480 chars)
[OK] (6101) Updated content (416 chars)
[OK] (6101) Updated content (431 chars)
[OK] (6101) Updated content (931 chars)
[OK] (6101) Updated content (402 chars)
[OK] (6108) Updated content (345 chars)
[OK] (6108) Updated content (897 chars)
[OK] (6101) Updated content (385 chars)
[OK] (6101) Updated content (720 chars)
[OK] (6108) Updated content (463 chars)
[OK] (6101) Updated content (719 chars)
[OK] (3652) Updated content (396 chars)
[OK] (1235) Updated content (338 chars)
[OK] (3652) Updated content (389 chars)
[OK] (6101) Updated content (671 chars)
[OK] (6108) Updated content (867 chars)
[OK] (3652) Updated content (336 chars)
[OK] (3652) Updated content (702 chars)
[OK] (3652) Updated content (348 chars)
[OK] (3652) Updated content (437 chars)
[OK] (3652) Updated content (2422 chars)
[OK] (3652) Updated content (378 chars)
[OK] (3652) Updated content (804 chars)
[OK] (3652) Updated content (348 chars)
[OK] (3652) Updated content (531 chars)
[OK] (3652) Updated content (649 chars)
[OK] (3652) Updated content (364 chars)
[OK] (3652) Updated content (342 chars)
[OK] (3652) Updated content (403 chars)
[OK] (3652) Updated content (512 chars)
[OK] (3652) Updated content (571 chars)
[OK] (6936) Updated content (221 chars)
[OK] (3652) Updated content (369 chars)
[OK] (3652) Updated content (343 chars)
[OK] (3652) Updated content (361 chars)
[OK] (6936) Updated content (289 chars)
[OK] (8466) Updated content (354 chars)
[OK] (6804) Updated content (713 chars)
[OK] (8466) Updated content (389 chars)
[OK] (8466) Updated content (689 chars)
[OK] (8466) Updated content (2181 chars)
[OK] (8466) Updated content (789 chars)
[OK] (8466) Updated content (342 chars)
[OK] (6804) Updated content (209 chars)
[OK] (8466) Updated content (223 chars)
[OK] (8466) Updated content (638 chars)
[OK] (6804) Updated content (682 chars)
[OK] (4438) Updated content (681 chars)
[OK] (1466) Updated content (219 chars)
[OK] (4438) Updated content (601 chars)
[OK] (4438) Updated content (1613 chars)
[OK] (4438) Updated content (234 chars)
[OK] (1466) Updated content (618 chars)
[OK] (4438) Updated content (1987 chars)
[OK] (1466) Updated content (477 chars)
[OK] (4438) Updated content (528 chars)
[OK] (4438) Updated content (738 chars)
[OK] (4438) Updated content (1963 chars)
[OK] (3150) Updated content (305 chars)
[OK] (4438) Updated content (600 chars)
[OK] (3150) Updated content (466 chars)
[OK] (2718) Updated content (435 chars)
[OK] (2718) Updated content (241 chars)
[OK] (2718) Updated content (676 chars)
[OK] (6697) Updated content (611 chars)
[OK] (6697) Updated content (353 chars)
[OK] (6697) Updated content (419 chars)
[OK] (6697) Updated content (822 chars)
[OK] (6697) Updated content (250 chars)
[OK] (3150) Updated content (476 chars)
[OK] (6697) Updated content (385 chars)
[OK] (8421) Updated content (511 chars)
[OK] (6692) Updated content (326 chars)
[OK] (6697) Updated content (432 chars)
[OK] (6692) Updated content (529 chars)
[OK] (6692) Updated content (358 chars)
[OK] (8421) Updated content (239 chars)
[OK] (6692) Updated content (235 chars)
[OK] (8444) Updated content (404 chars)
[OK] (6692) Updated content (1611 chars)
[OK] (8401) Updated content (241 chars)
[OK] (8401) Updated content (381 chars)
[OK] (8444) Updated content (395 chars)
[OK] (8444) Updated content (599 chars)
[OK] (8444) Updated content (614 chars)
[OK] (8444) Updated content (773 chars)
[OK] (8444) Updated content (658 chars)
[OK] (8444) Updated content (1949 chars)
[OK] (8444) Updated content (225 chars)
[OK] (8444) Updated content (1959 chars)
[OK] (8444) Updated content (610 chars)
[OK] (8444) Updated content (1408 chars)
[OK] (8444) Updated content (488 chars)
[OK] (4711) Updated content (643 chars)
[OK] (8444) Updated content (903 chars)
[OK] (4711) Updated content (371 chars)
[OK] (4711) Updated content (398 chars)
[OK] (8444) Updated content (455 chars)
[OK] (4711) Updated content (353 chars)
[OK] (4711) Updated content (234 chars)
[OK] (6874) Updated content (390 chars)
[OK] (2702) Updated content (305 chars)
[OK] (7713) Updated content (1399 chars)
[OK] (6874) Updated content (384 chars)
[OK] (6874) Updated content (391 chars)
[OK] (7713) Updated content (338 chars)
[OK] (7713) Updated content (382 chars)
[OK] (3419) Updated content (248 chars)
[OK] (2702) Updated content (249 chars)
[OK] (7713) Updated content (514 chars)
[OK] (7713) Updated content (646 chars)
[OK] (7713) Updated content (458 chars)
[OK] (7713) Updated content (222 chars)
[OK] (7713) Updated content (676 chars)
[OK] (3168) Updated content (503 chars)
[OK] (6874) Updated content (210 chars)
[OK] (7713) Updated content (376 chars)
[OK] (3168) Updated content (304 chars)
[OK] (4930) Updated content (393 chars)
[OK] (3168) Updated content (745 chars)
[OK] (4930) Updated content (377 chars)
[OK] (6259) Updated content (410 chars)
[OK] (6259) Updated content (368 chars)
[OK] (4930) Updated content (418 chars)
[OK] (6259) Updated content (390 chars)
[OK] (4930) Updated content (253 chars)
[OK] (6259) Updated content (417 chars)
[OK] (6259) Updated content (433 chars)
[OK] (6259) Updated content (370 chars)
[OK] (6259) Updated content (404 chars)
[OK] (6259) Updated content (384 chars)
[OK] (6259) Updated content (398 chars)
[OK] (6259) Updated content (3746 chars)
[OK] (6259) Updated content (408 chars)
[OK] (6259) Updated content (394 chars)
[OK] (6259) Updated content (364 chars)
[OK] (6259) Updated content (758 chars)
[OK] (6259) Updated content (408 chars)
[OK] (5015) Updated content (396 chars)
[OK] (6259) Updated content (721 chars)
[OK] (6259) Updated content (365 chars)
[OK] (6259) Updated content (416 chars)
[OK] (6259) Updated content (385 chars)
[OK] (5015) Updated content (378 chars)
[OK] (6259) Updated content (706 chars)
[OK] (6259) Updated content (393 chars)
[OK] (6259) Updated content (415 chars)
[OK] (5015) Updated content (374 chars)
[OK] (6259) Updated content (385 chars)
[OK] (5015) Updated content (319 chars)
[OK] (5015) Updated content (406 chars)
[OK] (6259) Updated content (671 chars)
[OK] (6259) Updated content (354 chars)
[OK] (5015) Updated content (380 chars)
[OK] (5015) Updated content (487 chars)
[OK] (5015) Updated content (383 chars)
[OK] (5015) Updated content (378 chars)
[OK] (5015) Updated content (382 chars)
[OK] (5015) Updated content (374 chars)
[OK] (5015) Updated content (392 chars)
[OK] (1516) Updated content (563 chars)
[OK] (1516) Updated content (509 chars)
[OK] (1516) Updated content (800 chars)
[OK] (1516) Updated content (232 chars)
[OK] (8487) Updated content (689 chars)
[OK] (1516) Updated content (578 chars)
[OK] (3494) Updated content (499 chars)
[OK] (1516) Updated content (517 chars)
[OK] (8487) Updated content (472 chars)
[OK] (3494) Updated content (477 chars)
[OK] (3494) Updated content (243 chars)
[OK] (8487) Updated content (472 chars)
[OK] (6955) Updated content (236 chars)
[OK] (5212) Updated content (465 chars)
[OK] (5212) Updated content (793 chars)
[OK] (5212) Updated content (552 chars)
[OK] (5212) Updated content (576 chars)
[OK] (8487) Updated content (306 chars)
[OK] (5212) Updated content (335 chars)
[OK] (8487) Updated content (1332 chars)
[OK] (5212) Updated content (1623 chars)
[OK] (5212) Updated content (714 chars)
[OK] (5212) Updated content (667 chars)
[OK] (5212) Updated content (715 chars)
[OK] (5212) Updated content (587 chars)
[OK] (5212) Updated content (543 chars)
[OK] (1796) Updated content (219 chars)
[OK] (6208) Updated content (425 chars)
[OK] (6952) Updated content (220 chars)
[OK] (6208) Updated content (584 chars)
[OK] (6952) Updated content (426 chars)
[OK] (6208) Updated content (1842 chars)
[OK] (6208) Updated content (1855 chars)
[OK] (6208) Updated content (368 chars)
[OK] (6208) Updated content (349 chars)
[OK] (6208) Updated content (352 chars)
[OK] (1796) Updated content (375 chars)
[OK] (6208) Updated content (232 chars)
[OK] (6208) Updated content (1310 chars)
[OK] (6208) Updated content (710 chars)
[OK] (6208) Updated content (347 chars)
[OK] (6208) Updated content (446 chars)
[OK] (6208) Updated content (345 chars)
[OK] (6208) Updated content (347 chars)
[OK] (6208) Updated content (366 chars)
[OK] (6208) Updated content (666 chars)
[OK] (6208) Updated content (347 chars)
[OK] (2929) Updated content (704 chars)
[OK] (6208) Updated content (350 chars)
[OK] (2929) Updated content (340 chars)
[OK] (2929) Updated content (353 chars)
[OK] (2929) Updated content (338 chars)
[OK] (2929) Updated content (657 chars)
[OK] (2929) Updated content (380 chars)
[OK] (2929) Updated content (349 chars)
[OK] (2929) Updated content (326 chars)
[OK] (4735) Updated content (642 chars)
[OK] (2929) Updated content (421 chars)
[OK] (2929) Updated content (1220 chars)
[OK] (2929) Updated content (237 chars)
[OK] (4735) Updated content (217 chars)
[OK] (4735) Updated content (434 chars)
[OK] (4735) Updated content (278 chars)
[OK] (4735) Updated content (384 chars)
[OK] (6754) Updated content (437 chars)
[OK] (4735) Updated content (350 chars)
[OK] (9962) Updated content (403 chars)
[OK] (9962) Updated content (358 chars)
[OK] (9962) Updated content (219 chars)
[OK] (2849) Updated content (386 chars)
[OK] (6754) Updated content (221 chars)
[OK] (6754) Updated content (286 chars)
[OK] (2007) Updated content (454 chars)
[OK] (2007) Updated content (217 chars)
[OK] (2007) Updated content (337 chars)
[OK] (2007) Updated content (378 chars)
[OK] (8087) Updated content (595 chars)
[OK] (2007) Updated content (315 chars)
[OK] (2007) Updated content (327 chars)
[OK] (8087) Updated content (1057 chars)
[OK] (8087) Updated content (375 chars)
[OK] (8087) Updated content (997 chars)
[OK] (8087) Updated content (593 chars)
[OK] (8087) Updated content (1078 chars)
[OK] (8087) Updated content (604 chars)
[OK] (8087) Updated content (213 chars)
[OK] (8087) Updated content (678 chars)
[OK] (8087) Updated content (1140 chars)
[OK] (8087) Updated content (1135 chars)
[OK] (8087) Updated content (641 chars)
[OK] (8087) Updated content (376 chars)
[OK] (8087) Updated content (1133 chars)
[OK] (8087) Updated content (1138 chars)
[OK] (8087) Updated content (1473 chars)
[OK] (8087) Updated content (382 chars)
[OK] (8087) Updated content (1133 chars)
[OK] (8087) Updated content (315 chars)
[OK] (8087) Updated content (517 chars)
[OK] (8087) Updated content (1123 chars)
[OK] (8087) Updated content (665 chars)
[OK] (8087) Updated content (470 chars)
[OK] (8087) Updated content (628 chars)
[OK] (8087) Updated content (864 chars)
[OK] (8087) Updated content (662 chars)
[OK] (8087) Updated content (1552 chars)
[OK] (3164) Updated content (1103 chars)
[OK] (3164) Updated content (520 chars)
[OK] (3164) Updated content (477 chars)
[OK] (8087) Updated content (1490 chars)
[OK] (3164) Updated content (615 chars)
[OK] (3164) Updated content (337 chars)
[OK] (3164) Updated content (1316 chars)
[OK] (3206) Updated content (423 chars)
[OK] (5488) Updated content (325 chars)
[OK] (3206) Updated content (440 chars)
[OK] (5488) Updated content (342 chars)
[OK] (5487) Updated content (239 chars)
[OK] (5487) Updated content (681 chars)
[OK] (3206) Updated content (690 chars)
[OK] (5488) Updated content (340 chars)
[OK] (5488) Updated content (317 chars)
[OK] (3206) Updated content (231 chars)
[OK] (1336) Updated content (409 chars)
[OK] (1336) Updated content (217 chars)
[OK] (1336) Updated content (409 chars)
[OK] (1336) Updated content (403 chars)
[OK] (1336) Updated content (393 chars)
[OK] (8102) Updated content (373 chars)
[OK] (1336) Updated content (364 chars)
[OK] (8102) Updated content (241 chars)
[OK] (8102) Updated content (369 chars)
[OK] (8102) Updated content (376 chars)
[OK] (8102) Updated content (403 chars)
[OK] (8102) Updated content (392 chars)
[OK] (8102) Updated content (386 chars)
[OK] (1336) Updated content (681 chars)
[OK] (5488) Updated content (322 chars)
[OK] (2945) Updated content (382 chars)
[OK] (1336) Updated content (376 chars)
[OK] (2945) Updated content (442 chars)
[OK] (2945) Updated content (579 chars)
[OK] (2945) Updated content (1041 chars)
[OK] (2945) Updated content (373 chars)
[OK] (6494) Updated content (541 chars)
[OK] (2945) Updated content (709 chars)
[OK] (6494) Updated content (629 chars)
[OK] (2945) Updated content (676 chars)
[OK] (2945) Updated content (500 chars)
[OK] (2945) Updated content (1590 chars)
[OK] (6494) Updated content (664 chars)
[OK] (6494) Updated content (224 chars)
[OK] (6494) Updated content (350 chars)
[OK] (6494) Updated content (414 chars)
[OK] (6494) Updated content (355 chars)
[OK] (6494) Updated content (726 chars)
[OK] (6494) Updated content (718 chars)
[OK] (6494) Updated content (332 chars)
[OK] (6494) Updated content (296 chars)
[OK] (6494) Updated content (421 chars)
[OK] (1417) Updated content (233 chars)
[OK] (6494) Updated content (338 chars)
[OK] (2538) Updated content (427 chars)
[OK] (1417) Updated content (604 chars)
[OK] (6924) Updated content (432 chars)
[OK] (2538) Updated content (369 chars)
[OK] (6924) Updated content (364 chars)
[OK] (6924) Updated content (767 chars)
[OK] (6924) Updated content (438 chars)
[OK] (6924) Updated content (404 chars)
[OK] (6924) Updated content (408 chars)
[OK] (6924) Updated content (430 chars)
[OK] (6924) Updated content (713 chars)
[OK] (6924) Updated content (1246 chars)
[OK] (6924) Updated content (418 chars)
[OK] (6924) Updated content (1411 chars)
[OK] (4995) Updated content (287 chars)
[OK] (4433) Updated content (395 chars)
[OK] (4995) Updated content (373 chars)
[OK] (4433) Updated content (630 chars)
[OK] (4205) Updated content (1018 chars)
[OK] (4433) Updated content (639 chars)
[OK] (4433) Updated content (583 chars)
[OK] (4433) Updated content (438 chars)
[OK] (4205) Updated content (249 chars)
[OK] (4995) Updated content (341 chars)
[OK] (4433) Updated content (1329 chars)
[OK] (4433) Updated content (768 chars)
[OK] (4433) Updated content (210 chars)
[OK] (5210) Updated content (219 chars)
[OK] (5210) Updated content (348 chars)
[OK] (5210) Updated content (382 chars)
[OK] (3710) Updated content (376 chars)
[OK] (3710) Updated content (351 chars)
[OK] (5210) Updated content (1111 chars)
[OK] (4433) Updated content (387 chars)
[OK] (5210) Updated content (971 chars)
[OK] (3710) Updated content (364 chars)
[OK] (3710) Updated content (247 chars)
[OK] (3710) Updated content (416 chars)
[OK] (3710) Updated content (798 chars)
[OK] (3710) Updated content (858 chars)
[OK] (3710) Updated content (795 chars)
[OK] (3710) Updated content (791 chars)
[OK] (3710) Updated content (520 chars)
[OK] (3710) Updated content (631 chars)
[OK] (3710) Updated content (666 chars)
[OK] (3710) Updated content (1181 chars)
[OK] (3710) Updated content (1837 chars)
[OK] (3710) Updated content (3373 chars)
[OK] (3710) Updated content (782 chars)
[OK] (3710) Updated content (572 chars)
[OK] (3710) Updated content (615 chars)
[OK] (3710) Updated content (1058 chars)
[OK] (3710) Updated content (548 chars)
[OK] (3710) Updated content (781 chars)
[OK] (1457) Updated content (397 chars)
[OK] (1457) Updated content (378 chars)
[OK] (3710) Updated content (429 chars)
[OK] (1457) Updated content (722 chars)
[OK] (1457) Updated content (580 chars)
[OK] (1457) Updated content (391 chars)
[OK] (1457) Updated content (242 chars)
[OK] (4426) Updated content (316 chars)
[OK] (4426) Updated content (324 chars)
[OK] (4426) Updated content (325 chars)
[OK] (4426) Updated content (334 chars)
[OK] (4426) Updated content (390 chars)
[OK] (4426) Updated content (234 chars)
[OK] (4530) Updated content (384 chars)
[OK] (4530) Updated content (618 chars)
[OK] (4426) Updated content (606 chars)
[OK] (4530) Updated content (386 chars)
[OK] (4426) Updated content (404 chars)
[OK] (4530) Updated content (399 chars)
[OK] (4530) Updated content (219 chars)
[OK] (4530) Updated content (399 chars)
[OK] (3158) Updated content (523 chars)
[OK] (4530) Updated content (393 chars)
[OK] (4530) Updated content (210 chars)
[OK] (3158) Updated content (244 chars)
[OK] (3158) Updated content (734 chars)
[OK] (3158) Updated content (443 chars)
[OK] (3158) Updated content (1360 chars)
[OK] (4530) Updated content (393 chars)
[OK] (4530) Updated content (375 chars)
[OK] (3158) Updated content (485 chars)
[OK] (3646) Updated content (589 chars)
[OK] (3158) Updated content (579 chars)
[OK] (3158) Updated content (596 chars)
[OK] (3158) Updated content (671 chars)
[OK] (3646) Updated content (241 chars)
[OK] (6168) Updated content (397 chars)
[OK] (6168) Updated content (740 chars)
[OK] (6168) Updated content (730 chars)
[OK] (6168) Updated content (750 chars)
[OK] (3002) Updated content (431 chars)
[OK] (3002) Updated content (3762 chars)
[OK] (6168) Updated content (1195 chars)
[OK] (3002) Updated content (442 chars)
[OK] (3002) Updated content (475 chars)
[OK] (3002) Updated content (414 chars)
[OK] (3002) Updated content (421 chars)
[OK] (3646) Updated content (423 chars)
[OK] (3625) Updated content (715 chars)
[OK] (8072) Updated content (473 chars)
[OK] (3002) Updated content (827 chars)
[OK] (3625) Updated content (733 chars)
[OK] (3114) Updated content (420 chars)
[OK] (8072) Updated content (434 chars)
[OK] (3625) Updated content (1165 chars)
[OK] (3114) Updated content (754 chars)
[OK] (3114) Updated content (426 chars)
[OK] (5213) Updated content (1643 chars)
[OK] (3114) Updated content (405 chars)
[OK] (3114) Updated content (403 chars)
[OK] (6624) Updated content (475 chars)
[OK] (4556) Updated content (350 chars)
[OK] (3625) Updated content (642 chars)
[OK] (3114) Updated content (723 chars)
[OK] (2816) Updated content (1351 chars)
[OK] (4556) Updated content (606 chars)
[OK] (4556) Updated content (348 chars)
[OK] (3684) Updated content (475 chars)
[OK] (3684) Updated content (658 chars)
[OK] (4556) Updated content (353 chars)
[OK] (6751) Updated content (411 chars)
[OK] (3438) Updated content (356 chars)
[OK] (3611) Updated content (483 chars)
[OK] (4556) Updated content (367 chars)
[OK] (3438) Updated content (710 chars)
[OK] (3438) Updated content (473 chars)
[OK] (9906) Updated content (373 chars)
[OK] (3438) Updated content (345 chars)
[OK] (3438) Updated content (677 chars)
[OK] (6624) Updated content (576 chars)
[OK] (5201) Updated content (2260 chars)
[OK] (9906) Updated content (674 chars)
[OK] (9906) Updated content (697 chars)
[OK] (5201) Updated content (609 chars)
[OK] (5201) Updated content (969 chars)
[OK] (5201) Updated content (518 chars)
[OK] (5201) Updated content (745 chars)
[OK] (6465) Updated content (361 chars)
[OK] (6465) Updated content (739 chars)
[OK] (9935) Updated content (458 chars)
[OK] (9935) Updated content (578 chars)
[OK] (6465) Updated content (356 chars)
[OK] (6465) Updated content (416 chars)
[OK] (6465) Updated content (1511 chars)
[OK] (6465) Updated content (337 chars)
[OK] (6465) Updated content (344 chars)
[OK] (2243) Updated content (354 chars)
[OK] (6465) Updated content (1209 chars)
[OK] (3432) Updated content (1898 chars)
[OK] (9935) Updated content (514 chars)
[OK] (8416) Updated content (718 chars)
[OK] (2243) Updated content (703 chars)
[OK] (2243) Updated content (338 chars)
[OK] (2243) Updated content (333 chars)
[OK] (5201) Updated content (655 chars)
[OK] (2243) Updated content (676 chars)
[OK] (2243) Updated content (340 chars)
[OK] (2243) Updated content (377 chars)
[OK] (3441) Updated content (411 chars)
[OK] (1309) Updated content (1466 chars)
[OK] (1309) Updated content (491 chars)
[OK] (3441) Updated content (734 chars)
[OK] (2243) Updated content (331 chars)
[OK] (2243) Updated content (340 chars)
[OK] (2243) Updated content (1678 chars)
[OK] (3441) Updated content (1427 chars)
[OK] (3441) Updated content (426 chars)
[OK] (3441) Updated content (439 chars)
[OK] (3441) Updated content (1504 chars)
[OK] (3441) Updated content (3073 chars)
[OK] (3441) Updated content (3609 chars)
[OK] (3441) Updated content (419 chars)
[OK] (3441) Updated content (370 chars)
[OK] (3441) Updated content (5170 chars)
[OK] (3441) Updated content (1794 chars)
[OK] (3441) Updated content (2978 chars)
[OK] (6219) Updated content (1289 chars)
[OK] (3441) Updated content (3232 chars)
[OK] (6219) Updated content (1351 chars)
[OK] (3229) Updated content (330 chars)
[OK] (2032) Updated content (385 chars)
[OK] (3229) Updated content (382 chars)
[OK] (8442) Updated content (624 chars)
[OK] (1437) Updated content (2645 chars)
[OK] (2373) Updated content (433 chars)
[OK] (8440) Updated content (501 chars)
[OK] (3687) Updated content (707 chars)
[OK] (3229) Updated content (626 chars)
[OK] (2373) Updated content (500 chars)
[OK] (6128) Updated content (493 chars)
[OK] (8440) Updated content (291 chars)
[OK] (1108) Updated content (445 chars)
[OK] (1110) Updated content (629 chars)
[OK] (1110) Updated content (555 chars)
[OK] (1110) Updated content (746 chars)
[OK] (1110) Updated content (1740 chars)
[OK] (1110) Updated content (597 chars)
[OK] (1110) Updated content (650 chars)
[OK] (1110) Updated content (630 chars)
[OK] (1110) Updated content (621 chars)
[OK] (6142) Updated content (404 chars)
[OK] (1110) Updated content (507 chars)
[OK] (6130) Updated content (510 chars)
[OK] (6142) Updated content (372 chars)
[OK] (4707) Updated content (744 chars)
[OK] (6142) Updated content (379 chars)
[OK] (4707) Updated content (374 chars)
[OK] (4707) Updated content (371 chars)
[OK] (4707) Updated content (368 chars)
[OK] (6130) Updated content (1767 chars)
[OK] (6538) Updated content (352 chars)
[OK] (6130) Updated content (905 chars)
[OK] (6538) Updated content (676 chars)
[OK] (6538) Updated content (450 chars)
[OK] (6538) Updated content (360 chars)
[OK] (6538) Updated content (631 chars)
[OK] (6552) Updated content (569 chars)
[OK] (2390) Updated content (416 chars)
[OK] (6538) Updated content (338 chars)
[OK] (6538) Updated content (399 chars)
[OK] (8147) Updated content (1029 chars)
[OK] (2491) Updated content (367 chars)
[OK] (2905) Updated content (484 chars)
[OK] (2491) Updated content (363 chars)
[OK] (4173) Updated content (681 chars)
[OK] (2491) Updated content (847 chars)
[OK] (2491) Updated content (1343 chars)
[OK] (4173) Updated content (448 chars)
[OK] (6165) Updated content (686 chars)
[OK] (4528) Updated content (378 chars)
[OK] (2491) Updated content (672 chars)
[OK] (2491) Updated content (969 chars)
[OK] (6165) Updated content (538 chars)
[OK] (6165) Updated content (1440 chars)
[OK] (2066) Updated content (395 chars)
[OK] (6165) Updated content (811 chars)
[OK] (6165) Updated content (645 chars)
[OK] (8933) Updated content (402 chars)
[OK] (2066) Updated content (680 chars)
[OK] (3556) Updated content (385 chars)
[OK] (8933) Updated content (400 chars)
[OK] (5285) Updated content (354 chars)
[OK] (8933) Updated content (292 chars)
[OK] (5285) Updated content (340 chars)
[OK] (5285) Updated content (427 chars)
[OK] (5285) Updated content (638 chars)
[OK] (8933) Updated content (684 chars)
[OK] (2491) Updated content (741 chars)
[OK] (9930) Updated content (488 chars)
[OK] (1464) Updated content (724 chars)
[OK] (1464) Updated content (515 chars)
[OK] (1464) Updated content (601 chars)
[OK] (4729) Updated content (387 chars)
[OK] (1464) Updated content (2255 chars)
[OK] (4729) Updated content (456 chars)
[OK] (4729) Updated content (626 chars)
[OK] (4729) Updated content (548 chars)
[OK] (1464) Updated content (454 chars)
[OK] (4729) Updated content (1367 chars)
[OK] (1464) Updated content (691 chars)
[OK] (4729) Updated content (552 chars)
[OK] (4729) Updated content (486 chars)
[OK] (4729) Updated content (345 chars)
[OK] (4729) Updated content (652 chars)
[OK] (3313) Updated content (432 chars)
[OK] (3313) Updated content (595 chars)
[OK] (1444) Updated content (1365 chars)
[OK] (3313) Updated content (443 chars)
[OK] (3313) Updated content (586 chars)
[OK] (3313) Updated content (1351 chars)
[OK] (3313) Updated content (1165 chars)
[OK] (5531) Updated content (459 chars)
[OK] (5438) Updated content (816 chars)
[OK] (5531) Updated content (1312 chars)
[OK] (8059) Updated content (3598 chars)
[OK] (6922) Updated content (1089 chars)
[OK] (5531) Updated content (428 chars)
[OK] (6141) Updated content (715 chars)
[OK] (5512) Updated content (382 chars)
[OK] (5512) Updated content (972 chars)
[OK] (6141) Updated content (375 chars)
[OK] (6141) Updated content (326 chars)
[OK] (6141) Updated content (627 chars)
[OK] (6141) Updated content (310 chars)
[OK] (9927) Updated content (656 chars)
[OK] (6141) Updated content (652 chars)
[OK] (9927) Updated content (482 chars)
[OK] (1595) Updated content (404 chars)
[OK] (9927) Updated content (1499 chars)
[OK] (5531) Updated content (1876 chars)
[OK] (1595) Updated content (350 chars)
[OK] (1595) Updated content (361 chars)
[OK] (1595) Updated content (520 chars)
[OK] (1595) Updated content (688 chars)
[OK] (9927) Updated content (575 chars)
[OK] (7765) Updated content (323 chars)
[OK] (4952) Updated content (1620 chars)
[OK] (4952) Updated content (469 chars)
[OK] (2755) Updated content (673 chars)
[OK] (3550) Updated content (803 chars)
[OK] (3550) Updated content (457 chars)
[OK] (3550) Updated content (3836 chars)
[OK] (3550) Updated content (726 chars)
[OK] (3550) Updated content (467 chars)
[OK] (3550) Updated content (567 chars)
[OK] (4952) Updated content (2321 chars)
[OK] (2755) Updated content (802 chars)
[OK] (3550) Updated content (1448 chars)
[OK] (3550) Updated content (481 chars)
[OK] (3550) Updated content (3786 chars)
[OK] (3550) Updated content (468 chars)
[OK] (3550) Updated content (774 chars)
[OK] (1451) Updated content (380 chars)
[OK] (3550) Updated content (482 chars)
[OK] (1451) Updated content (748 chars)
[OK] (1451) Updated content (841 chars)
[OK] (1451) Updated content (1467 chars)
[OK] (3296) Updated content (419 chars)
[OK] (1451) Updated content (548 chars)
[OK] (1451) Updated content (955 chars)
[OK] (3492) Updated content (400 chars)
[OK] (9902) Updated content (499 chars)
[OK] (3296) Updated content (422 chars)
[OK] (3296) Updated content (448 chars)
[OK] (6218) Updated content (364 chars)
[OK] (6218) Updated content (681 chars)
[OK] (3296) Updated content (1319 chars)
[OK] (6218) Updated content (676 chars)
[OK] (6118) Updated content (383 chars)
[OK] (6218) Updated content (712 chars)
[OK] (5903) Updated content (383 chars)
[OK] (5903) Updated content (1042 chars)
[OK] (5903) Updated content (496 chars)
[OK] (5903) Updated content (538 chars)
[OK] (6534) Updated content (2887 chars)
[OK] (4161) Updated content (521 chars)
[OK] (5471) Updated content (2321 chars)
[OK] (2511) Updated content (522 chars)
[OK] (2511) Updated content (380 chars)
[OK] (2511) Updated content (478 chars)
[OK] (5471) Updated content (667 chars)
[OK] (5471) Updated content (355 chars)
[OK] (5471) Updated content (434 chars)
[OK] (5471) Updated content (1620 chars)
[OK] (5471) Updated content (512 chars)
[OK] (5471) Updated content (491 chars)
[OK] (6679) Updated content (171 chars)
[OK] (2643) Updated content (413 chars)
[OK] (5471) Updated content (374 chars)
[OK] (5230) Updated content (376 chars)
[OK] (5230) Updated content (434 chars)
[OK] (5230) Updated content (462 chars)
[OK] (5230) Updated content (424 chars)
[OK] (5230) Updated content (360 chars)
[OK] (6224) Updated content (459 chars)
[OK] (5230) Updated content (375 chars)
[OK] (6224) Updated content (764 chars)
[OK] (6224) Updated content (640 chars)
[OK] (6224) Updated content (514 chars)
[OK] (6224) Updated content (322 chars)
[OK] (6224) Updated content (1467 chars)
[OK] (6224) Updated content (607 chars)
[OK] (6224) Updated content (540 chars)
[OK] (6224) Updated content (454 chars)
[OK] (6224) Updated content (333 chars)
[OK] (6224) Updated content (1508 chars)
[OK] (6224) Updated content (678 chars)
[OK] (6124) Updated content (360 chars)
[OK] (9940) Updated content (1116 chars)
[OK] (6224) Updated content (518 chars)
[OK] (9940) Updated content (2484 chars)
[OK] (9925) Updated content (896 chars)
[OK] (9940) Updated content (944 chars)
[OK] (9925) Updated content (354 chars)
[OK] (3511) Updated content (384 chars)
[OK] (6224) Updated content (512 chars)
[OK] (3511) Updated content (362 chars)
[OK] (4166) Updated content (156 chars)
[OK] (4166) Updated content (738 chars)
[OK] (3511) Updated content (688 chars)
[OK] (4160) Updated content (702 chars)
[OK] (4160) Updated content (1708 chars)
[OK] (5312) Updated content (392 chars)
[OK] (4160) Updated content (1754 chars)
[OK] (4160) Updated content (154 chars)
[OK] (4160) Updated content (601 chars)
[OK] (4160) Updated content (586 chars)
[OK] (8383) Updated content (530 chars)
[OK] (2423) Updated content (414 chars)
[OK] (4572) Updated content (500 chars)
[OK] (1446) Updated content (535 chars)
[OK] (4572) Updated content (456 chars)
[OK] (1614) Updated content (512 chars)
[OK] (2433) Updated content (405 chars)
[OK] (2433) Updated content (506 chars)
[OK] (1614) Updated content (2266 chars)
[OK] (4131) Updated content (397 chars)
[OK] (1614) Updated content (613 chars)
[OK] (1614) Updated content (625 chars)
[OK] (4131) Updated content (369 chars)
[OK] (6023) Updated content (645 chars)
[OK] (4131) Updated content (657 chars)
[OK] (8404) Updated content (549 chars)
[OK] (6023) Updated content (1044 chars)
[OK] (8404) Updated content (508 chars)
[OK] (4137) Updated content (562 chars)
[OK] (6756) Updated content (368 chars)
[OK] (4137) Updated content (673 chars)
[OK] (4137) Updated content (1037 chars)
[OK] (6023) Updated content (704 chars)
[OK] (3528) Updated content (714 chars)
[OK] (1604) Updated content (723 chars)
[OK] (4137) Updated content (614 chars)
[OK] (3528) Updated content (718 chars)
[OK] (1604) Updated content (500 chars)
[OK] (1604) Updated content (444 chars)
[OK] (1604) Updated content (496 chars)
[OK] (6136) Updated content (375 chars)
[OK] (1471) Updated content (347 chars)
[OK] (1604) Updated content (1785 chars)
[OK] (3528) Updated content (398 chars)
[OK] (1604) Updated content (377 chars)
[OK] (1471) Updated content (402 chars)
[OK] (1471) Updated content (321 chars)
[OK] (1707) Updated content (335 chars)
[OK] (1735) Updated content (276 chars)
[OK] (1707) Updated content (414 chars)
[OK] (1604) Updated content (1804 chars)
[OK] (6221) Updated content (1057 chars)
[OK] (6136) Updated content (662 chars)
[OK] (5299) Updated content (509 chars)
[OK] (5299) Updated content (345 chars)
[OK] (6221) Updated content (1720 chars)
[OK] (5299) Updated content (603 chars)
[OK] (6221) Updated content (676 chars)
[OK] (6221) Updated content (558 chars)
[OK] (6221) Updated content (611 chars)
[OK] (4163) Updated content (386 chars)
[OK] (6221) Updated content (537 chars)
[OK] (3703) Updated content (1558 chars)
[OK] (4163) Updated content (664 chars)
[OK] (3703) Updated content (1578 chars)
[OK] (3703) Updated content (1453 chars)
[OK] (3703) Updated content (1482 chars)
[OK] (6221) Updated content (925 chars)
[OK] (3703) Updated content (1446 chars)
[OK] (3703) Updated content (1446 chars)
[OK] (5203) Updated content (473 chars)
[OK] (3703) Updated content (458 chars)
[OK] (5203) Updated content (1379 chars)
[OK] (5203) Updated content (1337 chars)
[OK] (5203) Updated content (653 chars)
[OK] (2516) Updated content (414 chars)
[OK] (5203) Updated content (645 chars)
[OK] (1570) Updated content (472 chars)
[OK] (3703) Updated content (1658 chars)
[OK] (6498) Updated content (1987 chars)
[OK] (8935) Updated content (1558 chars)
[OK] (3703) Updated content (1613 chars)
[OK] (5203) Updated content (661 chars)
[OK] (8935) Updated content (613 chars)
[OK] (8935) Updated content (1628 chars)
[OK] (5203) Updated content (527 chars)
[OK] (3046) Updated content (448 chars)
[OK] (3713) Updated content (325 chars)
[OK] (8935) Updated content (541 chars)
[OK] (6965) Updated content (549 chars)
[OK] (8935) Updated content (355 chars)
[OK] (5310) Updated content (427 chars)
[OK] (5310) Updated content (439 chars)
[OK] (4417) Updated content (674 chars)
[OK] (6243) Updated content (973 chars)
[OK] (6658) Updated content (397 chars)
[OK] (6243) Updated content (390 chars)
[OK] (6243) Updated content (714 chars)
[OK] (6243) Updated content (705 chars)
[OK] (6243) Updated content (380 chars)
[OK] (6243) Updated content (403 chars)
[OK] (4417) Updated content (380 chars)
[OK] (3555) Updated content (399 chars)
[OK] (6243) Updated content (762 chars)
[OK] (2028) Updated content (478 chars)
[OK] (6243) Updated content (773 chars)
[OK] (2028) Updated content (533 chars)
[OK] (2028) Updated content (729 chars)
[OK] (2028) Updated content (650 chars)
[OK] (4908) Updated content (394 chars)
[OK] (8182) Updated content (724 chars)
[OK] (4908) Updated content (382 chars)
[OK] (4908) Updated content (394 chars)
[OK] (8182) Updated content (3966 chars)
[OK] (8182) Updated content (531 chars)
[OK] (8182) Updated content (504 chars)
[OK] (4908) Updated content (697 chars)
[OK] (8182) Updated content (386 chars)
[OK] (8182) Updated content (1920 chars)
[OK] (3518) Updated content (380 chars)
[OK] (1725) Updated content (337 chars)
[OK] (3518) Updated content (619 chars)
[OK] (3518) Updated content (835 chars)
[OK] (1725) Updated content (610 chars)
[OK] (1725) Updated content (374 chars)
[OK] (1725) Updated content (331 chars)
[OK] (1725) Updated content (382 chars)
[OK] (8277) Updated content (461 chars)
[OK] (1432) Updated content (643 chars)
[OK] (1432) Updated content (441 chars)
[OK] (8277) Updated content (459 chars)
[OK] (8277) Updated content (814 chars)
[OK] (8277) Updated content (791 chars)
[OK] (5011) Updated content (648 chars)
[OK] (8277) Updated content (438 chars)
[OK] (5011) Updated content (350 chars)
[OK] (5011) Updated content (387 chars)
[OK] (5011) Updated content (364 chars)
[OK] (5011) Updated content (361 chars)
[OK] (5011) Updated content (344 chars)
[OK] (5011) Updated content (399 chars)
[OK] (5493) Updated content (498 chars)
[OK] (6791) Updated content (515 chars)
[OK] (6791) Updated content (1564 chars)
[OK] (6791) Updated content (656 chars)
[OK] (6791) Updated content (671 chars)
[OK] (1541) Updated content (407 chars)
[OK] (6791) Updated content (517 chars)
[OK] (1541) Updated content (483 chars)
[OK] (1541) Updated content (394 chars)
[OK] (1541) Updated content (460 chars)
[OK] (1541) Updated content (678 chars)
[OK] (1541) Updated content (664 chars)
[OK] (3527) Updated content (177 chars)
[OK] (1541) Updated content (447 chars)
[OK] (5519) Updated content (705 chars)
[OK] (3527) Updated content (346 chars)
[OK] (3527) Updated content (434 chars)
[OK] (6791) Updated content (758 chars)
[OK] (3527) Updated content (751 chars)
[OK] (3043) Updated content (395 chars)
[OK] (2020) Updated content (340 chars)
[OK] (3043) Updated content (644 chars)
[OK] (3623) Updated content (561 chars)
[OK] (3623) Updated content (575 chars)
[OK] (3623) Updated content (1535 chars)
[OK] (3623) Updated content (659 chars)
[OK] (3623) Updated content (550 chars)
[OK] (3615) Updated content (326 chars)
[OK] (3021) Updated content (411 chars)
[OK] (3615) Updated content (411 chars)
[OK] (3623) Updated content (380 chars)
[OK] (3623) Updated content (431 chars)
[OK] (3615) Updated content (339 chars)
[OK] (3623) Updated content (986 chars)
[OK] (3615) Updated content (5178 chars)
[OK] (3615) Updated content (670 chars)
[OK] (3615) Updated content (629 chars)
[OK] (3615) Updated content (357 chars)
[OK] (3147) Updated content (563 chars)
[OK] (3147) Updated content (514 chars)
[OK] (3147) Updated content (154 chars)
[OK] (3615) Updated content (414 chars)
[OK] (3147) Updated content (468 chars)
[OK] (3147) Updated content (504 chars)
[OK] (3147) Updated content (675 chars)
[OK] (2364) Updated content (399 chars)
[OK] (2364) Updated content (504 chars)
[OK] (6184) Updated content (959 chars)
[OK] (2364) Updated content (441 chars)
[OK] (2364) Updated content (545 chars)
[OK] (3360) Updated content (704 chars)
[OK] (3360) Updated content (476 chars)
[OK] (3360) Updated content (147 chars)
[OK] (3360) Updated content (822 chars)
[OK] (6156) Updated content (408 chars)
[OK] (3360) Updated content (799 chars)
[OK] (6156) Updated content (799 chars)
[OK] (3360) Updated content (814 chars)
[OK] (6432) Updated content (687 chars)
[OK] (6432) Updated content (440 chars)
[OK] (6432) Updated content (348 chars)
[OK] (6432) Updated content (433 chars)
[OK] (6432) Updated content (5170 chars)
[OK] (6432) Updated content (353 chars)
[OK] (6156) Updated content (405 chars)
[OK] (6432) Updated content (1829 chars)
[OK] (6432) Updated content (685 chars)
[OK] (6432) Updated content (871 chars)
[OK] (2468) Updated content (679 chars)
[OK] (3360) Updated content (790 chars)
[OK] (6432) Updated content (766 chars)
[OK] (6431) Updated content (399 chars)
[OK] (6431) Updated content (2197 chars)
[OK] (6579) Updated content (340 chars)
[OK] (6579) Updated content (1096 chars)
[OK] (6431) Updated content (947 chars)
[OK] (6432) Updated content (707 chars)
[OK] (6431) Updated content (713 chars)
[OK] (5490) Updated content (419 chars)
[OK] (5468) Updated content (385 chars)
[OK] (5468) Updated content (388 chars)
[OK] (5468) Updated content (400 chars)
[OK] (5468) Updated content (405 chars)
[OK] (5468) Updated content (1347 chars)
[OK] (5468) Updated content (362 chars)
[OK] (5468) Updated content (394 chars)
[OK] (6432) Updated content (1534 chars)
[OK] (5468) Updated content (379 chars)
[OK] (5202) Updated content (398 chars)
[OK] (5202) Updated content (373 chars)
[OK] (5468) Updated content (399 chars)
[OK] (3306) Updated content (472 chars)
[OK] (5468) Updated content (384 chars)
[OK] (8040) Updated content (420 chars)
[OK] (8040) Updated content (737 chars)
[OK] (8040) Updated content (716 chars)
[OK] (8040) Updated content (708 chars)
[OK] (3594) Updated content (519 chars)
[OK] (4545) Updated content (397 chars)
[OK] (4545) Updated content (583 chars)
[OK] (8349) Updated content (459 chars)
[OK] (4545) Updated content (344 chars)
[OK] (4934) Updated content (415 chars)
[OK] (4934) Updated content (376 chars)
[OK] (6690) Updated content (899 chars)
[OK] (2397) Updated content (776 chars)
[OK] (2450) Updated content (288 chars)
[OK] (5468) Updated content (384 chars)
[OK] (4934) Updated content (816 chars)
[OK] (9943) Updated content (424 chars)
[OK] (9943) Updated content (517 chars)
[OK] (2397) Updated content (483 chars)
[OK] (5356) Updated content (176 chars)
[OK] (9908) Updated content (461 chars)
[OK] (6668) Updated content (705 chars)
[OK] (6668) Updated content (379 chars)
[OK] (6668) Updated content (366 chars)
[OK] (6668) Updated content (642 chars)
[OK] (6668) Updated content (432 chars)
[OK] (6668) Updated content (398 chars)
[OK] (6668) Updated content (565 chars)
[OK] (6668) Updated content (754 chars)
[OK] (6668) Updated content (960 chars)
[OK] (6668) Updated content (1832 chars)
[OK] (6668) Updated content (763 chars)
[OK] (4744) Updated content (331 chars)
[OK] (6668) Updated content (544 chars)
[OK] (4744) Updated content (338 chars)
[OK] (4744) Updated content (753 chars)
[OK] (4744) Updated content (384 chars)
[OK] (6689) Updated content (439 chars)
[OK] (6684) Updated content (350 chars)
[OK] (4744) Updated content (2381 chars)
[OK] (6684) Updated content (686 chars)
[OK] (4744) Updated content (355 chars)
[OK] (6684) Updated content (177 chars)
[OK] (3388) Updated content (451 chars)
[OK] (6684) Updated content (687 chars)
[OK] (9951) Updated content (1408 chars)
[OK] (2524) Updated content (642 chars)
[OK] (2524) Updated content (410 chars)
[OK] (3388) Updated content (334 chars)
[OK] (3437) Updated content (618 chars)
[OK] (9951) Updated content (613 chars)
[OK] (2852) Updated content (760 chars)
[OK] (3508) Updated content (364 chars)
[OK] (3094) Updated content (403 chars)
[OK] (5209) Updated content (597 chars)
[OK] (3094) Updated content (392 chars)
[OK] (3508) Updated content (177 chars)
[OK] (2852) Updated content (527 chars)
[OK] (3508) Updated content (400 chars)
[OK] (3094) Updated content (435 chars)
[OK] (3094) Updated content (1069 chars)
[OK] (3094) Updated content (423 chars)
[OK] (3094) Updated content (712 chars)
[OK] (3094) Updated content (733 chars)
[OK] (3597) Updated content (301 chars)
[OK] (3094) Updated content (1166 chars)
[OK] (3597) Updated content (511 chars)
[OK] (3071) Updated content (512 chars)
[OK] (3508) Updated content (638 chars)
[OK] (3071) Updated content (417 chars)
[OK] (6111) Updated content (307 chars)
[OK] (6111) Updated content (208 chars)
[OK] (5465) Updated content (498 chars)
[OK] (5465) Updated content (355 chars)
[OK] (3130) Updated content (191 chars)
[OK] (3508) Updated content (1687 chars)
[OK] (3071) Updated content (640 chars)
[OK] (6654) Updated content (396 chars)
[OK] (6111) Updated content (754 chars)
[OK] (6654) Updated content (171 chars)
[OK] (6654) Updated content (443 chars)
[OK] (6160) Updated content (480 chars)
[OK] (2547) Updated content (649 chars)
[OK] (2547) Updated content (1365 chars)
[OK] (2707) Updated content (863 chars)
[OK] (6654) Updated content (393 chars)
[OK] (6654) Updated content (770 chars)
[OK] (6654) Updated content (417 chars)
[OK] (2707) Updated content (955 chars)
[OK] (2707) Updated content (971 chars)
[OK] (2707) Updated content (368 chars)
[OK] (2707) Updated content (1096 chars)
[OK] (2707) Updated content (1524 chars)
[OK] (7721) Updated content (690 chars)
[OK] (2707) Updated content (2268 chars)
[OK] (6129) Updated content (1558 chars)
[OK] (6129) Updated content (603 chars)
[OK] (6129) Updated content (1537 chars)
[OK] (6129) Updated content (580 chars)
[OK] (6129) Updated content (506 chars)
[OK] (6129) Updated content (771 chars)
[OK] (6129) Updated content (856 chars)
[OK] (6129) Updated content (466 chars)
[OK] (1537) Updated content (391 chars)
[OK] (6129) Updated content (719 chars)
[OK] (6129) Updated content (406 chars)
[OK] (7704) Updated content (363 chars)
[OK] (8937) Updated content (404 chars)
[OK] (8937) Updated content (687 chars)
[OK] (8937) Updated content (378 chars)
[OK] (8937) Updated content (707 chars)
[OK] (8937) Updated content (862 chars)
[OK] (8937) Updated content (451 chars)
[OK] (8937) Updated content (476 chars)
[OK] (6654) Updated content (421 chars)
[OK] (8937) Updated content (1465 chars)
[OK] (8937) Updated content (624 chars)
[OK] (8937) Updated content (696 chars)
[OK] (1104) Updated content (466 chars)
[OK] (8937) Updated content (972 chars)
[OK] (4956) Updated content (788 chars)
[OK] (8937) Updated content (402 chars)
[OK] (8937) Updated content (617 chars)
[OK] (4956) Updated content (814 chars)
[OK] (1788) Updated content (559 chars)
[OK] (1788) Updated content (279 chars)
[OK] (7728) Updated content (437 chars)
[OK] (1788) Updated content (776 chars)
[OK] (1788) Updated content (1652 chars)
[OK] (1788) Updated content (952 chars)
[OK] (6742) Updated content (416 chars)
[OK] (6742) Updated content (416 chars)
[OK] (3031) Updated content (699 chars)
[OK] (6742) Updated content (389 chars)
[OK] (2534) Updated content (503 chars)
[OK] (6742) Updated content (462 chars)
[OK] (3031) Updated content (405 chars)
[OK] (6742) Updated content (1513 chars)
[OK] (3522) Updated content (930 chars)
[OK] (3522) Updated content (377 chars)
[OK] (2534) Updated content (341 chars)
[OK] (3522) Updated content (777 chars)
[OK] (3522) Updated content (1694 chars)
[OK] (1788) Updated content (373 chars)
[OK] (3522) Updated content (1412 chars)
[OK] (3522) Updated content (669 chars)
[OK] (3522) Updated content (719 chars)
[OK] (6419) Updated content (395 chars)
[OK] (6419) Updated content (419 chars)
[OK] (2601) Updated content (755 chars)
[OK] (3522) Updated content (177 chars)
[OK] (2601) Updated content (577 chars)
[OK] (4716) Updated content (358 chars)
[OK] (2601) Updated content (1355 chars)
[OK] (2601) Updated content (171 chars)
[OK] (2601) Updated content (775 chars)
[OK] (3484) Updated content (388 chars)
[OK] (3484) Updated content (447 chars)
[OK] (3522) Updated content (583 chars)
[OK] (4716) Updated content (657 chars)
[OK] (4716) Updated content (627 chars)
[OK] (3484) Updated content (380 chars)
[OK] (5321) Updated content (721 chars)
[OK] (1512) Updated content (391 chars)
[OK] (5321) Updated content (372 chars)
[OK] (2601) Updated content (173 chars)
[OK] (5321) Updated content (711 chars)
[OK] (6220) Updated content (373 chars)
[OK] (9946) Updated content (399 chars)
[OK] (5321) Updated content (664 chars)
[OK] (5321) Updated content (399 chars)
[OK] (2314) Updated content (386 chars)
[OK] (8032) Updated content (380 chars)
[OK] (8032) Updated content (737 chars)
[OK] (8032) Updated content (498 chars)
[OK] (9946) Updated content (374 chars)
[OK] (3290) Updated content (705 chars)
[OK] (3434) Updated content (408 chars)
[OK] (1760) Updated content (419 chars)
[OK] (5905) Updated content (356 chars)
[OK] (6573) Updated content (380 chars)
[OK] (3349) Updated content (535 chars)
[OK] (4560) Updated content (386 chars)
[OK] (4560) Updated content (467 chars)
[OK] (6573) Updated content (1364 chars)
[OK] (6573) Updated content (597 chars)
[OK] (6573) Updated content (769 chars)
[OK] (6573) Updated content (366 chars)
[OK] (6573) Updated content (376 chars)
[OK] (6573) Updated content (724 chars)
[OK] (6573) Updated content (855 chars)
[OK] (8183) Updated content (488 chars)
[OK] (6573) Updated content (785 chars)
[OK] (8279) Updated content (434 chars)
[OK] (5515) Updated content (417 chars)
[OK] (8446) Updated content (412 chars)
[OK] (8084) Updated content (382 chars)
[OK] (8084) Updated content (691 chars)
[OK] (3332) Updated content (687 chars)
[OK] (8084) Updated content (609 chars)
[OK] (3332) Updated content (400 chars)
[OK] (3332) Updated content (372 chars)
[OK] (1806) Updated content (499 chars)
[OK] (3332) Updated content (394 chars)
[OK] (6901) Updated content (489 chars)
[OK] (3669) Updated content (449 chars)
[OK] (7556) Updated content (331 chars)
[OK] (3209) Updated content (936 chars)
[OK] (8463) Updated content (715 chars)
[OK] (7556) Updated content (388 chars)
[OK] (7556) Updated content (359 chars)
[OK] (7556) Updated content (542 chars)
[OK] (2064) Updated content (622 chars)
[OK] (2064) Updated content (1332 chars)
[OK] (2064) Updated content (585 chars)
[OK] (2064) Updated content (470 chars)
[OK] (2064) Updated content (496 chars)
[OK] (2064) Updated content (587 chars)
[OK] (1218) Updated content (444 chars)
[OK] (4557) Updated content (495 chars)
[OK] (8071) Updated content (417 chars)
[OK] (2064) Updated content (396 chars)
[OK] (6174) Updated content (404 chars)
[OK] (6174) Updated content (406 chars)
[OK] (2064) Updated content (560 chars)
[OK] (8071) Updated content (408 chars)
[OK] (8071) Updated content (762 chars)
[OK] (8071) Updated content (1432 chars)
[OK] (8071) Updated content (435 chars)
[OK] (2460) Updated content (428 chars)
[OK] (2482) Updated content (730 chars)
[OK] (2482) Updated content (722 chars)
[OK] (2460) Updated content (485 chars)
[OK] (2460) Updated content (1015 chars)
[OK] (2460) Updated content (429 chars)
[OK] (2460) Updated content (413 chars)
[OK] (5457) Updated content (385 chars)
[OK] (5457) Updated content (430 chars)
[OK] (5457) Updated content (810 chars)
[OK] (1734) Updated content (522 chars)
[OK] (5457) Updated content (684 chars)
[OK] (1734) Updated content (442 chars)
[OK] (1734) Updated content (257 chars)
[OK] (1734) Updated content (279 chars)
[OK] (1734) Updated content (413 chars)
[OK] (1734) Updated content (1406 chars)
[OK] (3705) Updated content (397 chars)
[OK] (2545) Updated content (810 chars)
[OK] (2545) Updated content (869 chars)
[OK] (2545) Updated content (796 chars)
[OK] (3303) Updated content (722 chars)
[OK] (2545) Updated content (812 chars)
[OK] (3303) Updated content (529 chars)
[OK] (3303) Updated content (518 chars)
[OK] (3303) Updated content (1551 chars)
[OK] (2545) Updated content (1371 chars)
[OK] (2483) Updated content (380 chars)
[OK] (2483) Updated content (689 chars)
[OK] (5457) Updated content (624 chars)
[OK] (2483) Updated content (417 chars)
[OK] (2483) Updated content (342 chars)
[OK] (2483) Updated content (335 chars)
[OK] (2483) Updated content (413 chars)
[OK] (2483) Updated content (377 chars)
[OK] (2483) Updated content (741 chars)
[OK] (2483) Updated content (3882 chars)
[OK] (2431) Updated content (319 chars)
[OK] (2431) Updated content (601 chars)
[OK] (2483) Updated content (742 chars)
[OK] (6167) Updated content (399 chars)
[OK] (2431) Updated content (470 chars)
[OK] (6167) Updated content (703 chars)
[OK] (6651) Updated content (370 chars)
[OK] (2431) Updated content (532 chars)
[OK] (6651) Updated content (338 chars)
[OK] (6651) Updated content (327 chars)
[OK] (5287) Updated content (433 chars)
[OK] (3284) Updated content (348 chars)
[OK] (3284) Updated content (676 chars)
[OK] (3284) Updated content (416 chars)
[OK] (3284) Updated content (419 chars)
[OK] (2705) Updated content (402 chars)
[OK] (3284) Updated content (372 chars)
[OK] (3284) Updated content (388 chars)
[OK] (6651) Updated content (360 chars)
[OK] (8089) Updated content (360 chars)
[OK] (6651) Updated content (334 chars)
[OK] (8089) Updated content (606 chars)
[OK] (8089) Updated content (1720 chars)
[OK] (6916) Updated content (386 chars)
[OK] (8089) Updated content (658 chars)
[OK] (8089) Updated content (816 chars)
[OK] (8089) Updated content (748 chars)
[OK] (6859) Updated content (375 chars)
[OK] (6916) Updated content (403 chars)
[OK] (6916) Updated content (400 chars)
[OK] (6916) Updated content (380 chars)
[OK] (6916) Updated content (383 chars)
[OK] (4946) Updated content (407 chars)
[OK] (6859) Updated content (627 chars)
[OK] (6859) Updated content (346 chars)
[OK] (6859) Updated content (873 chars)
[OK] (3499) Updated content (447 chars)
[OK] (1583) Updated content (623 chars)
[OK] (4946) Updated content (374 chars)
[OK] (2022) Updated content (409 chars)
[OK] (4946) Updated content (392 chars)
[OK] (1583) Updated content (551 chars)
[OK] (5907) Updated content (1119 chars)
[OK] (1583) Updated content (651 chars)
[OK] (2239) Updated content (374 chars)
[OK] (5907) Updated content (1368 chars)
[OK] (5907) Updated content (1025 chars)
[OK] (2303) Updated content (490 chars)
[OK] (6835) Updated content (606 chars)
[OK] (2303) Updated content (3409 chars)
[OK] (5907) Updated content (2501 chars)
[OK] (2303) Updated content (695 chars)
[OK] (4971) Updated content (456 chars)
[OK] (2618) Updated content (798 chars)
[OK] (2303) Updated content (538 chars)
[OK] (5302) Updated content (775 chars)
[OK] (4946) Updated content (881 chars)
[OK] (2851) Updated content (490 chars)
[OK] (2891) Updated content (672 chars)
[OK] (6173) Updated content (1846 chars)
[OK] (2303) Updated content (558 chars)
[OK] (6173) Updated content (3057 chars)
[OK] (1616) Updated content (720 chars)
[OK] (2428) Updated content (373 chars)
[OK] (2851) Updated content (1200 chars)
[OK] (1616) Updated content (574 chars)
[OK] (4760) Updated content (420 chars)
[OK] (6919) Updated content (398 chars)
[OK] (1313) Updated content (449 chars)
[OK] (3630) Updated content (701 chars)
[OK] (2345) Updated content (427 chars)
[OK] (6155) Updated content (1116 chars)
[OK] (3704) Updated content (508 chars)
[OK] (3221) Updated content (411 chars)
[OK] (6139) Updated content (658 chars)
[OK] (3704) Updated content (701 chars)
[OK] (8473) Updated content (389 chars)
[OK] (2428) Updated content (377 chars)

[DONE] Content fetching complete!
[TIME] Total: 1225.71 seconds
[週二 2026/06/23 17:44:18.38] Analyzing sentiment... 
[週二 2026/06/23 17:44:18.39] Running nstock analyze_sentiment... 
d:\StockPulse\stocks_news\nstock\analyze_sentiment.py:200: DeprecationWarning: 'asyncio.WindowsSelectorEventLoopPolicy' is deprecated and slated for removal in Python 3.16
  asyncio.set_event_loop_policy(asyncio.WindowsSelectorEventLoopPolicy())
d:\StockPulse\stocks_news\nstock\analyze_sentiment.py:200: DeprecationWarning: 'asyncio.set_event_loop_policy' is deprecated and slated for removal in Python 3.16
  asyncio.set_event_loop_policy(asyncio.WindowsSelectorEventLoopPolicy())

============================================================
NStock 新聞情緒分析
============================================================

[OK] 資料庫連線成功

[INFO] 找到 41 筆需要分析的新聞

開始處理 41 筆新聞 (並發數: 2)...

  [INFO] 進度: 10/41 (失敗: 0)
  [INFO] 進度: 20/41 (失敗: 0)
  [INFO] 進度: 30/41 (失敗: 0)
  [INFO] 進度: 40/41 (失敗: 0)

============================================================
[OK] 情緒分析完成!
============================================================
成功: 41 筆
失敗: 0 筆
總計: 41 筆
耗時: 382.4 秒
============================================================

[週二 2026/06/23 17:50:43.43] Running yahoo analyze_sentiment... 
d:\StockPulse\stocks_news\yahoo\analyze_sentiment.py:186: DeprecationWarning: 'asyncio.WindowsSelectorEventLoopPolicy' is deprecated and slated for removal in Python 3.16
  asyncio.set_event_loop_policy(asyncio.WindowsSelectorEventLoopPolicy())
d:\StockPulse\stocks_news\yahoo\analyze_sentiment.py:186: DeprecationWarning: 'asyncio.set_event_loop_policy' is deprecated and slated for removal in Python 3.16
  asyncio.set_event_loop_policy(asyncio.WindowsSelectorEventLoopPolicy())
[START] Analyzing sentiment scores...
Found 1529 news items to analyze

[START] Processing 1529 tasks (max concurrency: 2)...

  [PROGRESS] 10/1529 completed (0 failed)
  [PROGRESS] 20/1529 completed (0 failed)
  [PROGRESS] 30/1529 completed (0 failed)
  [PROGRESS] 40/1529 completed (0 failed)
  [PROGRESS] 50/1529 completed (0 failed)
  [PROGRESS] 60/1529 completed (0 failed)
  [PROGRESS] 70/1529 completed (0 failed)
  [PROGRESS] 80/1529 completed (0 failed)
  [PROGRESS] 90/1529 completed (0 failed)
  [PROGRESS] 100/1529 completed (0 failed)
  [PROGRESS] 110/1529 completed (0 failed)
  [PROGRESS] 120/1529 completed (0 failed)
  [PROGRESS] 130/1529 completed (0 failed)
  [PROGRESS] 140/1529 completed (0 failed)
  [PROGRESS] 150/1529 completed (0 failed)
  [PROGRESS] 160/1529 completed (0 failed)
  [PROGRESS] 170/1529 completed (0 failed)
  [PROGRESS] 180/1529 completed (0 failed)
  [PROGRESS] 190/1529 completed (0 failed)
  [PROGRESS] 200/1529 completed (0 failed)
  [PROGRESS] 210/1529 completed (0 failed)
  [PROGRESS] 220/1529 completed (0 failed)
  [PROGRESS] 230/1529 completed (0 failed)
  [PROGRESS] 240/1529 completed (0 failed)
  [PROGRESS] 250/1529 completed (0 failed)
  [PROGRESS] 260/1529 completed (0 failed)
  [PROGRESS] 270/1529 completed (0 failed)
  [PROGRESS] 280/1529 completed (0 failed)
  [PROGRESS] 290/1529 completed (0 failed)
  [PROGRESS] 300/1529 completed (0 failed)
  [PROGRESS] 310/1529 completed (0 failed)
  [PROGRESS] 320/1529 completed (0 failed)
  [PROGRESS] 330/1529 completed (0 failed)
  [PROGRESS] 340/1529 completed (0 failed)
  [PROGRESS] 350/1529 completed (0 failed)
  [PROGRESS] 360/1529 completed (0 failed)
  [PROGRESS] 370/1529 completed (0 failed)
  [PROGRESS] 380/1529 completed (0 failed)
  [PROGRESS] 390/1529 completed (0 failed)
  [PROGRESS] 400/1529 completed (0 failed)
  [PROGRESS] 410/1529 completed (0 failed)
  [PROGRESS] 420/1529 completed (0 failed)
  [PROGRESS] 430/1529 completed (0 failed)
  [PROGRESS] 440/1529 completed (0 failed)
  [PROGRESS] 450/1529 completed (0 failed)
  [PROGRESS] 460/1529 completed (0 failed)
  [PROGRESS] 470/1529 completed (0 failed)
  [PROGRESS] 480/1529 completed (0 failed)
  [PROGRESS] 490/1529 completed (0 failed)
  [PROGRESS] 500/1529 completed (0 failed)
  [PROGRESS] 510/1529 completed (0 failed)
  [PROGRESS] 520/1529 completed (0 failed)
  [PROGRESS] 530/1529 completed (0 failed)
  [PROGRESS] 540/1529 completed (0 failed)
  [PROGRESS] 550/1529 completed (0 failed)
  [PROGRESS] 560/1529 completed (0 failed)
  [PROGRESS] 570/1529 completed (0 failed)
  [PROGRESS] 580/1529 completed (0 failed)
  [PROGRESS] 590/1529 completed (0 failed)
  [PROGRESS] 600/1529 completed (0 failed)
  [PROGRESS] 610/1529 completed (0 failed)
  [PROGRESS] 620/1529 completed (0 failed)
  [PROGRESS] 630/1529 completed (0 failed)
  [PROGRESS] 640/1529 completed (0 failed)
  [PROGRESS] 650/1529 completed (0 failed)
  [PROGRESS] 660/1529 completed (0 failed)
  [PROGRESS] 670/1529 completed (0 failed)
  [PROGRESS] 680/1529 completed (0 failed)
  [PROGRESS] 690/1529 completed (0 failed)
  [PROGRESS] 700/1529 completed (0 failed)
  [PROGRESS] 710/1529 completed (0 failed)
  [PROGRESS] 720/1529 completed (0 failed)
  [PROGRESS] 730/1529 completed (0 failed)
  [PROGRESS] 740/1529 completed (0 failed)
  [PROGRESS] 750/1529 completed (0 failed)
  [PROGRESS] 760/1529 completed (0 failed)
  [PROGRESS] 770/1529 completed (0 failed)
  [PROGRESS] 780/1529 completed (0 failed)
  [PROGRESS] 790/1529 completed (0 failed)
  [PROGRESS] 800/1529 completed (0 failed)
  [PROGRESS] 810/1529 completed (0 failed)
  [PROGRESS] 820/1529 completed (0 failed)
  [PROGRESS] 830/1529 completed (0 failed)
  [PROGRESS] 840/1529 completed (0 failed)
  [PROGRESS] 850/1529 completed (0 failed)
  [PROGRESS] 860/1529 completed (0 failed)
  [PROGRESS] 870/1529 completed (0 failed)
  [PROGRESS] 880/1529 completed (0 failed)
  [PROGRESS] 890/1529 completed (0 failed)
  [PROGRESS] 900/1529 completed (0 failed)
  [PROGRESS] 910/1529 completed (0 failed)
  [PROGRESS] 920/1529 completed (0 failed)
  [PROGRESS] 930/1529 completed (0 failed)
  [PROGRESS] 940/1529 completed (0 failed)
  [PROGRESS] 950/1529 completed (0 failed)
  [PROGRESS] 960/1529 completed (0 failed)
  [PROGRESS] 970/1529 completed (0 failed)
  [PROGRESS] 980/1529 completed (0 failed)
  [PROGRESS] 990/1529 completed (0 failed)
  [PROGRESS] 1000/1529 completed (0 failed)
  [PROGRESS] 1010/1529 completed (0 failed)
  [PROGRESS] 1020/1529 completed (0 failed)
  [PROGRESS] 1030/1529 completed (0 failed)
  [PROGRESS] 1040/1529 completed (0 failed)
  [PROGRESS] 1050/1529 completed (0 failed)
  [PROGRESS] 1060/1529 completed (0 failed)
  [PROGRESS] 1070/1529 completed (0 failed)
  [PROGRESS] 1080/1529 completed (0 failed)
  [PROGRESS] 1090/1529 completed (0 failed)
  [PROGRESS] 1100/1529 completed (0 failed)
  [PROGRESS] 1110/1529 completed (0 failed)
  [PROGRESS] 1120/1529 completed (0 failed)
  [PROGRESS] 1130/1529 completed (0 failed)
  [PROGRESS] 1140/1529 completed (0 failed)
  [PROGRESS] 1150/1529 completed (0 failed)
  [PROGRESS] 1160/1529 completed (0 failed)
  [PROGRESS] 1170/1529 completed (0 failed)
  [PROGRESS] 1180/1529 completed (0 failed)
  [PROGRESS] 1190/1529 completed (0 failed)
  [PROGRESS] 1200/1529 completed (0 failed)
  [PROGRESS] 1210/1529 completed (0 failed)
  [PROGRESS] 1220/1529 completed (0 failed)
  [PROGRESS] 1230/1529 completed (0 failed)
  [PROGRESS] 1240/1529 completed (0 failed)
  [PROGRESS] 1250/1529 completed (0 failed)
  [PROGRESS] 1260/1529 completed (0 failed)
  [PROGRESS] 1270/1529 completed (0 failed)
  [PROGRESS] 1280/1529 completed (0 failed)
  [PROGRESS] 1290/1529 completed (0 failed)
  [PROGRESS] 1300/1529 completed (0 failed)
  [PROGRESS] 1310/1529 completed (0 failed)
  [PROGRESS] 1320/1529 completed (0 failed)
  [PROGRESS] 1330/1529 completed (0 failed)
  [PROGRESS] 1340/1529 completed (0 failed)
  [PROGRESS] 1350/1529 completed (0 failed)
  [PROGRESS] 1360/1529 completed (0 failed)
  [PROGRESS] 1370/1529 completed (0 failed)
  [PROGRESS] 1380/1529 completed (0 failed)
  [PROGRESS] 1390/1529 completed (0 failed)
  [PROGRESS] 1400/1529 completed (0 failed)
  [PROGRESS] 1410/1529 completed (0 failed)
  [PROGRESS] 1420/1529 completed (0 failed)
  [PROGRESS] 1430/1529 completed (0 failed)
  [PROGRESS] 1440/1529 completed (0 failed)
  [PROGRESS] 1450/1529 completed (0 failed)
  [PROGRESS] 1460/1529 completed (0 failed)
  [PROGRESS] 1470/1529 completed (0 failed)
  [PROGRESS] 1480/1529 completed (0 failed)
  [PROGRESS] 1490/1529 completed (0 failed)
  [PROGRESS] 1500/1529 completed (0 failed)
  [PROGRESS] 1510/1529 completed (0 failed)
  [PROGRESS] 1520/1529 completed (0 failed)

[DONE] Sentiment analysis complete!
Success: 1529
Failed: 0
Total: 1529
[TIME] Total: 14153.77 seconds
[週二 2026/06/23 21:46:39.87] Running cnyes analyze_sentiment... 
d:\StockPulse\stocks_news\cnyes\analyze_sentiment.py:186: DeprecationWarning: 'asyncio.WindowsSelectorEventLoopPolicy' is deprecated and slated for removal in Python 3.16
  asyncio.set_event_loop_policy(asyncio.WindowsSelectorEventLoopPolicy())
d:\StockPulse\stocks_news\cnyes\analyze_sentiment.py:186: DeprecationWarning: 'asyncio.set_event_loop_policy' is deprecated and slated for removal in Python 3.16
  asyncio.set_event_loop_policy(asyncio.WindowsSelectorEventLoopPolicy())
[START] Analyzing sentiment scores...
Found 409 news items to analyze

[START] Processing 409 tasks (max concurrency: 2)...

  [PROGRESS] 10/409 completed (0 failed)
  [PROGRESS] 20/409 completed (0 failed)
  [PROGRESS] 30/409 completed (0 failed)
  [PROGRESS] 40/409 completed (0 failed)
  [PROGRESS] 50/409 completed (0 failed)
  [PROGRESS] 60/409 completed (0 failed)
  [PROGRESS] 70/409 completed (0 failed)
  [PROGRESS] 80/409 completed (0 failed)
  [PROGRESS] 90/409 completed (0 failed)
  [PROGRESS] 100/409 completed (0 failed)
  [PROGRESS] 110/409 completed (0 failed)
  [PROGRESS] 120/409 completed (0 failed)
  [PROGRESS] 130/409 completed (0 failed)
  [PROGRESS] 140/409 completed (0 failed)
  [PROGRESS] 150/409 completed (0 failed)
  [PROGRESS] 160/409 completed (0 failed)
  [PROGRESS] 170/409 completed (0 failed)
  [PROGRESS] 180/409 completed (0 failed)
  [PROGRESS] 190/409 completed (0 failed)
  [PROGRESS] 200/409 completed (0 failed)
  [PROGRESS] 210/409 completed (0 failed)
  [PROGRESS] 220/409 completed (0 failed)
  [PROGRESS] 230/409 completed (0 failed)
  [PROGRESS] 240/409 completed (0 failed)
  [PROGRESS] 250/409 completed (0 failed)
  [PROGRESS] 260/409 completed (0 failed)
  [PROGRESS] 270/409 completed (0 failed)
  [PROGRESS] 280/409 completed (0 failed)
  [PROGRESS] 290/409 completed (0 failed)
  [PROGRESS] 300/409 completed (0 failed)
  [PROGRESS] 310/409 completed (0 failed)
  [PROGRESS] 320/409 completed (0 failed)
  [PROGRESS] 330/409 completed (0 failed)
  [PROGRESS] 340/409 completed (0 failed)
  [PROGRESS] 350/409 completed (0 failed)
  [PROGRESS] 360/409 completed (0 failed)
  [PROGRESS] 370/409 completed (0 failed)
  [PROGRESS] 380/409 completed (0 failed)
  [PROGRESS] 390/409 completed (0 failed)
  [PROGRESS] 400/409 completed (0 failed)

[DONE] Sentiment analysis complete!
Success: 409
Failed: 0
Total: 409
[TIME] Total: 3737.16 seconds
[週二 2026/06/23 22:48:59.76] Daily pipeline complete. 
[週二 2026/06/23 22:48:59.78] Cleaning up old news... 
d:\StockPulse\stocks_news\cleanup_old_news.py:48: DeprecationWarning: 'asyncio.WindowsSelectorEventLoopPolicy' is deprecated and slated for removal in Python 3.16
  asyncio.set_event_loop_policy(asyncio.WindowsSelectorEventLoopPolicy())
d:\StockPulse\stocks_news\cleanup_old_news.py:48: DeprecationWarning: 'asyncio.set_event_loop_policy' is deprecated and slated for removal in Python 3.16
  asyncio.set_event_loop_policy(asyncio.WindowsSelectorEventLoopPolicy())
清理 2026-03-25 以前的舊新聞（保留最近 90 天）

  yahoo_stock_news: 無舊資料
  cnyes_stock_news: 無舊資料
  nstock_stock_news: 無舊資料

完成，共刪除 0 筆舊新聞
[週二 2026/06/23 22:49:00.78] Cleanup done. 
